match_id,participant_id,teamId,puuid,champion,lane,gold_10_diff,cs_10_diff,lane_cs_10_diff,jungle_cs_10_diff,xp_10_diff,solo_kills_15_diff,team_damage_pct_diff,damage_to_turrets_diff,vision_score_per_min_diff,total_damage_taken_diff,kill_participation_diff,kills_diff
KR_7461719584,3,100,hVPzeZALU-SPFNYByN1YOqA16Twwxyy30i5B0AoXsVa-ADZ6UoACZxF16nYPFG4BwKHubkrWaCHTMg,Lux,MIDDLE,-1310,-9,-9,0,-149,0,0.044055173337856635,4332,-0.4303682512585786,-4978,0.06710158434296365,2
KR_7461719584,8,200,wfD8o6pksilt-AWa_8zCTnMueyVILJ4eXxEFvuNHulBwFrc0c0Id03DJ7hY9zoqXlzAaRAOsCuzI_A,Ahri,MIDDLE,1310,9,9,0,149,0,-0.044055173337856635,-4332,0.4303682512585786,4978,-0.06710158434296365,-2
KR_7461831539,2,100,g5Np9PJ49io_MIbasRrBmEyOZv2zW9MisHw6Gj5ncteEei4zynsECmfMZ0e_WxILp7iAeSWccChC6Q,Nidalee,JUNGLE,-674,1,1,-23,-1272,0,-0.0704524754056024,1384,-0.6463038805466037,-15742,-0.02766798418972327,1
KR_7461831539,7,200,lzXAUGcPkHXtpt8ESwzLeVMV6ea-YfhCdmlFlnxas6IbRka1bnq1ftEIoHGboM_NJqJT1y56EPjeQw,Viego,JUNGLE,674,-1,-1,23,1272,0,0.0704524754056024,-1384,0.6463038805466037,15742,0.02766798418972327,-1
KR_7461831539,3,100,HY5V5k0b8-4Cx0tf8kUyUkfWNRezfInG6VUDUgDnQmm3gkGZEeAnJ_5D3vPAt5b31xzfHNMsA2Sq2A,Corki,MIDDLE,238,15,15,0,837,0,0.0024940108163818975,6958,-0.16014311461554054,1100,-0.19762845849802374,0
KR_7461831539,8,200,6dJVL2dPnkQAQjmaBWrnR8UxkQJ4b6Vc0tr5aetSsbyoWyeA-q2MniZYxA3o0IRNerqjYCrwURHLJA,Cassiopeia,MIDDLE,-238,-15,-15,0,-837,0,-0.0024940108163818975,-6958,0.16014311461554054,-1100,0.19762845849802374,0
KR_7461831539,1,100,Kf0x5W9HSaLB3nSZR2c_m2BpSIdYz3dM8IC_F_ySVnl93slBSAp_yclIVsMf_6lvKrSz-KInvSKbaA,Jayce,TOP,1876,38,38,0,1980,0,0.07533255850843068,5354,1.0230264003863778,-2572,0.691699604743083,7
KR_7461831539,6,200,T8tLvTlFi379ZYVL8ZDM8BYF9GRQcvQqevn8Zs3Qqdvj4bdkG0u2M0FnmEPVfw-YZPW7We6vQeH1Qw,Aurora,TOP,-1876,-38,-38,0,-1980,0,-0.07533255850843068,-5354,-1.0230264003863778,2572,-0.691699604743083,-7
KR_7461989772,3,100,8m7iOerPiTCDKOlbP8icjauELmc5ZCvqtVJkdFte_uu7VswhiUR1zuvVZOBXX1oSH5JcUsYuj-pLEw,Hwei,MIDDLE,-619,3,3,0,-110,0,-0.1688039578218732,-5233,-0.34385734718831296,1809,-0.5295698924731184,-9
KR_7461989772,8,200,JYUDF7bS1t4U7dDtyL9NAqUoXAqqhthJ7VYj-uNWHu0eQJx0ga9MDWIln04AWJK_3tQw7phdEj8emg,Aurora,MIDDLE,619,-3,-3,0,110,0,0.1688039578218732,5233,0.34385734718831296,-1809,0.5295698924731184,9
KR_7462492891,2,100,FXmDcUK1nvouSgXGJQ2KzNsrjkOwRlZ8m47Mf6CP2LGnG4fZS3ZKc22s_-Yiejhh4epoqh7b1jyy-A,Vi,JUNGLE,825,1,1,4,540,0,-0.1049849938228878,534,0.3407814576254409,-11651,0.07285546415981203,-5
KR_7462492891,7,200,7I2hI9rCWItYACGGa_dC1lAtbX1Qw-0IMFI92hQAPBUUWT3XxoDIU7ZVMsbyNEgPcQkxShvQ2kfycg,Kayn,JUNGLE,-825,-1,-1,-4,-540,0,0.1049849938228878,-534,-0.3407814576254409,11651,-0.07285546415981203,5
KR_7463216397,1,100,aLdGTbpKtagHP4TxcaUTbL8xGp0o46vgYsq4RcToUy4WOFquUrt4SFO1MWHwZgTjX93fnl2vUfdIvg,Tryndamere,TOP,1174,11,11,0,54,0,-0.10282326988584523,16906,-0.012185835785696153,3159,0.11029411764705879,0
KR_7463216397,6,200,pe-2Kv5wEIejJdxZufMSeDttAoMOFrBjiYqg1Wv1C_ipvnVJG6BZltJEK0YvzG001InW1CO9Aw8r2Q,Jax,TOP,-1174,-11,-11,0,-54,0,0.10282326988584523,-16906,0.012185835785696153,-3159,-0.11029411764705879,0
KR_7463298760,2,100,zMBiHs0VR4ipu5Gjapdy3iGt-RIpIgCi_0HL8ayQxqdVErIIlTNKjOib8p0zVwk-ulz6sWXpmOxqiA,LeeSin,JUNGLE,-1188,-1,-1,-4,-785,0,0.008447396620031716,-968,0.05114659214701134,14255,-0.0641025641025641,-1
KR_7463298760,7,200,c3p_hWhPiMvzGpfMUBCvwjoZmtbt6ugKqWHXIM15Xjy139iw8xkTo1J980pYTHuh-6EGy0jnhb5arA,Nidalee,JUNGLE,1188,1,1,4,785,0,-0.008447396620031716,968,-0.05114659214701134,-14255,0.0641025641025641,1
KR_7463298760,3,100,EuvEAvlTv2c9dUDkVdMOKMUO3cSwxKFv8euyrNjpLSTNk_Q_CDTtdPXiSc1R9XW-0WE8XDK7EUyOaw,Ryze,MIDDLE,198,10,10,0,462,0,0.06489223521113499,-12616,-0.32064130745457387,-4893,0.0064102564102564985,-3
KR_7463298760,10,200,xq48jMSekE3VuLaHXHMqrr88eZqIjVWIEqdMas2OJiqmgxQ9-sS-Pohlm6toVVF3Agr7sl9RQ5wong,Sylas,MIDDLE,-198,-10,-10,0,-462,0,-0.06489223521113499,12616,0.32064130745457387,4893,-0.0064102564102564985,3
KR_7463298760,1,100,zSdTtNGm3-OZ2BO9i32NBI_RbzM9_WfJAFTE_XMSTOyvLwjXft8o_Q1T1oLAkuPnT5oN7VyG3LfoOQ,Camille,TOP,30,-17,-17,0,241,0,-0.02376211094664918,-5426,0.3367642911014581,-3708,-0.08974358974358976,-3
KR_7463298760,6,200,MJMMocHcZn2CHIPeB1GGDKjPZ-oe4wSCfbMBhPHJj_1xEDHK7IG1juK-xEMTu0Io07zqmrSvMSd43Q,Irelia,TOP,-30,17,17,0,-241,0,0.02376211094664918,5426,-0.3367642911014581,3708,0.08974358974358976,3
KR_7463349626,3,100,swSrWcQXIpzh318kAuCdayXkTi7vKoiVvQt7qdLE9xhFkhCbMfEOg5bcCnrw0O53-5dAgFxhpHSGAg,Aurora,MIDDLE,-309,-5,-5,0,138,0,0.013503461694270302,-7471,-0.121258413002579,8293,0.0757575757575758,-4
KR_7463349626,8,200,VmZmdFAaxL_f6ZhBod1oa46zxmn6FiSWqvRnNEuaPXdh4YAapUyh207hGhKAy9reiwvnJrR2NWIRfw,Viktor,MIDDLE,309,5,5,0,-138,0,-0.013503461694270302,7471,0.121258413002579,-8293,-0.0757575757575758,4
KR_7463424927,3,100,yWTIpO33rzAq5xJw3SBhQ47Ja2_zBFNVpYw3DgdXyuA_usde9LBN17IGVIA3mbTKRrEhNpde0v-14w,Galio,MIDDLE,-89,69,69,-70,910,0,-0.03064858717413879,174,-0.03694866164104438,-15759,0.08241758241758246,-1
KR_7463424927,7,200,mlm0JtHe6_GkM_q_8zaeoV_JvpSSJFcst4eLsdEKplI7F-XDyQC0Ii1OmA4OPIFIe5SyLg1nGWtLoQ,Viego,MIDDLE,89,-69,-69,70,-910,0,0.03064858717413879,-174,0.03694866164104438,15759,-0.08241758241758246,1
KR_7463482624,2,100,JqNPa4M-BVNa95KNPGdweuSC7-k1GbJbvGhsHj2uo4xfFjNJ4I2wQUdMfUGN6iLI_mHMpqymJskrwA,Skarner,JUNGLE,190,2,2,9,212,0,0.025057085590398903,-2109,0.1447809801921034,16927,-0.13333333333333336,-2
KR_7463482624,7,200,ZUMR-Ilg-ODsa9sRy1u3dfvRiI1BsRp_gQTR-FevBqFKFJndfuUbA8f27J1puaT6Jm3Umg8SDXnrVw,MonkeyKing,JUNGLE,-190,-2,-2,-9,-212,0,-0.025057085590398903,2109,-0.1447809801921034,-16927,0.13333333333333336,2
KR_7463482624,5,100,aGORlgrfTNwlNjyxVw1mtJnD_4r1XqN1ZHyJYWz1o3aMAxPYw51VX_5RLDOTp6O3VhnzA1F7zBw69A,Nautilus,MIDDLE,-768,-69,-69,0,-1617,0,-0.1420671980392627,-5176,1.8787695431710305,2557,0.25,-2
KR_7463482624,8,200,dwcfaZDtLTmUfnFXnZ7ZaH52KCz_V0RE6dBvAzWc9-bXn6_vzJOYsUrRsdLh-LIHGr8r6OcJYM1wHA,Viktor,MIDDLE,768,69,69,0,1617,0,0.1420671980392627,5176,-1.8787695431710305,-2557,-0.25,2
KR_7463482624,1,100,Gj8G4RbTxkL4V2iLdONzhga8JCnBxmn3JtRXHViyJ-sTbSXkkIT0KX9a3IvM7Eze33UHfpvU4bAzOw,RekSai,TOP,-999,-33,-33,0,-709,0,-0.11851443672061507,-13159,-0.09024304140567263,9919,-0.65,-7
KR_7463482624,6,200,r1DzTSYoYOyKDMZwFbvv-lYEyWK-4d7gulV4K6da1Msrtm7F_5TIQ84S4ShcwhtdseMTWNUGFssd6g,Gnar,TOP,999,33,33,0,709,0,0.11851443672061507,13159,0.09024304140567263,-9919,0.65,7
KR_7463537039,2,100,sMhDKMzvA5uZSz-QQOFOA8v52OgEdBIx0MIYXpif63iz1MzgHvHDRdebDPkIZlMgxjubIWFIZuS0hA,LeeSin,JUNGLE,-97,6,6,-18,-654,0,0.023961902295404514,59,0.22426038775583357,-5061,0.2872727272727273,-1
KR_7463537039,7,200,wFCquNUpr5N6ftxfeOV38Ep65t7hMAt-SKkfHq6aRnG-j11oBaeKOVzNm7bM3lM7szpDv20sBWYDrA,Viego,JUNGLE,97,-6,-6,18,654,0,-0.023961902295404514,-59,-0.22426038775583357,5061,-0.2872727272727273,1
KR_7463537039,3,100,l7QHkgo5fUyum70PzlB85XP_qi8NvSxG3NdqneRG9KnlpojA61Y598aYKmzBRugHKaY8bhGZhvQYlg,Leblanc,MIDDLE,619,1,1,0,109,0,0.040562213898387794,-5308,-0.013758198714944658,2820,-0.06545454545454554,-5
KR_7463537039,8,200,JjX5kGAaZaX_mEoqFmilcNRjyGsu-STgreG40S9QFzRQCQ8SlEcsBNCYtQcP9ExK8b1QeXyiIRHaUg,Aurora,MIDDLE,-619,-1,-1,0,-109,0,-0.040562213898387794,5308,0.013758198714944658,-2820,0.06545454545454554,5
KR_7463537039,1,100,hwY8zywAVCnBmb3JhNiTKWLzOWtyT7wO2F4K9uPmf3V6uHPURZo4QiwSIhy7ot0LXkBF8TyyDUGDJw,Irelia,TOP,403,10,10,0,-125,0,-0.024835298708360293,-4695,-0.16356876218268712,4898,-0.014545454545454639,-5
KR_7463537039,6,200,MabvIxFgnYOelNeLHN-FWSKwCkTutcOi9I0Ha87K1Nd4QrdCNZaiLhksE8YNBfoo6yVD5sIPe7fnrQ,MonkeyKing,TOP,-403,-10,-10,0,125,0,0.024835298708360293,4695,0.16356876218268712,-4898,0.014545454545454639,5
KR_7463591250,3,100,3Zrfxk1yrsizXJrV85e7r-ZyxguwMT2SawMKj6vYlR1NVshXcG-37OeOlh8dWBmrEpZCPX3P6Ye5VA,Neeko,MIDDLE,-576,-2,-2,0,-586,0,-0.07021280417362522,-5650,-0.40567626521157296,-5177,-0.2690476190476191,-8
KR_7463591250,8,200,EaJ-swiT5vtyI6E3SKO3QbQK3vFDrDb3nDVGE64MBag9OMhnyd8eI4Eiq0O1ClTr-NWSHuKTpzV_QQ,Yone,MIDDLE,576,2,2,0,586,0,0.07021280417362522,5650,0.40567626521157296,5177,0.2690476190476191,8
KR_7463650347,3,100,JAbOgJqud3MLKTJGEC1NLBXFmb1BBT7mwrxge2YzG1TjukuLEJQPt1LPl5pXR_jNcSnBgrsZYGW2jQ,Mordekaiser,TOP,1776,53,53,0,1407,0,0.026860151328573806,-517,0.03999112503651037,-14555,-0.01428571428571429,4
KR_7463650347,7,200,hd7eAvjraSXvbmfhIFxjq0UlPT2WsUX40N9F0vbqIVsqT3bRjUd9qQpdj5o5l5dJptTOeGPpjjWgyw,Maokai,TOP,-1776,-53,-53,0,-1407,0,-0.026860151328573806,517,-0.03999112503651037,14555,0.01428571428571429,-4
KR_7463715479,3,100,rUxsP1xEAF--Qw5DoGKmukuaju2hw3_sV3TFWrf02Gu8Xof8MVwlhLXyKuLR1S8zIk1G917ftuuN2g,Maokai,TOP,-73,-8,-8,-2,385,0,-0.07905963044104719,-1496,-0.616505713871702,11409,-0.17882919005613473,-6
KR_7463715479,6,200,H3-QZb35pVimbZ0BaV_Rd8TYY_Hsap31Fq95DA64FeOdcoux2Yld7q3-K-UX1CULTumUhhQ63U9mVw,Urgot,TOP,73,8,8,2,-385,0,0.07905963044104719,1496,0.616505713871702,-11409,0.17882919005613473,6
KR_7463863934,1,100,a8vx2SJn7LF3Bcsh5xasNfRO_-kOh4TbIIRk6ONRYmXUfdu_GNYM7NOgUtYj2JgJb9GRrd1BkZnkqA,Quinn,TOP,394,-1,-1,0,-307,0,0.021956943720345817,4335,0.37728503392595913,-16784,0.06107660455486541,10
KR_7463863934,6,200,SEKijX9TFrOzraa4RGLYO5zGN4LTevs_Mz97lKkjRSJ-J47wWuW8w533GhxZWUO9wJwAH4FZh61AJg,Swain,TOP,-394,1,1,0,307,0,-0.021956943720345817,-4335,-0.37728503392595913,16784,-0.06107660455486541,-10
KR_7463950941,1,100,dHHa-eWKxlme_Xiyia2NCgySrpZUXpl3Ku8bIAjT-2agQeEjqo_xUVUXffLst6rTimZHjiLnitkTag,Ambessa,TOP,-1174,-8,-8,0,-991,0,-0.08699887190633199,-5220,-0.3917934255272879,14932,-0.298951048951049,-11
KR_7463950941,6,200,4OPGjeGSxY6aWLRsxAAXIhh3auChkV_FeWNATw5K1fxrP0OG-3s6njAJ3TZnDnjSTdXqfQkeOY1WcA,Gangplank,TOP,1174,8,8,0,991,0,0.08699887190633199,5220,0.3917934255272879,-14932,0.298951048951049,11
KR_7464044717,9,200,tAwrryzgcvdHdG7sKkEYn_48IY7e6WVON-BfZF-yKjYcLTyE48Cw2RRj7pDN0OsDI8_Dtbak5hO7pg,MissFortune,BOTTOM,749,60,60,0,1876,0,0.17835494443502173,4656,-2.0321202650069705,-9980,0.05714285714285716,7
KR_7464044717,10,200,gMUb0wU8BYDts08M30-RT8MTZsIbl47pEABg9lgJujpRdCD6A55sUYB7Kof8B3e_P5DNJaPzqV3hXA,Camille,BOTTOM,-749,-60,-60,0,-1876,0,-0.17835494443502173,-4656,2.0321202650069705,9980,-0.05714285714285716,-7
KR_7464044717,1,100,ehOv9jPs-qLYXnwB_dmoh2qqiolCViHAjPJBe0hpUVaJyVXLkcvshza_DCLLyej24OwGZZvM8jy5Zg,Poppy,TOP,-341,-20,-20,0,-194,0,0.046166272770013866,-8064,0.07335700246687227,4509,0.15873015873015872,-2
KR_7464044717,6,200,815axwnpkupzBTI5QsZz8ltORFA1v0Hpuo8GJWGu8ar6Khd4K2v72TD1RQXzSfUyU5PvoOSBe811Bw,Ambessa,TOP,341,20,20,0,194,0,-0.046166272770013866,8064,-0.07335700246687227,-4509,-0.15873015873015872,2
KR_7464148230,2,100,byuCTpblGw1cN7crZfjeBG8oG7bmpvrD0SfNn2C9QdBuS9OsSCq5nfJkSj9wXIO6G4j6cQ8IQI0e_A,Viego,JUNGLE,290,5,5,9,389,0,0.01787794409131338,5901,0.17552976511049545,13208,0.16007905138339917,1
KR_7464148230,7,200,eNVcFmrbQ77SX4ToqFBTx8JHSfbAwd4VLWN38xMi8cPFIl5idD8tvtO-isU05cmLrdowQJSe8SWj8A,Qiyana,JUNGLE,-290,-5,-5,-9,-389,0,-0.01787794409131338,-5901,-0.17552976511049545,-13208,-0.16007905138339917,-1
KR_7464148230,3,100,e-YAcXIvfMj9HsZMHyaGFYyRDDyEn0bLgf8kImpiI31B5K8PGcUReBxcgQsAOjKb2Z_f011aETDtTQ,Neeko,MIDDLE,442,15,15,0,261,0,0.1082065333974766,3180,-0.41623684869655553,-4699,0.19762845849802374,0
KR_7464148230,8,200,lp1tR7rWxFyB81JDEzbyouVo0ql3UckCzbXIYdW5BN-XEgNOcwYqZd098YJPI-wtKtlVhTYmo09JuA,Sylas,MIDDLE,-442,-15,-15,0,-261,0,-0.1082065333974766,-3180,0.41623684869655553,4699,-0.19762845849802374,0
KR_7464148230,1,100,rx2so6Pdgip_2DJ9hiSnZSzGgejljBxgLzuL6ycGPsxr9GfRV98VLEcAnYJLWEKHDsHntYdp7x0RsQ,Rumble,TOP,-854,-21,-21,2,-614,0,-0.053629276188258274,-2193,0.5220653830106214,-7471,-0.1976284584980238,-3
KR_7464148230,6,200,L_9O4_zJIKPzY2jb9Z3q5bJhbFzmZxtujGLp8EBc1CRWfdHpuk9xpcPca8iuieOvWWVAwVN55gwkfA,Yone,TOP,854,21,21,-2,614,0,0.053629276188258274,2193,-0.5220653830106214,7471,0.1976284584980238,3
KR_7464244861,2,100,VEWJoVHKLBUiEG7LyCyxd3Qw_PGVOEuEceDbv0hOxAFtjxWebqFyc1q2H90OBGQ4n3y8o6hQESypWg,Graves,JUNGLE,-173,-1,-1,13,489,0,-0.0169191947646678,3136,-0.19919161315612866,-9621,-0.02857142857142858,5
KR_7464244861,7,200,UrfQEBsXA1UT1iAi3WCBc0V5LJaFFvijwwuoBMnrkJJk8MAANn7fAdg8j-e4C8GP6-nkBRH0opNymg,Viego,JUNGLE,173,1,1,-13,-489,0,0.0169191947646678,-3136,0.19919161315612866,9621,0.02857142857142858,-5
KR_7464328370,2,100,Dau5q9bVcUcdA2qZJaQKPBcQGOub0igpM9dfb5N2GJf3OgluP2-HXtmksmBfvisNenaWgCZ7l6qrUw,LeeSin,JUNGLE,-365,-1,-1,-3,-36,0,0.0683738383306268,-877,-0.4442851298599595,-176,0.005714285714285672,0
KR_7464328370,7,200,kyEIckP6VYuM44oj2JdhoaUi6jyRKW25czLbGi7EvW92RoI4uEYDtDcoNG0rtILjq9t6n8ex8qHaiQ,Viego,JUNGLE,365,1,1,3,36,0,-0.0683738383306268,877,0.4442851298599595,176,-0.005714285714285672,0
KR_7464328370,3,100,bRj54PkgZFg7_Ka15AvPIlN8s06dYODbZzeQoY3OYHwwQtZboBj91KIe5OGb527Z1Q_mOc9sXC_1lQ,Viktor,MIDDLE,-206,-8,-8,0,-257,0,-0.0011623299821087452,-5448,0.07989098382986926,1177,-0.01142857142857151,-6
KR_7464328370,8,200,sT0X1j_wO30EZ5CAqY2LiESHVpA70h2R2BTs7Rre4sp9lJQlKIFh1kyGv6vXNAhtcxQgafAZ2I4euQ,Syndra,MIDDLE,206,8,8,0,257,0,0.0011623299821087452,5448,-0.07989098382986926,-1177,0.01142857142857151,6
KR_7464328370,1,100,FysTBVM-ZdwCpFcIM-FFW_Wti6CmphHV9ldG0jeS5hory3nAekkxKvm6ngnzj-JBXwp2BOJQQoHxUQ,Gnar,TOP,-2792,-45,-45,0,-1913,0,-0.15633799966110287,-11009,0.4631485462268344,-2269,-0.09142857142857153,-8
KR_7464328370,6,200,VJXFAg8LjXUGORKQIUpKiHYQbmqpZyCAqAytIWa9abHo13jSkmOYW_XE3VQXqvtdEp2WgMN4HZsu0g,Jayce,TOP,2792,45,45,0,1913,0,0.15633799966110287,11009,-0.4631485462268344,2269,0.09142857142857153,8
KR_7464387513,2,100,OJoWhTV0KDGqKOLrEYR9gi89S-aOpMEHWSqdYSugcuXq8Bh6p7lzDbLhkJbfYfEuicKjmdK4AF8TQw,Graves,JUNGLE,-952,1,1,-13,-819,0,-0.0624848020448483,13963,-0.08906340048597905,-12212,-0.07407407407407407,11
KR_7464387513,7,200,Y4wrW513EwMB_odTALc9shg-3lxmedyBY3n0MyujUlJ2EvFTDzLw1f45oAQpnlvNtUMfucK2HZsw8w,Karthus,JUNGLE,952,-1,-1,13,819,0,0.0624848020448483,-13963,0.08906340048597905,12212,0.07407407407407407,-11
KR_7464435249,1,100,VIEeNXEF-TpxnSVHy7Qo2KGGnOJ7jaenPHMrz_xUxi3dfHbY2UdmYV1MsjlE52InS5jsaCly670RSA,Ryze,TOP,-825,5,5,0,-807,0,0.0262060029621842,-4275,-0.7897504628852633,11334,-0.0681003584229391,-2
KR_7464435249,6,200,XkSTDqQi7EEX5D_5CG3c8FVFpLTvSgGAhFde7tAt63d7be1xbDxVAiAyB4F4w5uDoeh5gIwmqLqp1g,Teemo,TOP,825,-5,-5,0,807,0,-0.0262060029621842,4275,0.7897504628852633,-11334,0.0681003584229391,2
KR_7464480541,1,100,HsErdBOnu8uqIL4LOwW6X9ar5fSzcJ7VoJboGPDNRiglxfPpXRWdW7aeEICjkP5L1nAfDfMM_j4hoQ,Ambessa,TOP,402,4,4,0,786,0,0.04056907630243581,263,0.42839312065517715,-4511,0.1080196399345335,4
KR_7464480541,6,200,qx6Tl7QQmXO4zCVDLKtB9Cz1wMwKDE6qSuOka4gFWU1uQwQBcoqGZp4UoPCYTYkOulTNiro619MwmQ,Mordekaiser,TOP,-402,-4,-4,0,-786,0,-0.04056907630243581,-263,-0.42839312065517715,4511,-0.1080196399345335,-4
KR_7464523908,4,100,kWqyW1Xb8_E2zLpJCYzZWaK4qfNeuYcP_6bTAn9neaZuDCJa8ZwsJgKvHD2fNwyshbZPHbLBCgc8nw,Jhin,BOTTOM,970,45,45,1,533,0,0.10996268612409611,1224,-2.6425643957692078,-8001,-0.026315789473684292,4
KR_7464523908,5,100,MWJ4K0STiek7w1Z2AjpI_LE90X7NhpFdoRrdR-MFZ3W2QZw1OTrRomqdq-6djvXP-5th2MzRErmlGQ,Nautilus,BOTTOM,-970,-45,-45,-1,-533,0,-0.10996268612409611,-1224,2.6425643957692078,8001,0.026315789473684292,-4
KR_7464565981,1,100,L39YbHl95EnYMO_5xVJ9ZCbjHhcbm1TNELt95LxLNbiYJ681skIEgSKP7wGGtzNXNE94gq8aNNenDQ,Aurora,TOP,986,18,18,0,577,0,0.08273769900936248,2552,0.3549935801898912,-6254,0.2801724137931034,1
KR_7464565981,6,200,8O_Y7-71yJwnV3TAOP8ruJ-hvDtFGjv1vG5dPCaXaozKJbDk6k0N4ENzPjbqd7n_TdfCs60UpPVGXA,KSante,TOP,-986,-18,-18,0,-577,0,-0.08273769900936248,-2552,-0.3549935801898912,6254,-0.2801724137931034,-1
KR_7464607694,2,100,K8ByLKr57UcfjNid78QlaoijqrR2NoITQ26E-M7TyyRoX5dwo9pzeymalU7ddKfpfmDxzucrFy9E4w,Zac,JUNGLE,221,4,4,-19,-465,0,-0.03850956661982741,-2996,0.25716014696297107,11392,0.11538461538461531,5
KR_7464607694,7,200,8uk1NbkEVFevvK2dWr0NXefSHq5A3qMJpAyBh-wv9Q4BG81QDvuIoXrIRxQ00s6lyF6Eof7Wr_etwA,Nidalee,JUNGLE,-221,-4,-4,19,465,0,0.03850956661982741,2996,-0.25716014696297107,-11392,-0.11538461538461531,-5
KR_7464607694,3,100,W9DZBhnMDtOYbupb7tK2E-VulBnW052AV_wwYORSj-MX--4eJScWuDLntXIVJCotjtMJQYpLtpvaWw,Aurora,MIDDLE,363,22,22,0,554,0,0.025575638228769598,5282,0.30928543079853066,-474,-0.19230769230769235,0
KR_7464607694,8,200,mCNw7oE6sN35t7rT5XPemXKYsQ3WGv9jzNJtdQTT7ObBZb5Nhkpk4jz1FQQRpy0dDIxiFayZDVrHZA,Xerath,MIDDLE,-363,-22,-22,0,-554,0,-0.025575638228769598,-5282,-0.30928543079853066,474,0.19230769230769235,0
KR_7464607694,1,100,F4PhRDXTHVSb8F-yAq9ZF6Y4VwwparmhlqlDz8tC2uCNdg-hPDxmhRRsDQvtFlS2zAkTXmKoHpFdNg,Gnar,TOP,-594,-14,-14,0,-720,0,0.10799580347281601,5934,-0.03493642506359107,-7676,0.07692307692307687,2
KR_7464607694,6,200,FZPCalF141eAeDWD579uMEMMAr3v02AJswtzzJBFWe0O9VJocL9DDiMRgZw6wNcCCIz0yuLvCWsbzw,KSante,TOP,594,14,14,0,720,0,-0.10799580347281601,-5934,0.03493642506359107,7676,-0.07692307692307687,-2
KR_7464721830,1,100,nAcxYyaM5Q6CFC4PECgvpnruO0Q8hPfSbn2pBEFvs_LaUzQsX_k8oN8XaiTujv6JOT159iM4OAqKrQ,Gangplank,TOP,-552,4,4,0,-955,0,-0.09948353278565567,6942,0.6318516475630991,-2493,-0.08636363636363631,-2
KR_7464721830,6,200,xOU5EvLPdMkmyMEFodiSzpO9ChFSwa-5ei473UmFr8U24NvdT3yDpsdGgmRG_GA-C2J6J3kjm2b6zw,Pantheon,TOP,552,-4,-4,0,955,0,0.09948353278565567,-6942,-0.6318516475630991,2493,0.08636363636363631,2
KR_7464816186,1,100,yQ_eXiA047-8Q6sxYqlIFSRcGxo8WUWhO6IsRyEhlemjphoUu25EU_-F4iJ72AXNFSJaJHDHbm9OaA,Singed,TOP,123,-8,-8,0,-398,0,0.026555476693298385,-6797,-0.1362743938810923,-4489,0.1801242236024846,3
KR_7464816186,6,200,Qz9eFq3gcBkDqIo_sYsNA1tPaIcfjGfj6tGLTXoQ5Rwsq8CFgRUCiZeLJYlJvBw0Ohrybm0Dobb90w,Sett,TOP,-123,8,8,0,398,0,-0.026555476693298385,6797,0.1362743938810923,4489,-0.1801242236024846,-3
KR_7464886585,9,200,y5bE-pzvQpIgeCIgvafNmU2B3tRazInfzLYSElvqlSOaInx9IAWof3IasqY8SWrZP4JF13wPS1yVrw,Smolder,BOTTOM,197,57,57,0,795,0,0.08681178307495638,1286,-2.685372328402457,-1724,-0.09523809523809523,-2
KR_7464886585,10,200,TEkQ9S42fJakv8m4N7qFC6nE3PyJBodRG9h1fomI5rwWgO2Kr96f5WUBiZOB1pB4_-CLFGYR3z9EIQ,Poppy,BOTTOM,-197,-57,-57,0,-795,0,-0.08681178307495638,-1286,2.685372328402457,1724,0.09523809523809523,2
KR_7464886585,2,100,T1ItW2ozSiVTBGyaXxYTVlIblTfF9NrDPAvP8CS7mGF0eMIJdC4Nfe5n8n9QkI8BUZmGlwnlvzaoCA,Viego,JUNGLE,306,0,0,12,500,0,-0.008129306044942108,2339,0.04233330455401085,-4340,-0.11204481792717091,5
KR_7464886585,7,200,wYC8whxGiVROBdz5NPEnQhjwj0LesqDx1zfVKXjaAyZzioH7nYlHWYl0jQWxh2NHVfrz7h4cBguLIg,Skarner,JUNGLE,-306,0,0,-12,-500,0,0.008129306044942108,-2339,-0.04233330455401085,4340,0.11204481792717091,-5
KR_7464886585,4,100,S-8dYHLgIv_ZguIlTQu2AJWx7KW6fe-oX9FdsmlhnAT6TGI3QoF0Aa-2eQqv6tT6YATQcQhxV_Kwzg,Corki,TOP,1456,28,28,0,-257,0,0.1176283101302874,7773,0.7921539671553358,-5893,0.13025210084033623,4
KR_7464886585,6,200,HAbtx9N_-badApAtrMJp3o37-K44jzYtrNlxeYDbnAH05jSot20fGvBFaPj2GIhBrXZCTm1XH1SQKg,Camille,TOP,-1456,-28,-28,0,257,0,-0.1176283101302874,-7773,-0.7921539671553358,5893,-0.13025210084033623,-4
KR_7464975805,2,100,w4BMkA5xcdIMMX_oc-DtCtQ4-7JpUM6iz1Ddzw9BaHhSAa4QFhndOx54NxRqyrTJTtW7qJFo34zSHg,Skarner,JUNGLE,696,0,0,1,451,0,-0.0749876244882701,587,0.435448127725372,-6044,-0.125,-2
KR_7464975805,7,200,E9tZ6G_LXJC3ufFhRGdfirU2kmJ_bKxmaEJ__2dNTpOvqN602xOQ7C11YwhesQpPkYRQXDN1C_HlqQ,Gwen,JUNGLE,-696,0,0,-1,-451,0,0.0749876244882701,-587,-0.435448127725372,6044,0.125,2
KR_7464975805,3,100,ajJtRVn6qPLJQsmM9prBTGKU1MAhTAhhVjbk8vKXE-Jl1mB9s5FNaqc2eU0_2jSJX8fTcR8XK4PEAQ,Sylas,MIDDLE,-557,-7,-7,0,-368,0,-0.1487430655367385,-8334,0.2193074730241758,13641,-0.37499999999999994,-3
KR_7464975805,8,200,ih9mVKePthEFZjqaV0K3k4WOQWwQLMT9W3XzWnK1Csq2egT9H_WNqZ9fotRJnODUB6HLXVOB_9KioA,Jayce,MIDDLE,557,7,7,0,368,0,0.1487430655367385,8334,-0.2193074730241758,-13641,0.37499999999999994,3
KR_7464975805,1,100,4OF9EdKMqIUCNeUkVv6W_sJZkv3P766WAgRKGoSzIPy26poJWM2BUgUKK-6plHygR2JhnGoWQaxwdw,KSante,TOP,-123,-7,-7,0,-157,0,-0.03979504887168811,4362,-0.4127406659903717,-2002,-0.07500000000000001,4
KR_7464975805,6,200,X-BJ_apm8UIb1_TlfGQ5G5TMh-2phjg6V3j-gxNF74UsM77CHDf7pjxuBIqvfZdJZMFyulUuoQnTPA,Gnar,TOP,123,7,7,0,157,0,0.03979504887168811,-4362,0.4127406659903717,2002,0.07500000000000001,-4
KR_7465040048,2,100,jioePyqOEnsGmW82iCUGTcSzBASoBuC6tZ9LHvpzfArkmyTswydJo1VGSd6ux0b2R0OoucgvtiVnEg,Shaco,JUNGLE,456,-2,-2,-8,-147,0,0.033684849046541204,-995,0.3931677701768622,-6883,0.39080459770114945,4
KR_7465040048,7,200,ND_La1caRsi3lXJX1e19gOhE5OpWbQOTtH4-mHOCGzKSnWSbHU4GhkHIQjuOJXh03QFa6_SmwpcSTw,LeeSin,JUNGLE,-456,2,2,8,147,0,-0.033684849046541204,995,-0.3931677701768622,6883,-0.39080459770114945,-4
KR_7465114831,1,100,H68INhCIhbrWYU44xotdzukfVyfBTKxS7khwd36TI1E6JpLskmTMS47VCHWHC5kfsXrBMK97aWk3BQ,Ambessa,TOP,-1084,-23,-23,0,-894,0,0.0377424603676606,-7633,-0.011136031710592298,-13824,-0.18095238095238098,-4
KR_7465114831,6,200,4OF9EdKMqIUCNeUkVv6W_sJZkv3P766WAgRKGoSzIPy26poJWM2BUgUKK-6plHygR2JhnGoWQaxwdw,Renekton,TOP,1084,23,23,0,894,0,-0.0377424603676606,7633,0.011136031710592298,13824,0.18095238095238098,4
KR_7465192685,2,100,tZqum7dasDU-Mxs6d3o7dL5o5_Dhu34w9PKYm5KCPrbZoi9UXXqc002GlcGGqjnofCIpgfGUnugI3Q,Hecarim,JUNGLE,234,-79,-79,74,-1106,0,-0.0400000156861077,-5662,0.0843108709369309,24721,0.17245989304812837,4
KR_7465192685,6,200,p8cxPtDKnLGrEpOZUbQVwxz-2HMMZIyYvlkLClJ0b4zBXM3PLfWYpdaKV-5DBJJP6PrH2UsyvPqPGg,Gangplank,JUNGLE,-234,79,79,-74,1106,0,0.0400000156861077,5662,-0.0843108709369309,-24721,-0.17245989304812837,-4
KR_7465270716,2,100,ZHQVkBdovhhE7HJuwwhBcvSOd73G0g5eMVqI6Xj_-BU7HsRDLIfa3msRhgbtoSA0oTeKkGCcRZACCA,Nocturne,JUNGLE,755,0,0,14,746,0,0.004666652982805275,4710,-0.6319654455259158,7259,0.006211180124223614,3
KR_7465270716,7,200,wTYNerp3ayJ0IHy4DvmE4anSUdy5OeE-0FOuqj-LRuERfNkepeyTCE8EwqrZamaJtAEfhDHUtVXoBg,FiddleSticks,JUNGLE,-755,0,0,-14,-746,0,-0.004666652982805275,-4710,0.6319654455259158,-7259,-0.006211180124223614,-3
KR_7465270716,3,100,GUsCLCkUbsNSksq0uLh56W98Lenay8U3Xj2numkvwt-pabmbrAIrIboWXqiQNHaZQ_sKlT0xpMWLtQ,Viktor,MIDDLE,615,11,11,0,574,0,0.21347697597713888,5372,-0.0961947807657898,-12572,0.4503105590062112,5
KR_7465270716,8,200,N-muwge2Y-rdJ9vllbjJz8wLvprNyJ2R2as-UwIHDK_IlGN6yprXmPtMQVOKlGM2y0y5zDqUaSXrXA,Yone,MIDDLE,-615,-11,-11,0,-574,0,-0.21347697597713888,-5372,0.0961947807657898,12572,-0.4503105590062112,-5
KR_7465270716,1,100,i7G4ys_K-hY78_WiHvd9Khyhx8hQFlFapYYVCEx5B0CbM1Ju-wWimXcERRKcax5GQp34M8qDnfTJ-Q,Riven,TOP,-1127,-12,-12,0,-1324,0,-0.06122062913117099,7089,0.0005914122405347166,-11743,0.06521739130434778,0
KR_7465270716,6,200,ZjkCI1uGH1coOtdSkKU2s30kJ9BwLTqJyEB37tBuooogZfQFJC3oitxkIWgVZcRUa5CEP9DyEu-gNg,Renekton,TOP,1127,12,12,0,1324,0,0.06122062913117099,-7089,-0.0005914122405347166,11743,-0.06521739130434778,0
KR_7465354984,3,100,G3lt3RwFXvzjGXZaUwJ1K-sLuhVCZGJzuy6UCoFugpMfIkvEckZI1uhykYmKMasoSFXkE9P5jCdVDg,Aurora,MIDDLE,1814,50,50,0,1361,0,0.19623179059059132,3644,0.1796406813210028,-4015,0.2272727272727273,5
KR_7465354984,8,200,eEKJj-LSHuGdzfDEQe9-9gjCCoAZmQF-lTeRozhECBeomzQlzEkTavEmpwU7JlFwQLZCqBTiKkGHTA,Pyke,MIDDLE,-1814,-50,-50,0,-1361,0,-0.19623179059059132,-3644,-0.1796406813210028,4015,-0.2272727272727273,-5
KR_7465440531,2,100,GSjKZ46d620xg5vrM9QgOlryYeo8_YRA-9YMi663OjsL8ISYV4ugxrFpr6ImQ-DrkqDwzeaoPIqQqg,LeeSin,JUNGLE,717,2,2,9,741,0,-0.012078440952432101,4373,-0.4359434113235936,12390,-0.049227799227799185,1
KR_7465440531,7,200,n4SdZccPtePCXu5ey5ZIl84Xgb8PV3bXxiYxXXcvM0JkqigkW_ui96jUGuJdGfS1DmXLd0yQ5TTrwA,Kindred,JUNGLE,-717,-2,-2,-9,-741,0,0.012078440952432101,-4373,0.4359434113235936,-12390,0.049227799227799185,-1
KR_7465549762,2,100,cx6Q8pWtLZMQKvXqdydXKEEK4XZdRnPmU-xpSDiAuGY7VZRIHABKXxguyjMqTpZp7hH4vONhM7HwYg,FiddleSticks,JUNGLE,1296,-3,-3,66,1010,0,0.0940389815660407,255,-1.1760920879410437,9091,-0.13660714285714293,6
KR_7465549762,10,200,3IwfLY8No2-ovmk7CK_6Z-dp2VQ2jXpFHFDEfkqXJ5WMWxVktkz9KSwbs3kP8SbABYh_iTARb51ZYw,Rakan,JUNGLE,-1296,3,3,-66,-1010,0,-0.0940389815660407,-255,1.1760920879410437,-9091,0.13660714285714293,-6
KR_7465549762,3,100,xq48jMSekE3VuLaHXHMqrr88eZqIjVWIEqdMas2OJiqmgxQ9-sS-Pohlm6toVVF3Agr7sl9RQ5wong,Irelia,MIDDLE,-341,73,73,-68,31,0,-0.08278136276677331,2786,-0.24936466551073055,5756,-0.3473214285714286,-2
KR_7465549762,7,200,9BCkH87pDAGMykpxwwOz-D7aBdbwIzMhH9hLP9EdLIdgMoCdcBNtKEfF1uVsvAKn3ixA7ioENZ-NXw,Zyra,MIDDLE,341,-73,-73,68,-31,0,0.08278136276677331,-2786,0.24936466551073055,-5756,0.3473214285714286,2
KR_7465657406,1,100,PwaBfFpr6OWGIvQBuDi_OLdfGTzP543EuZMDkbXasOy-ieEl1xcZfW0RdzP_UfuIIp-5_DyH5CT7Dg,Talon,TOP,-1867,-34,-34,0,-1680,0,-0.024173969096287495,-6672,-0.36225958845721884,-143,0.22375397667020147,-7
KR_7465657406,6,200,qDtHds-4bEYmINTXKCIlJFlHlrX8kwnkHnNqplMUzzD9QLBzo9yeTyka5xZesrw33KhPODW-6M2cAw,Gragas,TOP,1867,34,34,0,1680,0,0.024173969096287495,6672,0.36225958845721884,143,-0.22375397667020147,7
KR_7465748762,1,100,nfQBfKu7usOy48PPSoZatpM-du60f-2IEBEL_emd8BVOt4UHVcmBBEG62gLQw-xJsaxzNMmm3OIL1A,Garen,TOP,837,22,22,0,225,0,0.07955008134632352,10463,0.21795938874290466,-4108,0.2864864864864865,5
KR_7465748762,6,200,hbaPG_nR7QpYvBc4mxv0fQl_DENob2AjTiJPgAPreFXeioikJCLQFxDotyymAJpVyc9xjRo6UeFmzA,Ornn,TOP,-837,-22,-22,0,-225,0,-0.07955008134632352,-10463,-0.21795938874290466,4108,-0.2864864864864865,-5
KR_7465841052,3,100,jqsfU57XubRUUL5utavNdOa0_6cBHxBItSjGak_i0QltKmxmDn5x0SwtQiOBE-qzXHy60OO3VIt_gw,Irelia,MIDDLE,862,77,77,-49,1562,0,0.16841410075448648,6716,-1.1839256632528758,22147,-0.2764550264550264,5
KR_7465841052,7,200,BpThbQhkQsKflDuen_Ih8jw2tewefD9zWOeYUjc2QDtVWcryEon7ckJV_hb_GNTwS1mrTzKOWMfREA,Ivern,MIDDLE,-862,-77,-77,49,-1562,0,-0.16841410075448648,-6716,1.1839256632528758,-22147,0.2764550264550264,-5
KR_7465911841,2,100,c7o6m66l3vzaLhIzVVp71aoiCWaQcJEa0PK9mymRUTwpPmXKsTfqiBxsM53jWwrALpq0MdiAJONQEg,Vi,JUNGLE,-1130,-4,-4,-10,-456,0,-0.013618519824011383,-6171,0.012377912934813162,-2376,-0.1296791443850267,-4
KR_7465911841,7,200,kWtNX2ygblQjKUwgCRcMmJt2uemUgwfkDXstpBLlUXntuFafeuxvWu3Izy3XjG9QyOBK4OxZLmYZyg,Skarner,JUNGLE,1130,4,4,10,456,0,0.013618519824011383,6171,-0.012377912934813162,2376,0.1296791443850267,4
KR_7465911841,6,200,eatUj6rxaF2Xg3pcak94auX-TQQvzRs8pB8ZAiuQbkQubbRXhjF6KhmTupV_0GtbluXD-_W5agUZ9A,Jayce,TOP,138,10,10,0,1609,0,-0.0795683821143855,4776,0.2918238421500499,13848,-0.1818181818181818,-7
KR_7465911841,9,200,6i-wkmYYEpoCpby-vWuPpYJ2Qp2HIACeWYCFJGqH8OQIygRNJg9QtAqePuGe0kD5_g1rIZrECHFEmA,MissFortune,TOP,-138,-10,-10,0,-1609,0,0.0795683821143855,-4776,-0.2918238421500499,-13848,0.1818181818181818,7
KR_7465968402,2,100,ZHQVkBdovhhE7HJuwwhBcvSOd73G0g5eMVqI6Xj_-BU7HsRDLIfa3msRhgbtoSA0oTeKkGCcRZACCA,XinZhao,JUNGLE,-1083,3,3,-12,-638,0,-0.0646280922855259,494,-0.22985407315422712,-3389,-0.05882352941176472,-9
KR_7465968402,7,200,mlm0JtHe6_GkM_q_8zaeoV_JvpSSJFcst4eLsdEKplI7F-XDyQC0Ii1OmA4OPIFIe5SyLg1nGWtLoQ,Viego,JUNGLE,1083,-3,-3,12,638,0,0.0646280922855259,-494,0.22985407315422712,3389,0.05882352941176472,9
KR_7465968402,4,100,ZvA41QVj2CMwUmdjyOjw1xE6y-r0bkROxcFONeDvZS9p7uEToVbRPsTa8K1iqvIXGzSe-Fxy2PaDTw,Viktor,MIDDLE,-583,15,15,-2,-330,0,0.15688138432750262,4464,-0.03259871244899293,638,-0.0539215686274509,-2
KR_7465968402,8,200,zYPvjw0JlGRRCy95VHnlD_E3IXGoJORXVrXoKP_vAMLR85xPlPCyvkHekQlfriKv0hDgTR4_RkquhQ,Brand,MIDDLE,583,-15,-15,2,330,0,-0.15688138432750262,-4464,0.03259871244899293,-638,0.0539215686274509,2
KR_7465968402,1,100,UUsZjYk2wPD4BkMfRhgfamQBp6lJndsS0C8q5TCHDXp5Ko36he5L3chD2VP9Rqi6DVPsbaute3gICg,Renekton,TOP,1238,29,29,0,1368,0,0.06396887368803622,-891,-0.3923840719637399,2302,0.009803921568627416,1
KR_7465968402,6,200,ibY2-9aJK6aCyPj6iRp0SMELV0Ab2TpbHQ7sl2qpJHUGSRMQ8h_csYUgUqdK3YcNht_jE65_pxnLqA,Aatrox,TOP,-1238,-29,-29,0,-1368,0,-0.06396887368803622,891,0.3923840719637399,-2302,-0.009803921568627416,-1
KR_7466020798,2,100,LjncZOFW6XPjR0FN2uOFgj_tRitSKnRT3MzXso9aMlLwVVE6fWh_E0_dmV1i3IOPPtewh_qrhV1Bjg,Hecarim,JUNGLE,1340,-42,-42,56,1296,0,-0.023957862693138293,2113,0.05680748275697178,18861,-0.07484407484407485,2
KR_7466020798,9,200,3xjTaGBfCFCIkV5oamEPYhh867kHso0XIXrbwMXSzErVY5RyqiNYas20cgJdbw6txxQBTaCUbHBTSw,Kalista,JUNGLE,-1340,42,42,-56,-1296,0,0.023957862693138293,-2113,-0.05680748275697178,-18861,0.07484407484407485,-2
KR_7466072691,2,100,FfolE8xIaUQA9pID4COkWjy1vQggHl6dRiBt18ImJd3xr2DYqxJWVODCmX5PmZakwBHYS8uJqx_RxA,Nidalee,JUNGLE,-616,-1,-1,-22,-866,0,-0.0937177408632236,-316,-1.983748969709401,5153,0.045454545454545414,-1
KR_7466072691,7,200,1uAkj76cxbbllnEb3io_ZLy-T8uW4nXlQYjf5cLr4TzVHCzKYtaNYQRX96YIjyuHg4x79rxreSCzXg,FiddleSticks,JUNGLE,616,1,1,22,866,0,0.0937177408632236,316,1.983748969709401,-5153,-0.045454545454545414,1
KR_7466072691,3,100,1eCQ96DoJCDj75QZKp47C6sdQcbSd7VptDXaAshxYtjqFSeOwkJcsxH5SuNhwKLrLmz3B-NVNqjYIQ,Talon,MIDDLE,-993,-25,-25,0,-929,0,-0.0514012439998488,-5503,0.19146341027856562,9186,0.0454545454545455,-1
KR_7466072691,8,200,ZBqPye-ejNbrs982cnQxx1gBSxUaQtBxx3nnxUvYicDPODXeJ_7EuXd89gabN5AQCtGJxEIjeyXikA,Corki,MIDDLE,993,25,25,0,929,0,0.0514012439998488,5503,-0.19146341027856562,-9186,-0.0454545454545455,1
KR_7466072691,1,100,bcgIIlaKeZWvhym7ceb32an8IRUZ2EIRPzUwAZLlgt4K6xI62x-b2nixBkrknfgzrzFJ2BugF-3F2g,Olaf,TOP,1087,36,36,0,956,0,0.14798189560880187,3602,0.37577798317311617,3176,0.1363636363636363,1
KR_7466072691,6,200,I0xZA_o5pxrsCFulhF9G1kwMla-1r5akTg-l9-JNDChknQkRDOpN6IZRSM78PrQAObnsl7yb1bWDZQ,Shen,TOP,-1087,-36,-36,0,-956,0,-0.14798189560880187,-3602,-0.37577798317311617,-3176,-0.1363636363636363,-1
KR_7466129448,2,100,Y9x_uMlkofmL6tyUP_P1CF2BMBq0xFHexPqVSsGIPz0vJiuX3mkY5k3ngUTk0EC23BFiac8lLtkdUw,XinZhao,JUNGLE,321,-56,-56,61,-781,0,0.0598234841725899,-9006,-0.2028793091122898,19391,0.2527173913043479,-5
KR_7466129448,6,200,lIeDx2IGe9HCGXR_U6MoM-zPVBhFHc6GgRBQrkTrM42-PlwnKETXZZeSrlgbQ2j0YKdMYCUKPQ09YA,Urgot,JUNGLE,-321,56,56,-61,781,0,-0.0598234841725899,9006,0.2028793091122898,-19391,-0.2527173913043479,5
KR_7466129448,1,100,dm5f3_4MzdkWiqDFl7smalN4QrHHgCPUWU7hhFW61ptNy4jUbiiUdK_xFFt_X1w6VJP1YKDAmT6BMA,Ornn,TOP,-817,-20,-20,0,-428,0,-0.03074882841669957,-3249,-0.3267717091501895,17757,0.264945652173913,-4
KR_7466129448,8,200,S9_HctAdyaNqF_PGba_H96I9CbYfIBj37K7dmLO3Pzaccr3DQaFG-nSLqUKdQA30XReVUcQjFTY5dg,Syndra,TOP,817,20,20,0,428,0,0.03074882841669957,3249,0.3267717091501895,-17757,-0.264945652173913,4
KR_7466184197,2,100,q9kF89UN_jB4vk2nvr1avLqJnQ-UNOotXO0Bg00S4FgrE_dwJBXYZAGOIc1COcq-VY_RODoLCMGC6g,Viego,JUNGLE,-110,-1,-1,14,684,0,-0.0006189900670394988,96,-0.33936494456447086,14454,-0.006598240469208205,0
KR_7466184197,7,200,LqD0impri1MT5ChKAlhUuXw7c1lapMXeHQcz-8LluQ6N8V-eDxqfhIrbR4n72tdbDwYseVp4rYxirA,Elise,JUNGLE,110,1,1,-14,-684,0,0.0006189900670394988,-96,0.33936494456447086,-14454,0.006598240469208205,0
KR_7466184197,1,100,QTi0NGAtWdn0KknzKpF2cgXYzo88B60DtIKttFnZRRPHmXyZbS9ue3iyy3eyXiplErdQWPDUkhEKxA,Olaf,TOP,732,36,36,0,531,0,0.06199724219474498,6119,0.019630245128264612,12207,-0.029325513196481023,2
KR_7466184197,6,200,PvS-PXFpKcjI-_VEbUW_LSGdht2Vkwi_pKkqlLVHb2iqdusT_cht7kE5XQwOkWoFcLVLLoE1P6euYA,Vi,TOP,-732,-36,-36,0,-531,0,-0.06199724219474498,-6119,-0.019630245128264612,-12207,0.029325513196481023,-2
KR_7466363292,2,100,VOcw9CP2rX4UF8Jxew8XhwAOB06VSlyCwpMjR8JyjXnHstndKL789ME14lgG10WCPE27XCfTVqmFxg,FiddleSticks,JUNGLE,-426,-69,-69,61,-1241,0,-0.0625860806482888,661,0.15695141707560922,12395,0.18,-2
KR_7466363292,8,200,PMNg8M2RjTRxs2M9cSndhC0Mf7YNMhhb4gAXO6JLb5XUd89BIMaCjiI4trcFXLpD7c7oYDhju4NTXQ,Syndra,JUNGLE,426,69,69,-61,1241,0,0.0625860806482888,-661,-0.15695141707560922,-12395,-0.18,2
KR_7466363292,3,100,_VXX6QSaJ0iUwKO1yCw43aIHaEiVt5I9vgTFfarvSjMIyY8ma2wg1fUvgZewTyZRa2fvDjAW2aMUoA,Jayce,MIDDLE,259,58,58,-72,-451,0,0.04603738556749121,7118,0.1681855494073684,-6053,-0.09333333333333338,-2
KR_7466363292,7,200,quiT9jj9-qN5ZjcNjuTQvu15G1QiMKoHh0E4tvm6fLGEPfLmwV1sUpiCBQ6suGfb-CjCBKiqoKOQCw,Hecarim,MIDDLE,-259,-58,-58,72,451,0,-0.04603738556749121,-7118,-0.1681855494073684,6053,0.09333333333333338,2
KR_7466363292,1,100,3oQJFmsFifWEg8_q1-a9sqm-ld84DFqU-cJ5gZtNiJCcKM8-a4xydip7iTqF43__Xyr3DRa0htAygw,KSante,TOP,542,12,12,0,-86,0,0.03042021862039032,693,0.44562174477642047,-999,0.020000000000000018,-1
KR_7466363292,6,200,_nBYoegZGGdQA80c4BlVi-AAxo-JZ-SAUkBvKF7t11GUNd10DyLSmMUUBndsqVA0mVI1oD5OX2xdrQ,TahmKench,TOP,-542,-12,-12,0,86,0,-0.03042021862039032,-693,-0.44562174477642047,999,-0.020000000000000018,1
KR_7466573783,1,100,2IWjXXEl5tv2_4KL8psls7SN9IHghZLf_fkJgvPazxcRHzREMealsdwlZGhmHpCPuGpeAF9aHfOs8g,Jax,TOP,445,6,6,0,498,0,0.041323451613408224,-7441,-0.41225326188134825,21234,0.2975708502024292,11
KR_7466573783,6,200,oDdk_3UzxdiIwmc3DLt7antLHQn_KFFTG1oLkYa5GdVbP4gb6eqA0DoFLAmd_-c_E2qR697zuLf5vg,Jayce,TOP,-445,-6,-6,0,-498,0,-0.041323451613408224,7441,0.41225326188134825,-21234,-0.2975708502024292,-11
KR_7466650380,2,100,Kt-oBjXN7-JGqKRaaqs2y4FRoNK48_jT1iyvkr3gEiAifPCBG8xfnjyGzAMPMwXFOpb-kQ3Bo4Jz8w,Karthus,JUNGLE,1300,0,0,17,338,0,0.045861411622244774,-4385,-0.39909174844709927,-82,-0.010714285714285676,-4
KR_7466650380,6,200,OxHRFk-xLASRdxXWX3oZT4NNw0QGafjb__8g_DeDdJkJLpify6qpD_gp0z0K7zEw7NrEHT5ZzRGj4g,Kindred,JUNGLE,-1300,0,0,-17,-338,0,-0.045861411622244774,4385,0.39909174844709927,82,0.010714285714285676,4
KR_7466650380,3,100,L_9O4_zJIKPzY2jb9Z3q5bJhbFzmZxtujGLp8EBc1CRWfdHpuk9xpcPca8iuieOvWWVAwVN55gwkfA,Qiyana,MIDDLE,1029,6,6,0,525,0,-0.0807285042274388,3707,-0.2015678057804957,1719,-0.010714285714285676,-7
KR_7466650380,8,200,lp1tR7rWxFyB81JDEzbyouVo0ql3UckCzbXIYdW5BN-XEgNOcwYqZd098YJPI-wtKtlVhTYmo09JuA,Akali,MIDDLE,-1029,-6,-6,0,-525,0,0.0807285042274388,-3707,0.2015678057804957,-1719,0.010714285714285676,7
KR_7466650380,1,100,Q8tuLUQmCbypZIlhhmohcibyLQMb8LpkI4Q_z4m52Ivz9u8ZFJPBrUzxnAL_XEt3zgtKgohw_ZV85A,Irelia,TOP,767,0,0,0,537,0,0.0185260890510216,-11562,-0.5371368756857421,-2826,-0.017857142857142905,0
KR_7466650380,7,200,36w9XCi-npXg0Qqte9R3HRosSxOUZTQaG6UETHn-vo4qLJ7XzbN1aS51hbLQ0UpJnTZfpCYw06huBQ,Fiora,TOP,-767,0,0,0,-537,0,-0.0185260890510216,11562,0.5371368756857421,2826,0.017857142857142905,0
KR_7466729616,2,100,gjYiocysQx9YyeEuXrOjKqkG0ej4PNaOT4f2RsdbtdSN-WU1kPzDo199XZPTI9-H7PTKqtEuUGQzBA,LeeSin,JUNGLE,-270,1,1,-19,-720,0,-0.17287237929715732,-1466,-0.44721658443148127,622,-0.19259259259259254,-7
KR_7466729616,7,200,hRmWO2CXVkAqXyjYGp8K45AGgpRHVuL3uTNThN3G1FsLtjo-Y-oFmym8s2Rffvfuun2lNlw4LcECew,Pantheon,JUNGLE,270,-1,-1,19,720,0,0.17287237929715732,1466,0.44721658443148127,-622,0.19259259259259254,7
KR_7466729616,1,100,3VSTkmubjfBTvqeFqW31xzK0L1jKO-Gj0O_cPCq-q8N2YAsnJqnUScLN5HuJ88wvCS105qabckDndA,Gragas,TOP,471,10,10,0,722,0,0.0906008534030123,-5472,0.26341679354194225,7140,-0.05925925925925918,-1
KR_7466729616,6,200,i7G4ys_K-hY78_WiHvd9Khyhx8hQFlFapYYVCEx5B0CbM1Ju-wWimXcERRKcax5GQp34M8qDnfTJ-Q,Riven,TOP,-471,-10,-10,0,-722,0,-0.0906008534030123,5472,-0.26341679354194225,-7140,0.05925925925925918,1
KR_7466823961,3,100,h-brGCWjwU6NezNgwArTkL3s8X9aJ6O22yUi7ZVbgp2OgbGYbGq38HqC04rj4iCdtx3SkqGNpptzWg,Leblanc,TOP,-338,-27,-27,-2,-1704,0,0.0956702556602475,-7369,0.06464693166120039,-5306,0.45341614906832295,2
KR_7466823961,6,200,c7X278adCS81_S4xp3y_Cv-_KTziWp-M5ARdRZrd1dpKWZ23iNISMv6S2-TCqCpZXAE3hlzBM9tSlg,Kled,TOP,338,27,27,2,1704,0,-0.0956702556602475,7369,-0.06464693166120039,5306,-0.45341614906832295,-2
KR_7466919396,3,100,_4_FJsbc434KDhyrLST2Rznh01hOtU9WNXfaHt8LEHostm1vfrcJRcbXikCyR3-VJOq-ylLPn7qDDg,Sylas,MIDDLE,-835,-27,-27,-2,-66,0,-0.001568777045947295,-7953,0.4541342836948681,13318,-0.03333333333333327,-4
KR_7466919396,8,200,e-YAcXIvfMj9HsZMHyaGFYyRDDyEn0bLgf8kImpiI31B5K8PGcUReBxcgQsAOjKb2Z_f011aETDtTQ,Neeko,MIDDLE,835,27,27,2,66,0,0.001568777045947295,7953,-0.4541342836948681,-13318,0.03333333333333327,4
KR_7466919396,1,100,xnQprDx1wydCG8EVhX_p8riuqqkXtOYYvmITZC3fvT5wOmzGPusAezrG9aki5Oev-LCVyygSbocTNQ,Ambessa,TOP,-267,-4,-4,0,-208,0,0.004201342476441189,58,0.27976087768105495,6805,0.3,-3
KR_7466919396,6,200,T8tLvTlFi379ZYVL8ZDM8BYF9GRQcvQqevn8Zs3Qqdvj4bdkG0u2M0FnmEPVfw-YZPW7We6vQeH1Qw,Rumble,TOP,267,4,4,0,208,0,-0.004201342476441189,-58,-0.27976087768105495,-6805,-0.3,3
KR_7467015008,9,200,dxl2qGtAVkc5klm053q5LZ-ZhlkHNmogo_lmhaf0BzQuf57Z0eEBsEjIocUvSovNh06vnrTWiZq3oQ,Jinx,BOTTOM,261,50,50,0,1365,0,0.1920646776119871,8265,-3.0973833344778976,-1646,0.11538461538461531,11
KR_7467015008,10,200,Um_hQ-0uAJ2hNCfxGRIbenYGBVqX1YfQr_Wwql5yWXJX_USPW0eQ3s0HpRin0f8Q5gx9sGN5kiMoEA,Rakan,BOTTOM,-261,-50,-50,0,-1365,0,-0.1920646776119871,-8265,3.0973833344778976,1646,-0.11538461538461531,-11
KR_7467015008,2,100,FejAuJpBEarNVPnOd-cQA7jGWza_36_tnqKGcRHJkjOw38jbCZATwPNKygZGhqKzns2wO7MgH34uFw,Nidalee,JUNGLE,23,1,1,-4,213,0,0.07874683134203742,-2912,-0.39492853663346816,6765,0.024038461538461564,2
KR_7467015008,7,200,OKxRrgPLncGJsMFVKR89sQ9NzFr1Fqz9hL4MZLsZiRUzZExGyleW9xFeHMRRmApn5cFAr-xErGzHbg,LeeSin,JUNGLE,-23,-1,-1,4,-213,0,-0.07874683134203742,2912,0.39492853663346816,-6765,-0.024038461538461564,-2
KR_7467105899,3,100,KSt-CbL1yHxouBPLEnPRXvn9I8XqoZXspV7VfMzYmmaUHlN7J630DS-B7rsv5UpYfMn94SM-_YQt9Q,Zoe,MIDDLE,-613,61,61,-60,692,0,-0.10305565686079149,1108,0.4221815877981293,-9663,-0.06000000000000005,-3
KR_7467105899,7,200,M8sdtaxCdTuNNGzvQuIXo1joGFCktgdLT2vCsleRIHgALR7Qz3wvMV5aFta20RBK9xmdvmRic09nJQ,Karthus,MIDDLE,613,-61,-61,60,-692,0,0.10305565686079149,-1108,-0.4221815877981293,9663,0.06000000000000005,3
KR_7467212457,1,100,-3DyG3Y_jyCyLFjuKfLZr8RLWVc8kY_9nyR4ws_v1qjuVlw5NLl45CkVOqd6NLMRFt1jb0DI3rjsAw,Ambessa,TOP,365,31,31,0,245,0,0.17897174136681532,2953,-0.04478167643481745,-3381,-0.11910669975186106,9
KR_7467212457,6,200,B1IiKJ03ecYTne62ryHMIF1C2iXaD_5QpyQZ5pEh_Tz63mdjq2QRjuyXKBdJf7qfEybAQdZHYyLcaA,Shen,TOP,-365,-31,-31,0,-245,0,-0.17897174136681532,-2953,0.04478167643481745,3381,0.11910669975186106,-9
KR_7467320462,2,100,F5UIFRzWRcDNcpMvAYYTaOvV6X3u0avg_Io9-uJWCG-CeBGDXGYLGZWX0Nb_zPge_EhBWDgJmArfEw,Viego,JUNGLE,371,-67,-67,56,-301,0,0.10880579158271049,2035,0.5356176673515457,34803,0.4540441176470589,8
KR_7467320462,9,200,Wdlz9LAAf8e-QVp8dmd3-qZV-Afv9UZpuLcryZ375UUCuD8qto67W5sfqBbIc76Z_iGp9H_jEnceeA,Sivir,JUNGLE,-371,67,67,-56,301,0,-0.10880579158271049,-2035,-0.5356176673515457,-34803,-0.4540441176470589,-8
KR_7467320462,1,100,hAx91bVVkhaDihIpp4euUr9k7OWfJOetfULglnq4DPp-cCOTW4Rq52pWqi76XpAB_83AWqfR_4udMA,DrMundo,TOP,-1837,-16,-16,-2,-390,0,-0.06415262782336947,-1486,0.07622974327952259,30458,-0.18566176470588241,-5
KR_7467320462,8,200,sXiopSbwBC8p5FwilU-afqec6L1QILbjcdtXJVZ4cSc7jl5Z6CV5pxOZkrpmyg1khVx87hF4qpIgZw,Yone,TOP,1837,16,16,2,390,0,0.06415262782336947,1486,-0.07622974327952259,-30458,0.18566176470588241,5
KR_7467523276,9,200,BXgeXu3ytWnCBunot9MOFFLlnW28asPGOmJfBit-0dpOZa3IyGXa-OAiRUj2vYqkBfjmP90dZMXi3w,Caitlyn,BOTTOM,1207,63,63,0,699,0,0.19034055244431697,2412,-1.5765239654744314,-1844,0.06666666666666676,6
KR_7467523276,10,200,VEWJoVHKLBUiEG7LyCyxd3Qw_PGVOEuEceDbv0hOxAFtjxWebqFyc1q2H90OBGQ4n3y8o6hQESypWg,Blitzcrank,BOTTOM,-1207,-63,-63,0,-699,0,-0.19034055244431697,-2412,1.5765239654744314,1844,-0.06666666666666676,-6
KR_7467523276,2,100,d2zC8OEgWb4ysKl5zLUMMfq9m1k_BKdzOFHfzqFtK1IpSggKYTucaSARlT23tzHiLOScwITssqhBsA,Vi,JUNGLE,838,-5,-5,15,925,0,0.10645808797585819,-192,0.10603718201767043,-4436,0.23703703703703705,3
KR_7467523276,7,200,C3KgapaFd6IAQ1o9JFTiT732jarrBiXtYweAjyjZioq8J-7CLcdknsFYHnheRNt5jtB_xksoRKSI0w,Viego,JUNGLE,-838,5,5,-15,-925,0,-0.10645808797585819,192,-0.10603718201767043,4436,-0.23703703703703705,-3
KR_7467599479,1,100,yWe4CWdVMz6EY31xxjwkX0CwqBEe8k0wtt8wNUUvo6Rtx4YsS2QXk6fXlXMBCNUodOTbzwjhUYsC2Q,Irelia,TOP,1920,27,27,0,1032,0,0.1310311793728215,11310,0.13275816074691116,9,0.07258064516129031,3
KR_7467599479,6,200,36w9XCi-npXg0Qqte9R3HRosSxOUZTQaG6UETHn-vo4qLJ7XzbN1aS51hbLQ0UpJnTZfpCYw06huBQ,Fiora,TOP,-1920,-27,-27,0,-1032,0,-0.1310311793728215,-11310,-0.13275816074691116,-9,-0.07258064516129031,-3
KR_7467687286,3,100,wN0tkshO-ucgkyk4tqmTb8yx88rCdzmsV1HKKy1Y5whnpXSAFnUQ58uKvcmU3qO1BEnZ3FynvHVZyg,Hwei,MIDDLE,729,22,22,0,492,0,0.08820238461193453,753,-0.3244332580582666,-278,-0.3571428571428572,-3
KR_7467687286,8,200,Axa9FqW9kjEyoAEuZpyszoGC2XuYAG4y4KHPrWth7VrsW6mjgfhhnLmgE-qM4w_D_qQUYckD-SPOMg,Zoe,MIDDLE,-729,-22,-22,0,-492,0,-0.08820238461193453,-753,0.3244332580582666,278,0.3571428571428572,3
KR_7467876237,6,200,NrDugduJIgUMZ2uQWVeWnNayBunD-UCn9bjceGTFO-Xt2Wo69XGjuumEEENJqUzr0X45fRokYxp88A,Olaf,MIDDLE,-149,8,8,0,729,0,0.10822946322338747,2688,-0.3677267399328258,-86,0.0714285714285714,-1
KR_7467876237,8,200,ih9aQPPW4xMADtvB4IkZF6Fyv_mPWxSNnFDl46UphaFASrSpBSK7PO9BVCCb-s7ABV9L9fGPbn4StA,Talon,MIDDLE,149,-8,-8,0,-729,0,-0.10822946322338747,-2688,0.3677267399328258,86,-0.0714285714285714,1
KR_7467936586,2,100,_0WMMg3NGaXMmt2EzGipHy5ug1DCBvT5mwjQPR83S3o74aE1XrQlp0itveLKPzuBYc640We9n8tRAA,Viego,JUNGLE,771,0,0,18,661,0,0.04807627760847569,-4265,-0.541766741768627,2135,0.09716599190283404,-1
KR_7467936586,7,200,0Yj7hVrh5f8mcUi1FtzVmPOksoBAUr3pBr3ULVg56jle-9iVpE0_A3dsp-a5RvhjM_5YLEWgOfGwFw,LeeSin,JUNGLE,-771,0,0,-18,-661,0,-0.04807627760847569,4265,0.541766741768627,-2135,-0.09716599190283404,1
KR_7467936586,3,100,H_FtaVxWt2_PRCjw-RxhZ6gM0UHwppx8mArxd_TaB7A_emN1LuYdme-bzHMVjP8uwWGqaEzY6rcB4w,Sylas,MIDDLE,-1273,-51,-51,0,-1737,0,-0.10912219941970264,-5711,-0.21027253823946968,15233,-0.054655870445344146,-3
KR_7467936586,8,200,GVDFIjC6KGqQzfogTXIKwm3_VT4RScTRaIAEStTQTgoIDgv9JipQVsypl1YcHMeq8N6lqQI3F_ZJmg,Viktor,MIDDLE,1273,51,51,0,1737,0,0.10912219941970264,5711,0.21027253823946968,-15233,0.054655870445344146,3
KR_7467936586,1,100,a4NyUtjCqsOXKHs2Hb2HvUboTCuxx7G1Uzrkeq_liZBHpDvzSjmieejs0e74sN3j6NSSUdvyW5H-zQ,Ambessa,TOP,-419,-22,-22,0,-601,0,-0.07816722425994183,-7450,-0.1534745718209629,-9488,-0.002024291497975783,-4
KR_7467936586,6,200,qWxfzJONKU02DjfGo91jaBBPIUx75IhklOj9-Zih6TJnrVi422NWJinMpmgY3KHpjQ_tMn3rhli0Ng,Renekton,TOP,419,22,22,0,601,0,0.07816722425994183,7450,0.1534745718209629,9488,0.002024291497975783,4
KR_7467992616,3,100,7oE3sk18qtqB_dtUi2g7e0NvS16zeiJp8TJHwIj7wSnHZHzp3pZptVpLu1UhiPhHXLpwnJ6Yyem1EA,Qiyana,TOP,-822,-17,-17,0,-141,0,-0.08686552114615659,492,0.43491162954656404,3738,0.1108870967741935,-3
KR_7467992616,9,200,qLT89dXjtx0tdP0vrUmXGLpnL-kp966gteWnNn7dnQHMVtRUhWuRCrzSaiwZRD-JLzuI-KhYmgOXAg,Caitlyn,TOP,822,17,17,0,141,0,0.08686552114615659,-492,-0.43491162954656404,-3738,-0.1108870967741935,3
KR_7468168842,2,100,Dx1GLYSVntl5ZHUlggmS4_C9xF2DA_TXc2G0q7m3ZMH2dzsD4Opkf2wQqNuZA8omLIRUDHofetKmPg,FiddleSticks,JUNGLE,743,4,4,0,782,0,0.023561153205605895,-2941,1.6273523837456556,8282,0.17407407407407405,-4
KR_7468168842,7,200,_-v3nloxa0PQEv4h6MBYNmfRzO5byDNBnKQysOKsj1XLx8I4dqzjr3fKKRXqdRxKRyLPYbt0tklX0w,Pantheon,JUNGLE,-743,-4,-4,0,-782,0,-0.023561153205605895,2941,-1.6273523837456556,-8282,-0.17407407407407405,4
KR_7468168842,3,100,S_9FEiacinl4AeHEO7O59cwKu_3khA0X1wZkIXaLuBsZDUPzNRtMh0ZYncBGTFsWtFPj5uRYUBpTVQ,Corki,MIDDLE,1094,11,11,0,345,0,-0.010937614165300008,5152,0.37880585609155537,-513,-0.09259259259259262,-1
KR_7468168842,8,200,42H8GLN0SYcFxmWFqTdyqVxHS0PH3AEr72Zlg7tRXWo0HWI8_OlrC9klnO5W96uIqkW8kDbi9F0QaQ,Cassiopeia,MIDDLE,-1094,-11,-11,0,-345,0,0.010937614165300008,-5152,-0.37880585609155537,513,0.09259259259259262,1
KR_7468168842,1,100,mJPlNkrGmzzFrh9eqjtQdFSGu2Y5U7fOvilbxQSvAAQI0t8X3drnqh2h3GGp4RKX3wvWNHkj70vSSQ,Udyr,TOP,1869,35,35,0,947,0,0.06687646742388312,2602,0.22775346748002434,987,-0.029629629629629728,5
KR_7468168842,6,200,B8d5HkOVzfP7Kb9jwbDUcuNQO9aaao-3ToIrvmJzixR8Fn_45eedAkCokAxzeCDJpE9C8nAyuf-okg,Malphite,TOP,-1869,-35,-35,0,-947,0,-0.06687646742388312,-2602,-0.22775346748002434,-987,0.029629629629629728,-5
KR_7468278271,1,100,81UMuKqftY-c4mbvy6B0LNWH6rr7_b7tWKn13Hyqfkl16wMXp28voq1X-fPH7Y19fm-Oiut_mhvXvA,Jayce,TOP,-469,-8,-8,0,164,0,0.0009376320337801947,1136,-0.2748859446432592,-14649,0.08045977011494249,3
KR_7468278271,6,200,-W3_FlFixzuahDhuzTLGG4TlAlwr8aYrRqQrQURZMQN6lvoaLzQt9DVtVKSmHbfC516rzdtB7471NA,Maokai,TOP,469,8,8,0,-164,0,-0.0009376320337801947,-1136,0.2748859446432592,14649,-0.08045977011494249,-3
KR_7468386595,2,100,Ir58Bi6Pmhg_a9vzepGMV9HtLNpoKxE_B6VNafQD9_cNSZ-WTLx4S5YNXJQNXbThY93SxiMxGpH2Zw,LeeSin,JUNGLE,-238,-68,-68,70,-715,0,-0.0438378445868394,-4763,0.19719470505941417,3121,0.125,1
KR_7468386595,6,200,CWD6dpjMDpGAAYGduM1_PplkERG73VbOylmF-yN3xctRgxbbIielIGI91rOH0IAlZvmb700lYUFV-w,Renekton,JUNGLE,238,68,68,-70,715,0,0.0438378445868394,4763,-0.19719470505941417,-3121,-0.125,-1
KR_7468527356,2,100,Lv3BunKUDlOnzJDCRKvVQtrK1GKd3GXdGiFL7gSQWeIz7DN02lOrxkzaZOAH-F6Fxj8Gr6i3w3FdiA,LeeSin,JUNGLE,-181,-3,-3,2,-208,0,0.016011683030149187,-1713,0.06558306000907188,1020,0.08143939393939392,-5
KR_7468527356,7,200,kXd0BJICsU7hSvDZsa19ni4AE58kasmGIq0pHH8JRunXi--r_i7R0sNqDYWw8Dx1ihcFTRpo8ygRCA,Nidalee,JUNGLE,181,3,3,-2,208,0,-0.016011683030149187,1713,-0.06558306000907188,-1020,-0.08143939393939392,5
KR_7468527356,3,100,RQl_TgEjk6QX60_CHI-fFTHEBOB_6Ug9sFSPQ7el3wCtZLOjObHixiICNGdT8wx3gBy3gMnl2ZlugA,Leblanc,MIDDLE,-687,-27,-27,0,-426,0,0.1356005849373985,-7064,-0.410939548464308,6136,0.10795454545454553,2
KR_7468527356,8,200,JCtsw6KKYNtKqvz4W4Ag_ly0LPGyNqwhfpQ8LyldNCKyhssdiKd9VQn5Obqz81nKvs4AxQTPVd5YtA,Lissandra,MIDDLE,687,27,27,0,426,0,-0.1356005849373985,7064,0.410939548464308,-6136,-0.10795454545454553,-2
KR_7468642556,2,100,jx6UJ_PhWaNoUSQfJ8PAYZSgrS5mJETzeMuU9q4HeGXniuH6ihaypEQPprMN909AUdTFN3Oyg3z9Yg,Kayn,JUNGLE,308,5,5,0,-65,0,0.1291558558475785,-2949,0.3164335511588535,16711,0.3863636363636364,5
KR_7468642556,7,200,QGv8eZOqOH3Qj8gNQ1uoqc9z3_RonHtaS2RXEHJR5Dj-JtNoa-88yYphBdZzWSwZWpkrkOTgF8afPw,Viego,JUNGLE,-308,-5,-5,0,65,0,-0.1291558558475785,2949,-0.3164335511588535,-16711,-0.3863636363636364,-5
KR_7468642556,3,100,9t6SQd_TvqNsWTfVkYYFGLWxawt3v0KsZ9QpgNbZ_KOL9JSAjC5o2LvwRoKbo7OPqNSUjMqOcoDNUA,Hwei,MIDDLE,-321,-9,-9,0,-451,0,-0.04190629234355708,-4037,-0.15781224522890303,1648,-0.04545454545454536,-4
KR_7468642556,8,200,wXtvVjQvYn-BsTaSGoLYvpeSkOPAb5IdwYz5iPHQrd6vUtDuCD1TawUsEPh9XSFPmDYFXR-wVU0SKw,Leblanc,MIDDLE,321,9,9,0,451,0,0.04190629234355708,4037,0.15781224522890303,-1648,0.04545454545454536,4
KR_7468642556,1,100,abcXImUS5_TGuWRJpVoSroMMU06qORFTXQmSAt5BQV59-bqkCQsK_R7t9e7ACo5WJZO5x3iRCKrGCg,Irelia,TOP,-216,20,20,2,23,0,0.005888363179097411,5333,0.10732922437049497,7147,-0.1818181818181819,-8
KR_7468642556,6,200,66DCPcBxZIO7lllEiwHfq6oO-rv4sIAQh359QrXgMeis-uHVfh7S1uwxqHu5w-QsJe32b1lsAzI-Kw,KSante,TOP,216,-20,-20,-2,-23,0,-0.005888363179097411,-5333,-0.10732922437049497,-7147,0.1818181818181819,8
KR_7468769257,9,200,p5SEivDMQluZbWcxisKfdrnNo4-_PJghUBi7fAh3A97DICrOAyNvEKsFkDzZ35jzsgrTgOeqAiMhRA,Jinx,BOTTOM,856,49,49,0,924,0,0.009092246850204405,4585,-2.5559485261178625,-2816,-0.12820512820512825,2
KR_7468769257,10,200,MHxAHDqrBMo_1vjiojlKYOQ0SMCaoJb-VDIxpIjVJATHrlBZyNDr6wtgS-IG3dv3UZZkMfVXvnJubw,Nautilus,BOTTOM,-856,-49,-49,0,-924,0,-0.009092246850204405,-4585,2.5559485261178625,2816,0.12820512820512825,-2
KR_7468769257,1,100,IvxdY52KkxQIBI3xzP2pPj9_0UpXJzo6S1OJtbE45exBGc7w797Iy8c525HZxQTJDuvYmtLlChatPQ,Heimerdinger,TOP,-436,-9,-9,0,-649,0,0.09319752382443611,-6748,0.03284597325140315,-8449,-0.05128205128205132,-6
KR_7468769257,6,200,I3OXVOvBGhr2hfaygvBpZCNuFzh-36EHJEPjbmR7vrXbqUI7v4h3CfiKKGef4oi4tZmWR8-_bgcpMw,Jax,TOP,436,9,9,0,649,0,-0.09319752382443611,6748,-0.03284597325140315,8449,0.05128205128205132,6
KR_7469037661,1,100,u9ukiqmCEL3xbs-zBmPs4gR89HTmamtffjH8HH5IZQo4cmCG-nJLU7Kik0tsm6zpv7c0KY3rORK10w,Ambessa,TOP,1174,26,26,0,1171,0,0.11454302683087914,11331,-0.3141351106009111,1785,-0.11702127659574468,8
KR_7469037661,6,200,I1BvAT3vq7oMS12IKHs6rRCUdKvm9vlvpS43vUi69NxyqOW7UbCySadBxMGKSBM3Hyo0YJHuABHoaQ,Jayce,TOP,-1174,-26,-26,0,-1171,0,-0.11454302683087914,-11331,0.3141351106009111,-1785,0.11702127659574468,-8
KR_7469178948,1,100,1i4yhQzuykyKHHN9pkxaZgZtcthqtg_oHdcA_WmZW85hOUlge4zMBtJdNldthRKoc4HIgjuAFJiGzg,Rengar,JUNGLE,835,75,75,-74,1099,0,0.11162612577366299,287,0.15277498469199702,-12722,0.08000000000000007,10
KR_7469178948,2,100,6eaE99BqWHTUaL11cUZOYo880Ywind-_JN4RU-DJTMI_LlUTIrrXX75dvDEH7C8NYuVBUpTKF9njrQ,Zac,JUNGLE,-835,-75,-75,74,-1099,0,-0.11162612577366299,-287,-0.15277498469199702,12722,-0.08000000000000007,-10
KR_7469307536,1,100,yGrbzwT0U55q8EgDMBk_zvle7ALYh-ToZGlAv1S1e_aMfHCc29BsLvjyBAH2WgUuqT79-LW02MeArw,KSante,TOP,-383,12,12,0,-402,0,-0.0002571315443632982,3403,-0.302562037803061,4236,0.03846153846153849,0
KR_7469307536,6,200,xiE2uyPvoUBu8mfjkxsFDLAv2S0ttuW7l-Ip0l5mRTobeZoj0i-BLIiuP7A45cBiEmOeZlnv1xIwSw,Riven,TOP,383,-12,-12,0,402,0,0.0002571315443632982,-3403,0.302562037803061,-4236,-0.03846153846153849,0
KR_7469420435,2,100,q9kF89UN_jB4vk2nvr1avLqJnQ-UNOotXO0Bg00S4FgrE_dwJBXYZAGOIc1COcq-VY_RODoLCMGC6g,Viego,JUNGLE,-166,1,1,-3,260,0,-0.031816614219749184,-4973,-0.10135478753679372,1803,-0.01098901098901095,-5
KR_7469420435,7,200,KwxBkgWhWB4a-tUMKmXiYJy4-KzcQmReh2tp1H8W0X1JPg5qh1dwiaGTKf45LpHd-Or0up0wgU0LSw,LeeSin,JUNGLE,166,-1,-1,3,-260,0,0.031816614219749184,4973,0.10135478753679372,-1803,0.01098901098901095,5
KR_7469420435,3,100,tYhIFozHYJy8XNTdaKTYi0lbGhjjCH-KIG2KoJMO969IY7m_IIL7Yw-u3NxryXF6kCNFpIfFplHYQg,Sylas,MIDDLE,-918,-31,-31,0,-832,0,-0.062077769142946077,-7815,0.28208968672570156,16079,0.17582417582417587,1
KR_7469420435,8,200,KKilUSZ2vuh5c8sjIYtF_Zs8nBfunQSuT2ztzvsHIOO6YJ3VS_KqvFsNBAGJ1zc5522RfJjUF8qopQ,Hwei,MIDDLE,918,31,31,0,832,0,0.062077769142946077,7815,-0.28208968672570156,-16079,-0.17582417582417587,-1
KR_7469420435,1,100,EgW4ZvOs3aCAvC7OVrgERUU-mU76zq-PyccptDk62vE4V4Ym9AwpFZdbvnX-bOnhuKA_XUT_5DQKAA,Fiora,TOP,101,-1,-1,0,159,0,0.06451670251443459,2045,0.34551912133898055,5914,-0.2912087912087912,-5
KR_7469420435,6,200,CPIqHUdYvN6ENJyt01KdA35PprwHlpb4xUqW7D0-Z868jE0lyh3qD7ZanjoaKTfgvGU5knWtidBWDQ,Camille,TOP,-101,1,1,0,-159,0,-0.06451670251443459,-2045,-0.34551912133898055,-5914,0.2912087912087912,5
KR_7469494499,3,100,Yfh3fEnwha6khSVWYWh4MMWzTwY8YI4RFtnVDBbDbyk7X7U1G11wZNJHJWZcCKjJnt9TurMsux_0ag,Aurora,MIDDLE,545,82,82,-59,1282,0,0.03538387130410209,3062,0.07725993390742292,-9352,-0.3232323232323233,0
KR_7469494499,7,200,Tni7ID8xRK4hLWi4_kA2gcit-Cxq0riFaNvxG4xM_1Hpt67A1xnorc7gar8G8jMvCpEC2bVIHhNqOg,Elise,MIDDLE,-545,-82,-82,59,-1282,0,-0.03538387130410209,-3062,-0.07725993390742292,9352,0.3232323232323233,0
KR_7469565227,9,200,CGYP2Zjb3UnoveyDHt5yJx-OMne117piHOn4a_52fQ3KH9ArWDOISxK3vlUhyN9pgnH2Laa0IiUBnA,Corki,BOTTOM,-101,25,25,0,241,0,0.019491670495138114,1768,-1.9750962450322285,-3326,0.0,-1
KR_7469565227,10,200,sZBN6A6BWnYqqk2lSzNn6Eu_VZcNfuCb10oR34itZhW9ZrCJ3tQyMYNPotAG_HDGfR9_ZYjTOOsrKA,Elise,BOTTOM,101,-25,-25,0,-241,0,-0.019491670495138114,-1768,1.9750962450322285,3326,-0.0,1
KR_7469565227,1,100,lmugjp95Ki7bhPDp6TVbw6jXScAisrOUDsUFtQ3W62KcdvybBtz1qYCihc-5LYsP_CTaG0kgYAAZTw,Vladimir,TOP,754,18,18,0,924,0,0.05616371839345141,8463,0.006019884681956578,2441,-0.1547619047619047,5
KR_7469565227,6,200,wn-Y1K32_NkI3pU8930tSSHEsTBqUctON4l5owh7kjzg2QBtmI6Kr3choF9gobpHi0iqQGJjteOy3A,Pantheon,TOP,-754,-18,-18,0,-924,0,-0.05616371839345141,-8463,-0.006019884681956578,-2441,0.1547619047619047,-5
KR_7469620126,3,100,eQKJLXQBPoA8A9q2StvQ11mEiyJBiwwGYWvZMAgZ-lEY3-tsFBGbsvwmlmSWtsAOYIvKQwksANPMjQ,Akali,MIDDLE,131,3,3,0,653,0,-0.1217259763000196,5179,-0.48771739615485454,475,0.02999999999999997,4
KR_7469620126,8,200,eSNQ1QN-c8WQ5cuujbwwZ_RH5f9DR6Rx6MEvAQLtNgQ26EyKFTl1ALOefFfxNtWJhTkJ6E3XgsHgFA,Syndra,MIDDLE,-131,-3,-3,0,-653,0,0.1217259763000196,-5179,0.48771739615485454,-475,-0.02999999999999997,-4
KR_7469661765,4,100,_Wvq6COXDAM5P6JoF2X_aM65PFUgxlKFuCF_rDiIjzr3jclfP2UtkRfvqmZoOAea2qmEcy_HXTqUiw,Samira,BOTTOM,655,55,55,0,1352,0,0.0873728564275107,-2309,-2.76010599307746,5325,-0.29487179487179493,6
KR_7469661765,10,200,hwgxQhLtxjgK5UGy6mT10jSok4jSzO9gg3ABVbYCBNd0fsE1nzOA1AElsoVZlin0lQxl5dyVtb9TEg,Pyke,BOTTOM,-655,-55,-55,0,-1352,0,-0.0873728564275107,2309,2.76010599307746,-5325,0.29487179487179493,-6
KR_7469661765,2,100,iygariqWisTw8mIkBaUJcuoO0uoG15aXPVdlTli5-PWjijLkHyz9dhGGKeDr8ptas6qTbNJBWhe5lQ,Skarner,JUNGLE,660,-84,-84,63,-348,0,-0.08190881603833902,-2305,0.09264877917186176,14166,-0.10897435897435892,1
KR_7469661765,9,200,-dmcxCMyxZsRxB-TJZEBf64fzoeS7pqmzG-4kTLE15U9uBzhV0XYTbq00kAK-nUHES0EgzQ8viofqQ,Kaisa,JUNGLE,-660,84,84,-63,348,0,0.08190881603833902,2305,-0.09264877917186176,-14166,0.10897435897435892,-1
KR_7469661765,5,100,InG-aw75ZisgsmJJ_XjOrK8BPs1ElVMwNsklk0lWIJkZCKbwve8iTzbvh4bz_vsIu4HgbYRQAUyMeQ,Rell,TOP,-924,-75,-75,0,-2781,0,-0.0879134110853601,-4270,2.846364856572721,-7686,0.6025641025641026,0
KR_7469661765,6,200,fAEZTDGcRvXKmE4od4bVdtV1lXjs8sQJvIaOEOiYAZQ1FZuc0wJEcPEiNN0jNooWDwInTSG4LEAvkw,Fiora,TOP,924,75,75,0,2781,0,0.0879134110853601,4270,-2.846364856572721,7686,-0.6025641025641026,0
KR_7469704908,3,100,S9_HctAdyaNqF_PGba_H96I9CbYfIBj37K7dmLO3Pzaccr3DQaFG-nSLqUKdQA30XReVUcQjFTY5dg,Zoe,MIDDLE,401,72,72,-60,1033,0,-0.0011337313706243912,-710,-0.4121405726011609,-24558,-0.36050156739811917,-3
KR_7469704908,7,200,1cWoZeC7z7IgW4EirL1DS9fMHrWswvv2fgkcrUECGiT4voVldCoGsbDb-Q60QXIWJodnCc2vT0x98g,Viego,MIDDLE,-401,-72,-72,60,-1033,0,0.0011337313706243912,710,0.4121405726011609,24558,0.36050156739811917,3
KR_7469752471,9,200,1gxIVrsa1zIFM-DsrGI2LzaIVqlwIA39hKi0TEyG7rJlGzMRm_KaQGH1FuRm76UIYh8dA93BSapr-A,MissFortune,BOTTOM,571,46,46,0,1333,0,0.1053248523988482,8524,-3.593486501320042,3810,0.11538461538461542,3
KR_7469752471,10,200,i41N-y6n6sIi1bsq8EdYmeH3Cf2FQsvY4ycDTdYqmGfiZsH4RFNwduuJUPjZ8rBQYbKG7-BdG5RRFg,Pyke,BOTTOM,-571,-46,-46,0,-1333,0,-0.1053248523988482,-8524,3.593486501320042,-3810,-0.11538461538461542,-3
KR_7469752471,3,100,NuDyKigJbccbEmeYXSI8XVXWYu8nwDbcyItw0DB3eu_9dU3-z0cUy30KCWl0kII32q0Fy3-Pp2W6OA,Yone,TOP,-1181,-31,-31,0,-1159,0,-0.2187571519510849,-7166,0.038664833761711814,4573,-0.1282051282051282,-11
KR_7469752471,6,200,rvV4X9JbCKZTqd7MS8CkluUXT0MOP-m_zEA-xOtq-ifAuaICoz_SG2BUtIklDP9F_--EDtK4S4r4Qw,Ryze,TOP,1181,31,31,0,1159,0,0.2187571519510849,7166,-0.038664833761711814,-4573,0.1282051282051282,11
KR_7469796769,2,100,p86GiUm0fG1voNNVQgJiVbBHXW0-p9HxdOaje6-XC-eieqMxWPUFjKSoC5OZpKkQwKjZ6uD8vOkf3A,Taliyah,JUNGLE,-203,-2,-2,2,-230,0,0.19221786700824858,-1472,0.3886941782208714,-18788,0.28093645484949836,4
KR_7469796769,7,200,7By0Jo-pidiJKS4nMAsGntuZzNMNRliyqrYccX_UAEbPmD4hkcx5j_L9tCRKyPPRourJodyz8N04tg,MonkeyKing,JUNGLE,203,2,2,-2,230,0,-0.19221786700824858,1472,-0.3886941782208714,18788,-0.28093645484949836,-4
KR_7469796769,1,100,8tzvZD8pyRgmnN5eFgoARF3RDAKI_irxPhB54tI8HOx6KhQLDtwnc7ZcuZiYvg7HhoHSw2muZD_EUA,Swain,TOP,-863,10,10,0,-309,0,-0.07927540980810557,-10789,0.4907848664640592,-13956,-0.39297658862876256,-11
KR_7469796769,6,200,VIEeNXEF-TpxnSVHy7Qo2KGGnOJ7jaenPHMrz_xUxi3dfHbY2UdmYV1MsjlE52InS5jsaCly670RSA,Kled,TOP,863,-10,-10,0,309,0,0.07927540980810557,10789,-0.4907848664640592,13956,0.39297658862876256,11
KR_7469935128,2,100,csfUtzW41ZlGTyqeZbx6Hgobb3u-8MAosee_qGAQz8TRwJFiTZyDkg_STFOagV0pq4GZtunJonXsZQ,Graves,JUNGLE,-579,-3,-3,-3,-333,0,-0.08271137027266229,-2292,-0.41125613848000764,-15059,-0.14,-9
KR_7469935128,7,200,-hZyPB8eQM0Jt7hYlQXTnafZjqDU8WB7jNcsAD-LgYAfwd_v_Dsn1_k9xFFHN6ewb4mm6ZTi85n_Hg,Viego,JUNGLE,579,3,3,3,333,0,0.08271137027266229,2292,0.41125613848000764,15059,0.14,9
KR_7469935128,3,100,yWTIpO33rzAq5xJw3SBhQ47Ja2_zBFNVpYw3DgdXyuA_usde9LBN17IGVIA3mbTKRrEhNpde0v-14w,Azir,MIDDLE,211,11,11,-1,409,0,0.07403086331165801,107,-0.6460514438448398,-5766,-0.01142857142857151,1
KR_7469935128,8,200,unnc7NDnUN_zXjX1OGpGZBIMr0pj8qgybmiaGpyyOfnQsDzGY4gckFt_BTZL8KKgSy-JVwvoNRaR4Q,Lissandra,MIDDLE,-211,-11,-11,1,-409,0,-0.07403086331165801,-107,0.6460514438448398,5766,0.01142857142857151,-1
KR_7469935128,1,100,zGbb8g7hKlg960HSkiZ_PT0kioh8PZpB791kYVqODQtOp0w4-42bJgQYk0IWxDtHnDj-nm4nrpFUqg,Jayce,TOP,1103,23,23,0,510,0,0.13098217655971361,7686,0.7887049170601284,1109,0.2114285714285714,2
KR_7469935128,6,200,-Y867q0f1upNaAJeh80elcK9wygKEcBY66CcpyybYQ-5nLydHHaVCPQkbUCM_JhwMgj57HYCcEFmJg,Ambessa,TOP,-1103,-23,-23,0,-510,0,-0.13098217655971361,-7686,-0.7887049170601284,-1109,-0.2114285714285714,-2
KR_7470029583,2,100,D1Yl0FZRW_6Hrha8y2b9zIXpwehgsqvYCTvLxdz0BtUckxfnCtneKcloxasTLGHFPwWR1fM6LGLeqw,Graves,TOP,930,-59,-59,36,-1441,0,0.030252109042875508,-89,0.013715353922849283,-175,0.376984126984127,0
KR_7470029583,6,200,g2y35aOLnM1W9jg9G-J0Pp2HzKwDFHyXZgjtbYrkZvUhEzcUpq4mthwokdVClh1fsBgJ1B_KLwS5Sg,Rumble,TOP,-930,59,59,-36,1441,0,-0.030252109042875508,89,-0.013715353922849283,175,-0.376984126984127,0
KR_7470109549,2,100,BpThbQhkQsKflDuen_Ih8jw2tewefD9zWOeYUjc2QDtVWcryEon7ckJV_hb_GNTwS1mrTzKOWMfREA,Ivern,JUNGLE,13,0,0,-16,-413,0,-0.005816028579636701,-5176,0.45724851020162516,-14501,0.40106951871657753,-1
KR_7470109549,7,200,ZsKl0bkB9lFx-tdYvLLN_VfHmwThI3SuAVuIZOPviYzPrigw7QVpO5cktaOiS3bUszw--Ag5KIhVHQ,Vi,JUNGLE,-13,0,0,16,413,0,0.005816028579636701,5176,-0.45724851020162516,14501,-0.40106951871657753,1
KR_7470109549,1,100,KXbiI2aonhKsbkCHRy-iHN0LEKZYj1UxOZHTbhl_w0ArS64yuzSf3XSgkH1e2Y7oZRym137b34MIAg,Nasus,TOP,-125,1,1,0,-991,0,0.001607624851781092,-504,-0.07829050276178218,10431,0.25668449197860965,1
KR_7470109549,6,200,jogad5bUDh2dTSG8qrReVluwyblKzjzwbC1VDy393OkiWNAur4oGVKoNYyYziSQUIBfHXNiy_uzzjQ,Rumble,TOP,125,-1,-1,0,991,0,-0.001607624851781092,504,0.07829050276178218,-10431,-0.25668449197860965,-1
KR_7470206157,2,100,pD5tiF_NYP6jyGthIF7Vr7gkMDiGsS7YPNonr_MIiYBD9VTBcxuQuxgjk2R6zMp5B-VpIMi4JK3aQg,LeeSin,JUNGLE,418,-79,-79,69,-629,0,-0.05954676247479651,656,0.05617963305146145,5040,0.25,2
KR_7470206157,8,200,x9FV7dBck_yHIzAEnnYN0IhVuTJViRnyYoXjLOvoWqQrPa_pYeCkDrQ8LVHuGlUCGucCnOfSuB1jHw,Yone,JUNGLE,-418,79,79,-69,629,0,0.05954676247479651,-656,-0.05617963305146145,-5040,-0.25,-2
KR_7470206157,3,100,42H8GLN0SYcFxmWFqTdyqVxHS0PH3AEr72Zlg7tRXWo0HWI8_OlrC9klnO5W96uIqkW8kDbi9F0QaQ,Azir,MIDDLE,45,82,82,-72,864,0,-0.001637347631370606,5072,-0.29048181870144485,-11914,-0.41666666666666663,-2
KR_7470206157,7,200,wn-Y1K32_NkI3pU8930tSSHEsTBqUctON4l5owh7kjzg2QBtmI6Kr3choF9gobpHi0iqQGJjteOy3A,Nidalee,MIDDLE,-45,-82,-82,72,-864,0,0.001637347631370606,-5072,0.29048181870144485,11914,0.41666666666666663,2
KR_7470206157,1,100,5iyXobLS4woqVPQzl3NCZODMBawHRNhSATVSPoUOihSEli1qEZtOB0ivAKeej3ogHKbRwcKtnOBcDQ,Ambessa,TOP,-1332,-31,-31,0,-686,0,0.014524847169225696,-8023,0.04580471969164701,-5986,-0.2777777777777778,-5
KR_7470206157,6,200,45FTXK4jpVFtMjemwUPT8-ocyU5ws3dkz4eJhclwGufpkKDcoVtkvbnXMmw2y6hxYwYZ-QjKLEsA_w,Renekton,TOP,1332,31,31,0,686,0,-0.014524847169225696,8023,-0.04580471969164701,5986,0.2777777777777778,5
KR_7470282807,2,100,R5_s1IiU3f0R5il9MzWmJIVpX-c5Jefd3IG8hXjjt0M5unXrB-z_tmR4q5h-DtodNtbeQbcNc9sU6Q,Nocturne,JUNGLE,-787,-11,-11,5,-447,0,-0.03545849126043252,-1946,0.12494419125437817,-789,-0.1513157894736843,-5
KR_7470282807,6,200,w5B2xPn944UYbM2A4JzPq_hqqQVPjPnKPGJoxml5k1wTwyNJYBm2w2BOVQzg6L22EtPnK6OyTK0eaA,Hecarim,JUNGLE,787,11,11,-5,447,0,0.03545849126043252,1946,-0.12494419125437817,789,0.1513157894736843,5
KR_7470282807,3,100,WARjQafHLcIvJMym5BiTxnqCAiodWrDPGxSdCpqe9YvggykW9knLTaor4OSTHuOPqsUcJ4Mn1WWNMQ,Akali,MIDDLE,424,12,12,0,408,0,0.0728866034275958,-5143,0.0683037642076717,8875,0.01315789473684209,0
KR_7470282807,8,200,yZ39RecUhjsL74K-GCIbAauHwDlAJ2I8HyU_oXx4h5-t0wsV8UEImUNQ-qlRHf3p_QjMcT6cF-4qKA,Katarina,MIDDLE,-424,-12,-12,0,-408,0,-0.0728866034275958,5143,-0.0683037642076717,-8875,-0.01315789473684209,0
KR_7470282807,1,100,1uUV-2pUzAllcWEHftjpF_byERJCqIRtIJI4of9b7rUviAkW5V5zidKl3pjhxo-pvfaouwKTEy0qeQ,Yone,TOP,-1554,-3,-3,0,-1320,0,-0.057114209956516615,-7037,-0.42743350392268087,8677,-0.2039473684210527,-9
KR_7470282807,7,200,7fp_6KeeCM3CXTbjzQBXW6hB3QMfWIFs6_5cGBVMXWby0Ytzk3M2aYIOEAe8PjypDIfBqCeEWoooNw,Jayce,TOP,1554,3,3,0,1320,0,0.057114209956516615,7037,0.42743350392268087,-8677,0.2039473684210527,9
KR_7470388726,3,100,s4x5jZcQFBIGE-4EUuBpLK5ml1uJth-0u_T-uQD4P3Rf7MaKk5VUfpNCMa8toOGV69uZvydnL3XPQA,Yone,MIDDLE,111,78,78,-43,1735,0,-0.046288048036073476,5442,-0.19589046937475807,1944,-0.09166666666666667,-2
KR_7470388726,7,200,F-QF-xri9QvKz9re59aj8chaHzs4Fav-D5bxh8NBxgkADCb3_RPTGEEhXT4d4LyjTyFWVLH-w-DcRg,Elise,MIDDLE,-111,-78,-78,43,-1735,0,0.046288048036073476,-5442,0.19589046937475807,-1944,0.09166666666666667,2
KR_7470502093,2,100,qXZpQdb0HvRe_6ERq1W0THtzc03hguINIorO0rAexLGUd72Ma33l3zt5CEn5YEXSGUIojaYePjQKIA,Viego,JUNGLE,-178,0,0,-10,-654,0,0.03585173918601681,-2332,0.023568770241635395,3631,0.29130434782608694,1
KR_7470502093,7,200,YhKhlhLXqBvJSiUblnGb1BqsBOlrA8mUHDov6sq45NfJCm9r4NPynAJyfZmreiFAPSfutkh7MNE96Q,Vi,JUNGLE,178,0,0,10,654,0,-0.03585173918601681,2332,-0.023568770241635395,-3631,-0.29130434782608694,-1
KR_7470502093,1,100,9BCC7TgtqR1PPkkhf2BpEb30I7n2wTmOO-aVgJi2gzffl7NEb9LxDHhbzYobBcKdBMIo-gKXNTxdjA,LeeSin,TOP,690,7,7,0,76,0,-0.0032617945609119126,-1407,-0.15220666246312264,585,-0.09130434782608698,-3
KR_7470502093,6,200,VuSvEMS9Z01HpXiEuK4rhO3rRLuMcBjQwGZtrVgy-ZAVo_3lshIJjWU4Lukrhtv8o7AKZe2OHGxTLw,Gragas,TOP,-690,-7,-7,0,-76,0,0.0032617945609119126,1407,0.15220666246312264,-585,0.09130434782608698,3
KR_7470621406,1,100,82-9lE7P_VIDQHQg285e-NyCGP0QAqyi-CYiandWYy6G23iVjfjREVg_J2SJoW81oyjyR2Qf9qoLIA,Cassiopeia,TOP,597,9,9,0,341,0,-0.009046596996346912,-1663,0.20733724710808932,9593,-0.10130718954248369,-1
KR_7470621406,6,200,gstoaNTz96Z4Ua0RBpDGeGOlgRo1SxjBNcs-eYcj-EoJiznj9SPWviL3hU3G973x-YeB990pDbhkaQ,Aurora,TOP,-597,-9,-9,0,-341,0,0.009046596996346912,1663,-0.20733724710808932,-9593,0.10130718954248369,1
KR_7470730531,2,100,VAeZo4f03GlvS7ljES-6FLFUi-bTgckRwUookdAigA2-8r4wjZ4eB34Gc7_Y09vsIrjuq0gsHIJTLw,JarvanIV,JUNGLE,715,12,12,2,-47,0,0.09051538459294531,0,-0.6725530885228107,5449,0.2987012987012988,7
KR_7470730531,7,200,EJDJ1EEb3vtOGDYzAwFjBpUjLd72nMIMGrKYTQRfNr5GVqvpVU3EpPaUgDVaIWlR8Y8J3g4buzcZvA,Vi,JUNGLE,-715,-12,-12,-2,47,0,-0.09051538459294531,0,0.6725530885228107,-5449,-0.2987012987012988,-7
KR_7470730531,1,100,slfMo7EHx2dL56BTAdhboUgQfGyw8CGcF3vLlYfiJQYQX_0tWsTjWFg0rmj8goecighSSWPb1SJMVA,Sion,TOP,-1,4,4,0,4,0,-0.035415025711225206,-2757,0.022202323322093487,10084,-0.055194805194805185,1
KR_7470730531,6,200,t0XpWIIWzNlgXyKlUG-k_grCAciPuXoqnJuIrK-8019WWujg5vxX5I28j88BHctGUsIPXG1K21ZQag,Poppy,TOP,1,-4,-4,0,-4,0,0.035415025711225206,2757,-0.022202323322093487,-10084,0.055194805194805185,-1
KR_7470832083,9,200,D8GtXUhzQj4UkjZsK4BSIHczTC8gkUS13xMeLm6rUVtm8NZRsKmNHZNVzswaSSwS1nrji7EbA43kBw,Jhin,BOTTOM,1017,50,50,0,244,0,0.06141724384420538,1524,-1.5543153661605253,-839,-0.3333333333333333,3
KR_7470832083,10,200,IhYBGiXd_fTVVEY1VWBbe8rJbOdYrJIc-7PVbDrGeG1YYkClR7uboBYCui9Gz6nRSBY98aB__JEnRg,Karma,BOTTOM,-1017,-50,-50,0,-244,0,-0.06141724384420538,-1524,1.5543153661605253,839,0.3333333333333333,-3
KR_7470933050,1,100,nuAN9gobcswl_Q6S6jcDWaSFYg9ZTp5vPeUMvV3xJd_wM7QMiVAMPUIVJ9maZPqRj05B3I-lIA2fpg,Mordekaiser,TOP,-111,-4,-4,0,348,0,-0.060901799982664734,-2211,-0.08694667334300765,2801,-0.24242424242424251,-1
KR_7470933050,6,200,72lIpS7UXgt6zge6zZMPLUElUfqAciBjEzXx8T9wpEnvYhpQjGX5-F1_3sLwDOIyBfHj0EbP1CtbeA,Gnar,TOP,111,4,4,0,-348,0,0.060901799982664734,2211,0.08694667334300765,-2801,0.24242424242424251,1
KR_7471007331,9,200,FLK1CLdctDFPVgKub2_CGmPf7cTDOQWzWFluhQ592Zf7FxM8g2zdmsUGzU-z45G5QLZKhf_jme_Jdg,Varus,BOTTOM,1284,66,66,0,1097,0,0.26129142714363984,5959,-3.1224983004653137,-3879,-0.05882352941176472,14
KR_7471007331,10,200,hy7tnbza4YtylJDecYULVXcj4BLDMCmaNbXInqM19cUK6JSI9kjvHij6Z_T4MJ7dmjuKL8yyh6BksA,Leona,BOTTOM,-1284,-66,-66,0,-1097,0,-0.26129142714363984,-5959,3.1224983004653137,3879,0.05882352941176472,-14
KR_7471055697,2,100,hOEU-w-oxYJEjZ-eHbMRsbwjG5JWOFXu0OXWHCVQKpAAGcKEqH8ffNKTsJIG-2RLqgbGXbx9f0omFQ,Ambessa,JUNGLE,-74,-1,-1,3,168,0,0.002477931796280114,3362,-0.1637468619010225,-6378,0.1403508771929824,-2
KR_7471055697,7,200,-C_ziZCdCT0zTMH3kGTmp03dDf6WVNXXsUDj8J9nO5WTWp7VJt_uMG3XhC0voAovAGkqNk1jwKwjyg,Vi,JUNGLE,74,1,1,-3,-168,0,-0.002477931796280114,-3362,0.1637468619010225,6378,-0.1403508771929824,2
KR_7471055697,3,100,krGCpOgtfe1HZBmDbCJjAPJgYIRxuZ-HabfTvAHqEprhEBRtVVtJ2SnW5oV6nv_Yi7zSLeCagIq7XA,Syndra,MIDDLE,570,30,30,0,-307,0,0.16083885530649067,-422,0.2547187356427384,-4102,0.381578947368421,4
KR_7471055697,8,200,wTYNerp3ayJ0IHy4DvmE4anSUdy5OeE-0FOuqj-LRuERfNkepeyTCE8EwqrZamaJtAEfhDHUtVXoBg,Ivern,MIDDLE,-570,-30,-30,0,307,0,-0.16083885530649067,422,-0.2547187356427384,4102,-0.381578947368421,-4
KR_7471055697,1,100,36w9XCi-npXg0Qqte9R3HRosSxOUZTQaG6UETHn-vo4qLJ7XzbN1aS51hbLQ0UpJnTZfpCYw06huBQ,Akali,TOP,-95,8,8,2,43,0,-0.053665325580424805,-35,-0.6356084630514316,2723,0.2324561403508772,2
KR_7471055697,6,200,XjqyhA2nxKSuUcoER58VgXDt2z6cc5TprvUDxihfToF0bXlQgknRgRo7F38GpAMJsuwIihJbZudtRA,Viktor,TOP,95,-8,-8,-2,-43,0,0.053665325580424805,35,0.6356084630514316,-2723,-0.2324561403508772,-2
KR_7471138244,2,100,YHIC3TBLcbXwgZkB-pJPe3lQxLvFP7sY3mOxFbazFKNmqWJldhCK1RZTYCMfn6oPGk3Mes1b6YBtpw,JarvanIV,JUNGLE,1814,-1,-1,2,201,0,0.0662900163506891,-355,0.015196737686680839,4670,0.375,7
KR_7471138244,9,200,IdhlPR1k-tV15pexC3WNO-fxFHVXKzSbN020Pj0jWFDOpN3-UsVr176cx8LLGtTGEcNn_6pZy0Xchw,LeeSin,JUNGLE,-1814,1,1,-2,-201,0,-0.0662900163506891,355,-0.015196737686680839,-4670,-0.375,-7
KR_7471138244,3,100,GuY805ou9Wvmv7qgGPNvvbqDmGEC7i0zR0y5Myyge-wbb9CYniAnLSA7VgfIrS-TU8ojCV5WL7xwjw,Azir,MIDDLE,697,5,5,0,937,0,0.11056217522705392,-1684,0.8166870433109529,12456,0.0625,5
KR_7471138244,8,200,Mu-t7fC1a0-ztSi7VGyjw0TI_B1vCFMWxSyaVjk9WeeL2efDuuSsGBj0a0JC2iOFfuiRiBpQoVVFXA,Viktor,MIDDLE,-697,-5,-5,0,-937,0,-0.11056217522705392,1684,-0.8166870433109529,-12456,-0.0625,-5
KR_7471179662,2,100,sb6k7M3EFNMh_mU3Y9khspqnjRKtpjueacenfNDTVogF-alZ_xGWcvbCbMQHwBKZaPLLq9Y-gDhScA,RekSai,JUNGLE,-222,5,5,-42,-1352,0,-0.007935811438033707,7998,-0.06364644288736465,8662,0.35760869565217396,8
KR_7471179662,7,200,iygariqWisTw8mIkBaUJcuoO0uoG15aXPVdlTli5-PWjijLkHyz9dhGGKeDr8ptas6qTbNJBWhe5lQ,Nidalee,JUNGLE,222,-5,-5,42,1352,0,0.007935811438033707,-7998,0.06364644288736465,-8662,-0.35760869565217396,-8
KR_7471230388,9,200,fk262ri-FfC-cz7d6FKiyqQ_RBmxROmLOwUQpxyL8tciyBk5aODCkEcmblsy4ou5f24E1sVQoZ-2Tg,Jinx,BOTTOM,952,75,75,0,2106,0,0.14620468473813097,13297,-2.6336162912704513,6584,-0.2580645161290322,5
KR_7471230388,10,200,ePeIgSKe7swXOkstc9n7JinN_RMxaCunkWIVPL-JA-2rMTLvpfpc_c9-6NWFxaBPGv88y-Sm35KYPQ,Lulu,BOTTOM,-952,-75,-75,0,-2106,0,-0.14620468473813097,-13297,2.6336162912704513,-6584,0.2580645161290322,-5
KR_7471441448,1,100,sPzen0qbUTXRPmRMfgljOa5fQcUMfm_N2G5tkR-JibKb6WnvDAISHssjWL81XLNOuKrXeOJSQlMjDQ,Renekton,TOP,626,31,31,0,-3,0,0.006292197436814612,4418,0.5987812234408951,7612,-0.09688013136288998,-2
KR_7471441448,6,200,YsXUbpRIfDLQM55Z1sleL6jx1ByFWg9iAfJdO9hQF_k2SKamcOyxZTAOhzyAUe5na9gTFw8_eoxuyg,Ornn,TOP,-626,-31,-31,0,3,0,-0.006292197436814612,-4418,-0.5987812234408951,-7612,0.09688013136288998,2
KR_7471521805,2,100,1ENie03w4q-kajyhgCdJOmHHKHntODI-KqxsRRWgE553uiW8-iIms_gSPypzs83EFOXvryWenbbe2A,Zyra,JUNGLE,-878,0,0,-6,-352,0,-0.0038152356156316847,253,0.3355306707129848,-15197,-0.08371040723981893,-11
KR_7471521805,7,200,8rAjYoa_nSx3wXyVxYCA_A9MMtp3xdgYzfsLi-it9iJYQ2zgbzORQjoCqCY1sKOWujmnS5jEBFwS_g,LeeSin,JUNGLE,878,0,0,6,352,0,0.0038152356156316847,-253,-0.3355306707129848,15197,0.08371040723981893,11
KR_7471521805,3,100,YD0G8fGiYPYuO2p73QJWJzV0fAXGHyVtKYFMPBqvhPCZL7CQXLV2AZh36uLaab4zWpos6xlAcK_Hng,Corki,MIDDLE,97,-6,-6,0,332,0,0.0983414831551086,-2516,-0.21721966934311843,-3670,0.06561085972850683,1
KR_7471521805,8,200,42H8GLN0SYcFxmWFqTdyqVxHS0PH3AEr72Zlg7tRXWo0HWI8_OlrC9klnO5W96uIqkW8kDbi9F0QaQ,Cassiopeia,MIDDLE,-97,6,6,0,-332,0,-0.0983414831551086,2516,0.21721966934311843,3670,-0.06561085972850683,-1
KR_7471521805,1,100,M2S-GM6bjojPnioj5gic0xogrbfVMCYemg9RYYC6NL2k1w_Wz66sRh-e_DQHX_GqL-66cZt8oZ_CNQ,KSante,TOP,110,-6,-6,0,343,0,-0.0681886439353882,-2951,-0.24097873246158819,5624,0.06334841628959278,1
KR_7471521805,6,200,pbcvPOHtWgP9YmQOEDsoTKurCsXHHPpnzeLvBegvMG3jH4wFkl3_Vk4aDOD38x4IuR3bs1Fl_6MbGw,Gnar,TOP,-110,6,6,0,-343,0,0.0681886439353882,2951,0.24097873246158819,-5624,-0.06334841628959278,-1
KR_7471592886,2,100,wn-Y1K32_NkI3pU8930tSSHEsTBqUctON4l5owh7kjzg2QBtmI6Kr3choF9gobpHi0iqQGJjteOy3A,Viego,JUNGLE,589,2,2,27,987,0,0.00909932797249341,91,0.6135322116523912,-1767,0.08965517241379317,3
KR_7471592886,7,200,oyhJiMJ8FUFmjYm73RNOOo-XcGpu4E3iO0-8TQRDRlRwSfckmMfcj1vSGOcL6C_6qMjrZ5KpbRu9vQ,MonkeyKing,JUNGLE,-589,-2,-2,-27,-987,0,-0.00909932797249341,-91,-0.6135322116523912,1767,-0.08965517241379317,-3
KR_7471592886,1,100,HFlni_O450TSWHHfgflgkxEq21A2_mRtywpBBE2JhKZKELW8xsgYVLMguTFWs1g-I2erllW-8KwGxQ,Sion,TOP,92,9,9,0,-148,0,-0.1601594620867889,2207,0.2050833672816726,598,0.07586206896551717,2
KR_7471592886,6,200,t0aEW1Sgx_jEb0lcjvsrPNBQkJ_D-YhzPvUv3ae0X-wgi32A6TFbVeqAH9SG-ASTdA-ME3uuooqSdQ,Gangplank,TOP,-92,-9,-9,0,148,0,0.1601594620867889,-2207,-0.2050833672816726,-598,-0.07586206896551717,-2
KR_7471684038,1,100,mBT3V5zo9ZHLsrbzOQ-qlZyNxvzWq-nLSBtX5Rs9GVO1bNrUKyA3eRwLiVrWU5qWKRAdqkesRdQ0iQ,Akali,TOP,459,18,18,0,789,0,-0.05481473646740931,-4306,0.6336513829834514,-19876,-0.0022624434389140746,7
KR_7471684038,6,200,50t33MNnK1amyWv5uZv1B3jZ3442iYS8BE2G6a_IJqCpvVR46luEyGOmt-hl_LUdwaqhME9dSw3iAw,Fiora,TOP,-459,-18,-18,0,-789,0,0.05481473646740931,4306,-0.6336513829834514,19876,0.0022624434389140746,-7
KR_7471777241,2,100,u8psbmjdaGNIEXv1y3bRwjwSBUubPJdppkBTTmNYydh7OG2cNrfbCwCg2WLBSgIFt7S5Tb6U0_xbUA,Zed,JUNGLE,17,-1,-1,-8,-348,0,0.125473780100636,-775,-0.31956140969296276,-1583,0.5563725490196079,6
KR_7471777241,7,200,Nxm-hI5vRj6Job2vOXIXVOKtEMehY4z9_qtT0iALqfc-8B6d8Nt6yTDnGNkdJN4lY-KxWpoPMAW_UQ,Udyr,JUNGLE,-17,1,1,8,348,0,-0.125473780100636,775,0.31956140969296276,1583,-0.5563725490196079,-6
KR_7471777241,3,100,NYlboJa90Tv_hNnKw0i2rRh9Rc9rlLvYdHYSQKa10yz-iNFs7xdrjmOHcaq2IxJgOMB2fo66JJL0AQ,Cassiopeia,MIDDLE,-1053,3,3,0,-1026,0,-0.09730889465509748,-4139,-0.36295071701907067,5951,-0.05392156862745101,-9
KR_7471777241,8,200,ih9aQPPW4xMADtvB4IkZF6Fyv_mPWxSNnFDl46UphaFASrSpBSK7PO9BVCCb-s7ABV9L9fGPbn4StA,Talon,MIDDLE,1053,-3,-3,0,1026,0,0.09730889465509748,4139,0.36295071701907067,-5951,0.05392156862745101,9
KR_7471777241,1,100,e3c-yY5TDmztWAewFOWuYmM0F5m6vMEjUBaq15pkQxZwDilXluXzR_OjNYPLD2Asuc8dcGiwCDc5tA,Sion,TOP,-1031,-7,-7,0,-323,0,-0.19198893413490203,-8699,0.040152734281141855,19834,-0.1568627450980392,-6
KR_7471777241,6,200,NiyN-BE00QLTGZ4Q-N3JWS4rU0jBgLWGBBEgXm2ODwzhW79tv9g1llXkryxq_LOriEN75NNV2YttwQ,Heimerdinger,TOP,1031,7,7,0,323,0,0.19198893413490203,8699,-0.040152734281141855,-19834,0.1568627450980392,6
KR_7471893365,2,100,xNWix_PWXYrjrSIQwoRlLeYyekW140nGjn5_JGQAlmVoCmF4hieqZnd9UBTcrelkRhMwBBocDshMSQ,Rengar,JUNGLE,395,-3,-3,6,283,0,-0.10014566240731071,2057,0.07730078970158594,-5096,0.009615384615384581,-8
KR_7471893365,7,200,v4h7UG-PEMoL004U7hSlqBZ1xPduGO5shuMyIuD9MlNkISUJNeC0PQzfCAPUgYRtLrx9ItMWWv4BYQ,LeeSin,JUNGLE,-395,3,3,-6,-283,0,0.10014566240731071,-2057,-0.07730078970158594,5096,-0.009615384615384581,8
KR_7471893365,1,100,3__KVHZbKoywOUvrj86mkrrv0J8RnTzFZhEiN3SqK_5sQsF4CKx7sIWEDHreQZ1d9feisg4rSkivow,KSante,TOP,1124,14,14,0,890,0,0.09065262204442587,-4184,-0.1543670585016007,8740,0.016025641025641024,0
KR_7471893365,6,200,pe-2Kv5wEIejJdxZufMSeDttAoMOFrBjiYqg1Wv1C_ipvnVJG6BZltJEK0YvzG001InW1CO9Aw8r2Q,Jayce,TOP,-1124,-14,-14,0,-890,0,-0.09065262204442587,4184,0.1543670585016007,-8740,-0.016025641025641024,0
KR_7471993877,2,100,nrub1hJtr2HlWT-J_j84CggDEWhkIpQXJMOeKcRw0CV2MBLtPIpqpLve7mn3lqB-j0SYW2N58c235g,XinZhao,JUNGLE,-460,-1,-1,-5,-463,0,-0.017573400570668002,0,-0.43678765650006235,-393,-0.3071428571428571,-3
KR_7471993877,7,200,O_qYE3MsKuR31l100-5NWlPK4gHNeDwtypsB7VCllgznuHQ4ccYp92RIcCtLPdBtxlSctxlFoV-cuQ,LeeSin,JUNGLE,460,1,1,5,463,0,0.017573400570668002,0,0.43678765650006235,393,0.3071428571428571,3
KR_7471993877,3,100,oQdZxzf3OMvD9SazjuO9PyhAQNTbKlweB8mIf4uB-O0vLA4z8gHmX7DjTaQOkXHw2Pbe8WScpK9dKw,Syndra,MIDDLE,262,-14,-14,0,-693,0,0.03220653051569761,3449,0.7708297327121091,-6272,-0.06428571428571428,-1
KR_7471993877,10,200,WH9wOkznQ8HvQ4-pNOSS7Qy-6PfZxRndbC1PVNDNJqqgFgoeVfroWjN7DNB0DUYAFbqD7wp1uUW6zQ,Sylas,MIDDLE,-262,14,14,0,693,0,-0.03220653051569761,-3449,-0.7708297327121091,6272,0.06428571428571428,1
KR_7471993877,1,100,St0l6KblZnuJvRWxiWLPB9lyAhj11MwBMyYy_mH6b9g7E1v66JtwwkOeEAZSc727AkOJlwiTw7AE_Q,Poppy,TOP,733,11,11,0,527,0,0.1900261843312073,-2365,0.16130902452571605,-1212,-0.057142857142857106,0
KR_7471993877,6,200,CM9Xxuk0iPff1UuE3B_9pTMjXpjtbqZFte9ziUuUKA8_t0E0GHTGL1lzIMOlwFfHd2VazAA8aqWxYw,KSante,TOP,-733,-11,-11,0,-527,0,-0.1900261843312073,2365,-0.16130902452571605,1212,0.057142857142857106,0
KR_7472126518,1,100,gasziEBkt_1s7AeNa3M6uuN9lfH22IEH42mj3IH89g3oHs0zQmfIW5kSwoz3AcG4APaBkyunDPFzmQ,Yone,TOP,-589,-15,-15,0,-972,0,0.086832844046516,3540,-0.15089631651851565,-9003,0.015669515669515688,6
KR_7472126518,6,200,uomnBFqhXP8jSgvG__jR6wNO0HEE3frsDHF7CKFKwAFO9x5KTdjXn5Q1hD2dITIOFtehLb1WTw91Qg,KSante,TOP,589,15,15,0,972,0,-0.086832844046516,-3540,0.15089631651851565,9003,-0.015669515669515688,-6
KR_7472240456,2,100,C3KgapaFd6IAQ1o9JFTiT732jarrBiXtYweAjyjZioq8J-7CLcdknsFYHnheRNt5jtB_xksoRKSI0w,Graves,JUNGLE,1399,-64,-64,55,-348,0,0.0242954056459527,4443,0.5651875445138594,5050,0.10555555555555557,9
KR_7472240456,8,200,slfMo7EHx2dL56BTAdhboUgQfGyw8CGcF3vLlYfiJQYQX_0tWsTjWFg0rmj8goecighSSWPb1SJMVA,Qiyana,JUNGLE,-1399,64,64,-55,348,0,-0.0242954056459527,-4443,-0.5651875445138594,-5050,-0.10555555555555557,-9
KR_7472240456,3,100,_IDoagFxk4Sba9krxqIOMFU5NiyVehQEfVRUciyMHZwLxlSj28mX_iMT_vUTFtWQEs-nzlxNpdHdNw,Galio,MIDDLE,-211,73,73,-57,1112,0,-0.049485071398442715,5540,-0.46091214839501515,2363,0.13888888888888884,-4
KR_7472240456,7,200,g3FFjEe-iLD-sRtceJQmtj9dfyVkPJfatazC8rsbcBdUIoqO1vjViUl31jhAqNQMI9dm1x5UZvb90g,Taliyah,MIDDLE,211,-73,-73,57,-1112,0,0.049485071398442715,-5540,0.46091214839501515,-2363,-0.13888888888888884,4
KR_7472240456,1,100,hnjD_qsDAUQQxIhnOhk7dgdDDaRw1SoJoiVIeRPz_D7UVMKYlqdKqIOh9BTVXZ0KRgsbM2gV9yqdhg,Jax,TOP,-17,-9,-9,0,251,0,-0.09760120286245841,7470,0.3160863650020881,-12311,-0.0444444444444444,2
KR_7472240456,6,200,EgW4ZvOs3aCAvC7OVrgERUU-mU76zq-PyccptDk62vE4V4Ym9AwpFZdbvnX-bOnhuKA_XUT_5DQKAA,KSante,TOP,17,9,9,0,-251,0,0.09760120286245841,-7470,-0.3160863650020881,12311,0.0444444444444444,-2
KR_7472324067,2,100,1YBY_KZuDW8RzGh-wiCKDwAdUTpnsnILCqGW9bN8EsXFc-cnF_oDKO3uL2oh7W2YH1jt-L4XbDmAOA,Elise,JUNGLE,949,-6,-6,53,1600,0,0.10585731036033488,506,-2.0935386128190867,9070,0.10526315789473684,3
KR_7472324067,5,100,YvWr4b6HjU7Js7Tt61SpXFsutfYde-8kGjy3rKvnMJmvSM3hDpXh8UsQ9hw3nDUOznnH43Hh7N8VCg,Poppy,JUNGLE,-949,6,6,-53,-1600,0,-0.10585731036033488,-506,2.0935386128190867,-9070,-0.10526315789473684,-3
KR_7472324067,3,100,ih9aQPPW4xMADtvB4IkZF6Fyv_mPWxSNnFDl46UphaFASrSpBSK7PO9BVCCb-s7ABV9L9fGPbn4StA,Talon,MIDDLE,915,-5,-5,0,276,0,-0.03911606931365441,-418,0.17365792024671323,4494,0.1096491228070175,1
KR_7472324067,8,200,qrc6YSl3R6wULxBBPqZpM-RoQJOaS6vfFiGUR7v3Azt_LR5sZCB9bm8McGxQRPmZ2WZAsTqLMRSjcQ,Aurora,MIDDLE,-915,5,5,0,-276,0,0.03911606931365441,418,-0.17365792024671323,-4494,-0.1096491228070175,-1
KR_7472526081,2,100,FxlXi3wfcAqyUKFRaqERor0xtdlW_iG8Qv7mTkaft3OeR7kFOqxBk6R4nSgxNaq3WAKc76hhEVixnA,XinZhao,JUNGLE,-1252,-3,-3,-4,-515,0,-0.04039875769977838,302,0.1530815774827201,24771,0.017857142857142905,-5
KR_7472526081,7,200,V2-1s6OXsi2NtudTm3jbylQyOb0zVtG3KhGv8RPqw0OmOggRH8bcPrcZ__S-gMem_HQS8js9h7nbcg,Graves,JUNGLE,1252,3,3,4,515,0,0.04039875769977838,-302,-0.1530815774827201,-24771,-0.017857142857142905,5
KR_7472570167,2,100,CbLIEFCnZjojYJdhcd1owDZU5kwnShJWfCVDywfIK_nrJsOU19lQEAbXVw78Uu0FedQ-hVDKkYSqag,RekSai,JUNGLE,-1416,-71,-71,56,-1025,0,-0.060426530711666815,-12202,0.8169569471532137,3437,0.15909090909090912,5
KR_7472570167,8,200,f1Kk-Ckc3PyDVwgbcVVtG27zZ2mXF6kNvOT5XdsE7iIV76nkxqSvrBZJOahdZff9p_Zd1cQ3KQ-SBg,Tryndamere,JUNGLE,1416,71,71,-56,1025,0,0.060426530711666815,12202,-0.8169569471532137,-3437,-0.15909090909090912,-5
KR_7472570167,3,100,iWUbWLZt36-Qr8uWDJ5OIEVulONKjBLcIJkfFu8s7qMAI2U5dDaU5-rKJSkAIoPSHQNpH0HlMWAyrQ,Katarina,MIDDLE,-433,71,71,-63,1242,0,-0.0037033524352261815,4716,-0.45298323138359353,-1484,-0.1428571428571429,7
KR_7472570167,7,200,OSsHSvCUYUS6YgTlYRqBV9lcdJ666aslO29LFx7qJE5hwv1dbVYnAGwIhLPGoAVnLinKd287xZS8hQ,Graves,MIDDLE,433,-71,-71,63,-1242,0,0.0037033524352261815,-4716,0.45298323138359353,1484,0.1428571428571429,-7
KR_7472570167,1,100,m3EKB0iH-S345YGKzz0V1hnCHOhj3sRD9cAlC7ffu06HA3eAYoxo8qYiyv17RiHmjy2GgNl58xWUcg,Cassiopeia,TOP,-772,-13,-13,0,-952,0,-0.13675668653969109,6594,-0.3075545331875976,-4463,-0.2824675324675325,-10
KR_7472570167,6,200,qWxfzJONKU02DjfGo91jaBBPIUx75IhklOj9-Zih6TJnrVi422NWJinMpmgY3KHpjQ_tMn3rhli0Ng,Rumble,TOP,772,13,13,0,952,0,0.13675668653969109,-6594,0.3075545331875976,4463,0.2824675324675325,10
KR_7472612415,1,100,hAhTbgvNXWI7Nu-Plt4sdH1VNcqdMs9ZlTzSY4Na4IrwOAAi12qlcmGcvvf23ujJlg-BJHo_VkRWtw,Ryze,TOP,1136,30,30,0,799,0,0.03857491403201388,1617,0.32062268054864984,10166,-0.14002089864158823,2
KR_7472612415,6,200,eE9YQM8Z62v7hhajjHt9pnIbLdWsRmOhLhK9juipN56FVmdAmmypZ1sJ5uG2DdFiINwnER-RWPwnJA,Yone,TOP,-1136,-30,-30,0,-799,0,-0.03857491403201388,-1617,-0.32062268054864984,-10166,0.14002089864158823,-2
KR_7472665199,2,100,Qj5D-krPhKBUIELQ21zlDUAunjd996Z_Ia3nTT6vFSI84iLpgPWjFRy6CgM5h7XYYHA0s-xoEsXTnQ,Lillia,JUNGLE,-142,-5,-5,13,324,0,0.03719273131851861,3476,-0.25115599129899124,12367,0.052927927927928,3
KR_7472665199,7,200,FySTXZBG7jd8d-iOSlqHfYq3fEoByl4r2maACtm_UXV5UeMDHBwvQyJy2yxA_Q4S8T2e1edbuVHgng,LeeSin,JUNGLE,142,5,5,-13,-324,0,-0.03719273131851861,-3476,0.25115599129899124,-12367,-0.052927927927928,-3
KR_7472665199,3,100,DZ9zx9HXpRczu2Z9uYfOWF9ksTSktQZ5YpD4wvuKo-oY3mb55_PYtGSxuZFWTQjdjQxGHOjRKJ2toQ,Yone,MIDDLE,-6,11,11,0,-60,0,-0.09789413885061443,7106,1.0229207542082688,16480,-0.35923423423423423,-5
KR_7472665199,8,200,oeYdf9Htp4CRlYzxsabIJ-JNMPmEIZSgWce8nhsK6CLAf_mRa3SEmZbkMhHVrbrXvRMadVWlLerrhA,Xerath,MIDDLE,6,-11,-11,0,60,0,0.09789413885061443,-7106,-1.0229207542082688,-16480,0.35923423423423423,5
KR_7472665199,1,100,50t33MNnK1amyWv5uZv1B3jZ3442iYS8BE2G6a_IJqCpvVR46luEyGOmt-hl_LUdwaqhME9dSw3iAw,Vladimir,TOP,-445,-19,-19,0,-841,0,0.008692756233721788,9233,-0.04564509227941349,9359,-0.10923423423423423,7
KR_7472665199,6,200,FSPZbTHSGsNpdB0WQKkdM3AzVo00K9BftZYjWSRYFofwOExZwYh9hE_e19MTmd_FDtLfLifji33DNA,Rumble,TOP,445,19,19,0,841,0,-0.008692756233721788,-9233,0.04564509227941349,-9359,0.10923423423423423,-7
KR_7472765121,1,100,45FTXK4jpVFtMjemwUPT8-ocyU5ws3dkz4eJhclwGufpkKDcoVtkvbnXMmw2y6hxYwYZ-QjKLEsA_w,Yone,TOP,-398,9,9,0,-114,0,-0.02990301465676748,-1587,-0.14153235595372926,-26020,-0.0786290322580645,-5
KR_7472765121,6,200,jU4Lvkm6w0YCzqzIVvi70v8zgjad6x9LwTXbb8PbZvwIXa7flG6IIsAlzo2_MnROoC_8Vb0HOq-OJA,DrMundo,TOP,398,-9,-9,0,114,0,0.02990301465676748,1587,0.14153235595372926,26020,0.0786290322580645,5
KR_7472888862,3,100,fQbRvcfJOR3lLs_9Yzc-xGg97r4jbUebM8tD4hTUd5Xp8XrSbm83B9GrqRXCfxelxO3AIe5_K_ZqKA,Orianna,MIDDLE,-297,69,69,-74,264,0,0.07675681749763838,279,-0.2228048330027863,-14912,-0.07880434782608692,-12
KR_7472888862,7,200,tgANenw7Rtzsyl2r4lpruQR6OzFpmEvsuXUxDrvQyE9IZZRGZZRaxZpCmgKX66sYc8WZwlbwjY2Jwg,LeeSin,MIDDLE,297,-69,-69,74,-264,0,-0.07675681749763838,-279,0.2228048330027863,14912,0.07880434782608692,12
KR_7472960835,3,100,Xo63ApKKllikULtRSNmG-TuQjNuDAzybXcKFIdI5_nw3cv-pLkcRnLpUYhRiuBdPRy90Epkkb1Ts7w,Zoe,MIDDLE,-34,1,1,0,90,0,0.14076441917272658,2445,0.5219300477581177,-7369,-0.09999999999999998,7
KR_7472960835,8,200,W8jC2J8fWpPxr3OZ2ivttPUfFPBj1e9JVhXao3qMxsbo5JVEaMJzsTCQTBvq4d-4abUxKL3DAhGHQw,Ahri,MIDDLE,34,-1,-1,0,-90,0,-0.14076441917272658,-2445,-0.5219300477581177,7369,0.09999999999999998,-7
KR_7473057205,1,100,OxHRFk-xLASRdxXWX3oZT4NNw0QGafjb__8g_DeDdJkJLpify6qpD_gp0z0K7zEw7NrEHT5ZzRGj4g,Kindred,JUNGLE,780,-11,-11,5,543,0,-0.06336188236777374,3388,0.3493104244737216,58,-0.08214285714285718,3
KR_7473057205,7,200,D1Yl0FZRW_6Hrha8y2b9zIXpwehgsqvYCTvLxdz0BtUckxfnCtneKcloxasTLGHFPwWR1fM6LGLeqw,Graves,JUNGLE,-780,11,11,-5,-543,0,0.06336188236777374,-3388,-0.3493104244737216,-58,0.08214285714285718,-3
KR_7473142120,2,100,QxQOikkiab042ZonGsCiH78HnP6ezZ_swwblNwiFz8Ro2_p3mjamQ47OQC5Rr5EqTgNoeqItQy2r8w,Viego,JUNGLE,658,-1,-1,-7,-396,0,0.0009778366753969148,6255,-0.3026471617933768,-8782,-0.02444841979725698,7
KR_7473142120,7,200,N2xwA3eSN-n5JYWoX26yYwEinq84BpyriVFayH8bLWEl0zusaE6JQHDLxLLLp2Z-5WSoyoGQSHnmIw,Nidalee,JUNGLE,-658,1,1,7,396,0,-0.0009778366753969148,-6255,0.3026471617933768,8782,0.02444841979725698,-7
KR_7473142120,3,100,5mHBno_pUqjkdsHnYgQ_Gz_AfHZTx9pvP0WYNglDss6bXRr0POSHtHyddvdiMvIqeOKfjOqvoXZ50A,Aurora,MIDDLE,-538,12,12,0,-83,0,-0.0591833857953398,2233,0.5376099514376261,15181,-0.22480620155038755,-5
KR_7473142120,8,200,bEjokd3FC_JfK_sSk6591HrWLNQIzU6ZEC9GQW6STVoyRFBWyYdO3QmwBbCwYNp1ipUWt5O7KvcFbg,Xerath,MIDDLE,538,-12,-12,0,83,0,0.0591833857953398,-2233,-0.5376099514376261,-15181,0.22480620155038755,5
KR_7473142120,1,100,P_fAaADqynr9sV8xXoqz48Hs4t4xoLJuYYrLeOSEa53BuZOvjkgvZGOVqrZ_Ag4QkR6KprD5wPRyVQ,MasterYi,TOP,-1449,-35,-35,0,-1446,0,0.05823080485856988,-5368,-0.2771708990866184,-10128,0.11747167561121052,10
KR_7473142120,6,200,kyhIxEFnM109mWDRy_hwNi_Jyi3PNa8vXI4HsKen-8dDVifPuD81x_Wj_3PJmllLwPQix9TauZvH_Q,Jayce,TOP,1449,35,35,0,1446,0,-0.05823080485856988,5368,0.2771708990866184,10128,-0.11747167561121052,-10
KR_7473249534,1,100,E70G5Qtt1oVEzH5RJHDJEqB914Wdcz7H1DcdTmV2efT1BK3qUI1nQKfEN4s-ewUdzs0uuNhYsJtOcA,Jayce,MIDDLE,-1240,80,80,-69,247,0,0.023826768144994792,2428,-0.09035531702996968,-19376,-0.3522727272727273,0
KR_7473249534,7,200,K8ByLKr57UcfjNid78QlaoijqrR2NoITQ26E-M7TyyRoX5dwo9pzeymalU7ddKfpfmDxzucrFy9E4w,Zac,MIDDLE,1240,-80,-80,69,-247,0,-0.023826768144994792,-2428,0.09035531702996968,19376,0.3522727272727273,0
KR_7473356884,2,100,Stw6SgfpmOIJBamN6q5aK5JITR9yoAa0Un1MhvbzJW5OlvnTukRrDYOwaP3u3MbPyOTaQdPmsK9xGw,LeeSin,JUNGLE,364,-3,-3,2,242,0,0.0718032928152681,-1304,-0.4461891185827195,10515,0.1298076923076923,4
KR_7473356884,7,200,VmAMbZM_yQPfTKqx6DSwKo5oZ-4KS11Zg3iUGQEutgxxNr_pMWVyE7eVTYVw6x4t8drCOTGXo9t7Aw,Gragas,JUNGLE,-364,3,3,-2,-242,0,-0.0718032928152681,1304,0.4461891185827195,-10515,-0.1298076923076923,-4
KR_7473356884,1,100,yvX5WjLNgRXoO0fB62kuZT5qEfOIrQClUFJNKiORuM4qtgw_OqslGyz0Hqqjld8Cv6PVpzpbVd_N4A,Gwen,TOP,-195,-6,-6,4,-117,0,-0.01808304854579218,1257,-0.019108539062771657,-9710,-0.0817307692307693,-3
KR_7473356884,6,200,iWSKQQjC9Rw_0eLQGASF3u8P04H2topUGQUeW_n_ahqSR292n4eOIArZg2T8lz1h_SEdgIfgXLwKLw,Renekton,TOP,195,6,6,-4,117,0,0.01808304854579218,-1257,0.019108539062771657,9710,0.0817307692307693,3
KR_7473470018,2,100,7139LmHR_6QiRqN69rF4rszW8LSZGXh-WnNqf9JqF3x3nPsRRQ-HEd32UubRf3HTpirhUq_VCSl9ZQ,Lillia,JUNGLE,-74,-80,-80,80,491,0,-0.07487488998570588,-10890,0.394351289782394,18863,-0.2692307692307693,-3
KR_7473470018,9,200,EZo9fk9zJfB3Ax4cBHWOli3v8bysZhOs6L--lmCsaAaWqV-c6LvSQ8qJEiLMR4_lyih3_ZORevycUQ,MissFortune,JUNGLE,74,80,80,-80,-491,0,0.07487488998570588,10890,-0.394351289782394,-18863,0.2692307692307693,3
KR_7473470018,1,100,FOWbphYJn6_tcARD8CYaNTFzIVmg6ayGoeeL98DM5XfkaLHlDRWwUhube07-20dq7Izc_BeKF-pZGA,Urgot,TOP,471,-7,-7,0,805,0,0.12303656464681259,-5673,0.11563892989392421,-5810,0.3301282051282052,0
KR_7473470018,6,200,bSFhBUSdaLDFTVV_m2d3SaKb3NtPN88-oicHoQVw6x6YGo9tDozvPlA1liydrBozDe_dGfZB8ZLmcA,Jayce,TOP,-471,7,7,0,-805,0,-0.12303656464681259,5673,-0.11563892989392421,5810,-0.3301282051282052,0
KR_7473596006,9,200,f5RM4hDzl8Wdu98v1dM6p_VyBio5k_Nf9_W5LBt93QtvR-SkOFyGPRzldeihprsDPciZ1zRXirHMbw,Ezreal,BOTTOM,436,57,57,0,895,0,0.2471387808072368,5322,-1.9617306303482003,-2641,0.0,3
KR_7473596006,10,200,MrD0ybm5geZWq7XUXxkdm-AFoOuzML3q-Ol_qq_6UbvjV1F1X1uL7ia4PTvR9UoCte0QVUJLLQQZ4g,Rell,BOTTOM,-436,-57,-57,0,-895,0,-0.2471387808072368,-5322,1.9617306303482003,2641,-0.0,-3
KR_7473697034,2,100,NXrIBtSmwzzAQZrwZ5yQVKE2WweSjLtyFf5_uWmYP1sSrazRxOZ_1NcoUQPs5YxUitoP5G4KvDsbWQ,Nidalee,JUNGLE,401,0,0,6,488,0,0.083261428906267,3992,0.011727076161452077,899,0.25627240143369173,4
KR_7473697034,7,200,Cz1urSExngA3Ml9eFfmkauUQ2-9MVrT0dI_DFnjZsm77OgEOLVlX8tJDzBjPndT5bqn7uSSeeoLK9Q,Volibear,JUNGLE,-401,0,0,-6,-488,0,-0.083261428906267,-3992,-0.011727076161452077,-899,-0.25627240143369173,-4
KR_7473697034,3,100,h441MHT8F8EHW-J-e6tLRU5bVX5iWkjMy23Xc4j-18fyhZpaIsbTUatgto7Q0NzvNKiXfMygzoy66w,Corki,MIDDLE,1738,29,29,0,1733,0,0.18900535649491162,10364,0.23119049933134683,478,0.41756272401433686,11
KR_7473697034,8,200,G3lt3RwFXvzjGXZaUwJ1K-sLuhVCZGJzuy6UCoFugpMfIkvEckZI1uhykYmKMasoSFXkE9P5jCdVDg,Orianna,MIDDLE,-1738,-29,-29,0,-1733,0,-0.18900535649491162,-10364,-0.23119049933134683,-478,-0.41756272401433686,-11
KR_7473697034,1,100,xiE2uyPvoUBu8mfjkxsFDLAv2S0ttuW7l-Ip0l5mRTobeZoj0i-BLIiuP7A45cBiEmOeZlnv1xIwSw,Riven,TOP,-842,-27,-27,0,-925,0,-0.25812589458643087,-8117,-0.06457211933468632,-4771,-0.23297491039426527,-2
KR_7473697034,6,200,B_0MBlcCwbkmxHl5-qHo8lqGGyVe1fyaa29No-ntdX9dnlVqyJQSx7lf8ENBJ7D5x4G05yUHSs9W2A,Jayce,TOP,842,27,27,0,925,0,0.25812589458643087,8117,0.06457211933468632,4771,0.23297491039426527,2
KR_7473774735,3,100,eJvOBbHjNh5Id8Z-W70w70ORzcTHwPTz47eKsSvB9Sn7QNsq8drWFezMgDOuR0SdGXTjQRnv5dcQ4A,Cassiopeia,MIDDLE,-557,65,65,-66,471,0,-0.12609328071951031,3171,-0.24051500903195056,-17176,-0.23684210526315785,0
KR_7473774735,7,200,Iu6pHIm6cSmSZ9JjmTdqC3-OR0Nczm1zN2gvl_LSaTtzcWcfRSUTl47FFGhHAja9d3-VbQM9gjkOvg,Gwen,MIDDLE,557,-65,-65,66,-471,0,0.12609328071951031,-3171,0.24051500903195056,17176,0.23684210526315785,0
KR_7473848439,9,200,W-ZxH6cPofPbcc9OfsW5ecuQC8MerNL3DF5qReKJRVUF68vsOSTJ03rHZwf-tqw5_YWjl8TmQdHMWg,MissFortune,BOTTOM,1569,71,71,0,1198,0,0.24331056919501362,1415,-2.062963145667906,-8985,0.1428571428571428,6
KR_7473848439,10,200,P5Wu6qVXcRP_bx93HzUCIjO0Wc5sOKQsO7H9xcuGdTTXfhJYk5rCiI9lz6hkqs7r_R5BWJK97eFDBg,Rell,BOTTOM,-1569,-71,-71,0,-1198,0,-0.24331056919501362,-1415,2.062963145667906,8985,-0.1428571428571428,-6
KR_7473848439,2,100,-FtkFbtaFLClM8McJFND1SQr0VclxM1fXelYOYdqy_POO-NgF8y-7-kxWoigoXfGKskPhNVnLcXZOQ,Zac,JUNGLE,242,0,0,-9,111,0,-0.024476334892378687,-2061,-0.12103949558738314,12213,0.0535714285714286,4
KR_7473848439,7,200,W4Tu7UiMdbFWHBnyGwBRSSSE3ptdvXiNNO8VwLO1fo0sHYYDEWcRLEgDQZevL161FZzNEkTnomm6rw,Gwen,JUNGLE,-242,0,0,9,-111,0,0.024476334892378687,2061,0.12103949558738314,-12213,-0.0535714285714286,-4
KR_7473848439,1,100,oGU-LjZ3zY-GqimblsuEq3Rv4HxkKad-t1CHctDWBeP93xNP75j8a5iLtKO3x5kHvXRZYmgbNS6-gw,Kennen,TOP,345,-21,-21,0,-535,0,0.1108083907764261,3432,0.011302029547504366,-3811,0.3642857142857143,6
KR_7473848439,6,200,xiE2uyPvoUBu8mfjkxsFDLAv2S0ttuW7l-Ip0l5mRTobeZoj0i-BLIiuP7A45cBiEmOeZlnv1xIwSw,Riven,TOP,-345,21,21,0,535,0,-0.1108083907764261,-3432,-0.011302029547504366,3811,-0.3642857142857143,-6
KR_7473904751,1,100,1VJbF67fK5x3G5aiG72c9BrJTDjnOsIe4_OArCQG5bTxwRwOROm4vT2N-NVKm_kz131hzlfGhZskSw,Jax,TOP,-805,-25,-25,0,-1529,0,-0.018601379086415515,6778,-0.20915121977919582,-8726,-0.08597285067873306,3
KR_7473904751,6,200,iTauGf0tzgKOgNDZfc-5suo0N5zo5-swuWpQRdXutw5dItAKPN29qbf0XlB9kFKJdtg1CC6JQqe62w,KSante,TOP,805,25,25,0,1529,0,0.018601379086415515,-6778,0.20915121977919582,8726,0.08597285067873306,-3
KR_7473956541,2,100,yWuudCYwWnLAS-XSZXnOgNhGVnbj53gKtw7imCceoQGxK6JZLGQH2GnrzXi0U7W5VOCCKnWHCn_QXA,Graves,JUNGLE,-52,2,2,-2,-188,0,-0.025641340120819395,-4454,-0.8269634171609526,-6173,-0.24230769230769228,-4
KR_7473956541,7,200,mlm0JtHe6_GkM_q_8zaeoV_JvpSSJFcst4eLsdEKplI7F-XDyQC0Ii1OmA4OPIFIe5SyLg1nGWtLoQ,Kindred,JUNGLE,52,-2,-2,2,188,0,0.025641340120819395,4454,0.8269634171609526,6173,0.24230769230769228,4
KR_7473956541,3,100,dR_nFXesZPM-qDvV4a0cqBOE-ebnubk6pGBaMoTc-sUSrETPofUEVQGGz47qQRH10hXmILD-FpT_CA,Leblanc,MIDDLE,1253,63,63,0,2727,0,0.08970319827927291,1147,-1.7366629829809892,-6868,-0.09999999999999998,4
KR_7473956541,5,100,IlWxRAVeuA0Vs5vfVXqgEdkmpSNGYpVmhMcEMzvop4NLc6c8oZPum-uiiRYjtjmQiFtzFe2uBxudAw,Rell,MIDDLE,-1253,-63,-63,0,-2727,0,-0.08970319827927291,-1147,1.7366629829809892,6868,0.09999999999999998,-4
KR_7474054345,9,200,xasuoYti1sZD0c9cXD1Kkejh28cW8xqpHG7_Qzy3KkrZzjnaAo61VcPHUhPCmOpE65fo4sK7eZ2w0Q,Corki,BOTTOM,820,65,65,0,1036,0,0.2366341767963924,2161,-1.5716828532985005,3613,-0.125,5
KR_7474054345,10,200,TJtceLujWbPhqDkHuBwK_SDZiT4nDc7oJ3OV0accT-nYI5EA1sg5xsKbNnEek5tgB8b5LLzXqSMyCw,Lulu,BOTTOM,-820,-65,-65,0,-1036,0,-0.2366341767963924,-2161,1.5716828532985005,-3613,0.125,-5
KR_7474054345,2,100,qWxfzJONKU02DjfGo91jaBBPIUx75IhklOj9-Zih6TJnrVi422NWJinMpmgY3KHpjQ_tMn3rhli0Ng,Viego,JUNGLE,200,2,2,-10,-250,0,0.030329860130675207,-2501,0.4824797426820905,-960,-0.0625,-4
KR_7474054345,7,200,CCdggFUQL9m1uF5wBXmXyTsa5OdjRrP8UyGwGD1HZXML3waTVRoqz4lo3suTE353RcslKxb66JmP4w,MonkeyKing,JUNGLE,-200,-2,-2,10,250,0,-0.030329860130675207,2501,-0.4824797426820905,960,0.0625,4
KR_7474117567,9,200,hag9B4oBguUNpcJK1eRGyqy2PrJgIts181Z_OuyINkCyO2hBHkpC5ml-r-I0fRgHbfHbjhDh1KYYlQ,Jinx,BOTTOM,853,73,73,0,594,0,0.1221624094815438,6029,-2.4397489631901355,-3157,-0.29729729729729726,5
KR_7474117567,10,200,eymXRjyeoX5QtmkNopSFhKTVx2asZ1StHNBUO1sdjsrDvd1vm9gV1aQhk2uFw0BRUgxC5B1PjPANGg,Rell,BOTTOM,-853,-73,-73,0,-594,0,-0.1221624094815438,-6029,2.4397489631901355,3157,0.29729729729729726,-5
KR_7474117567,1,100,FSPZbTHSGsNpdB0WQKkdM3AzVo00K9BftZYjWSRYFofwOExZwYh9hE_e19MTmd_FDtLfLifji33DNA,Irelia,TOP,-1431,-18,-18,0,-932,0,-0.08452138404891602,-1683,-0.05550158893306556,-1806,-0.3441441441441442,-12
KR_7474117567,6,200,gJFSYbNRggou-CfVkdQv0CG_qcJZF5pB9wbmpftYdim7bgkn7flAtHfxpLf6x5LMdOVJbiDTohlDPQ,Fiora,TOP,1431,18,18,0,932,0,0.08452138404891602,1683,0.05550158893306556,1806,0.3441441441441442,12
KR_7474239366,8,200,-3TfMzKEZC2fZZQZs5YMpp3s_YDBCR5-QePXGfHouMWBDliUT2V43PeqO76Z6idIL43rH4ppMgXXGQ,Zac,MIDDLE,-1177,47,47,-52,674,0,0.03445555326027938,2571,0.21252211373222585,4759,0.026315789473684126,1
KR_7474239366,10,200,42-WopOhzb5kJvmWymyr7jvneImI-r5l2Eyjy1QFk7QY5uukXL6GXTIkZk2LqrUFbMqcu3c_7SKRYg,Kayn,MIDDLE,1177,-47,-47,52,-674,0,-0.03445555326027938,-2571,-0.21252211373222585,-4759,-0.026315789473684126,-1
KR_7474342411,2,100,qf8BWr2ICWvQJt48TFsooFumwWmkZRUWXTvPYaD8q2EdoUkBaFzNPPn0yTjZjJWmdmvaHPB-jQ9xzg,Graves,JUNGLE,1352,-2,-2,0,322,0,0.080224093871586,3365,0.413361429895032,-12878,0.4268774703557313,7
KR_7474342411,7,200,CUIyfTan5DMj50ZdqzMbnjvvpE8D0JTjlaKfqR1PRKVRkXzb3u50avZmkh6gkuHDqevvXBSH7vS2LQ,Viego,JUNGLE,-1352,2,2,0,-322,0,-0.080224093871586,-3365,-0.413361429895032,12878,-0.4268774703557313,-7
KR_7474342411,1,100,SiGIOgRl8bIeJzxls80H2cNivm5k-3R0uji9VunYCp3k8M-4KYotGHFcHpHcudsfJ2NJ2b4fkfbp-A,Teemo,TOP,-75,12,12,0,-138,0,-0.08848043430878147,2617,0.12030874940355618,-7666,-0.059288537549407105,-1
KR_7474342411,6,200,bv5rmgsATesf-AnLQGa5wnLwq7NVltbJRAg0F0rXOffaeqYdvCAhOX5z3hDDedku-6T7RZ2do1J-9A,Akali,TOP,75,-12,-12,0,138,0,0.08848043430878147,-2617,-0.12030874940355618,7666,0.059288537549407105,1
KR_7474443977,1,100,SJQP6pevH9IjugNMby5b0_P8kdfg-YYYobWOcp_dWceNqxFiTuA5NSdxXoBVCugUtdcoigo6tSqRpg,Cassiopeia,TOP,651,17,17,0,-134,0,-0.02145276405895502,3524,0.29567519952598553,7897,-0.02631578947368418,0
KR_7474443977,6,200,_1hY6s7E1U9n1iDV1yTzw_MkCkivTkwSaQaEFD8s9PAz5p4FBmH2DZRQ3PiKrkhiGUClDvNSJAns8g,Quinn,TOP,-651,-17,-17,0,134,0,0.02145276405895502,-3524,-0.29567519952598553,-7897,0.02631578947368418,0
KR_7474523722,1,100,CB1MThoQq64yokvlFhHq3SRzYsrVWXA31k5-b-VfEDududYxVg-Y04HebZhLRnqLovUhl2LCJfmoRg,Renekton,TOP,122,-20,-20,0,-635,0,-0.012351162756417983,1574,0.010536256942432098,13069,0.14474772539288672,0
KR_7474523722,6,200,66DCPcBxZIO7lllEiwHfq6oO-rv4sIAQh359QrXgMeis-uHVfh7S1uwxqHu5w-QsJe32b1lsAzI-Kw,Rumble,TOP,-122,20,20,0,635,0,0.012351162756417983,-1574,-0.010536256942432098,-13069,-0.14474772539288672,0
KR_7474595025,2,100,CUIyfTan5DMj50ZdqzMbnjvvpE8D0JTjlaKfqR1PRKVRkXzb3u50avZmkh6gkuHDqevvXBSH7vS2LQ,Skarner,JUNGLE,-482,-1,-1,-10,-852,0,-0.010335593007022997,671,-0.6067155090605825,-4798,0.09893048128342252,-8
KR_7474595025,7,200,2ejCu-zdcSFJ_sUP0tEC0Crit19e0aAG1wtsuvJicW4kDuEQwTi5LkbBhOLVc0dBHyNbPDUxUsRomw,Viego,JUNGLE,482,1,1,10,852,0,0.010335593007022997,-671,0.6067155090605825,4798,-0.09893048128342252,8
KR_7474675265,2,100,ufyNFDCsHvnxVm7jkaxIiUEVwy6p9PfLl42gJi9tNVvgNTpFmua7ymCwPQmKRNUg6wrOTTIcWJNDWw,MonkeyKing,JUNGLE,550,1,1,-1,8,0,0.11678737630563049,7617,0.23042304366890098,-6977,0.39717741935483875,12
KR_7474675265,7,200,l6FitQ83tT8MB4BSmEbEagjClLoVEcnTH0XSVqxA_bZ1uh8fHL26MoYc-kE-o-ll20_3XJ2LN8bWDg,Nidalee,JUNGLE,-550,-1,-1,1,-8,0,-0.11678737630563049,-7617,-0.23042304366890098,6977,-0.39717741935483875,-12
KR_7474675265,3,100,xoY2JY3CflGoCOWeb0-XmmK3YJ7PA1WmYotS2fi3At14-0vBQOjzrto3CFK-dzruLVjbXIYXphkJsQ,Galio,MIDDLE,-9,-8,-8,0,307,0,-0.04755005843938451,5763,-0.02076518594425425,51,0.19959677419354838,1
KR_7474675265,8,200,golF19g6a4mExiQXPUGKQsCV8dWiMWrsZBi50zjjLotFBm_UW_mDv2oVa5ZqhgESbA787VokecWZAw,Lucian,MIDDLE,9,8,8,0,-307,0,0.04755005843938451,-5763,0.02076518594425425,-51,-0.19959677419354838,-1
KR_7474675265,1,100,sJNO1sQnoOpjttxpsq55r40t73muU5a67bR3TDkHzjLiPZty9FHPxo-CrYXel-_IBRA1_CDv86QQ9A,Gragas,TOP,1542,0,0,2,595,0,0.086721938272249,5924,0.0764331959038817,2232,0.2358870967741935,6
KR_7474675265,6,200,iH_cEPgB_XUPJ5kzQ-2113Pt9Gu62i-YYGKgczAwTHwoFVEmYVNASZeLV-z7zt9Ky1n6wuVa6HfVug,Ambessa,TOP,-1542,0,0,-2,-595,0,-0.086721938272249,-5924,-0.0764331959038817,-2232,-0.2358870967741935,-6
KR_7474776298,2,100,1ENie03w4q-kajyhgCdJOmHHKHntODI-KqxsRRWgE553uiW8-iIms_gSPypzs83EFOXvryWenbbe2A,Lillia,JUNGLE,458,3,3,9,744,0,0.15766617004719988,1182,0.530770763566291,17011,0.2615384615384616,1
KR_7474776298,7,200,6QpsUWgkiPJEEwUEYX9CkqZh25DIqIOf6n-ynQnbv6W9D8nBYHDXdjdwdx6H4NFst1MjDa_AS9WjyQ,LeeSin,JUNGLE,-458,-3,-3,-9,-744,0,-0.15766617004719988,-1182,-0.530770763566291,-17011,-0.2615384615384616,-1
KR_7474776298,3,100,KXZRxjqC0FNmZmcnvU1tVi37UUl9l5Iz-7WO3C0afZlyYKaBEN7yapLP5wQ-RAeXYVjshfiEv5sqnA,Sylas,MIDDLE,567,8,8,0,291,0,-0.0500803995912959,4126,0.5508816343717962,7789,-0.09230769230769231,2
KR_7474776298,8,200,rVwDa-w4V413L6fpm10XfL408hcasv6gAcw3-S4NfW4EHYx95zZCs7l4C6cHYVPXkf71Kfyf_SNjxw,Ahri,MIDDLE,-567,-8,-8,0,-291,0,0.0500803995912959,-4126,-0.5508816343717962,-7789,0.09230769230769231,-2
KR_7474776298,1,100,-rl9fhG6IM7RabtSDEx973QkNTPEevV3oBOlkFCG290xF0cziuJ5RUGR4DrfeGcNBgXy2gzuDHB_dg,Aatrox,TOP,-214,-13,-13,2,33,0,-0.04959628587424811,2184,0.3110734207133796,187,-0.11538461538461542,1
KR_7474776298,6,200,SJSP1phjEbN9L7LfiXXB1ZKf5_B6WF2hWrvnSj3ARPY3R6S3h-lx-kri5fMCOWNi26xdt5O1LAcPFQ,KSante,TOP,214,13,13,-2,-33,0,0.04959628587424811,-2184,-0.3110734207133796,-187,0.11538461538461542,-1
KR_7474855608,3,100,2CiUZB9evowvoEyxq_Lnicv102bhsMG5I9C7ZNPxOG0pYIONXc_5bNUki5PEWulw_IjckughncaNXQ,Azir,MIDDLE,-1134,63,63,-52,822,0,0.10603073041206448,-863,0.1121149466367446,-9756,-0.24836601307189543,-7
KR_7474855608,7,200,w5cg43HoMwWBBnOkhwn_KkDVH9JIAhrK_Vrii_SU0f_4omsxIW42uKop2Lob08TCS1PvHHMX30qU1g,Viego,MIDDLE,1134,-63,-63,52,-822,0,-0.10603073041206448,863,-0.1121149466367446,9756,0.24836601307189543,7
KR_7475084727,3,100,A-457hhSExaw2l-XRasgdQeAyMIr9XtGdUsh30X_gEennv7NnnOz7IAxz6wRITekmjy8AjGtZSwBiA,Smolder,MIDDLE,-46,92,92,-52,1567,0,0.07361533331542489,1810,-0.021511070582914793,-17942,-0.3005681818181818,-7
KR_7475084727,7,200,VqGC8lKuo4pIhHHg9yTdzs91Zp30e2ZzYgIQpB47WQrue7VOGFgwLs20MabrhaATupgIAn2hcMaycw,Skarner,MIDDLE,46,-92,-92,52,-1567,0,-0.07361533331542489,-1810,0.021511070582914793,17942,0.3005681818181818,7
KR_7475165652,1,100,45FTXK4jpVFtMjemwUPT8-ocyU5ws3dkz4eJhclwGufpkKDcoVtkvbnXMmw2y6hxYwYZ-QjKLEsA_w,Jayce,TOP,447,21,21,0,436,0,-0.058997883136458595,13422,0.5892092255383425,-1439,0.14102564102564102,-2
KR_7475165652,6,200,kK5Wtk912LhhRKtdH_tmI2_7Ql0_OaqEoSbqcYMCo0RkRnQY78VOThucNHqsDS9eu3EJTl226bEjSw,Rumble,TOP,-447,-21,-21,0,-436,0,0.058997883136458595,-13422,-0.5892092255383425,1439,-0.14102564102564102,2
KR_7475245286,2,100,_Uxd1-1Jh_IuclrKlBaGFksDIRHU-YX3Rjlbw849cwcChHwIoVaaYWUBPvkTqbImxl_FzeSg07WOng,MonkeyKing,JUNGLE,414,1,1,5,327,0,0.029636335017461685,-5248,-0.08896001922721819,701,-0.04201680672268904,-5
KR_7475245286,7,200,eRCZGBfUY_Pah51jKcTFRTg35zYfVLWg5ynxRsYxDtuWKUu5wdBJKhfmabH9_BUix399tYmB_9m2lg,Viego,JUNGLE,-414,-1,-1,-5,-327,0,-0.029636335017461685,5248,0.08896001922721819,-701,0.04201680672268904,5
KR_7475245286,3,100,ffUx1WWAlDlJK36yvX9pPqH6ZQCYIiMhyYJ8qe5QJxcyibJKsIvMzgQ6c4F4FYQRoGzITuHmDA3ZVw,Viktor,MIDDLE,-292,-21,-21,-2,-590,0,-0.0697057692086781,-12526,-0.28818902893225223,2827,-0.3613445378151261,-11
KR_7475245286,8,200,JncbFPz_xCb-AwjGVEcvbhGyrdtgtrcmLQBQxKTi3yrb5mJrO22JSzQHugPoG5jr2D0UrsNcMEKuhQ,Aurora,MIDDLE,292,21,21,2,590,0,0.0697057692086781,12526,0.28818902893225223,-2827,0.3613445378151261,11
KR_7475354601,3,100,1qhbhJ9OsW1PXvoiGoMcJLGAU6_F7bcFTPrANayxoCJrw9FYxFnFeDMxbJFX7UGHXEpMvQNqBFa8GQ,Katarina,MIDDLE,-1181,51,51,-66,363,0,0.17537797239887531,-1911,-0.761163876514264,-3611,-0.06882591093117407,-4
KR_7475354601,7,200,c8w9PmWeV4MuNIuuHw3QU1gSOEURcsbAVYYPBmibu7aCvgDbrzkFwOxibNPyQEHfWsaTqob0gn6s6Q,LeeSin,MIDDLE,1181,-51,-51,66,-363,0,-0.17537797239887531,1911,0.761163876514264,3611,0.06882591093117407,4
KR_7475392235,1,100,kto-nUpd6AJiA6zOpFMt-k2yj61rr8dnul-MJ0KpBi2798PnlGaQ3ab729z13-fhqteKDNbIckVTbQ,KSante,TOP,-516,14,14,0,72,0,-0.0652519264148316,-4181,-0.3970069984148098,4877,-0.11378205128205132,-9
KR_7475392235,6,200,CPIqHUdYvN6ENJyt01KdA35PprwHlpb4xUqW7D0-Z868jE0lyh3qD7ZanjoaKTfgvGU5knWtidBWDQ,Camille,TOP,516,-14,-14,0,-72,0,0.0652519264148316,4181,0.3970069984148098,-4877,0.11378205128205132,9
KR_7475430449,4,100,n7hJnRMRMlerJz9uC3ivAIZBEyyj47OrR7kn_0OS5VK6Oh5_4tiJf68tUAuxrWLFCZMeIKQB0osAIg,Karthus,BOTTOM,-917,-11,-11,0,298,0,0.11299229667652419,1500,-0.009611156590234371,1275,0.11690496215306978,3
KR_7475430449,9,200,1k8iVDIZCt6d1W9FxmD8rf8DiolHvtUNT-BrbeCyOzxy4gEGSaChxCHWy-3ju5zT1L83Fx_vq6kb3g,Jhin,BOTTOM,917,11,11,0,-298,0,-0.11299229667652419,-1500,0.009611156590234371,-1275,-0.11690496215306978,-3
KR_7475430449,3,100,yuoduo9Kib_UXf696-aqv_loPuGtYxwmEs3XkZHZhi2Apde8BG86v14EDBgIRsKDu-p7Z91JkUaX4g,Irelia,MIDDLE,1348,59,59,0,1506,0,0.20741364758994862,17562,-2.1341817665094913,12373,-0.1707317073170731,13
KR_7475430449,5,100,fJRsk5v3Tqf1woic7KvTo1MUtK3cELxOAtf1Fe8xy3eXc7vgbRAAzPtRzjdVpf7roqf_lofb5NO5GQ,Rell,MIDDLE,-1348,-59,-59,0,-1506,0,-0.20741364758994862,-17562,2.1341817665094913,-12373,0.1707317073170731,-13
KR_7475581896,2,100,VOcw9CP2rX4UF8Jxew8XhwAOB06VSlyCwpMjR8JyjXnHstndKL789ME14lgG10WCPE27XCfTVqmFxg,FiddleSticks,JUNGLE,-358,-70,-70,71,-459,0,-0.0011826031266166104,-10612,1.4907485448462117,3854,0.27969348659003834,0
KR_7475581896,6,200,nAcxYyaM5Q6CFC4PECgvpnruO0Q8hPfSbn2pBEFvs_LaUzQsX_k8oN8XaiTujv6JOT159iM4OAqKrQ,Udyr,JUNGLE,358,70,70,-71,459,0,0.0011826031266166104,10612,-1.4907485448462117,-3854,-0.27969348659003834,0
KR_7475687718,1,100,Cz1urSExngA3Ml9eFfmkauUQ2-9MVrT0dI_DFnjZsm77OgEOLVlX8tJDzBjPndT5bqn7uSSeeoLK9Q,Volibear,TOP,-885,9,9,0,6,0,0.0772068511096422,-2054,0.045076933795618834,82,0.126358695652174,3
KR_7475687718,6,200,-yxLpVKK3VoOP41e21vEunHXe858UE0ScigNGbyM6ENZQN6Ugsz_ntsmpLXOSS7Q4c1blzK0fFzSCA,Renekton,TOP,885,-9,-9,0,-6,0,-0.0772068511096422,2054,-0.045076933795618834,-82,-0.126358695652174,-3
KR_7475773777,2,100,eFuRgeT-jeCqKY7jsuni7--KXAUX50ufQmt6J8weZy-UNRyOnkVIA9QqHZ2AJW481Xiz7ku6XND_GQ,Kindred,JUNGLE,-609,-5,-5,18,337,0,-0.0729392016549541,-409,0.2341030933826318,-11575,-0.2799003322259136,-15
KR_7475773777,7,200,qDtHds-4bEYmINTXKCIlJFlHlrX8kwnkHnNqplMUzzD9QLBzo9yeTyka5xZesrw33KhPODW-6M2cAw,LeeSin,JUNGLE,609,5,5,-18,-337,0,0.0729392016549541,409,-0.2341030933826318,11575,0.2799003322259136,15
KR_7475851743,2,100,unSdf1op3HaF4Gcw6Nuhei5fjyYsiT6BJAG3oNubjyrfgWe_LV0k8MCuoBCX1uTNOanlewZkPbdhgw,LeeSin,JUNGLE,-516,-3,-3,4,-276,0,-0.043105478472626205,-1005,0.24995521265985177,-7999,-0.3333333333333333,-5
KR_7475851743,7,200,cc5rv9Uxq6PPu38w7qWtgzuphjKu8MvKfjkMjHmKmq5R4Xadb4ijVqxF21v6U7NvY6C0fm4is94MXg,Zac,JUNGLE,516,3,3,-4,276,0,0.043105478472626205,1005,-0.24995521265985177,7999,0.3333333333333333,5
KR_7475851743,3,100,nxV-5cWbIEkJM7JodmQKCJqSW35AC04xoS7kWTi8OXliv0VONPyG0LVb2_JKu3CB0Q5zNXMELsr0Iw,Azir,MIDDLE,552,9,9,0,655,0,0.21371253873190407,1221,-0.3489741787161867,4187,0.29999999999999993,1
KR_7475851743,8,200,VmZmdFAaxL_f6ZhBod1oa46zxmn6FiSWqvRnNEuaPXdh4YAapUyh207hGhKAy9reiwvnJrR2NWIRfw,Aurora,MIDDLE,-552,-9,-9,0,-655,0,-0.21371253873190407,-1221,0.3489741787161867,-4187,-0.29999999999999993,-1
KR_7475851743,1,100,-kcQTw433rGfdGIVx-JJSDPwtulk4dpmJG9COUon2sNCqSe0aXz4_fga02HsD33SexwwN2FdQN8IFQ,Aatrox,TOP,749,20,20,-1,1069,0,-0.09788187481085409,-6981,-0.3359823710385768,-5363,-0.16666666666666669,-4
KR_7475851743,6,200,jWO3K3Gy1OzLWi-zDU33vVpE8YJbynGOew3436dbyT-txX02R1YicvEir2ArV1Xk-Fm-Lv_WUnzTBA,Irelia,TOP,-749,-20,-20,1,-1069,0,0.09788187481085409,6981,0.3359823710385768,5363,0.16666666666666669,4
KR_7475935165,1,100,vQUzD5poRGaHvt-vbwTgYXQpO9NVqPYX_KYG7nZqZ5FR_F5WXg91KBzNC808-udNK6vl5GjFwc9jvw,Kennen,TOP,46,5,5,0,231,0,0.13577882181213982,709,0.015996136486443713,-14585,-0.03125,-4
KR_7475935165,6,200,GnmBfxA-JR_Im-UXEZ3A2bKI0eTJ8LRHiXZZwoovetrGmCB6zulA4UEVYx20HQPQ-GTNXk5buy8nqw,KSante,TOP,-46,-5,-5,0,-231,0,-0.13577882181213982,-709,-0.015996136486443713,14585,0.03125,4
KR_7476038525,2,100,FTKf0W8UvND_Yrmg106xa2YkrqG-7zk_cdIbxskQdccwzniDmzuOsTp4elAseUBZSGHzlDV0sBMZHQ,Zyra,JUNGLE,-182,0,0,3,-52,0,-0.038920844584574205,-2331,-0.3446834513309667,-28125,-0.0980392156862745,-3
KR_7476038525,7,200,JRoyw2RQS7vxG2-XdtEv441PMwL2fNqA6honmfHOdi-2o8U2jMGyQYowGQ1-iNftSID8st6cFF8svw,Sejuani,JUNGLE,182,0,0,-3,52,0,0.038920844584574205,2331,0.3446834513309667,28125,0.0980392156862745,3
KR_7476038525,3,100,AOhh-UtB5mHCXrCLbEerAJFkuW0SuVgwAL4BkKPvhU49zSPlh1PVV-dCDCkEMIwsgiaQL94KnTM5Wg,Aurora,MIDDLE,-233,-1,-1,0,162,0,0.014677325031795418,-1728,-0.1648738634073098,-2222,0.3366013071895425,-1
KR_7476038525,8,200,AA7ZDzmHow0g-dRlT-BjTVVE7gkmgijLszXkYtw1HPuoiSo5hZ-4fSDMPZZ1bpZqnaat0rmzRX2wxw,Yasuo,MIDDLE,233,1,1,0,-162,0,-0.014677325031795418,1728,0.1648738634073098,2222,-0.3366013071895425,1
KR_7476038525,1,100,3_igjAdW6HSHsRagJ6cIdztb-l-5mrFZdoBFQSdm-efF5kS_vFzYGR_DvhReLxa48sa8aauOuQjWQw,Renekton,TOP,636,17,17,0,748,0,-0.10614099873403537,1955,0.4681588037380503,10718,-0.08823529411764708,-12
KR_7476038525,6,200,r2T_aiVqEs1JIVZSH5106vG1VDr7qwvcAaYz_1NQd8PYXCm3GQ7_6JpuVLjDUsq56bkDdpSjgUQu8A,Ryze,TOP,-636,-17,-17,0,-748,0,0.10614099873403537,-1955,-0.4681588037380503,-10718,0.08823529411764708,12
KR_7476134066,2,100,wMugmjtRo-lsGs6hldk63VreqJbLyImZV4GQwP9uY3u3odzpLiwrUoSLQZuzIRRvxvPIXnrtTghqRQ,Talon,JUNGLE,-583,-82,-82,68,-1104,0,-0.0720872831812008,-2891,-0.27189625551943264,6383,-0.05882352941176472,-3
KR_7476134066,3,100,zQpHZFZS-DvEwsilwI53E-Fr7txoWuqP0oGFLeueg-l0z3JoGX8zb4CxKqNYbbM9lySUIv3MsulHJg,Irelia,JUNGLE,583,82,82,-68,1104,0,0.0720872831812008,2891,0.27189625551943264,-6383,0.05882352941176472,3
KR_7476134066,7,200,nrub1hJtr2HlWT-J_j84CggDEWhkIpQXJMOeKcRw0CV2MBLtPIpqpLve7mn3lqB-j0SYW2N58c235g,Vi,MIDDLE,172,-62,-62,53,-1456,0,-0.049577016356798176,270,0.23169527318345406,7205,0.16666666666666663,0
KR_7476134066,8,200,HO_Kh0ie0PlgSM8LnZ3ockFsDTKAyVYYTMCV-xr42QYZdgN41yTBvywNqBz2cxPIx5M4YfGCvW4HRA,Viktor,MIDDLE,-172,62,62,-53,1456,0,0.049577016356798176,-270,-0.23169527318345406,-7205,-0.16666666666666663,0
KR_7476134066,1,100,ZZB2x7WrP6lfToc317Uuv8Co2D9wBCEH84DybXrXIDAZY9k-jqZIq5rctY0N9hzhdWyU78c6TY9fOQ,Vladimir,TOP,151,13,13,0,65,0,0.030638329843231865,4228,-0.1414856839010873,-2883,0.0098039215686275,1
KR_7476134066,6,200,LiZJ2RupH-dusLiS3WZSw7AZKf2pFOzApHi31bnqIMRrkJQy6J0GyFFHSm4Ym2_tvYixjexUQYrJXA,Illaoi,TOP,-151,-13,-13,0,-65,0,-0.030638329843231865,-4228,0.1414856839010873,2883,-0.0098039215686275,-1
KR_7476232100,2,100,ofMYZEuzkODUwYROa9LtEryQ6KxuRb77M2yf5kPmDxFER9AJhPoHu4DcivCHEtyUNQ5_FZa0RsTBng,Lillia,JUNGLE,303,3,3,10,446,0,0.130708609120826,-693,0.9795630743029364,-2942,0.0,7
KR_7476232100,7,200,K8ByLKr57UcfjNid78QlaoijqrR2NoITQ26E-M7TyyRoX5dwo9pzeymalU7ddKfpfmDxzucrFy9E4w,Zac,JUNGLE,-303,-3,-3,-10,-446,0,-0.130708609120826,693,-0.9795630743029364,2942,-0.0,-7
KR_7476232100,1,100,_By-LpyoH78S5YHW4zvNrVHMqS87dcabCF4XbcekDN38aC2SiDHv9OBvxpH2BXdkFnD0myktXDBjVQ,Jayce,TOP,966,23,23,0,50,0,0.0913516984574358,7118,-0.18999192504759288,-6819,-0.10303030303030308,6
KR_7476232100,6,200,13jxOrGKy2n7OHPtmTeDHNjnOnrpBtf_KLb0LoRT023RxdmWMizGv5bJuKBVSxjXOVeH5JeikSXIuw,KSante,TOP,-966,-23,-23,0,-50,0,-0.0913516984574358,-7118,0.18999192504759288,6819,0.10303030303030308,-6
KR_7476339054,1,100,rWRoVUoJ3Fs6Ru-9D_hwjrUH5oV7ZSPh3g2U7qvvn7p_Uiy_pfb8fvdXBthaJRnmtMB_5424clIHAQ,Ornn,TOP,-948,-19,-19,0,-430,0,-0.06432601364187229,-8420,-0.4485507356829126,10562,-0.3384615384615384,-5
KR_7476339054,6,200,x-paL6A5DQ1ChhqUhO2TvjRIGQobsnT30ktz-eCv9UGcMQFabjCkottPLxpbyMWuNrm7tYNkXGq0RA,Aurora,TOP,948,19,19,0,430,0,0.06432601364187229,8420,0.4485507356829126,-10562,0.3384615384615384,5
KR_7476479029,9,200,z9v09TJit9P34jyzD-9b5cwB9911woYjPwG4l75zvfbeNqhvEb6LGhBM24qfhQOTODp9oRcqWLAMPg,Jhin,BOTTOM,921,66,66,0,732,0,0.01800482500117262,5754,-1.4989855312199851,2386,0.0,2
KR_7476479029,10,200,ga5mBesGu0UpFGXqGf9M00jrRrU_jQR2m6XiePCStZ5abBF2eiVMARgqK-Pp0N3jgT6DLhlAs6NFow,Kennen,BOTTOM,-921,-66,-66,0,-732,0,-0.01800482500117262,-5754,1.4989855312199851,-2386,-0.0,-2
KR_7476598050,4,100,g2A5ZnWh9qyB49gK70nwjPAVuZiihseMrMvvM3UB9w-NEa6fTEZb0Rfucwut6xkN8RakAdK9hU_5hw,Zeri,BOTTOM,-48,49,49,0,490,0,0.147510845220874,5601,-2.0388794502554592,-1546,-0.0326797385620915,9
KR_7476598050,10,200,as7NA2egoWHegTEAMg6M3yXI0tUmr5Zoh_mEbktpeC-u6t9Vs3lLZQv57sNWsGgCnPJTFnMbmgcXXA,Lulu,BOTTOM,48,-49,-49,0,-490,0,-0.147510845220874,-5601,2.0388794502554592,1546,0.0326797385620915,-9
KR_7476598050,1,100,uSwfkCgdg8y_rkWo6Crs5HGsLDSGX0LoP7lLv2aS0GxOCXljiJVWt0YVf3If6MenQsZ_LagRzjLT3g,Jayce,JUNGLE,-525,59,59,-71,-72,0,0.11957335264536612,13221,0.07301332534074623,-13057,0.14379084967320266,7
KR_7476598050,7,200,mnAd6qBHDgx04YExCQtXoSsV6blE_9GlaYWHJ73NMt7myYuZ-mJHn_90fh-b-oKKau3gBh22TNbHxw,Shen,JUNGLE,525,-59,-59,71,72,0,-0.11957335264536612,-13221,-0.07301332534074623,13057,-0.14379084967320266,-7
KR_7476708634,2,100,CSqlJmAPT7AaP4iEDfmGHqE9nrFX6K2KAc8jQ5Lxju08n2lnkzumv7KcKgtJafvwgDAsWhue4CcwMA,Gragas,JUNGLE,296,-67,-67,58,-1389,0,-0.12118452436529953,-13565,-0.14454950095007446,12121,0.09999999999999998,-5
KR_7476708634,6,200,OU58kHnN8Maf-u8yr-UZMT3zKyFqw61CZawCXdfiV_J_kumU5FxqSKiLVT4t7i0_N-FzHWFPCmSVQQ,Jayce,JUNGLE,-296,67,67,-58,1389,0,0.12118452436529953,13565,0.14454950095007446,-12121,-0.09999999999999998,5
KR_7476862155,2,100,unSdf1op3HaF4Gcw6Nuhei5fjyYsiT6BJAG3oNubjyrfgWe_LV0k8MCuoBCX1uTNOanlewZkPbdhgw,Skarner,JUNGLE,725,1,1,0,403,0,0.0900184661495709,1447,-0.2237175272023526,6617,0.10424710424710426,4
KR_7476862155,7,200,YJ43NfnkyKmLDW3M9c0HN1bdV-jioNGwW4LXry4DC8kRU4nsmSyGQ4_M-WsBjBqMD9jRTahNwNQnhQ,Vi,JUNGLE,-725,-1,-1,0,-403,0,-0.0900184661495709,-1447,0.2237175272023526,-6617,-0.10424710424710426,-4
KR_7476918269,1,100,aLdGTbpKtagHP4TxcaUTbL8xGp0o46vgYsq4RcToUy4WOFquUrt4SFO1MWHwZgTjX93fnl2vUfdIvg,Warwick,TOP,287,-10,-10,0,-655,0,0.01125912804169199,-1527,-0.4014966900950586,704,0.15679442508710806,5
KR_7476918269,6,200,iFRRr_HuFlOrqBw8rn9DSbapGnaWIZgSv-4gZsY3xzVhpjTKy947KzPz8aMeILWD8uapA3NqR2PpZw,KSante,TOP,-287,10,10,0,655,0,-0.01125912804169199,1527,0.4014966900950586,-704,-0.15679442508710806,-5
KR_7476996119,2,100,9x6ZbKVAJtBhjKaE410WXb9rfPNJYiIuni-TG1pcSorqv32iRNWVnNagoQR8XvTjSzELXm19uwi6bA,MonkeyKing,JUNGLE,56,-1,-1,2,129,0,0.033351518001319,4597,0.5030415749081298,1708,0.1825396825396825,3
KR_7476996119,7,200,EX8zeQRRdG2z1wgoL5oSjcNetrY1nk1_2yy9oPouAeEbe-HwOUrg67PPvonp6PIxDB9zexF4grZn6g,Viego,JUNGLE,-56,1,1,-2,-129,0,-0.033351518001319,-4597,-0.5030415749081298,-1708,-0.1825396825396825,-3
KR_7476996119,3,100,xfq6_sC0pVmRz3eAzPXt9n9DAUkQcGwdItmilkMx5zmj3Wh_Cf4pRCEXMhq1DfvO7KUKKcumkSMypg,Galio,MIDDLE,-275,-16,-16,0,-526,0,-0.0380060654730387,-971,0.11321445353714721,2908,0.015873015873015817,-1
KR_7476996119,8,200,rb08xSp_DOiN9lm7Os3QKOYVayLQOCG_fe3FbsVeEPjlWf0dhYnghsglxA7MiOglsLScxtfTVZ7MuA,Ahri,MIDDLE,275,16,16,0,526,0,0.0380060654730387,971,-0.11321445353714721,-2908,-0.015873015873015817,1
KR_7476996119,1,100,YhV7NCQ0KNU3SNhEcJDm6HGlScLJoqs8YnEg3Bvl02cbIOrIqLTybyR5yov3RgRCcAWPfufDxgsV4Q,Gangplank,TOP,369,5,5,0,-144,0,0.02994412027886212,4095,0.37087194979840143,2567,-0.051587301587301626,3
KR_7476996119,6,200,I81zliIM_X96HZsmPLiOyQmalOBWQywF8NNavwEEUuwvYGaHBIkWpbwH1eTtDhWlbB8GJfBPgtPUlQ,Garen,TOP,-369,-5,-5,0,144,0,-0.02994412027886212,-4095,-0.37087194979840143,-2567,0.051587301587301626,-3
KR_7477146334,9,200,l9r8b5ap7--gWjJmRtVgR6zBsVmjE-dRHIYmgtOxRoLJCEYXeTczXkAgiBhwwvx5IYFb0SM-7y8g1A,Ezreal,BOTTOM,1137,67,67,0,1621,0,0.15850091534964617,1073,-1.6026792813035347,-7177,0.06896551724137934,5
KR_7477146334,10,200,clD1tJIzc9iOoG5VeLpV3svoEwfkGfLtLNZZmoUPbLmbZIC-RcBbTAgci84nrflDv_u0JCylTvFRJQ,Singed,BOTTOM,-1137,-67,-67,0,-1621,0,-0.15850091534964617,-1073,1.6026792813035347,7177,-0.06896551724137934,-5
KR_7477146334,2,100,Wr4NMwZo9ogBWGaWXIdS3CB_I0orusfNG99uo4s_n_hzAf9iAwqyuGx3VvKD8IL3BU9Na-9MuUNHMw,Ekko,JUNGLE,306,7,7,15,223,0,0.03261181268369498,-2266,-0.2206871904125539,3171,0.10212201591511938,4
KR_7477146334,7,200,umX1zpxnR9q9fk2gxLgV_vHH6vWeDT9DwvaNuEU_T4v50rd6F8AH49eB1UhM-SJI2Yb35fDpJVSmNg,RekSai,JUNGLE,-306,-7,-7,-15,-223,0,-0.03261181268369498,2266,0.2206871904125539,-3171,-0.10212201591511938,-4
KR_7477146334,3,100,ih9mVKePthEFZjqaV0K3k4WOQWwQLMT9W3XzWnK1Csq2egT9H_WNqZ9fotRJnODUB6HLXVOB_9KioA,Irelia,MIDDLE,550,62,62,0,1617,0,0.0946581116241201,10743,-2.1192056663045724,13505,-0.30769230769230765,5
KR_7477146334,5,100,h28-WW8qDpkWZrZ_Il-8pVnu9D2WmFz4Gra94qvV_uFsSLcx_LhbbTTNqkZIRPN0EDLIT1GWDs8z2Q,Lulu,MIDDLE,-550,-62,-62,0,-1617,0,-0.0946581116241201,-10743,2.1192056663045724,-13505,0.30769230769230765,-5
KR_7477268972,1,100,_JytPlyuYdSaA15jo44h3u_3ZTW2W4NogsPN95CQ_SfL3u7k6xzda0Z-B8lFyfklwTH8Vlb7DbRcfQ,Rumble,TOP,-342,-32,-32,4,-1046,0,-0.008735263155302597,-7905,-0.5836250607624067,-1575,0.09166666666666667,2
KR_7477268972,6,200,cT8DGjplJ6iyi-_C3mlU3AhjpJXypY2LrOSXuNbvl_rCH6TPOLivINnEqxsS6fWlKUCMtFujDEl2dA,Kayle,TOP,342,32,32,-4,1046,0,0.008735263155302597,7905,0.5836250607624067,1575,-0.09166666666666667,-2
KR_7477384211,1,100,nAcxYyaM5Q6CFC4PECgvpnruO0Q8hPfSbn2pBEFvs_LaUzQsX_k8oN8XaiTujv6JOT159iM4OAqKrQ,Gangplank,TOP,-289,-16,-16,0,234,0,0.03550371118578208,1290,-0.13665097799850356,6491,0.347985347985348,0
KR_7477384211,6,200,nj5-IWVenZNaHEu-gTJzpgO4qM1hW6aIDqvgABtqqnD2Hz_SN_jYdxU6toajWmj1VqO37dyowvzLIA,Lucian,TOP,289,16,16,0,-234,0,-0.03550371118578208,-1290,0.13665097799850356,-6491,-0.347985347985348,0
KR_7477498149,1,100,1bDUKAtw8iHw-YG9bU1QMy96aAunByx2ca1Q93D1fhk0PdGjX3yqXdVqTUsuuLQhUxgeeZ3DglIDng,Warwick,TOP,478,30,30,0,761,0,0.002961746516753211,2228,0.014708917479223982,10855,0.2525,5
KR_7477498149,6,200,YPWLMhWnmQBp-jRyD1KU81OjBrTOhk92Az7dZLw5zC2TT6XQWnqZs6vRor7-6H_WifPvyWEU1t00Yw,Gangplank,TOP,-478,-30,-30,0,-761,0,-0.002961746516753211,-2228,-0.014708917479223982,-10855,-0.2525,-5
KR_7477593510,2,100,QP28VKKAky1fbqsypxLZVFautW7inKhANn403zNqpTpkhq3EZ7Dh1KjBtZkx339UkGd-eVX1LxMOHg,Viego,JUNGLE,-434,-2,-2,8,142,0,-0.07210023622321199,-4370,-0.3957832333832837,14781,-0.25045045045045045,-3
KR_7477593510,7,200,n0g4A_sddHB9DJ1gjL34iHTAW3a5UdLT3rxfp2K0JiC9z_CTMRIkvUD61IHZz_ZP3YTQK34DXVu61Q,Graves,JUNGLE,434,2,2,-8,-142,0,0.07210023622321199,4370,0.3957832333832837,-14781,0.25045045045045045,3
KR_7477593510,3,100,_2Ode_9zHgOVnKQjQvSGjTZe88nLATjVhNVSkPhOKmN1znYudOfrQsgF8yoVJDdlB8vJJyHut5EwXQ,Galio,MIDDLE,-819,3,3,0,-46,0,0.023412127061608085,-1892,0.23007832870828487,-13985,-0.12972972972972974,-4
KR_7477593510,8,200,GmAn9NJsSOkkLdz3Jub2CRw--axncNJB_gLzJ2HCAxWlh7iMmQL1fmbo2IlVcFBSoBcuq9Bu6ydDSw,KSante,MIDDLE,819,-3,-3,0,46,0,-0.023412127061608085,1892,-0.23007832870828487,13985,0.12972972972972974,4
KR_7477593510,1,100,7DU1pE60kK05D5RoKHLEJZyHV696txXpTDfZC-a7xwjUoMUBerGOpsHRHD3y6Td33yQZkUHkifAyfA,Warwick,TOP,400,-7,-7,0,46,0,-0.004798412550976461,2322,0.17982599852151276,10822,-0.015315315315315381,1
KR_7477593510,6,200,lmugjp95Ki7bhPDp6TVbw6jXScAisrOUDsUFtQ3W62KcdvybBtz1qYCihc-5LYsP_CTaG0kgYAAZTw,Vladimir,TOP,-400,7,7,0,-46,0,0.004798412550976461,-2322,-0.17982599852151276,-10822,0.015315315315315381,-1
KR_7477687931,1,100,_VQpdaA4nBvG1fCtXzavfwcWvNjM9z0yuPJ-Rvvf9W6z-pAgBwkQRuqpK8Q3rE3BnEEm2T3cUSPHdg,Cassiopeia,TOP,262,8,8,0,344,0,0.0145078824043689,-698,-0.012786985790117056,-3951,0.09022556390977449,2
KR_7477687931,6,200,IHh_06d3_oPVCLtIVFsPxIBHg-TqVz240VEiSO2hsLk0Nzd4wgJZ-uCWLqnxBofbQ4IJToCEbOpq8w,Poppy,TOP,-262,-8,-8,0,-344,0,-0.0145078824043689,698,0.012786985790117056,3951,-0.09022556390977449,-2
KR_7477789163,1,100,5iyXobLS4woqVPQzl3NCZODMBawHRNhSATVSPoUOihSEli1qEZtOB0ivAKeej3ogHKbRwcKtnOBcDQ,KSante,TOP,200,8,8,0,196,0,0.03318564880717231,-950,0.3312892107037242,2589,-0.05357142857142849,0
KR_7477789163,6,200,e-YAcXIvfMj9HsZMHyaGFYyRDDyEn0bLgf8kImpiI31B5K8PGcUReBxcgQsAOjKb2Z_f011aETDtTQ,Ornn,TOP,-200,-8,-8,0,-196,0,-0.03318564880717231,950,-0.3312892107037242,-2589,0.05357142857142849,0
KR_7477892804,4,100,EUkSyCCPVxsoH66ocbh4X6XCSIfdJhf_5c7h8ibHPLiYpc6uj5vhRichOc5cZD-z6ILgA-hKslVJSQ,Jhin,BOTTOM,336,43,43,0,1565,0,0.0908635001266939,0,-2.7193209333307706,-9370,0.09090909090909083,0
KR_7477892804,5,100,niH9-qzOA44-dtTxINEc1nD2dkd8tefdE3Wi7uIehqQX3mvpH2ujJLChr4haCYKBBSLwIeiGftSigQ,Pyke,BOTTOM,-336,-43,-43,0,-1565,0,-0.0908635001266939,0,2.7193209333307706,9370,-0.09090909090909083,0
KR_7477892804,2,100,sPzen0qbUTXRPmRMfgljOa5fQcUMfm_N2G5tkR-JibKb6WnvDAISHssjWL81XLNOuKrXeOJSQlMjDQ,Viego,JUNGLE,-289,-3,-3,6,117,0,-0.042465744458062504,-3666,0.4053276576280396,14076,0.11688311688311692,-2
KR_7477892804,7,200,tyNtASKk8AXHcPXm3ohXSIXtTgjcVe2DC-7GVp7nBfbLFluIlEtA5GViN5MBTAvBl6ZBBHJgjeCs6g,Taliyah,JUNGLE,289,3,3,-6,-117,0,0.042465744458062504,3666,-0.4053276576280396,-14076,-0.11688311688311692,2
KR_7477892804,1,100,jqplLuRXDjsplsV_20-I0JMVdBWxZoWFcRpNc9_95sbntgmyG9Rof7ar09BZppX1a51_S0dTSWAFzA,Vladimir,TOP,260,14,14,0,170,0,0.056999100619365195,-2425,-0.1507661447704478,1978,-0.12077922077922082,-2
KR_7477892804,6,200,-cJ21LCdFZBgcZrk3ZM4t_6dj8aGiFlcTgw3OQa2Yd9eKEWkstXArUsaE60s4SzeWOE-9q6rovjDmg,Volibear,TOP,-260,-14,-14,0,-170,0,-0.056999100619365195,2425,0.1507661447704478,-1978,0.12077922077922082,2
KR_7478006021,2,100,hEomOGPPFI0Y4So7iNQecB5XTi1ozHmRXxazPhp8hWRxmEpwK1W52uxZfwQOS9mkehrO_IuP-WKpTA,MonkeyKing,JUNGLE,-454,0,0,-20,-1033,0,0.1095780427335612,1026,-0.1768185107901714,-4366,0.1551116333725029,1
KR_7478006021,7,200,oHtjBx8SuRnTyYFGaTY02_aOBc_ERjJFgesJm0qh3IuiXkzFZsNLlctEniuhyROhno3keJ5W3Axe4Q,Nocturne,JUNGLE,454,0,0,20,1033,0,-0.1095780427335612,-1026,0.1768185107901714,4366,-0.1551116333725029,-1
KR_7478006021,3,100,CET9Jo7tuBw8vGNOGplBvlpS2XigQUNDzgiSni7B74SEooMlkhwpush3Pv364KX-hXU10fED7AmtQg,Cassiopeia,MIDDLE,-653,-12,-12,0,-251,0,0.02514355151106948,-1783,-0.3819414228588651,5414,-0.2796709753231493,-5
KR_7478006021,8,200,sgLdPWQIQQIl8C6Ri9YODnVANSRN_PleLgphk0xSgfzdKpi6WCv1msmubhv_bMjtSUP3ITNFnBx4sQ,Naafiri,MIDDLE,653,12,12,0,251,0,-0.02514355151106948,1783,0.3819414228588651,-5414,0.2796709753231493,5
KR_7478006021,1,100,qhKi5hdjQ_YStbpYirCCrNqzkInpP3xeKvHLoDyNeI8EpiyRJYCTEK13U9tZ1ewAJb8uo80gO8hnwA,Sion,TOP,-1133,-29,-29,-2,-823,0,-0.1109070819615911,-7123,-0.45348896178975096,13434,-0.06815511163337251,-7
KR_7478006021,6,200,i3x2oyzDFF2st5UGre1xVs6XiCEWqFrb86NEnOJweAp1JePD-bwl6cblIS-f4mNOs9e-69umgzTCjA,Rumble,TOP,1133,29,29,2,823,0,0.1109070819615911,7123,0.45348896178975096,-13434,0.06815511163337251,7
KR_7478134370,5,100,-M-rVEo6IUAvPKR2-UrBjHafyYADtd3HFEmVlL_LE2e7ASbHJl--UfQLhSGW4oFL2r3Z_1t7XcsssQ,Senna,BOTTOM,-6,-42,-42,0,-919,0,-0.0203420861608003,-1040,2.4344442801250215,-2345,0.3134796238244515,-2
KR_7478134370,9,200,w82FOokSvJsuo_b1g8RMVpDzscKBv3SWcvpngFpFEKC0hB78cW8bC-1coS-RePcYxsMV6a6IRBXgOg,MissFortune,BOTTOM,6,42,42,0,919,0,0.0203420861608003,1040,-2.4344442801250215,2345,-0.3134796238244515,2
KR_7478134370,1,100,unnc7NDnUN_zXjX1OGpGZBIMr0pj8qgybmiaGpyyOfnQsDzGY4gckFt_BTZL8KKgSy-JVwvoNRaR4Q,Lissandra,TOP,305,79,79,0,2285,0,0.21676324218151288,962,-2.6532380747484146,14368,-0.02298850574712652,2
KR_7478134370,10,200,1g3xxTtKgGKMrLIVdL6bfiUF_XTQ7Id0HUs-MW6iYQZjxtkY0zel1FMKQzAxguD09odKill5qYM8jQ,Rell,TOP,-305,-79,-79,0,-2285,0,-0.21676324218151288,-962,2.6532380747484146,-14368,0.02298850574712652,-2
KR_7478282794,1,100,X0GsEur_mtu_A2AOH8gmfpefaZRK_t2PrhK3eqPsfel596hYohYfW7sYRtzRd8UKD_bgPmFuz4Bpgw,KSante,TOP,585,-6,-6,0,824,0,0.020434121187510812,-662,0.038155454343529516,-2033,0.04516129032258065,-2
KR_7478282794,6,200,bDYLTtVe1PTI2qHlPWPbT-ixNK0H8S6Ix3MUAnd2sHrZgm5VBWLRIgUEI2ymWw8TEhfLf7iYrSyUog,Vladimir,TOP,-585,6,6,0,-824,0,-0.020434121187510812,662,-0.038155454343529516,2033,-0.04516129032258065,2
KR_7478399271,1,100,50t33MNnK1amyWv5uZv1B3jZ3442iYS8BE2G6a_IJqCpvVR46luEyGOmt-hl_LUdwaqhME9dSw3iAw,Vladimir,TOP,442,15,15,0,290,0,-0.0031721227512697125,8884,-0.12180329191619588,624,-0.02508960573476704,1
KR_7478399271,6,200,oav7OWslwcfkyqdHlOASI4wdPb3kCGtEFq2oeqL-4r8AzszD8VXw-UJw5Od9CL7kzJhV8xaybx15GA,KSante,TOP,-442,-15,-15,0,-290,0,0.0031721227512697125,-8884,0.12180329191619588,-624,0.02508960573476704,-1
KR_7478505587,1,100,-cJ21LCdFZBgcZrk3ZM4t_6dj8aGiFlcTgw3OQa2Yd9eKEWkstXArUsaE60s4SzeWOE-9q6rovjDmg,Volibear,TOP,1093,21,21,0,995,0,-0.011341719360569491,180,-0.12138233318975333,-1723,-0.3561403508771931,0
KR_7478505587,6,200,64iMl7lQGK-Un7IWLelCNPGDz9TJBIq2V7fOVtTWM1hwnr1vEdDBJ07q1gYLT0_GtaIiaajOZtN6Tg,Shen,TOP,-1093,-21,-21,0,-995,0,0.011341719360569491,-180,0.12138233318975333,1723,0.3561403508771931,0
KR_7478578822,2,100,Q1niC_OYnOogC7nqe4BpiqXkpH6Ahzk6A7D8qFA5adQn1rKzwQUjVpEdAQly9zTOOpxHb0KLi1xtxQ,Nidalee,JUNGLE,445,-63,-63,54,-897,0,-0.0556538721432949,-3388,0.4452003799228412,1299,0.3398692810457517,0
KR_7478578822,6,200,2U7M9XDUOeG2NQjP5Xiwv6PxYdiRM0TNZU9Dop0XxuVjX7fYYZI0S5BpJ8UgR4uBRKO-fQAD7huCTA,Renekton,JUNGLE,-445,63,63,-54,897,0,0.0556538721432949,3388,-0.4452003799228412,-1299,-0.3398692810457517,0
KR_7478657211,5,100,RAzQHn38LQOKAox06zWUU152IJlhwXEh4qbpJJc1Js2knGU68Igy4yOZhcjZn_avhKSy1oj0TATUNg,Nautilus,BOTTOM,408,3,3,0,93,0,-0.005140968414208705,91,0.7568819415248411,-8389,-0.14522417153996098,2
KR_7478657211,10,200,sPI4kF-U99c61HsdEes7UPfdeAidWUI8y_IGLDhOkj1wJwxGWvjewLwDfakuGDG2eQFzHFHEFTa9DA,Leona,BOTTOM,-408,-3,-3,0,-93,0,0.005140968414208705,-91,-0.7568819415248411,8389,0.14522417153996098,-2
KR_7478657211,2,100,jhyLGxugBXGKD-ZPYucTdgkm7sIDYvP67Ybx-YtUVZKsPsmfsNNw_LS99jSknoD8phYZAbWVTZD8ww,Kayn,JUNGLE,376,15,15,-12,154,0,0.012237521441163607,2318,0.38988831010789204,-12735,0.13450292397660824,4
KR_7478657211,7,200,-nD76mV52QvvYirTVZqrlaZuGjwnB_6f-0sKVwFRcQvFmh9Tue5iQO9I56JCQthIoUp9n2L02f7UKA,Briar,JUNGLE,-376,-15,-15,12,-154,0,-0.012237521441163607,-2318,-0.38988831010789204,12735,-0.13450292397660824,-4
KR_7478657211,4,100,IsfR1kcPj95Bet3g4dyGhInhTbcXAYX6raYohy3hdpsVh00kDcaI627sbSURKM_3gcMgp_xKDAUYdg,MissFortune,MIDDLE,-629,9,9,0,362,0,0.019517493175791212,4740,0.10378176288699659,-4072,-0.039961013645224086,0
KR_7478657211,9,200,5pOwRXFjlnfrddchyz4Y7aDin3PhqJWAGneNUAvWZgzw_R35Xfh3FwKsLJaUYOgSoWygcxj56EgYuA,Zeri,MIDDLE,629,-9,-9,0,-362,0,-0.019517493175791212,-4740,-0.10378176288699659,4072,0.039961013645224086,0
KR_7478916729,2,100,Dg3gMX7E0X9JnO5263vno83MENXONzJARtWdCEvC72riobI6hlAANBavv1THnxUG72GeXb9NP0FFDQ,Vi,JUNGLE,-1251,-8,-8,4,-142,0,-0.2257861304656386,-3059,-1.5703909715957556,7129,-0.23279352226720657,-3
KR_7478916729,7,200,xTnhmCdoDHsTlzC6iYQIeEKPXR5DGCZY-yNxSK-7Il-gEEOY4v2IhFH31RuniLAJ9oisPqzvSCXobQ,Zyra,JUNGLE,1251,8,8,-4,142,0,0.2257861304656386,3059,1.5703909715957556,-7129,0.23279352226720657,3
KR_7478916729,3,100,5V6mY-_W2-_fXQ1yoZYlZxWE3KZWNpvogRzFOJ7POMYFiaVRNvsY0K4heprjnvbqSToG1PE_Lmax-w,Ahri,MIDDLE,-157,0,0,0,-285,0,0.032792055033810386,-4696,0.24884465329455518,-13588,-0.07894736842105271,-3
KR_7478916729,8,200,yuoduo9Kib_UXf696-aqv_loPuGtYxwmEs3XkZHZhi2Apde8BG86v14EDBgIRsKDu-p7Z91JkUaX4g,Yone,MIDDLE,157,0,0,0,285,0,-0.032792055033810386,4696,-0.24884465329455518,13588,0.07894736842105271,3
KR_7478916729,1,100,64iMl7lQGK-Un7IWLelCNPGDz9TJBIq2V7fOVtTWM1hwnr1vEdDBJ07q1gYLT0_GtaIiaajOZtN6Tg,Shen,TOP,491,0,0,0,556,0,0.0359060883939564,-253,-0.08413962683495524,9051,-0.016194331983805654,2
KR_7478916729,6,200,v53XxoEwIbwbPzPfV4BF8qVazTWKypP1PPoJnY8tahGwvIinEd1nYW_44lV2BGyo_IdhuU9qbQKhdA,Darius,TOP,-491,0,0,0,-556,0,-0.0359060883939564,253,0.08413962683495524,-9051,0.016194331983805654,-2
KR_7479042931,3,100,oyhJiMJ8FUFmjYm73RNOOo-XcGpu4E3iO0-8TQRDRlRwSfckmMfcj1vSGOcL6C_6qMjrZ5KpbRu9vQ,Hwei,MIDDLE,-316,4,4,0,-394,0,0.1117390701768185,3826,-1.1934721388793534,-2303,0.17142857142857137,0
KR_7479042931,8,200,wSqvnCbBSNKb1RMF4YyWnPlWgR-kyJWGvUu834VhRxwEkxRiz2pIMwXi_6DSVhrel9CufINWOLCG7g,FiddleSticks,MIDDLE,316,-4,-4,0,394,0,-0.1117390701768185,-3826,1.1934721388793534,2303,-0.17142857142857137,0
KR_7479042931,1,100,9FrJ39-n3IJwtjlfHeSRxLQYJFUi65Yog8reCLUcuILClU4-rdVvbLMy7FFQcjjy0vCHiHPDpIFRuw,Jayce,TOP,207,14,14,0,699,0,-0.0323376549691301,3389,0.6391204385227715,-14069,0.014285714285714235,-1
KR_7479042931,6,200,Ns3J2YXtRy_3yu-3d4qKqD8kInbiJoISwPBdPf2ytr-EB6n4ljJHPSSdjzkXmavspCIFNKI64g0Zsg,Irelia,TOP,-207,-14,-14,0,-699,0,0.0323376549691301,-3389,-0.6391204385227715,14069,-0.014285714285714235,1
KR_7479155911,3,100,_VXX6QSaJ0iUwKO1yCw43aIHaEiVt5I9vgTFfarvSjMIyY8ma2wg1fUvgZewTyZRa2fvDjAW2aMUoA,Corki,MIDDLE,165,2,2,0,-549,0,0.0007412347575384004,424,0.4159014031268418,6540,0.05288461538461542,1
KR_7479155911,8,200,-3TfMzKEZC2fZZQZs5YMpp3s_YDBCR5-QePXGfHouMWBDliUT2V43PeqO76Z6idIL43rH4ppMgXXGQ,Xerath,MIDDLE,-165,-2,-2,0,549,0,-0.0007412347575384004,-424,-0.4159014031268418,-6540,-0.05288461538461542,-1
KR_7479155911,1,100,MhzzndPHLDWpnaKaFJuzzKcm1U9X74V1K98LrKXrtfuIANZRrxf-oBf-0lwm8DW-skqu60FTcYRXzw,KSante,TOP,10,0,0,0,15,0,-0.056701728989710015,-3337,-0.06235762714096682,-10470,-0.19711538461538458,-4
KR_7479155911,6,200,9dCIrzomUW7qKXTsqvviywLiWH7BKbeMlHzNtH0kqsgrVQHwmqkyJg5RezfGkmh7ksbDBjxMaxIHIw,Renekton,TOP,-10,0,0,0,-15,0,0.056701728989710015,3337,0.06235762714096682,10470,0.19711538461538458,4
KR_7479267529,1,100,0oaW02aml3hYlyNYGPvuo4l1IBYycZrv16RC4Y9xGxx0zAJkVQjmfx-hwm6HmG1xu2v9jNuH-k2OQw,Jayce,TOP,666,20,20,0,891,0,-0.01576217390280818,13690,0.5794997523305689,-2905,-0.023549201009251397,-1
KR_7479267529,6,200,lNEkwmBVczoxPWRXKSsdwUJWImemCFRD0kTo-gqFDE9jLcYjkjx18DNScYk20rJY9RmkUNFs-qblpw,KSante,TOP,-666,-20,-20,0,-891,0,0.01576217390280818,-13690,-0.5794997523305689,2905,0.023549201009251397,1
KR_7479385824,3,100,6aTEsF6bx37P3xGRRY2mc2UviEbQf4C37ULeK_cu9D8dJJ2shhAWkEPXjzdfBPHctnL4WW-OSjGw1A,Yasuo,MIDDLE,-610,63,63,-54,962,0,-0.0536720179962,-3052,-0.40977957801438303,6335,-0.5111111111111111,-6
KR_7479385824,7,200,p4qWShNC3RnI073l3N4heLAQpz4DbXcFrzGFHjyWBhUKt4PSfDQpgCKnzKn4O-qPE0nn9RAI0AT77A,Zyra,MIDDLE,610,-63,-63,54,-962,0,0.0536720179962,3052,0.40977957801438303,-6335,0.5111111111111111,6
KR_7479525680,2,100,Mk8vRRg0yox8EQkUBIXKWC9OSqNHhLhA4i2z1gTxIfFtLvR-Vb2H8sYWJVeV_JUYYQpqBghwk4mYkw,Viego,JUNGLE,192,1,1,15,545,0,-0.0214902774494415,-3118,-0.370549959136556,6522,-0.08253968253968258,-6
KR_7479525680,7,200,JbjFMcBp-ELHqqsB-t99na07xu5rYjPtZFkI9FUQ3-bKw9VuAkVwuSukUCwe6X77trfm5XelceBsRQ,Vi,JUNGLE,-192,-1,-1,-15,-545,0,0.0214902774494415,3118,0.370549959136556,-6522,0.08253968253968258,6
KR_7479525680,3,100,NZllxfYJPbXEiUZ3HRQXl6PHxHZoQSk1FuCi9SOdPO8AWHXdbb0TkgSuLR42HyAT2Rg_Xgdsh3fWqg,Hwei,MIDDLE,234,23,23,0,59,0,0.006023548414644975,1794,-0.2093326570145485,5247,-0.1444444444444445,-12
KR_7479525680,8,200,Yu85OxRtybeePnz8UNIZODwn81eV-FEsRu4Af5yJyNIF8oScJYN-COFmHqwmHidZjF5C2LLoJuJxkA,Leblanc,MIDDLE,-234,-23,-23,0,-59,0,-0.006023548414644975,-1794,0.2093326570145485,-5247,0.1444444444444445,12
KR_7479525680,1,100,7Txil6ZbeGmCQKVIVfkn7x4ViPwwU3Dnu1F3Pc0gsNsn7IyXrvBsf2yZu7rAP2ENlO1ncQ8jWNc0ew,Ambessa,TOP,2055,25,25,0,1170,0,0.2701945519511793,5560,-0.49925052598528014,3506,0.3404761904761905,13
KR_7479525680,6,200,Kvk1XitXakAMLhuE0tQCT70QMr9wCp6rFfh0n8i7T3pacuAiuX5p1smtw4tqkyyM7IWruWTueq9vuw,Gnar,TOP,-2055,-25,-25,0,-1170,0,-0.2701945519511793,-5560,0.49925052598528014,-3506,-0.3404761904761905,-13
KR_7479673034,1,100,6r548KMDI4NF1h_lxL2CtIp_EZZY4YcvlQ9-OV22p8YxG1GPgtFE0T5--RSUvUm77yE3OvAGf6psDw,Yasuo,TOP,968,32,32,0,1006,0,0.06351325379702791,-12027,0.019761751391881077,4929,-0.11111111111111105,-1
KR_7479673034,6,200,tpTGmLHmaMBLCUiEhL957Oj0sTeyNqh5gBBn9H8cWuDJPcPwlheubYgaKRZzU-JodoxJ_fhOdvmSlw,Gangplank,TOP,-968,-32,-32,0,-1006,0,-0.06351325379702791,12027,-0.019761751391881077,-4929,0.11111111111111105,1
KR_7479830026,2,100,6c1ZinfemyMCWfZkw4IE3froYQuVhb7_p1wO8vILTzZvReNGiTrXfJARwJ22MAbcfF1-B1gYuqPjQw,MonkeyKing,JUNGLE,-559,4,4,-13,-272,0,0.06299180160268722,2902,0.3759467508118708,443,-0.02380952380952389,-1
KR_7479830026,7,200,wlTK3d2HXxqFEIfQMY0MU9y2B2ZG0DMhYRywJkJpDtGxFL7hVzBRZ_9GCoXkyaojOh6GQTjnSWkQgg,Viego,JUNGLE,559,-4,-4,13,272,0,-0.06299180160268722,-2902,-0.3759467508118708,-443,0.02380952380952389,1
KR_7479830026,1,100,etVlgYspfWvzCvtD41xMgqNNNNcZbNRJCiamC5AU2rCoMe2bmkyXx2eaPmv2yuS7zXSojDQFLR1DEw,Gnar,TOP,-785,-5,-5,0,-958,0,-0.0894603118522746,-13118,0.13709916213189655,12215,-0.13541666666666669,-7
KR_7479830026,6,200,G400UlTC3HrYRN4yh4k_lTfhCpuVhx7GcMKg96sI9YHQzL_lA1xFaR9RXUfffQ4Rj3-FP20WF-A4VA,Jayce,TOP,785,5,5,0,958,0,0.0894603118522746,13118,-0.13709916213189655,-12215,0.13541666666666669,7
KR_7479963843,2,100,T98jpQ1_ARC4H1CfSt8CrJlIp25G9krksJt80Ne6PeGrwZp_VdFtL6rH3FxwLDxyH-poMo_kiKYTuQ,LeeSin,JUNGLE,553,3,3,1,497,0,0.15314616678498172,4025,-0.24197505573556888,16446,0.32499999999999996,6
KR_7479963843,7,200,Tfu0hOAKTOtuYAPdtB_N9yN1fvggfVYqJI-6ZILWkG8gf5TxSfVHUbD7FVolHtXNa4rZfSgWYAYveA,MonkeyKing,JUNGLE,-553,-3,-3,-1,-497,0,-0.15314616678498172,-4025,0.24197505573556888,-16446,-0.32499999999999996,-6
KR_7479963843,3,100,UZJwRwzHTJHK7i0BkaTtu_CCaVGjA4VzLwXr3qprMqUgUwQsX0a_3HgkzmwjXsA88MBStuMUcZU0fA,Katarina,MIDDLE,-889,-12,-12,0,-36,0,-0.1554570768417644,-2406,-0.01846524632731006,4324,-0.20833333333333337,-4
KR_7479963843,8,200,vgJCoYLzppYe-fiaDUivcypQZPfzXstutIBMyuZwsliBrGPKxCiDP0EW1pjvSubT4LyY3pgakWFruQ,Zoe,MIDDLE,889,12,12,0,36,0,0.1554570768417644,2406,0.01846524632731006,-4324,0.20833333333333337,4
KR_7479963843,1,100,ybLhFA2MGeYxU-VJkUIDSsUrp0Dr6AhF75pufLsXfooIGf5uBRu53z601NQa8zAJ1Z4y96nswk9dkQ,Singed,TOP,-1396,-21,-21,0,-1100,0,0.041886416787833586,-10413,-0.1323450919674064,-21820,0.07499999999999996,-7
KR_7479963843,6,200,K8ByLKr57UcfjNid78QlaoijqrR2NoITQ26E-M7TyyRoX5dwo9pzeymalU7ddKfpfmDxzucrFy9E4w,Zac,TOP,1396,21,21,0,1100,0,-0.041886416787833586,10413,0.1323450919674064,21820,-0.07499999999999996,7
KR_7480078439,2,100,N2xwA3eSN-n5JYWoX26yYwEinq84BpyriVFayH8bLWEl0zusaE6JQHDLxLLLp2Z-5WSoyoGQSHnmIw,Nidalee,JUNGLE,177,-64,-64,84,1592,0,-0.028588037774509995,-1838,0.11090299019213357,19265,0.14141414141414144,-7
KR_7480078439,9,200,BZWTebPySQAvr0t9Pqb0Z_-MJ8oEfwP-FSDAWlTi3oPrJnZJthxN-XbYl-inkJxofOHFGQwNkSD83A,MissFortune,JUNGLE,-177,64,64,-84,-1592,0,0.028588037774509995,1838,-0.11090299019213357,-19265,-0.14141414141414144,7
KR_7480078439,1,100,l15bQWXzgRkZ6U5NymgDpIatqFWn6pK2zyz1Ukv5HAF1q5DKynN-UFwpdQTGlX_twnuiUCp4YjHRDA,Teemo,TOP,1013,61,61,0,2432,0,0.2112624826093738,3441,-2.462078767016964,3580,-0.16666666666666663,5
KR_7480078439,5,100,nl1irASUsHZ_fT59A8gRjYwvJINTObSpUBnjGsL_aFsMNwHe6lEr68POeKrwxps-8R06e6mppmiNsQ,Nautilus,TOP,-1013,-61,-61,0,-2432,0,-0.2112624826093738,-3441,2.462078767016964,-3580,0.16666666666666663,-5
KR_7480321584,2,100,kva_InRvFOEeeum2YAVo__0Hpdm0kZ6cIuDkAXFabzLB8-hHnqJGfCi-pQ-5lMNMhhY4-xyjqf2FHA,LeeSin,JUNGLE,-8,-4,-4,-2,-101,0,-0.144493327719378,-1121,0.26884499002436657,-6267,-0.3308270676691729,-2
KR_7480321584,7,200,gB4kZ6tr5Lzl99YaZ1Il5VKYXJ7Xv0rUrOktLKSv2jHws_9v-2RUj7RMIxVKa09vxsOqPkK-MxAD4g,XinZhao,JUNGLE,8,4,4,2,101,0,0.144493327719378,1121,-0.26884499002436657,6267,0.3308270676691729,2
KR_7480321584,3,100,8m7iOerPiTCDKOlbP8icjauELmc5ZCvqtVJkdFte_uu7VswhiUR1zuvVZOBXX1oSH5JcUsYuj-pLEw,Galio,MIDDLE,234,5,5,0,679,0,0.039650840827422984,-7674,-0.023188046766991488,-6646,-0.13032581453634084,-2
KR_7480321584,8,200,-_I4S6Cbbuw29ux8gJczmczA3ptkdYTZe1u4fvlSHcbPTvU3VnPNurVLUIOw9dt8NARUlgsALLP2vA,Sylas,MIDDLE,-234,-5,-5,0,-679,0,-0.039650840827422984,7674,0.023188046766991488,6646,0.13032581453634084,2
KR_7480321584,1,100,XjqyhA2nxKSuUcoER58VgXDt2z6cc5TprvUDxihfToF0bXlQgknRgRo7F38GpAMJsuwIihJbZudtRA,KSante,TOP,952,27,27,0,567,0,0.13236330469425628,-378,-0.23113446395930015,-1606,-0.022556390977443608,2
KR_7480321584,6,200,igfUITk6Vdt9SavyqwVgbiwE8f2keQyCw5cnnRT4o8dfh9OXXCA8hnz8z_2wf6BfTp8TAVlH3nguVA,Renekton,TOP,-952,-27,-27,0,-567,0,-0.13236330469425628,378,0.23113446395930015,1606,0.022556390977443608,-2
KR_7480437154,2,100,quiT9jj9-qN5ZjcNjuTQvu15G1QiMKoHh0E4tvm6fLGEPfLmwV1sUpiCBQ6suGfb-CjCBKiqoKOQCw,Hecarim,JUNGLE,-245,-1,-1,2,97,0,-0.027201388447040925,-2391,0.20289159285499125,1185,0.19047619047619047,-3
KR_7480437154,7,200,f1Bv5pRv_WszosQwQNqeS4rhicYHTZz_kWM5Ff606fdyWQsGL4bt9gELayM1Bcpr7Fb4xmtcuC5Zag,Rengar,JUNGLE,245,1,1,-2,-97,0,0.027201388447040925,2391,-0.20289159285499125,-1185,-0.19047619047619047,3
KR_7480437154,3,100,XvYmTow4-BJh1hBDNHA3n1Kef54TdM4AWFunXKgg-dvQoZYNCLcttFLziNg06c0H08Zw8Q7iCNk0Cg,Azir,MIDDLE,-231,4,4,0,-213,0,0.11650041086635579,-572,-0.28807765299266475,4350,0.19047619047619047,-6
KR_7480437154,8,200,yd9Mg89zXCf8rWY74Zoa4mpwUvVfaG21zfiygCR95qt04HeVYXEeta7CTseL_vcJGOHaq_ii1ILVqw,Ahri,MIDDLE,231,-4,-4,0,213,0,-0.11650041086635579,572,0.28807765299266475,-4350,-0.19047619047619047,6
KR_7480437154,1,100,7oE3sk18qtqB_dtUi2g7e0NvS16zeiJp8TJHwIj7wSnHZHzp3pZptVpLu1UhiPhHXLpwnJ6Yyem1EA,Malphite,TOP,-930,-11,-11,0,-701,0,-0.1514140346477828,-2419,0.23909307211777087,6178,0.2380952380952382,-6
KR_7480437154,6,200,gzouY6lJMtHKWTIDK747_6O_VEnVDoOmWjKzVLsPjGcXr_RHs-PGoS_M87JmBuUPziyjMpI0zbkMhg,Rumble,TOP,930,11,11,0,701,0,0.1514140346477828,2419,-0.23909307211777087,-6178,-0.2380952380952382,6
KR_7480666006,2,100,x9rHvFuYWtev9piaEGZ0k10nknwRXYgHRxH2P8GZkno1Gi6_S3GgeNiq4bokOzrNic9hZfOXsnfXjA,Kindred,JUNGLE,832,-1,-1,14,692,0,0.1517528347670858,-147,0.35867357646611087,8052,0.1547826086956522,3
KR_7480666006,7,200,Jq_fif6vf2045bpbe4opfGS9jV8pmZBcylkxucrK9UqMJH0MCc5LreENDEorEx9vadZPDsQcXjUVBw,LeeSin,JUNGLE,-832,1,1,-14,-692,0,-0.1517528347670858,147,-0.35867357646611087,-8052,-0.1547826086956522,-3
KR_7480666006,3,100,LuR9qQnc234nc8nUy62hcbWaAS0zanmFQE_X5DVle2YtC9xwyM-QWFhRQ_MFPe4rSv25bx9A7TmuDg,Akali,MIDDLE,10,-6,-6,0,295,0,-0.08825503717954566,-1962,-0.015375182986117175,15362,-0.1460869565217391,1
KR_7480666006,8,200,4sU_zD7SlxES8CruaUNSJHsE2N7LYSkAqPpN2UmNUEWnW4f6mc2x1Lkv37YMHC-EmkfVfUU61yIPvA,Taliyah,MIDDLE,-10,6,6,0,-295,0,0.08825503717954566,1962,0.015375182986117175,-15362,0.1460869565217391,-1
KR_7480666006,1,100,XI9SPyaV3DRS8AsjSIU-PPLE6sa_3SaL3pzL6SRmeEolVoxGsH0exPYnl7y1vUhf3pJy6DxN5M-fag,Udyr,TOP,-1159,-32,-32,1,-1320,0,-0.1642575415303307,-6213,-0.29718564824130356,20836,-0.25217391304347825,-7
KR_7480666006,6,200,xnQprDx1wydCG8EVhX_p8riuqqkXtOYYvmITZC3fvT5wOmzGPusAezrG9aki5Oev-LCVyygSbocTNQ,Vayne,TOP,1159,32,32,-1,1320,0,0.1642575415303307,6213,0.29718564824130356,-20836,0.25217391304347825,7
KR_7480746888,1,100,ZBb9VnMpUoRJkKNsv-C6h38VwDXrC8dcwA2aFMvah6fPIxDud-a0_-rO4sofIQIpbahOmsAU2LeXew,Ambessa,TOP,-228,-13,-13,0,-473,0,0.10376825420984948,-1702,-0.3026762985333321,-2355,0.0017543859649123417,0
KR_7480746888,6,200,XSENFzSacOWiyWy5fcg959UAcCho-0g8wJ-C3g1_yleFLqAQhKQP1t7VMjqUObWeI6fSEPc5Q2hD1Q,KSante,TOP,228,13,13,0,473,0,-0.10376825420984948,1702,0.3026762985333321,2355,-0.0017543859649123417,0
KR_7480817361,3,100,b1GVzKrgrXVuGSlKauDQ44fn5q7-D9cd0PB648yRht17AN7lq5qUQpK8NLEcIQdepi8s6cDNBpzeow,Yone,MIDDLE,667,7,7,0,-215,0,-0.029046408672267487,-5393,-0.683264320403487,-7879,0.1467304625199362,-1
KR_7480817361,8,200,2m0QA9Qe_zm20oOjc0WjJ19qwP8AbzJMcH6iF3EzsexN2HMoVTMuVPj8i01i3KPXt6Q3m4Z_crcXIQ,Vladimir,MIDDLE,-667,-7,-7,0,215,0,0.029046408672267487,5393,0.683264320403487,7879,-0.1467304625199362,1
KR_7480899916,2,100,JRoyw2RQS7vxG2-XdtEv441PMwL2fNqA6honmfHOdi-2o8U2jMGyQYowGQ1-iNftSID8st6cFF8svw,LeeSin,JUNGLE,105,-1,-1,3,-105,0,-0.10246993658223283,3366,0.6774493508939912,852,-0.23611111111111116,0
KR_7480899916,7,200,g5Np9PJ49io_MIbasRrBmEyOZv2zW9MisHw6Gj5ncteEei4zynsECmfMZ0e_WxILp7iAeSWccChC6Q,Nidalee,JUNGLE,-105,1,1,-3,105,0,0.10246993658223283,-3366,-0.6774493508939912,-852,0.23611111111111116,0
KR_7480997494,1,100,b6tTIZnA6Ft_UEHFcijLy4XPvwEQTR2Y2TaHIcY509BJjlA9_G19CKtH1jYnLVJsr0t0JMK1fdeqaA,Volibear,TOP,333,-6,-6,0,494,0,0.03982130577156279,-1421,-0.3208642859377411,7281,0.1563025210084033,2
KR_7480997494,6,200,v1eE8OuD-zKSNkVxHrncTR-6yxU9AOvl_ZEZWLMME3wlv09Xjhn-_iFp7BU2Iv006YhGsRpudmtLNw,Cassiopeia,TOP,-333,6,6,0,-494,0,-0.03982130577156279,1421,0.3208642859377411,-7281,-0.1563025210084033,-2
KR_7481102063,6,200,9El19hngvbUklRmB-VfjOpvbqPRzFyc9gC2-7ob4hFT_t7TRBidzspArnKhuZQWF_DI_yB3XEhfRfg,Swain,TOP,175,-11,-11,0,320,0,-0.1362095269461355,-4468,0.22736808589643742,-4962,-0.16666666666666669,-3
KR_7481102063,8,200,wBKCLdk0sr5q0XWiDtDHfwGQpumMvnExbHSz7OPZc3X6sLVn-4aOcikT6YGpqDpgLOBw7STMTz6BRw,Jayce,TOP,-175,11,11,0,-320,0,0.1362095269461355,4468,-0.22736808589643742,4962,0.16666666666666669,3
KR_7481243631,2,100,OxHRFk-xLASRdxXWX3oZT4NNw0QGafjb__8g_DeDdJkJLpify6qpD_gp0z0K7zEw7NrEHT5ZzRGj4g,Kindred,JUNGLE,-334,-4,-4,54,1408,0,-0.0115949010172752,-299,-0.5512008960687163,-7132,-0.09999999999999998,-3
KR_7481243631,5,100,HcAuzbrBXCqGEZKFo--MmdKkLJnvAneMCOUxUmp2RSFLb3j3L4UWKD048bMu4Xh_FOQJ7b9YYcnkpw,Pantheon,JUNGLE,334,4,4,-54,-1408,0,0.0115949010172752,299,0.5512008960687163,7132,0.09999999999999998,3
KR_7481243631,1,100,yWe4CWdVMz6EY31xxjwkX0CwqBEe8k0wtt8wNUUvo6Rtx4YsS2QXk6fXlXMBCNUodOTbzwjhUYsC2Q,Jayce,TOP,1584,17,17,0,650,0,0.03380001136204003,4707,0.13493718231805463,-3171,-0.09999999999999998,-4
KR_7481243631,6,200,LwBWtRIDWOoyXuoymWGvaYrGHNANsiC4tBLyehEg9rPv1KGDwFXL4D8tOBWVb-6Scpo_jEW-huG13w,Vladimir,TOP,-1584,-17,-17,0,-650,0,-0.03380001136204003,-4707,-0.13493718231805463,3171,0.09999999999999998,4
KR_7481394541,3,100,hNnUK-1z3SKixJ-71chpRl98fbZPjCiUx7CfBa4DdSEWixi5Q_bUDDKbGiNFdOHPdHWodvNXYLlwtg,Viktor,MIDDLE,-390,5,5,0,-156,0,0.0741548840516495,-652,-0.18855672791685485,-3396,-0.174089068825911,-4
KR_7481394541,8,200,D_E9cYico1jINlPOVYnWb0rQp-vQlR2J_ESEgvRVw_weyGkVzn1BeHnbV6rnW6nAyRSo9uXheL7Ohg,Yone,MIDDLE,390,-5,-5,0,156,0,-0.0741548840516495,652,0.18855672791685485,3396,0.174089068825911,4
KR_7481508095,2,100,wTYNerp3ayJ0IHy4DvmE4anSUdy5OeE-0FOuqj-LRuERfNkepeyTCE8EwqrZamaJtAEfhDHUtVXoBg,FiddleSticks,JUNGLE,-256,-3,-3,10,427,0,0.07466536240907681,-790,0.4604755945372092,11869,0.03556187766714081,-7
KR_7481508095,7,200,1FAvL1iJ-IUo2pLZy3DyERfkS_UPasUeQf8UwxQvGJmFu6u-mVV7n3pcIpobkjBMP6Kfs3R6byv9Cw,Belveth,JUNGLE,256,3,3,-10,-427,0,-0.07466536240907681,790,-0.4604755945372092,-11869,-0.03556187766714081,7
KR_7481508095,3,100,Di508kwCrS9NpLIsTqeR_jaf3puNNZ4yozvCBGqmx2jX5zG-E847P0JKDOOf-_KunvXR0oSIBo6otA,Corki,MIDDLE,254,7,7,0,-231,0,-0.0010693506978512457,-5103,0.1643505130029237,1901,-0.1479374110953059,-11
KR_7481508095,6,200,_KYCosk0sttuuB9X88B2n8EFkhVSRnWndieCOCh4NpMmzPZ0x5CJf-MshbV1CJ6-C94Vo5NgBjc7Tg,Aurora,MIDDLE,-254,-7,-7,0,231,0,0.0010693506978512457,5103,-0.1643505130029237,-1901,0.1479374110953059,11
KR_7481508095,1,100,GME1HoM_bVLeL_BMqCJ9DIJM501EFoO77sxrxCcrZ0i51oYeWhNa44TT8so9wv5nTcdboZ-J36jvtg,Tryndamere,TOP,-220,-9,-9,0,233,0,-0.06528306742339639,2735,0.5365261698924079,1428,0.015647226173541917,-2
KR_7481508095,8,200,bwgLFrg3suxzCbQAct3DBaKlwHIrPAyOA_2ZMRemRv3GuSYQ02C7bAhGO3LPhCgbjDM6JqOoVH7RhA,Sylas,TOP,220,9,9,0,-233,0,0.06528306742339639,-2735,-0.5365261698924079,-1428,-0.015647226173541917,2
KR_7481588495,9,200,Bkkiwtpkv-O82VZB_Mh9SpynacgAC4Uc9XQ0lEf3KVq_CoPXGYJeG6Uz6X6KhOrHoK8dcNzTZtDmsQ,Varus,BOTTOM,1109,43,43,0,572,0,0.1332571071462559,148,-1.9782837783636285,1047,-0.31818181818181823,6
KR_7481588495,10,200,1Xz_QSWX2B1I5TwF8vbeCTnqhVYCaL_brP4uW7yVOUteD2xkHA2NPCyMA0l1Ta_KYKPpViVB5RQmZg,Rell,BOTTOM,-1109,-43,-43,0,-572,0,-0.1332571071462559,-148,1.9782837783636285,-1047,0.31818181818181823,-6
KR_7481588495,2,100,nyXJDPnb4nig5IzVayj672i-A5N07GepUeyc2fWuD7E_61m7vQpB9W9zo3SlkrALp2zDQ-UyUu8Mzw,Viego,JUNGLE,571,4,4,-5,-30,0,-0.1104304517587509,1160,0.35226574791450427,-957,-0.3977272727272727,5
KR_7481588495,7,200,_0WMMg3NGaXMmt2EzGipHy5ug1DCBvT5mwjQPR83S3o74aE1XrQlp0itveLKPzuBYc640We9n8tRAA,JarvanIV,JUNGLE,-571,-4,-4,5,30,0,0.1104304517587509,-1160,-0.35226574791450427,957,0.3977272727272727,-5
KR_7481642965,2,100,Tv3wn-oHNDdJhLEGRcE5O27KHcnkFgRCMn3M-yZILnBRQwYIl6KeqS3UyA_4wFENb-dCiqn_5qvxjg,Gragas,JUNGLE,1210,3,3,-5,325,0,0.07649627083815588,0,-0.184904212805152,-860,0.2916666666666667,4
KR_7481642965,7,200,dqpl5g7lAqLcbuK2SxX5P2R8djBXB6417tTkiZCrTvlM4uvP27r4i03SfQTeSqNIPP7sc08nj_n8pA,Skarner,JUNGLE,-1210,-3,-3,5,-325,0,-0.07649627083815588,0,0.184904212805152,860,-0.2916666666666667,-4
KR_7481642965,3,100,g0HhMLVkNGUzXDeC_UITIm_uHxVn10SXicZNTpqcCkPgWlwIxldwPoMKaDS8T4qy5OMeP3nKOjMD4Q,Zed,MIDDLE,-1069,2,2,0,-362,0,0.02020007414885011,-1569,-0.1631980130331584,-1233,0.004629629629629706,-3
KR_7481642965,8,200,CWfFTNtblCWwAePUiZqgR1uCWdajOa7IPynLS2cmPHzItZZkW3uPApdXxNLAotF2BjhcAEBaj_iYPA,Ekko,MIDDLE,1069,-2,-2,0,362,0,-0.02020007414885011,1569,0.1631980130331584,1233,-0.004629629629629706,3
KR_7481642965,1,100,gKZwXe5bUz7N5bSYdlp0T42hOAQLwYt_MEnzHIYAupWcQ64wE-enG0ZrmHnG3kLHUhGZaRl2xDekow,Jax,TOP,-637,-6,-6,0,-454,0,0.13375241770734883,1748,0.02463525312743131,-11860,0.1111111111111111,0
KR_7481642965,6,200,6ELlFcnvbXRPPXCbN58Uq-Pxt6ii5o-SEiiVnv4lw3a2LqY89PL7BZ3jy-sCiGRaa1SzkiGKZCiKNw,DrMundo,TOP,637,6,6,0,454,0,-0.13375241770734883,-1748,-0.02463525312743131,11860,-0.1111111111111111,0
KR_7481692856,2,100,O7SUvmgSDubWV6Vc2grEUys_lQwTXcG1B_OryEbTZsryIRhuo1mEePYU8wDP9YPhPm9vW0WAKipiCw,XinZhao,JUNGLE,292,-3,-3,44,1681,0,-0.03878235760428539,-1634,-2.3179023456412358,14930,-0.254468085106383,-1
KR_7481692856,10,200,_2gy_DC46aRGaj02qVS4G6kbPavUSh8Sn3pwDFx-ww2bLq4f-g_5vFY1iFrAsDwciaOJlU4qab90Xg,Skarner,JUNGLE,-292,3,3,-44,-1681,0,0.03878235760428539,1634,2.3179023456412358,-14930,0.254468085106383,1
KR_7481692856,1,100,4OPGjeGSxY6aWLRsxAAXIhh3auChkV_FeWNATw5K1fxrP0OG-3s6njAJ3TZnDnjSTdXqfQkeOY1WcA,Gangplank,TOP,-85,-5,-5,0,-9,0,0.050237544412160495,573,0.2551104868287739,5415,0.1421276595744681,-1
KR_7481692856,6,200,J4JDZnz0vtiTWWi9Wv-_FZK2RjBP2pr0kjfVwqNmylEi_-UalAkovmJw2aMnxZQs6MNWKrM7wra2ZQ,Poppy,TOP,85,5,5,0,9,0,-0.050237544412160495,-573,-0.2551104868287739,-5415,-0.1421276595744681,1
KR_7481741228,9,200,oeYdf9Htp4CRlYzxsabIJ-JNMPmEIZSgWce8nhsK6CLAf_mRa3SEmZbkMhHVrbrXvRMadVWlLerrhA,Xerath,BOTTOM,1587,62,62,0,2101,0,0.1839835311077731,781,-1.745566170539205,-2528,-0.05555555555555547,3
KR_7481741228,10,200,kbUYVPedrL3vbB2BNt871bCtsRSsE-0Ie1zwREvNwhs_Yhpiu2KcNbkAGiDNvAcX-BzgVUmSH4XWDg,Ornn,BOTTOM,-1587,-62,-62,0,-2101,0,-0.1839835311077731,-781,1.745566170539205,2528,0.05555555555555547,-3
KR_7481788970,6,200,CPIqHUdYvN6ENJyt01KdA35PprwHlpb4xUqW7D0-Z868jE0lyh3qD7ZanjoaKTfgvGU5knWtidBWDQ,Camille,MIDDLE,49,61,61,-51,932,0,-0.021445337757427296,965,0.6375176991809346,-24077,-0.35,5
KR_7481788970,7,200,hKNDL0up8nY8XXYlxGcidnCWfmWm1fci8YePFLPHQtayFViQWrh-5df61ZB26jttq8e02YlnJVHSLg,Hecarim,MIDDLE,-49,-61,-61,51,-932,0,0.021445337757427296,-965,-0.6375176991809346,24077,0.35,-5
KR_7481788970,1,100,d-vNRUTdqFBsIvSbe2UDxy1haKnyR6vqbue2AYhmJtT12UID6-Rtfz0gpJwxBabM8eMOcHWyqQiY4Q,Fiora,TOP,-1070,-1,-1,0,-376,0,-0.010096201614718803,60,-0.4305548230794265,15292,0.16111111111111115,2
KR_7481788970,8,200,UQI8dUjdNb826T5dGZnx1B92yEm0KLOH7akBJ-pIWDChZzKYwycKmztNaxhAC5X_ihs808LD555XZw,Ahri,TOP,1070,1,1,0,376,0,0.010096201614718803,-60,0.4305548230794265,-15292,-0.16111111111111115,-2
KR_7481892682,4,100,zFFStctrHdVXt4VsKj14beKDuI8r5rqRx8EmErd9EnbXB5I2mhCAp0tvEZr-F2YHvZ4enGXn-GtUTA,Sivir,BOTTOM,457,55,55,0,1328,0,0.12178125081331188,2505,-2.4580017250490807,1166,-0.1428571428571428,0
KR_7481892682,5,100,OP_O-u4Pyf6rAGYkoEBrXgHWQE4DfNJuX9hUM0HXwp9fbPNxv2fWTOlJc2v2sFAc9-NUgxHrR0zXog,Thresh,BOTTOM,-457,-55,-55,0,-1328,0,-0.12178125081331188,-2505,2.4580017250490807,-1166,0.1428571428571428,0
KR_7482015288,2,100,J43Uigwk6arj2ZQReL5VcO3DKr_Tv79Np2JRj0E7wxsc4JF2Jjb-JjzBIOLhDCE1Ma-KJ5uAsefVEQ,Viego,JUNGLE,328,5,5,-9,59,0,0.0633877032973452,3039,0.6955103957656468,-3872,0.12068965517241381,6
KR_7482015288,7,200,yecFL4-QvIKwDhUdZ-ZOny7dSeClRv35aYTPgNiXbjV7HCJBQX_grXm0mvrbnUlKKA9qZ9qcVH59vQ,Belveth,JUNGLE,-328,-5,-5,9,-59,0,-0.0633877032973452,-3039,-0.6955103957656468,3872,-0.12068965517241381,-6
KR_7482015288,3,100,aICYAnNv_KIyhGl8CHiZdncr52bigXaq02LJmIVBPvOIqYf2djUBPua0GdrqF-ZWas1F0QJcaX4pLg,Sylas,MIDDLE,-1143,-19,-19,0,-424,0,-0.07515459475659297,1078,-0.3323460222430883,8927,-0.2551724137931034,-1
KR_7482015288,8,200,7_PXdQZgpd9Uv9PbJRpB1oe6k9qkW--ZJjJ19Ax5CyuBGJr2uHnZYT9pgFe5t0LA7jVqkuaL47vuuw,Lissandra,MIDDLE,1143,19,19,0,424,0,0.07515459475659297,-1078,0.3323460222430883,-8927,0.2551724137931034,1
KR_7482015288,1,100,w77af0AbP6KBO6q3Nr_qkvtStEL0xcgVKO25OtPO-pXClv5HkU28VFUdg1lhZpbaZmr0ahMTOLiO1g,Warwick,TOP,-596,-22,-22,0,-250,0,-0.16281412626358757,-8999,0.08778996021986885,2298,-0.05862068965517239,-1
KR_7482015288,6,200,5zgpLh4rkHniikZaDzVt9pN5VF8OQVtP1p9PAf4tEbXJ98cO2Qkl08XZDinLIi5t2VlATd851JMwbA,Vayne,TOP,596,22,22,0,250,0,0.16281412626358757,8999,-0.08778996021986885,-2298,0.05862068965517239,1
KR_7482088054,2,100,tXFfrGlPQnzpZ85SBazp6UNcD1BHdp_gSVrFqb9B58MQnd6Y6mDEXcubdJlkm7QCJNtGbxFC1KZiow,Lillia,JUNGLE,-354,0,0,20,606,0,0.1211887285941707,187,-0.5878600648674556,17754,0.07995495495495492,2
KR_7482088054,7,200,Q_U86g5MGpWv0LPsUTs4Hd9afIUCSCFMxhfrWgzT8oHPMWbNHKV6T8U95uFvHK4wm2_XgSJyEzaYOw,Skarner,JUNGLE,354,0,0,-20,-606,0,-0.1211887285941707,-187,0.5878600648674556,-17754,-0.07995495495495492,-2
KR_7482170176,4,100,fJG5cjLrYeUIsZG7w9ifbEhPyaznMOxcRZV74u7EORUO5wYDHjkMmFW8StD4vXvXkYgbBx49QQy4_Q,Kalista,BOTTOM,1334,54,54,0,892,0,0.2400538340573363,1639,-2.983869492184845,10767,0.2360446570972886,5
KR_7482170176,10,200,OKgopTmAgxP090TRlGJzSYPz7PFvi50tM1I4F_witz3uo6z5D7LIaE5KLey2xAOkmObgEVY2SQmVSA,Bard,BOTTOM,-1334,-54,-54,0,-892,0,-0.2400538340573363,-1639,2.983869492184845,-10767,-0.2360446570972886,-5
KR_7482170176,1,100,nAcxYyaM5Q6CFC4PECgvpnruO0Q8hPfSbn2pBEFvs_LaUzQsX_k8oN8XaiTujv6JOT159iM4OAqKrQ,Gangplank,TOP,-466,-2,-2,0,-762,0,0.06147512680446959,-8909,0.284370980748204,-15816,-0.04146730462519943,1
KR_7482170176,6,200,vQNfXMUGaZQ70Gdb9U4-S0zAmbwdkIXvB_gLQwo4PV1It6x_yvLc03LRkKciO3VchnUThmMiOgN02g,Zac,TOP,466,2,2,0,762,0,-0.06147512680446959,8909,-0.284370980748204,15816,0.04146730462519943,-1
KR_7482249854,1,100,UUsZjYk2wPD4BkMfRhgfamQBp6lJndsS0C8q5TCHDXp5Ko36he5L3chD2VP9Rqi6DVPsbaute3gICg,Ambessa,JUNGLE,-1112,53,53,-52,786,0,0.00016643856215389774,467,-0.2170019375400284,160,-0.38888888888888895,-4
KR_7482249854,2,100,Ek6iyFdwcoO1nQrAzMG8-fjsolRfNT2dvTCbr9A6IAAkTY9FEBfY5NPd0M78Ms7eJzRuFZBDOTCyaA,Shaco,JUNGLE,1112,-53,-53,52,-786,0,-0.00016643856215389774,-467,0.2170019375400284,-160,0.38888888888888895,4
KR_7482319812,2,100,tyNtASKk8AXHcPXm3ohXSIXtTgjcVe2DC-7GVp7nBfbLFluIlEtA5GViN5MBTAvBl6ZBBHJgjeCs6g,Pantheon,JUNGLE,-705,4,4,-2,201,0,-0.03736281478702541,-1177,-0.06640080556742856,-2890,-0.29230769230769227,-3
KR_7482319812,7,200,7B_pgto1GCXIVE0A4PSo14xaPSZcIyUF_s1cy9hQM3XomOmrPHI_17myu0dGT0U7J0hk2kpGmvuMgQ,Nidalee,JUNGLE,705,-4,-4,2,-201,0,0.03736281478702541,1177,0.06640080556742856,2890,0.29230769230769227,3
KR_7482319812,3,100,RpfgaSJMUK_WXacjFMN2Jw07IPONubosibIrVZc8rdyAsZte53n5Pxh50nTvkFkvy0eg1XWtCX3sFw,Leblanc,MIDDLE,1137,15,15,0,948,0,0.07234916882194409,809,-0.3252881931325333,-2219,0.4461538461538462,7
KR_7482319812,8,200,Jbtf8qEh0LhlKrtvmxijQJ9za3ERocnlpKAX1Wl-DlWvdG5jqTpMVoux7N49emjJ9eDNFiSGQI8CKg,Vex,MIDDLE,-1137,-15,-15,0,-948,0,-0.07234916882194409,-809,0.3252881931325333,2219,-0.4461538461538462,-7
KR_7482319812,1,100,CM9Xxuk0iPff1UuE3B_9pTMjXpjtbqZFte9ziUuUKA8_t0E0GHTGL1lzIMOlwFfHd2VazAA8aqWxYw,Jayce,TOP,-6,8,8,0,-405,0,0.04457753379319182,-1115,0.22504672879333576,-2812,-0.07948717948717948,-2
KR_7482319812,6,200,nuAN9gobcswl_Q6S6jcDWaSFYg9ZTp5vPeUMvV3xJd_wM7QMiVAMPUIVJ9maZPqRj05B3I-lIA2fpg,Camille,TOP,6,-8,-8,0,405,0,-0.04457753379319182,1115,-0.22504672879333576,2812,0.07948717948717948,2
KR_7482499992,2,100,01eWG_WPB4nXtrIqhom0z6aj3PkyX-VLrTuqC6KyyenNFFW44TVBVRWMwvsZ9rylBO4L9HcHyK4G3A,LeeSin,JUNGLE,353,-1,-1,4,496,0,0.0983933506636579,-10247,0.02189720755317537,-2464,0.33333333333333337,-1
KR_7482499992,7,200,mlm0JtHe6_GkM_q_8zaeoV_JvpSSJFcst4eLsdEKplI7F-XDyQC0Ii1OmA4OPIFIe5SyLg1nGWtLoQ,Viego,JUNGLE,-353,1,1,-4,-496,0,-0.0983933506636579,10247,-0.02189720755317537,2464,-0.33333333333333337,1
KR_7482499992,3,100,Zk-hWcm6jTW-llaj3_axFoWsZvOKhLEei_wGiDTktBlfBKRz92EbyXlv9Rnq5sMFW6sk9Aol44vhlw,Aurora,MIDDLE,-879,-11,-11,0,-631,0,-0.0774870180327433,-1831,-0.5355751531976483,8089,-0.2333333333333334,-7
KR_7482499992,8,200,n0mmWdNHd5AxRmw7eJ_hijJQQSySkOrYRgsKBteqWpvoAhvjvoUodbtWiUc4pUXrszcArZVZEq_iqA,Syndra,MIDDLE,879,11,11,0,631,0,0.0774870180327433,1831,0.5355751531976483,-8089,0.2333333333333334,7
KR_7482738518,1,100,tygnpUL3TQNdJB0G3SNFe2zEJONiJ9O_N_wJUx0w7q_wDBjQGwcIcimUs9aLnLCLN2qSreuhDKJ4Bg,Camille,TOP,-1339,-16,-16,0,-721,0,0.02267152539138037,4651,-0.37942926953149436,5065,0.18566176470588236,0
KR_7482738518,6,200,2_CtPcwDfb_y8mq4EBbzvrrwvzQV0bp8UjNIOUZJPVnrfxFUUXVskmqXLEQz7LLKVZ3Uri-hAWdBvw,Gnar,TOP,1339,16,16,0,721,0,-0.02267152539138037,-4651,0.37942926953149436,-5065,-0.18566176470588236,0
KR_7482836407,1,100,jC4VF0WYGM9ksWQo7dFL-4lyI0g0w0sT15KL8jdZ7VzDgKB6C2YGpPLeEwKTEC4XKDcF4WGUacJs0A,Jayce,TOP,-594,-19,-19,0,-899,0,0.129573888925177,9159,0.2665266132639412,-1830,0.19999999999999996,10
KR_7482836407,6,200,uSwfkCgdg8y_rkWo6Crs5HGsLDSGX0LoP7lLv2aS0GxOCXljiJVWt0YVf3If6MenQsZ_LagRzjLT3g,Irelia,TOP,594,19,19,0,899,0,-0.129573888925177,-9159,-0.2665266132639412,1830,-0.19999999999999996,-10
KR_7482927436,2,100,_yZ0OILm1Q0pY_sxwYiHLy5ukRzlWTTbQo-BlciZrqmSSdKMML5fz02zFoiysw5qpqxtFNlPS0K7QQ,Kindred,JUNGLE,1558,0,0,27,1271,0,0.14054610129215298,968,-0.11649351991250168,1596,0.523809523809524,2
KR_7482927436,7,200,Q_U86g5MGpWv0LPsUTs4Hd9afIUCSCFMxhfrWgzT8oHPMWbNHKV6T8U95uFvHK4wm2_XgSJyEzaYOw,Skarner,JUNGLE,-1558,0,0,-27,-1271,0,-0.14054610129215298,-968,0.11649351991250168,-1596,-0.523809523809524,-2
KR_7482927436,3,100,eWZ8SUlZsrCbHjsnRqJAaFcAvhVqAoi4gTsaAGC04nO97iUJeP15wcL-bd8sDxYDVp7zvagNVJKqQQ,Ahri,MIDDLE,1112,-4,-4,0,329,0,0.004665392139382274,2248,0.2428721856345437,744,0.43290043290043306,-1
KR_7482927436,8,200,7tvnghjOL16x8LjWfayTJOHgwCrzDJ4EjKx7cZ0h1YYX60U7Bvn4372DG5iamk7vKFLuLcV_YL0rUg,Viktor,MIDDLE,-1112,4,4,0,-329,0,-0.004665392139382274,-2248,-0.2428721856345437,-744,-0.43290043290043306,1
KR_7482927436,1,100,HsXyTvw_1ojEOJCFs4oikolJtljQJUpNoWOGDQWDNhlF7FxASc1DInYNNFOkpxNWEcdaiP2jlnFkfA,Gangplank,TOP,-702,-9,-9,0,-178,0,0.012532056777316308,-2429,0.10807253219980939,-4895,-0.25108225108225113,-4
KR_7482927436,6,200,JncbFPz_xCb-AwjGVEcvbhGyrdtgtrcmLQBQxKTi3yrb5mJrO22JSzQHugPoG5jr2D0UrsNcMEKuhQ,KSante,TOP,702,9,9,0,178,0,-0.012532056777316308,2429,-0.10807253219980939,4895,0.25108225108225113,4
KR_7482986697,1,100,qhKi5hdjQ_YStbpYirCCrNqzkInpP3xeKvHLoDyNeI8EpiyRJYCTEK13U9tZ1ewAJb8uo80gO8hnwA,Sion,TOP,-1139,-30,-30,-2,-1308,0,-0.1593551939721808,-4824,0.5294796062730615,6246,-0.3541666666666667,-4
KR_7482986697,6,200,qscSl8tOIxsoj8O6BzsSL9xypFkFsHC8HlvUewb5XpU-6GqF3cGZwc8T_-hBIBgioqubW9hkUAT_nA,Ambessa,TOP,1139,30,30,2,1308,0,0.1593551939721808,4824,-0.5294796062730615,-6246,0.3541666666666667,4
KR_7483041502,2,100,mHje7nvkX5QHQ_En-Ws545Yqsz1J77RdW6Mlo6xscF7ZBdRJ6YMSVvAMbh5Kj2jSDX47F8f-oOt0Ew,Skarner,JUNGLE,43,-1,-1,2,88,0,0.08446557422403589,-814,-0.123434354945965,3503,0.231981981981982,6
KR_7483041502,7,200,1x_WHykXYO5wr6igZo7A3xxzFxxGhkfOZFEk2IBbGn419Y8RVGlNv0gzmpY-R9zhxL4LkQJj9jGFgg,MonkeyKing,JUNGLE,-43,1,1,-2,-88,0,-0.08446557422403589,814,0.123434354945965,-3503,-0.231981981981982,-6
KR_7483084457,2,100,uHShjC909KfqFmJOew0oMSR_pHB4KTS3tY0wvQkdUcImDbCu9Au-PmwNlMXbTxJHt55K1U8suK9U0w,Hecarim,JUNGLE,-310,1,1,-6,-153,0,0.01668149684538961,876,-0.021654972722217947,2842,-0.13131313131313138,2
KR_7483084457,7,200,FG2VUJQGt72ABgrwcrr9A5NU2GhOS88fF4faTwmf9mryaykBwkYCdU4xYo6YrOFP80G2wHVFW4BEgA,Vi,JUNGLE,310,-1,-1,6,153,0,-0.01668149684538961,-876,0.021654972722217947,-2842,0.13131313131313138,-2
KR_7483132005,2,100,MGMO2dkpLmkDT7JjORmpp0izSLIek0fyWOd0Q4r8rnMGZKIxIkYXC3GzH0s43Yzc4Dlh2UGtSgQ88Q,Lillia,JUNGLE,-3,1,1,2,237,0,0.1055345607455069,6084,0.08448521291855915,-4604,0.027083333333333348,2
KR_7483132005,7,200,Er6NmudjLAikmUsEDVUdVjt-lS43SPFskSK1AUlYHkDPJ_ydOkMRIrACPH4Z6ArvifRq9K9FwVMoBw,LeeSin,JUNGLE,3,-1,-1,-2,-237,0,-0.1055345607455069,-6084,-0.08448521291855915,4604,-0.027083333333333348,-2
KR_7483132005,3,100,vx6dL5HVCa50G6W3vOOEnsYAt2p04Ws8veYgnlvz7s593zZl6qNZ6XTB_EeBCv2YsZlSNDZkkcqblw,Talon,MIDDLE,592,-7,-7,0,-67,0,0.0029957764245975016,-2649,-0.4579483734475783,17412,0.0,5
KR_7483132005,8,200,ECu5XgOKdQlnedQWdnqutR52YFqhNZS-E_xlhDdA9wqz-xAiTXxLua1q5jsekT8j5wcd8zDiEYE3Eg,Zoe,MIDDLE,-592,7,7,0,67,0,-0.0029957764245975016,2649,0.4579483734475783,-17412,-0.0,-5
KR_7483132005,1,100,wqY2F7A04lN9UK7hORAss1u8I8P2IslRJlQbCg6Dx0zhnwBIb2DQ_4otmU2E4h47GfQSFWxhphFEyA,Jayce,TOP,-665,-1,-1,0,-384,0,-0.015059651342130415,-5977,0.6139346924887668,-7232,-0.0625,-7
KR_7483132005,6,200,CXmU0hsfQqcvN46z7PGmCSgR7n33V_4vF2qIT9uv47hhGLLd57tdCkFZEdym7VwGTNnMZQobB9bk3g,Rengar,TOP,665,1,1,0,384,0,0.015059651342130415,5977,-0.6139346924887668,7232,0.0625,7
KR_7483192958,1,100,CPIqHUdYvN6ENJyt01KdA35PprwHlpb4xUqW7D0-Z868jE0lyh3qD7ZanjoaKTfgvGU5knWtidBWDQ,Camille,TOP,98,6,6,0,254,0,0.031084868748455896,2837,0.31090821700217064,3296,-0.09125,-6
KR_7483192958,6,200,XoH8KxrLKSSmQ0TmeKAZf8360WW-1yy2UOKKmYBa_zkYUKJXvcjxgm8gOThbXB94gLfqBQyqyXBvbw,KSante,TOP,-98,-6,-6,0,-254,0,-0.031084868748455896,-2837,-0.31090821700217064,-3296,0.09125,6
KR_7483328304,1,100,nAcxYyaM5Q6CFC4PECgvpnruO0Q8hPfSbn2pBEFvs_LaUzQsX_k8oN8XaiTujv6JOT159iM4OAqKrQ,Gangplank,TOP,1337,7,7,0,1387,0,0.03149252455078899,5809,-0.01675181512319024,4948,0.47666666666666674,7
KR_7483328304,6,200,JB46PlavWmGzk1u5CuibPFNslZxKMNyS668MajlEx8L7-gt1Gs6i57i9bozbC-JvTbKV9EDOQy3Ghw,Rumble,TOP,-1337,-7,-7,0,-1387,0,-0.03149252455078899,-5809,0.01675181512319024,-4948,-0.47666666666666674,-7
KR_7483453868,1,100,krGCpOgtfe1HZBmDbCJjAPJgYIRxuZ-HabfTvAHqEprhEBRtVVtJ2SnW5oV6nv_Yi7zSLeCagIq7XA,Yasuo,TOP,-1433,-12,-12,0,-859,0,-0.13788307998935107,2495,0.5411537334540774,-2151,-0.21269841269841278,-3
KR_7483453868,6,200,IfjUzlSvAxxBvjx9L8nYpGqkVzH67JSzU8KJ4cXOYzs1LkbdHXyqZKcJyRVmrPoMNuhhbNTS93VOMQ,Jayce,TOP,1433,12,12,0,859,0,0.13788307998935107,-2495,-0.5411537334540774,2151,0.21269841269841278,3
KR_7483543211,2,100,3v7jZ16aTGpUKoDaUtwSO3XKX_2aHY0BaGnS6sJGgOD8Da6YxHWz7sdMz8qSXWeZ7-6fO99XB9nHmw,Viego,JUNGLE,-789,-75,-75,72,498,0,-0.14576833730627972,3372,0.5369705503414517,14191,-0.09999999999999998,-5
KR_7483543211,9,200,otY5e7zzkrGMRO4E3j3JtXsjhhntexEFmU2XSm3l_wjjUo7Y1octvaJC096bajzpMAEUnEu5-TSiZQ,Corki,JUNGLE,789,75,75,-72,-498,0,0.14576833730627972,-3372,-0.5369705503414517,-14191,0.09999999999999998,5
KR_7483543211,1,100,T8tLvTlFi379ZYVL8ZDM8BYF9GRQcvQqevn8Zs3Qqdvj4bdkG0u2M0FnmEPVfw-YZPW7We6vQeH1Qw,Rumble,TOP,451,14,14,0,301,0,0.0453764615515046,-1742,-0.16332654410064001,-17699,-0.053333333333333344,1
KR_7483543211,6,200,sp2tvtUvHzQH9ZHQ2Y14QrUO8JLXFy7HOG0AKN3mS3tvSvQH5MfUNyCjaHdgg0Ai-caOT8GRJR9gOw,Tryndamere,TOP,-451,-14,-14,0,-301,0,-0.0453764615515046,1742,0.16332654410064001,17699,0.053333333333333344,-1
KR_7483619843,4,100,sTXaPKBvFsT-e6g3LB7fuhMWUq0lesAEqZvtO-8qB5ryU6xpGJkdbcsbauu-adGlucZ_1MYXZ7L_4g,Corki,BOTTOM,2522,75,75,0,2171,0,0.180629949979158,10911,-2.23286258424958,-1173,0.0888888888888889,7
KR_7483619843,5,100,q_b-GcsY2y6NnXeh8Ox1AA_B4mmQ4TD7RUtrwsB5bcWTU8OlaXDaEL06AW0jCKH60gvPxmhsyPP30g,Blitzcrank,BOTTOM,-2522,-75,-75,0,-2171,0,-0.180629949979158,-10911,2.23286258424958,1173,-0.0888888888888889,-7
KR_7483619843,2,100,Vl4u0vynG0x_c3VBg0XSpnoVhqxM25KMMj9-qKZqR6Hxwxl7TBZZz3KZJ3bL7HlzcHVqXRSDbBcAkQ,Viego,JUNGLE,921,-48,-48,53,148,0,-0.010135055458866421,4873,0.20922469312197023,19919,-0.14166666666666672,2
KR_7483619843,9,200,bqnYEzUGknrj5Yc1Ow7P3MVbk3n41r1_crz4yPw-_Dm1nq7-y_AQIBtPaA0MSK8fZLfHVmJHOsA6-Q,Jhin,JUNGLE,-921,48,48,-53,-148,0,0.010135055458866421,-4873,-0.20922469312197023,-19919,0.14166666666666672,-2
KR_7483619843,1,100,g9OsH9YLlErJ5JPmG_h_qn1swl_2Fz4bxMvHnTVOpBDR-LXsyRoUYaKXTub8I35gVzFyMy4UQEIsxg,Jayce,TOP,1459,8,8,0,-13,0,0.0995755289512511,8498,0.7991148103709407,-18034,-0.13055555555555554,11
KR_7483619843,6,200,uHq6Jo3alD9sVdrSfjN7uIPa5wjzfXnKudXovowzuh_WCKXBn7ToCNR5D7alP_qnX3F-9rx8Njwg2Q,Aatrox,TOP,-1459,-8,-8,0,13,0,-0.0995755289512511,-8498,-0.7991148103709407,18034,0.13055555555555554,-11
KR_7483693999,2,100,sC__E7ZIpUrYH6jCPbldayLgUBA4xS35ynVlOVkVjxsNtyPjpizFE_pzMKc7DEGw-Xlwmv3CRFj3Uw,Belveth,JUNGLE,90,2,2,9,355,0,0.1513761688549029,8509,-0.5997255878265878,-1022,0.23913043478260865,8
KR_7483693999,7,200,gtB0nsz4zT1MUt9FT5chEM_aSs37iMHVynylWmUn4BrMe4xV_FMb9PDPPmQtWXkkXyMqOs26E_5qYA,Viego,JUNGLE,-90,-2,-2,-9,-355,0,-0.1513761688549029,-8509,0.5997255878265878,1022,-0.23913043478260865,-8
KR_7483693999,3,100,Jbtf8qEh0LhlKrtvmxijQJ9za3ERocnlpKAX1Wl-DlWvdG5jqTpMVoux7N49emjJ9eDNFiSGQI8CKg,Neeko,MIDDLE,-15,19,19,-2,332,0,-0.10664812815927971,2564,0.3261284491331672,-4987,-0.025362318840579712,-3
KR_7483693999,8,200,YBQLz2NGaXvFPvJBnwPC0shvmPOEwY3oQKI5kHY28Xz5mtm9BGDpn49bEAFjrRm_G7m6vrNneX60cA,Akali,MIDDLE,15,-19,-19,2,-332,0,0.10664812815927971,-2564,-0.3261284491331672,4987,0.025362318840579712,3
KR_7483693999,1,100,5iyXobLS4woqVPQzl3NCZODMBawHRNhSATVSPoUOihSEli1qEZtOB0ivAKeej3ogHKbRwcKtnOBcDQ,Ambessa,TOP,175,-15,-15,-2,-480,0,-0.0811796190556976,3495,0.21805404228583164,-3243,0.10507246376811591,0
KR_7483693999,6,200,JClpk2kNRXtXEOJk094Lf_3tHryWBnpgu4vIgCFJ-CfqoAhJ8iJk2-frmhKIHerQ5pQKmJ_43mQvdA,Olaf,TOP,-175,15,15,2,480,0,0.0811796190556976,-3495,-0.21805404228583164,3243,-0.10507246376811591,0
KR_7483802549,2,100,HKNAeV1InsOhqf-Nu-R-NFac2AFZli2vDHriuAAIiZV3fvWAfo86JYOPt_KNM3nx3BqEzVHmKDGSSw,Vi,JUNGLE,554,5,5,-3,3,0,0.006948563270939817,4210,0.3569135107782182,-16427,-0.14304812834224606,7
KR_7483802549,7,200,fbEG1bGYu3EXw9e6r8WRPp1AUeHFnu2tU4cdHoFuArApzR6xZ1D9unChA4GkntU_CPj_XScTwwYtOQ,Nidalee,JUNGLE,-554,-5,-5,3,-3,0,-0.006948563270939817,-4210,-0.3569135107782182,16427,0.14304812834224606,-7
KR_7483802549,3,100,_WglPSM8lyISpNX4rmMCtpHgXApcUUh0bP9C0tNnjytPs2tIfcZME4e0X9TFvPN4dv_IxkkKqGeHWw,Aurora,MIDDLE,820,33,33,0,758,0,0.001236755111189397,5637,-0.0013893967250552253,-7159,-0.012032085561497319,7
KR_7483802549,8,200,5PNa9hBvdeu7c3uGpKPJJfw1670eU74XQ-AkP761ewdMI5eoO3cKQhtcDXsEJbs6rem6ZI-t5fk6Rw,Qiyana,MIDDLE,-820,-33,-33,0,-758,0,-0.001236755111189397,-5637,0.0013893967250552253,7159,0.012032085561497319,-7
KR_7483802549,1,100,Hr_xFoHTgW1eWvXm3NH3SjIhlmbf0keglyW5w_t6XENZKXsbTEiv_6qtsEDLxHu3HL5X0ngrAN-IFA,Singed,TOP,523,-9,-9,0,414,0,0.051564649886745695,-1109,0.09406591524206359,-8355,0.160427807486631,5
KR_7483802549,6,200,Z09zsev909RRVvgaPi_SqcYmNbEp8UiSqLgrzn0Ba8WD45U-unlAvPZloD9stHkaN7dEazix-S0Pdg,Fiora,TOP,-523,9,9,0,-414,0,-0.051564649886745695,1109,-0.09406591524206359,8355,-0.160427807486631,-5
KR_7483912993,3,100,TRbaSp8arrNumyxvhKHif7ULaPAgEQTYFDwU2u-REQZLy8kBQ-TnbvgJk1yhdwBhAb5oF2ILLlXYpQ,Aurora,MIDDLE,-334,8,8,0,-314,0,-0.026466832301517668,-374,-0.05193618427062141,-7714,0.10394265232974909,5
KR_7483912993,9,200,t1GyKKUBbLE4RIKVPKMddMy3C7M2Ru_s-HJYlSHeea-NnKI89SmykoSjUyfVNLkgrHoNRDWoz08Tcg,Galio,MIDDLE,334,-8,-8,0,314,0,0.026466832301517668,374,0.05193618427062141,7714,-0.10394265232974909,-5
KR_7483912993,1,100,lRKyzJ4aai3J2HQPh_2kS4Z91DmydvXsGuEUP3O_FNW-GN0y0MFcCP3XOVlnBrmLh5xThGCGozr0JQ,Yasuo,TOP,29,18,18,0,69,0,0.0356268418563275,-653,0.29743162147397273,454,0.0681003584229391,3
KR_7483912993,6,200,OOGTjiMZDgaF0NeWGVLEJKlO3X2wMv2Y0-7FHBbBQBOj890fy7bbf2XpVKw2e19yUqIg1dR7dUWx6A,Yone,TOP,-29,-18,-18,0,-69,0,-0.0356268418563275,653,-0.29743162147397273,-454,-0.0681003584229391,-3
KR_7484042814,3,100,qqWu1I3cDUJupF6ZfnTgnOjJz8rO2zVE8eKe5t6HRd_RfAoqBkUQucauM-xlRTPh4DIM-Lyi5Sm88g,Lux,MIDDLE,145,3,3,0,468,0,0.13089682539830172,3751,0.06096888165791181,-8302,0.29720279720279724,9
KR_7484042814,8,200,z6GTsMQYqrBXp_OBqhrMZwZM-0MDW4FZiwXg6Z_--Fzx76aQFaycSJpuJax2hnQsFyyd1d7i4E9S6w,Qiyana,MIDDLE,-145,-3,-3,0,-468,0,-0.13089682539830172,-3751,-0.06096888165791181,8302,-0.29720279720279724,-9
KR_7484156826,2,100,CSqlJmAPT7AaP4iEDfmGHqE9nrFX6K2KAc8jQ5Lxju08n2lnkzumv7KcKgtJafvwgDAsWhue4CcwMA,Gragas,JUNGLE,207,-1,-1,10,592,0,0.05263706279116029,-1004,-0.137264543904683,1855,0.050682261208576995,-2
KR_7484156826,7,200,8Um0Xv7dGnSrOskVMvzAW2cSQNL9Ab_d5mJ-OZixnrOvS2i__OCYPqT1Wxs_AxOymdQ2rBbIEhWOUA,Elise,JUNGLE,-207,1,1,-10,-592,0,-0.05263706279116029,1004,0.137264543904683,-1855,-0.050682261208576995,2
KR_7484247724,2,100,4MbeXo1d079TD3SkUdE6heoUc1zty9Ff7yVozxcFhgeyV2MOecNKOg-y2rH-QCaiLJ2SVfqKvkfiLg,Viego,JUNGLE,746,-59,-59,64,737,0,-0.038544394939758614,-9953,0.18801229987654366,37121,0.2113095238095239,0
KR_7484247724,9,200,KEEwY4YPlabxLhtHYs-dVl9smf6lqTXLwREpanEbY192KRWu9wO4V5SXLIJde4mIt7Ip-5MXF3paQg,MissFortune,JUNGLE,-746,59,59,-64,-737,0,0.038544394939758614,9953,-0.18801229987654366,-37121,-0.2113095238095239,0
KR_7484335091,4,100,YNiWpOG-yQ7lASEXXLqWSUuftQWKHQZDufT5ecuQZ4NI7OWSPvDVrfdQclEjpZtHDRwYl7PYaaR9Zg,Corki,TOP,-34,-1,-1,0,814,0,0.20346694572819848,-1807,0.4213381300808229,11738,0.3125,4
KR_7484335091,9,200,X5nSO5uPTMPwxHeDbQzP2YqSn-EcaColsT3ST58x7OMOMMz7z5Ez_5dvTs-mzDTdMsP0qpti1z68_g,MissFortune,TOP,34,1,1,0,-814,0,-0.20346694572819848,1807,-0.4213381300808229,-11738,-0.3125,-4
KR_7484394270,2,100,_7ZHR6wvSkIFgGoLCG407PZLqDjSpA9N7ejP5lENcoVWDQP5vKU56ahEZep2f6QnFHpBfmNBvd1meA,Nocturne,JUNGLE,-248,-1,-1,-1,-134,0,-0.0754818946011549,-4496,-0.8023342771306479,11029,-0.2222222222222222,-7
KR_7484394270,7,200,MNAemi8SKWVM2z0ICdhSQZHyiniX7lDOPzXlwq899x8vkiRBPqmWSmetXRNxr41IvvqXewx90T1pnw,Kindred,JUNGLE,248,1,1,1,134,0,0.0754818946011549,4496,0.8023342771306479,-11029,0.2222222222222222,7
KR_7484394270,3,100,HCmFh-vSFJG900q6dxuf5Saic012nQShBEx34V6wdWbDAggagfW5NMN3kB5wwrqEhGbxcUgoCLS1eg,Akali,MIDDLE,29,9,9,0,141,0,0.03550359418787288,2217,-0.08828980623260785,684,0.1481481481481482,0
KR_7484394270,8,200,vx6dL5HVCa50G6W3vOOEnsYAt2p04Ws8veYgnlvz7s593zZl6qNZ6XTB_EeBCv2YsZlSNDZkkcqblw,Talon,MIDDLE,-29,-9,-9,0,-141,0,-0.03550359418787288,-2217,0.08828980623260785,-684,-0.1481481481481482,0
KR_7484394270,1,100,rhuSHsy_ARFUHPceRanPxOVm59MYYp8HB8wc4DEBHr9WFlxXC_86jtnW8qmp_Z4IExidDG6AWdht4g,Sett,TOP,283,13,13,0,243,0,0.04573970924947671,-1857,0.032559475222087686,4559,-0.1111111111111111,-2
KR_7484394270,6,200,wgpTUraKg-n5BJVf2ZbIYwuyU2DQeOs32468lNIsmkYGlh9Dw4ysa7MD52g7iTPd8mshLolzVjhobw,Gragas,TOP,-283,-13,-13,0,-243,0,-0.04573970924947671,1857,-0.032559475222087686,-4559,0.1111111111111111,2
KR_7484451885,3,100,kWqyW1Xb8_E2zLpJCYzZWaK4qfNeuYcP_6bTAn9neaZuDCJa8ZwsJgKvHD2fNwyshbZPHbLBCgc8nw,Ahri,MIDDLE,-694,-19,-19,0,-256,0,0.0016673244944698795,-189,0.2834251198700264,9335,-0.12521739130434795,2
KR_7484451885,8,200,9rNCgjlkmzuolY6303-ORlgezjitKHMcDiQFVnCt5DHvmhKoTNnwnSNrywMuuyZhilNm3QZbseTFIw,Orianna,MIDDLE,694,19,19,0,256,0,-0.0016673244944698795,189,-0.2834251198700264,-9335,0.12521739130434795,-2
KR_7484451885,1,100,NwNAsPf7G8r9Ug6cS7PiSzXm-zkxMel0kgNqPVRXUdRKbDYdG483otEYjmwsiiEjyGCwntFKXeNhPA,Leblanc,TOP,1630,38,38,0,1533,0,0.1511896767484188,1130,0.25484428155186356,-564,0.49217391304347824,7
KR_7484451885,6,200,kXP-8AzB9CM3WWtVZfS9u88KrtUtzHppsJkB_693CtxKdmMiE59BsjYnQdD2vQVJsMRrw6Vf34GnSg,Kennen,TOP,-1630,-38,-38,0,-1533,0,-0.1511896767484188,-1130,-0.25484428155186356,564,-0.49217391304347824,-7
KR_7484590273,2,100,KkVVvLEdU5m8otYGepncIsZDrqnPlCd5N8_2DvfnjpFIv7zhe-xO4itOjE10T99-q1qbkDsACFJecA,Nidalee,JUNGLE,927,5,5,14,865,0,-0.00279157950143219,2112,0.7061921046297747,-5678,-0.20000000000000007,3
KR_7484590273,9,200,6KAITHM4y1UvaDYoXP5ALa5xm7SxOw4_GE5nk57wSxflDe9H25SRLiry9RXesNDVLBsJd49dHVxOtQ,Nunu,JUNGLE,-927,-5,-5,-14,-865,0,0.00279157950143219,-2112,-0.7061921046297747,5678,0.20000000000000007,-3
KR_7484590273,3,100,wM6IXCcK3epVUj7bamIjmx28vkgO14Nhm2yLfapFDjj_II7GkSNyPyXIBIL0qY3z9oKNGuJSPJD65w,Sylas,MIDDLE,224,-8,-8,0,-472,0,0.005763608528868008,3016,0.1629172683991753,6319,-0.04999999999999993,4
KR_7484590273,8,200,_E8bvWEQew_vT4oqCxHxSyWG3Jx4UkNOjn_9urTXkmVY8hPFIU7WBMkPL6QKRYyiQd2R8KRfveucsw,Qiyana,MIDDLE,-224,8,8,0,472,0,-0.005763608528868008,-3016,-0.1629172683991753,-6319,0.04999999999999993,-4
KR_7484590273,1,100,szHIH56QlFqrdxBina4SffxT6XkT3xoaRAQF5i_j8MFwafwiULgWZpuKpwPW5w7FnmDwrry9jomvoA,Ambessa,TOP,-110,-20,-20,0,-227,0,0.08777577525518512,9119,-0.6986642657908477,-5651,0.35,2
KR_7484590273,6,200,TDllxfDmaxP876Oyp6VRZ-27yiDcXPBhOniHK_5EcrrhJPSB3HrdOukmb3Z3QCkng945Bw8h1grQBg,KSante,TOP,110,20,20,0,227,0,-0.08777577525518512,-9119,0.6986642657908477,5651,-0.35,-2
KR_7484711972,1,100,5VqPlnwU0t8doGgf2D7wRSTzZdtr8J5D5lnd5vOm1FZhku2AC8PX4_mlpO3xT9yJQt08C6yeqikzFQ,Olaf,TOP,183,0,0,0,-128,0,-0.021941174586901313,-8619,-0.3157102948821023,-16050,-0.19367588932806318,-3
KR_7484711972,6,200,aLdGTbpKtagHP4TxcaUTbL8xGp0o46vgYsq4RcToUy4WOFquUrt4SFO1MWHwZgTjX93fnl2vUfdIvg,Tryndamere,TOP,-183,0,0,0,128,0,0.021941174586901313,8619,0.3157102948821023,16050,0.19367588932806318,3
KR_7484986528,3,100,QCSpl7UPCpN7v-k9TO59nVxipbDsP2FtxGgbOlgp3371aetgq7agOH9NNjDXbjF-2JLwtjL-3xt02Q,Irelia,MIDDLE,417,73,73,-52,1181,0,-0.005983930552056899,6047,-0.862554628276856,-11562,0.016129032258064502,-3
KR_7484986528,7,200,oIzEuBCfGWfX9mdNmSRqmH6CpyXsfBT0U1sY3tF5yex8PBtNFbqj5yNDVa-nMY-vfAlJUXpk07geBw,FiddleSticks,MIDDLE,-417,-73,-73,52,-1181,0,0.005983930552056899,-6047,0.862554628276856,11562,-0.016129032258064502,3
KR_7485071115,1,100,OIlC7peRjeMN6sIc6gx7mAyjDWD3a1HfjC3VeU0dxMbsZqQsOcahrcLwBSUPmnUQa9hVJyd4P-vnLA,Maokai,TOP,-606,-46,-46,0,-818,0,-0.08331121092027538,-2118,-0.6652973566329314,19156,-0.2011385199240987,-3
KR_7485071115,8,200,7_PXdQZgpd9Uv9PbJRpB1oe6k9qkW--ZJjJ19Ax5CyuBGJr2uHnZYT9pgFe5t0LA7jVqkuaL47vuuw,Lissandra,TOP,606,46,46,0,818,0,0.08331121092027538,2118,0.6652973566329314,-19156,0.2011385199240987,3
KR_7485152741,2,100,RWNUovfzn1YVFmbcu2VZQAm_ieQ4srLpYQRPVd6SBp-kRJ4iBk1u1AbZv0xb0J_pNd0BVZio6oZ9NQ,Ekko,JUNGLE,-771,-63,-63,39,-2011,0,0.01784266815680402,-5504,0.7388342580123239,16954,0.08080808080808077,-7
KR_7485152741,8,200,N8EqSTo9dhM4nDBWPrp-ULSK6f64NAyM2VPrxhWbiKp95nLreCAqoBtg-F11ng-vX9W5aY_MCELohA,Akshan,JUNGLE,771,63,63,-39,2011,0,-0.01784266815680402,5504,-0.7388342580123239,-16954,-0.08080808080808077,7
KR_7485152741,3,100,ih9aQPPW4xMADtvB4IkZF6Fyv_mPWxSNnFDl46UphaFASrSpBSK7PO9BVCCb-s7ABV9L9fGPbn4StA,Talon,MIDDLE,1223,75,75,-65,769,0,0.01861422394839471,-1065,-0.14305465175727672,596,0.06313131313131315,-1
KR_7485152741,7,200,anpt2RkmvfYbtjnMucfmI1zJTAyDiF6fQJSL0oJrwd48HFI7NUxBReAwPXxdirC8hO1OtAB0nMSiww,Graves,MIDDLE,-1223,-75,-75,65,-769,0,-0.01861422394839471,1065,0.14305465175727672,-596,-0.06313131313131315,1
KR_7485152741,1,100,zFFStctrHdVXt4VsKj14beKDuI8r5rqRx8EmErd9EnbXB5I2mhCAp0tvEZr-F2YHvZ4enGXn-GtUTA,Irelia,TOP,-403,15,15,0,-31,0,-0.1444439375334816,-13308,-0.16892845239121834,493,-0.26262626262626265,-8
KR_7485152741,6,200,ReDR7l3MfyO83PTpyBFbtGuJQQmpVhYI3vbGqp_BgwD2ZelpoidZ-kEt_7HxlnwNsl9pew3nRpO2ZA,Camille,TOP,403,-15,-15,0,31,0,0.1444439375334816,13308,0.16892845239121834,-493,0.26262626262626265,8
KR_7485268749,2,100,2OSEoOByyWzdF-7GfRv1pBi6WFcdYEbMTbUL41khpfBfGZe6w9K7mM75zX1O7jiB-fs1xBykfAii1A,Lillia,JUNGLE,134,1,1,9,26,0,0.0488350950751027,4858,-0.5551845881831887,1824,0.08965517241379317,2
KR_7485268749,7,200,czZcRXyYUWqH9VMdrGZeTpqkZ_pn7wlgh0j3p84ZigqN2e-kfW1yYbJ9kep-vHimtMoMaAH5ZWmjRw,Skarner,JUNGLE,-134,-1,-1,-9,-26,0,-0.0488350950751027,-4858,0.5551845881831887,-1824,-0.08965517241379317,-2
KR_7485268749,1,100,YYkiGgMzW-ysxC4v_LEqc6-zwTnyhvtRRrBDuflF-oCc4iWURAlUlEncsZ1Nvm3X3VMNklyul5rNVw,Rumble,TOP,520,3,3,2,663,0,0.0707214525421054,1492,-0.1392394965806868,-12022,0.2931034482758621,0
KR_7485268749,6,200,YrtgSvcwlTwwc3mykplHVY6FNK7q74DNmQGa7oqbUN4JIjWKinHCm7MAkpuqGH8OnN0dEagZi0xBDg,Jayce,TOP,-520,-3,-3,-2,-663,0,-0.0707214525421054,-1492,0.1392394965806868,12022,-0.2931034482758621,0
KR_7485414681,3,100,kb_v0EIAx9y6xlPUQ_DJzrVm5xlx-v-bZDHTpvmrSk2YB90BUNKbMnU_DFj5ROG3_j-NZ0i8qayLIA,Veigar,MIDDLE,-941,77,77,-68,298,0,-0.030837273196158588,7467,-0.2739523782769283,-28628,-0.15503875968992242,-4
KR_7485414681,7,200,d38Wo2aVTChFPHTErR1JRZskuJmHkDk3YVHpqCUDAFI9_t6DwRKs-BnwRZ_GqilItQ6f8hRuueXo8w,Viego,MIDDLE,941,-77,-77,68,-298,0,0.030837273196158588,-7467,0.2739523782769283,28628,0.15503875968992242,4
KR_7485414681,1,100,YrtgSvcwlTwwc3mykplHVY6FNK7q74DNmQGa7oqbUN4JIjWKinHCm7MAkpuqGH8OnN0dEagZi0xBDg,Gangplank,TOP,907,-1,-1,0,242,0,0.019581106676073712,7117,-0.1258497762013615,3619,0.289405684754522,10
KR_7485414681,6,200,xx4sKrK8-GbFD6Kuyva-KxAqCakbjAW1oetWWX2VRSFiPCRO4MMc3riR2kcH_gP6Ey0u7vZ3cYfxLA,Gnar,TOP,-907,1,1,0,-242,0,-0.019581106676073712,-7117,0.1258497762013615,-3619,-0.289405684754522,-10
KR_7485542950,2,100,AiU6hEM8PQdfI50gyqR1hwAWsPwFd8lZpxasmPmVMImhxhRmauWeXr0oIqrDH9Vrd2AjOOGzl78tIA,Nunu,JUNGLE,-306,3,3,-14,-651,0,-0.14744974501901048,-581,-0.6106224822251556,-7004,-0.19444444444444442,-9
KR_7485542950,7,200,P9paedZt9zpCpm9ok1vXnn9CWScymwAV7YMyhtHHDS7onoqKre2FPvH_1HyrUf2zxNwA0nvOmHPJog,Viego,JUNGLE,306,-3,-3,14,651,0,0.14744974501901048,581,0.6106224822251556,7004,0.19444444444444442,9
KR_7485636818,1,100,MIDCm22qFa1YuFcxFLaBkIs7KblaOevw8hA-tox8aDzf66TKnDvGEm2XJdQpVXBOGoBHqHLvp1nJmw,Jayce,TOP,1193,12,12,0,1539,0,0.04547136463578949,-4811,0.24253249202978922,3481,-0.1111111111111111,-1
KR_7485636818,6,200,YXMDyZoxYFONwUM2Yv2N7MVNOTnIFqnsv_Gs2lRbS7nmP4T889PjX4D9gJJCTW7_RQxvchsNfMvIAA,Irelia,TOP,-1193,-12,-12,0,-1539,0,-0.04547136463578949,4811,-0.24253249202978922,-3481,0.1111111111111111,1
KR_7485770590,2,100,Q4RyyID1Rrr0TFqWBY_RhcWS3WLSnRKASStgxEKwwUjZ0oFiM_uFmJcNBZL-fDT50TrNQCr-JPO79A,Hecarim,JUNGLE,842,1,1,14,991,0,-0.08128171146870139,-607,-0.868236488275428,-186,0.020454545454545392,-3
KR_7485770590,7,200,b2h4pyeLTGEgl5d6sYkQw9Nn2pR6MvXvGVS__QinSxv255IOXUip8iztT68mV2o9n2loadYz9VeXlg,FiddleSticks,JUNGLE,-842,-1,-1,-14,-991,0,0.08128171146870139,607,0.868236488275428,186,-0.020454545454545392,3
KR_7485770590,3,100,P2S8rsCmwZyrM276u9gL-7dChWvm4S0Ozp38ZYhEdD_0uZu6RA3p8CcVI_l6-EZW2gaiS6RgXXIJNA,Vex,MIDDLE,1092,24,24,0,686,0,0.02252924836377282,-4823,-0.499966359407474,-260,-0.040909090909090895,-5
KR_7485770590,8,200,Nc7aCezYrVp_drc0LQkUulFJqZ1PymjbHzRkPd29-bk9e5Ccjpph4fRmiokZYPpLNKJycQ2dN_hBZA,Qiyana,MIDDLE,-1092,-24,-24,0,-686,0,-0.02252924836377282,4823,0.499966359407474,260,0.040909090909090895,5
KR_7485770590,1,100,qy6LFBa4wld3KXdY_UCKtqPnEsKRNhBuGgUdgcpccK2GamJXX0jJQQeH9btJ3XlcvmrE1OKdTuYdiA,Jayce,TOP,963,16,16,0,488,0,0.11591435725293409,6149,-0.03385610454195709,3854,0.38636363636363635,6
KR_7485770590,6,200,wuLC7CriDEJja7D9UYt6Xzmb9VJ83rwqVaxqsUWhQWs7l-xbSKeJiJv2tmpzNMVvn6QJuWR49G2C2A,Yasuo,TOP,-963,-16,-16,0,-488,0,-0.11591435725293409,-6149,0.03385610454195709,-3854,-0.38636363636363635,-6
KR_7485825658,6,200,shSC9R0eGBfVnl3OtmjsqT8vNBx1yfqM4PMz5qwbVdGIqBxVkd_SAXHCXFAEDgVmmaMzHN8Y_MDe3g,Cassiopeia,TOP,-583,10,10,0,1275,0,-0.08368984741207933,-764,-0.0464421343929351,5611,-0.2777777777777778,-2
KR_7485825658,9,200,RAcslrdkK_wkSQtBaC41J4yz-EYYqtN-4y4QH2pIjU7a-PDrS2KeXI0Vqq2r09oOTAqbz4TbDJoZRg,Kaisa,TOP,583,-10,-10,0,-1275,0,0.08368984741207933,764,0.0464421343929351,-5611,0.2777777777777778,2
KR_7485880810,1,100,TnnWBdnBP7TaKjrb0iV46Cre6J4MH6uLuZ3qf-K4VAe1OGechVq4xGISw0qdt1c22jE__zuRIpnRJQ,Ahri,MIDDLE,-1148,-42,-42,0,-469,0,-0.4282193374837652,-18584,-0.40259067526087644,-11041,-0.3645833333333333,-5
KR_7485880810,8,200,xq48jMSekE3VuLaHXHMqrr88eZqIjVWIEqdMas2OJiqmgxQ9-sS-Pohlm6toVVF3Agr7sl9RQ5wong,Azir,MIDDLE,1148,42,42,0,469,0,0.4282193374837652,18584,0.40259067526087644,11041,0.3645833333333333,5
KR_7485880810,3,100,wzeMgl-kYyZGkPCWxN1bFE3Mi1yzbCy4lIlT0qauqnxAzCoKKBCov1EBGDRCYCxCW0aO04wKeiJlrg,Vayne,TOP,-357,24,24,0,-250,0,0.2297341506471144,1019,-0.07238315677920903,-7711,0.09375,2
KR_7485880810,6,200,DIgfWbZIyA_cMuHGaj4RP5Qf8TwzvuoMU1kZDullvn7i0BaKFMuAbmNmLFgn_tYmjK4R7wcZcIYpFw,Trundle,TOP,357,-24,-24,0,250,0,-0.2297341506471144,-1019,0.07238315677920903,7711,-0.09375,-2
KR_7486007531,2,100,x_nF3tEJ6rUJdqmR1O9Fnadlx2l6ruJtNT5Sdct6aBEPmR3JWZK0V8i736JAKXyEHvMzqid_MyeKag,Taliyah,JUNGLE,309,8,8,-18,29,0,-0.0035668360356981843,1117,-0.2756751774639927,-16228,-0.1071428571428571,-1
KR_7486007531,7,200,CjnxeaWjfTZ3BOvV4fhobDlQUqnxOUVhQc9DJt4TY9y3X5WEbJS0DE3JGmXi5qh929dgkD_c3bJAlQ,Viego,JUNGLE,-309,-8,-8,18,-29,0,0.0035668360356981843,-1117,0.2756751774639927,16228,0.1071428571428571,1
KR_7486007531,3,100,z6GTsMQYqrBXp_OBqhrMZwZM-0MDW4FZiwXg6Z_--Fzx76aQFaycSJpuJax2hnQsFyyd1d7i4E9S6w,Qiyana,MIDDLE,1367,-9,-9,0,-143,0,0.006404947732221999,6123,0.7498313324834011,2012,0.059523809523809534,8
KR_7486007531,8,200,8u2Y0sd6_0tEGfLpVe3f4ZttSCFiK5GBeehvxn0ld1vAMSoNA0F-B1WhkiDVuxX8q-bvtxE1tk-5QQ,Aurora,MIDDLE,-1367,9,9,0,143,0,-0.006404947732221999,-6123,-0.7498313324834011,-2012,-0.059523809523809534,-8
KR_7486007531,1,100,fuLZOlEoYDtJ8lOnsLymNaAn95sccl2sB7H_uiaIrHbdM31ZdiWDP0tln3lC3lbSVdLqhHVCDf2aVA,Singed,TOP,241,2,2,0,526,0,-0.023381494313863604,3340,-0.15661204695942965,-5865,-0.0357142857142857,2
KR_7486007531,6,200,DwiExsYt-cPiLp85fXinGoVt9y5RSSqDfNAovEq8HCUF-RW3eUrqLmyjmwj1IFCB1ubS_kwKbkUfwg,Malphite,TOP,-241,-2,-2,0,-526,0,0.023381494313863604,-3340,0.15661204695942965,5865,0.0357142857142857,-2
KR_7486176228,1,100,EQoW2LVpri_UHTt5d8nOooUGatmhFqsh5CMq1kHaEMtZ2uuH7dVRoeaWtoFGaGALL98a086YaQn6bQ,Maokai,TOP,-1796,-18,-18,0,-1235,0,-0.2523862445175494,1361,-0.6795565388239881,6476,-0.24521531100478472,-6
KR_7486176228,6,200,fuLZOlEoYDtJ8lOnsLymNaAn95sccl2sB7H_uiaIrHbdM31ZdiWDP0tln3lC3lbSVdLqhHVCDf2aVA,Singed,TOP,1796,18,18,0,1235,0,0.2523862445175494,-1361,0.6795565388239881,-6476,0.24521531100478472,6
KR_7486311200,2,100,n7AIDl9Yc4wOwcr41Ic6xoDzIBchVvxJPpK8iX8G4DyyNuFpcDPn-fKX5Cok3UDzsoRmu4orPKWqTA,Nidalee,JUNGLE,495,-1,-1,6,360,0,0.1536968375626147,-718,0.5105058553692683,-16898,0.24484848484848487,5
KR_7486311200,7,200,gA0kcu6ZAijRwlCFcT5UdPBV1jWEcitiipoYyvbOKdNYpQlnMyMSbw57f9HB6vfAipSKPIBwPSf40A,Skarner,JUNGLE,-495,1,1,-6,-360,0,-0.1536968375626147,718,-0.5105058553692683,16898,-0.24484848484848487,-5
KR_7486311200,4,100,fJG5cjLrYeUIsZG7w9ifbEhPyaznMOxcRZV74u7EORUO5wYDHjkMmFW8StD4vXvXkYgbBx49QQy4_Q,Yone,MIDDLE,-727,-8,-8,0,931,0,-0.29226262363513866,5491,-0.15593073075652197,4580,-0.5272727272727273,-12
KR_7486311200,9,200,P9eSiyVOfuQGgHSXyk3a11RopivgyuHbkgtLsAuZvLrQAouwTaIfMMJUrooI2UqwoI_ZwcG00ma6vg,Ezreal,MIDDLE,727,8,8,0,-931,0,0.29226262363513866,-5491,0.15593073075652197,-4580,0.5272727272727273,12
KR_7486423706,1,100,IJCa4-dTZE5vzx0yFN-wKEyzVmOe7T0E-48iydcJ8zq2I11R6TORm_KydiZJVHMJV4-JeyuvI0tLcQ,Jayce,TOP,613,10,10,0,589,0,0.0763977492996014,-232,-0.05498707872559261,-5708,0.11079545454545447,-1
KR_7486423706,6,200,L08zbcmCA6M9qyH8nn5BAAvQK6uG09YHkU7lavS1pxV77K1sjFYRHrGx1ua9sJXirBYeEs-6h_QVaw,KSante,TOP,-613,-10,-10,0,-589,0,-0.0763977492996014,232,0.05498707872559261,5708,-0.11079545454545447,1
KR_7486503057,1,100,2kWZ8PHMd8r-JqH6jp6UiZlcZQlg2N4TQCWu7URgiHa2Wq4O_MBLUWyOduXGrGH9KO3__xLfoPIvJw,KSante,TOP,145,76,76,-73,1013,0,0.011708051366065203,4882,-0.6199623812723011,3048,-0.040000000000000036,-5
KR_7486503057,2,100,xDFFhYOduOpaTyZ9VBszwiAdvVNim33nwn0mM3hh0DOG-A06SdIV5J_4eEj8OeF28Z1XJk-Lr0BsFA,Pantheon,TOP,-145,-76,-76,73,-1013,0,-0.011708051366065203,-4882,0.6199623812723011,-3048,0.040000000000000036,5
KR_7486755103,6,200,pHqzuUx7NonxAoHilfDK9isWbPaOcMehsh0B2UkwXFRgWp2DDQnAdTLSSIJxhTC5Pp2_iJmIX0kZNw,Urgot,TOP,-396,-5,-5,0,-102,0,-0.11219282982589618,3459,-0.06879150767935222,-6552,-0.20588235294117652,0
KR_7486755103,8,200,h1SCSY7OeuTxWIK3oMVLM0xRqbbg0txAvCFApegVU9bzTy8p2uAFivkdqebcUcSMo9p421tUdc_2VQ,Cassiopeia,TOP,396,5,5,0,102,0,0.11219282982589618,-3459,0.06879150767935222,6552,0.20588235294117652,0
KR_7486952905,2,100,S5-isyema71phrH0Xcim1BpeAmb9iM9x_atH7lj6R4DW4cmJ0a9e3hxSXBz5eZD_xnPyXmuVciaWKA,Viego,JUNGLE,-664,1,1,2,-78,0,-0.051738422239725815,-13054,0.6000046358095579,-4784,-0.3916666666666666,-6
KR_7486952905,7,200,7B_pgto1GCXIVE0A4PSo14xaPSZcIyUF_s1cy9hQM3XomOmrPHI_17myu0dGT0U7J0hk2kpGmvuMgQ,Nidalee,JUNGLE,664,-1,-1,-2,78,0,0.051738422239725815,13054,-0.6000046358095579,4784,0.3916666666666666,6
KR_7486952905,3,100,0XXQAHlGZ5HFhNh15lPFV-SAgSXKh_h2uaqwVFn_-iPXlyhh65-P2TTohX3dzPYlrrhl2IhlaHf5sA,Mel,MIDDLE,-49,2,2,0,294,0,0.17906893600885387,-2298,-0.2956331648765004,-16251,0.10833333333333328,-1
KR_7486952905,8,200,UQJ0f6mLx3QBY7Bs2TufI52iWjFevbKNn3-VOK-OUrZAt5Uyu_yCtguBeNFcYO3Ic3AOWjyW6A4qzw,Jayce,MIDDLE,49,-2,-2,0,-294,0,-0.17906893600885387,2298,0.2956331648765004,16251,-0.10833333333333328,1
KR_7486952905,1,100,4Up6raifuCEkJED53lb_YI9rmyTvknwYXRTaXbQdPeFmnQ_g67-yGoLcYSYLhKhRx-ljCjBRuCt9DA,Irelia,TOP,-236,-9,-9,0,82,0,-0.007179953365501007,1389,-0.6478696071042516,1608,-0.18333333333333335,-3
KR_7486952905,6,200,2IWjXXEl5tv2_4KL8psls7SN9IHghZLf_fkJgvPazxcRHzREMealsdwlZGhmHpCPuGpeAF9aHfOs8g,Renekton,TOP,236,9,9,0,-82,0,0.007179953365501007,-1389,0.6478696071042516,-1608,0.18333333333333335,3
KR_7487126792,2,100,1O1mxb1l1l8zpxLC1k6GHCWJZuxOqEKpVKlRWWFQbj47KD-r_3OlJ36dKXXM8XednkR850yLc1T26w,Rengar,JUNGLE,2435,-58,-58,62,-431,0,-0.0095554557455029,5250,0.23878919412052257,7239,0.15073529411764708,11
KR_7487126792,6,200,CnRUF4cAVxHbu0Iy6RGRs9mfCJsY1HksXOUMz8w3R_96lS9_QX60kmTOxMB7zs8diiCD44b8wPV5hA,Singed,JUNGLE,-2435,58,58,-62,431,0,0.0095554557455029,-5250,-0.23878919412052257,-7239,-0.15073529411764708,-11
KR_7487315751,2,100,pzRzcTIEpMeIGT87oyK5ZuGHftuM1OxZBiWeIJrqTQbCs3KOfyS3OJa6vKbYP2YDE21Gu3Xo9WuKaQ,Olaf,JUNGLE,554,-90,-90,68,-918,0,-0.07388610855221953,-5192,0.11220952328404987,5923,0.35,1
KR_7487315751,8,200,za95mLSEjXkLETiwfyZgff84sPScT8lJJUHB3_eQb5MPfv_x4v9_bl8hi1RUmuuNJMw2kmThOtpx9A,Vladimir,JUNGLE,-554,90,90,-68,918,0,0.07388610855221953,5192,-0.11220952328404987,-5923,-0.35,-1
KR_7487315751,3,100,KyARHa3rXeNm_rukgUzP3lnk_PNGls_rUgEu9AAL5vplcQLnreunXXhx8PbYoHfJYehyyVecVy7f4g,Katarina,MIDDLE,-566,69,69,-69,807,0,-0.018883616694230998,-2858,-0.3935526151508818,-14753,-0.20000000000000007,-4
KR_7487315751,7,200,movLc_CIAlAPLKy64GHbbu0fNwWlQ9E6yCH3Bn4S5TqbxSjrVT7bkSLMMdGm6DLfWAbYYkGITMXXUg,LeeSin,MIDDLE,566,-69,-69,69,-807,0,0.018883616694230998,2858,0.3935526151508818,14753,0.20000000000000007,4
KR_7487315751,1,100,qy0gL2CPZMrmeUKjIjgv2PyZmTOGfcH-HUiMH_2fCs1iYK4B8yHzYRwiwu9NoH2ZwQpYBGuR5oMSJA,Jayce,TOP,-431,-2,-2,0,-103,0,0.03514882998492269,-5814,0.4233224634978334,-9068,-0.4,-4
KR_7487315751,6,200,3PQ6YBvk1s4J12O2GQc1KsqBQnaP8Esos019Vsjto0xdlDtjpZX5n_pW7W2PEmSEqa2xDb3Crw_IgA,TahmKench,TOP,431,2,2,0,103,0,-0.03514882998492269,5814,-0.4233224634978334,9068,0.4,4
KR_7487467536,1,100,CnRUF4cAVxHbu0Iy6RGRs9mfCJsY1HksXOUMz8w3R_96lS9_QX60kmTOxMB7zs8diiCD44b8wPV5hA,Singed,TOP,-495,-1,-1,0,-684,0,-0.005600782518763808,714,-0.018749046532144376,-11071,-0.04195804195804201,-3
KR_7487467536,6,200,aOSXrJtu-9BjFh8AHHuEQWXFRLCjFsZrKOkiiRCI9I3UHMgM-PdCLz2Krp8GlZ_N9zFz1uj4ZWCfzg,KSante,TOP,495,1,1,0,684,0,0.005600782518763808,-714,0.018749046532144376,11071,0.04195804195804201,3
KR_7487581400,2,100,8Um0Xv7dGnSrOskVMvzAW2cSQNL9Ab_d5mJ-OZixnrOvS2i__OCYPqT1Wxs_AxOymdQ2rBbIEhWOUA,MonkeyKing,JUNGLE,-641,-8,-8,-10,-579,0,-0.019676795407470887,2979,0.0334719027284931,-3736,0.07417582417582419,3
KR_7487581400,8,200,1O1mxb1l1l8zpxLC1k6GHCWJZuxOqEKpVKlRWWFQbj47KD-r_3OlJ36dKXXM8XednkR850yLc1T26w,Rengar,JUNGLE,641,8,8,10,579,0,0.019676795407470887,-2979,-0.0334719027284931,3736,-0.07417582417582419,-3
KR_7487581400,3,100,6r571uB-kh7FHoG0z3PLTmhUI8KSaRnB2PrBbdbWBb1p951c0Axrin7si2W3ArdhnLh3VbmQJ6jSTg,Aurora,MIDDLE,1223,39,39,0,962,0,0.1226533649331866,7477,0.2385655561174128,-10556,0.12087912087912078,4
KR_7487581400,7,200,GVhEtI0pGyRgPpsIJYz9vBWCRGDg8IMVWPEULeQE0K873Tao4sMI7tpRH_pmt-Rp83SKsjAwPfcuXQ,Sylas,MIDDLE,-1223,-39,-39,0,-962,0,-0.1226533649331866,-7477,-0.2385655561174128,10556,-0.12087912087912078,-4
KR_7487581400,1,100,mfBTWz8hcGQRwh3jlqGJE22ByHv3ptgdJc-HM275pp7CG3J-XwVQ_0MP-U4DoPlkOErmbLsp6jEBEw,Ambessa,TOP,-1059,-4,-4,0,-671,0,-0.028181437149343513,-3183,0.6077417516690748,-9069,-0.11538461538461542,2
KR_7487581400,6,200,UFT9kbbZA-mKNs6Ywy-w1PKJd4IyNQiiWW-4Ly5ENnzHc5yNErSvT31FFY7T5g9QZJbmP4mb1vs2_A,Nidalee,TOP,1059,4,4,0,671,0,0.028181437149343513,3183,-0.6077417516690748,9069,0.11538461538461542,-2
KR_7487660679,3,100,Nz6cd19RqBPcnBRa9jVVvGsyOdCnuBpqRq61KL2LgbICVST-aqd9tF4axa9MGmNaG4ePBaJby5-tyg,Jayce,MIDDLE,453,76,76,-53,1350,0,-0.017556914929396816,4475,-0.14077156387878165,17770,-0.2406417112299465,-6
KR_7487660679,7,200,Jq_fif6vf2045bpbe4opfGS9jV8pmZBcylkxucrK9UqMJH0MCc5LreENDEorEx9vadZPDsQcXjUVBw,Graves,MIDDLE,-453,-76,-76,53,-1350,0,0.017556914929396816,-4475,0.14077156387878165,-17770,0.2406417112299465,6
KR_7487774980,1,100,DmH0y1023OsgrABsqFB59xJnMuRaH6b8RgmDXBRI41KBYmOw2foH39cM5q-mCt5d5cSb_51NYoKBbQ,Pantheon,JUNGLE,-583,59,59,-47,874,0,0.1325522694427188,5882,-0.7995697961169854,-6227,-0.05555555555555547,-3
KR_7487774980,2,100,8zYp5ZAlGfltviS2FnZKK6HmVsFUn8P8R3YoS9T8JV6ZCnJAGX9aTlGA5HzyqSpmW1MT2Q0U4YQE8w,Viego,JUNGLE,583,-59,-59,47,-874,0,-0.1325522694427188,-5882,0.7995697961169854,6227,0.05555555555555547,3
KR_7487979857,1,100,T-OB8zoDSsIubrCEebROPgytPFuQEm51NwX8Gy1CuKux3JmV8LIfD6rSgQQnnikHnmhy2U_-2vuwFQ,Cassiopeia,JUNGLE,-1896,56,56,-46,891,0,0.0126204843232528,-209,-0.48817670475841524,-11877,-0.2631578947368421,-5
KR_7487979857,2,100,Wr4NMwZo9ogBWGaWXIdS3CB_I0orusfNG99uo4s_n_hzAf9iAwqyuGx3VvKD8IL3BU9Na-9MuUNHMw,Ekko,JUNGLE,1896,-56,-56,46,-891,0,-0.0126204843232528,209,0.48817670475841524,11877,0.2631578947368421,5
KR_7488152331,2,100,v2dt2l9p7SCMTX5UL8EYZ4PkUQzqSFvV5o0j_uhhU5tFEmRmBPkQh-BaNGDH39ViTSFZhl2FJv28PA,Viego,JUNGLE,-251,1,1,4,6,0,-0.09836873514215859,-1452,0.05579100369365175,-8463,-0.4797794117647059,-9
KR_7488152331,7,200,_3YK521He78HW1SVEJb3wV_JLZ3LWEjSGKuuBRFldi_AFsVYNQesiOBgsGwCf9A9OaasS7Sf1lbWoQ,Khazix,JUNGLE,251,-1,-1,-4,-6,0,0.09836873514215859,1452,-0.05579100369365175,8463,0.4797794117647059,9
KR_7488152331,3,100,uwkpUVOJh65Vhhq2kkXkTgoaOF4I7hStQMXwxF5zhdYSUZ1mGj4ydK6S54QLWu4XZjQpUs7dj0dsPQ,Qiyana,MIDDLE,-860,-14,-14,0,-701,0,-0.11800987596776852,-3111,-0.3046395184267873,8731,-0.18933823529411764,-10
KR_7488152331,8,200,gobHWmRql_7mJb0MZCPjZK2kZGKoIL-B4MmbKWZSOCeSAnqCoRNhY2RsJGaFf70pUOIWhRBCZvLiAw,Orianna,MIDDLE,860,14,14,0,701,0,0.11800987596776852,3111,0.3046395184267873,-8731,0.18933823529411764,10
KR_7488152331,1,100,Qd8eJM9xhdJQcLU9TqVKbPuYmHYTf9ybwjERP2Yn0BcYkUFLydhgTWDv6RqRWY7dx0X6QLmNEdwmtg,Karma,TOP,-121,-6,-6,0,-356,0,0.12245919534933433,-1620,0.25055101420996073,-1471,0.1341911764705882,0
KR_7488152331,6,200,4KRENS5MnfFtoHt551MyTRTRX0g8H_sNLBeqlU2ar8Fvl-QO53KOJ8wmdyq4w39Eq-pxPbJeBQplHg,Riven,TOP,121,6,6,0,356,0,-0.12245919534933433,1620,-0.25055101420996073,1471,-0.1341911764705882,0
KR_7488286795,1,100,Io5a2tq7Wdi4RRUqcmHkIoHKsWf0KhRosmBjQl-3fh6I7YHKRkwsadUh39OAeXE_lcqnfHiGjPriNg,Fiora,TOP,-1436,-22,-22,0,-1424,0,-0.12285023461486713,3659,0.5296943924053036,1944,-0.06837606837606841,-3
KR_7488286795,6,200,YhAv_cnAXfweYFsTKRZovqUdfF4YABdGqsH147ao3Yvpn9agn9a1ssCJWku-rgsIbOFSOxgRauDlfg,Gwen,TOP,1436,22,22,0,1424,0,0.12285023461486713,-3659,-0.5296943924053036,-1944,0.06837606837606841,3
KR_7488545347,1,100,ijPniEQcEjW4hcNtjkT3PNlE9Zf1yQK0Ow-BqJQK-iB6u2q3xHulfc3L4G-0NW_haMCgeKoM6YV9QA,Cassiopeia,TOP,-948,-19,-19,0,-1437,0,0.0604251271249821,-1561,-0.26167586868020687,-4104,-0.2015503875968992,-7
KR_7488545347,6,200,EBFRlcS8dbnFX9FGFsw0juZmYntGCTLROAaMWdy8fpRmy1nf-4f45c_W9sUlXFKNKxIfUW17vM_Szw,KSante,TOP,948,19,19,0,1437,0,-0.0604251271249821,1561,0.26167586868020687,4104,0.2015503875968992,7
KR_7488745136,2,100,wRRWFdKZ0RAAKHLkxc9KY3Kxi1MamtJqdJ-kAttdtnnCFqtxx9gDt0GdceSuLQ0rYjCNV4blaGflag,LeeSin,JUNGLE,-29,-6,-6,-18,-683,0,-0.026648415577208512,-1287,-0.699086337571974,-1434,0.04761904761904756,-3
KR_7488745136,7,200,RWNUovfzn1YVFmbcu2VZQAm_ieQ4srLpYQRPVd6SBp-kRJ4iBk1u1AbZv0xb0J_pNd0BVZio6oZ9NQ,MonkeyKing,JUNGLE,29,6,6,18,683,0,0.026648415577208512,1287,0.699086337571974,1434,-0.04761904761904756,3
KR_7488939778,2,100,dXjU7d5fQ4eSNfxc-v4qtXK76YTIFi_j5qHb7zsW5PDJaaUDNu8gKlCAa5mZfSlXwY5FfLveyeilgQ,LeeSin,JUNGLE,649,3,3,-19,-544,0,0.01504284291465069,-4433,0.16907152197262731,-2354,-0.10571428571428565,4
KR_7488939778,7,200,jKYB8rAf8niML9X_OevSP8B6S5RO5_nYIqasbsLqsFOxBFEfd1I301-IJevklF3I4BS9B7nQcGNUVw,Viego,JUNGLE,-649,-3,-3,19,544,0,-0.01504284291465069,4433,-0.16907152197262731,2354,0.10571428571428565,-4
KR_7488939778,3,100,Aq21CC70TBC5qJ3ih181QhKpzhzTflRiXqnhCzctkuFz7Lu6uKpc-1VrerbN-0hnl3SowTUnrSSEXA,Aurora,MIDDLE,688,6,6,0,33,0,0.0863418097829772,-2554,-0.28804108613965773,-5490,-0.08285714285714285,-1
KR_7488939778,8,200,GgHsT07WovzFNEr0rPVtJvcu10V3OhD4s0GsnmnqsKgwjJOWYxU7IvUsI5K41ZN6QHNjuCJcx-mcVA,Galio,MIDDLE,-688,-6,-6,0,-33,0,-0.0863418097829772,2554,0.28804108613965773,5490,0.08285714285714285,1
KR_7488939778,1,100,QCoNGXggrYY2ObzsFcnt8hrk1eLmqJ7FLeRhPC_YVgu25DnH9TJadJrNNenS_3_3SKrwkc01lT9muw,Kled,TOP,643,7,7,0,240,0,-0.0317562704581581,-2374,0.12414787269035732,5072,-0.09999999999999998,-5
KR_7488939778,6,200,K0caY2V9YuCQ2V2xBM8p6RkHErA7dA4371q-j_NEb_42bX5Q4Zc7mA7_bbMkNI0aFxRcYnUshe9EVw,Ambessa,TOP,-643,-7,-7,0,-240,0,0.0317562704581581,2374,-0.12414787269035732,-5072,0.09999999999999998,5
KR_7489143825,9,200,-9AgycObqvtk7K-WRiEL7OhV1HgBl6EKASud_r02sZvo26kedkoV52xxyI8Nf1CzrhmDXZ4MONSrpQ,Kaisa,BOTTOM,183,51,51,0,716,0,0.07522903254951861,-613,-1.8581668414682455,-555,-0.2500000000000001,1
KR_7489143825,10,200,_8UujuP8pAHZCeAP3lrE6OqGXU1BQ04YPncScgLnsuBb0Ty2cSL8fi5vyPCjH0AZM5fiRvRmQEpCng,Rakan,BOTTOM,-183,-51,-51,0,-716,0,-0.07522903254951861,613,1.8581668414682455,555,0.2500000000000001,-1
KR_7489143825,1,100,cbMMLhDDtv4mtqMP05J6a_I48dSV0KCe4BPgQI2IpxkRa7XKZyRXieJPE4-qygO6CZsuNRqGE-pSOA,Jayce,TOP,22,40,40,0,1128,0,-0.020740213954444198,12211,0.34114062590957084,-4511,0.03703703703703698,-2
KR_7489143825,6,200,Mbiy_CF-WE3bdB4B86s42ojNhuNXZBJtk-6SYvngt7p4DlNXRWHNlPsDFl1ncV7BcWgXg-hyjcHylQ,KSante,TOP,-22,-40,-40,0,-1128,0,0.020740213954444198,-12211,-0.34114062590957084,4511,-0.03703703703703698,2
KR_7489321773,2,100,L56PWrLM4Fa1xENo4GS_qCGTB3n5E-mywGf9KvUD0DEuq3JNLGYb5bBWV6vZaeUTr99fq9LjfntMVg,MonkeyKing,JUNGLE,-412,-1,-1,-11,-625,0,-0.0998985735518883,2680,-0.4599765822102929,-3121,-0.03361344537815125,2
KR_7489321773,7,200,a7Bp3oGLHNVKG_ZgwRXi6Lvh2UxZxO4N1q3DIPgKB3YmVhdwu8ldBQAIfLnV638TTi3dOsfn-w-2rg,Viego,JUNGLE,412,1,1,11,625,0,0.0998985735518883,-2680,0.4599765822102929,3121,0.03361344537815125,-2
KR_7489321773,1,100,A-Z_AaM67jCgwIpr3e54SvbqnxJ2uTAqwGKTd7eogC6otN3xTfkhCiT_2Z_y6dzyAdx6PsNibpJ0AQ,Jayce,TOP,1706,40,40,0,644,0,0.10382243791958999,7847,0.31926196745600854,2904,0.7058823529411765,3
KR_7489321773,6,200,Chy18wZOoZ9ugQHuO6boS6wgtSU01jLuY9qjX-3y9tS7AzhkxtCcBLm_kc6gqTYGEm8WdSS7rfX30g,Pantheon,TOP,-1706,-40,-40,0,-644,0,-0.10382243791958999,-7847,-0.31926196745600854,-2904,-0.7058823529411765,-3
KR_7489449991,5,100,pZJba0GbtAo72mtmTVufV7BmQ0sNJF4-dB5AZLoOYP8Zp9xScVPY0sVpuOnDbQrfoncdz0SVp4eyMA,Karma,BOTTOM,-87,-45,-45,0,-2083,0,-0.03239312241087319,-297,2.779050319633809,-14043,0.45454545454545453,0
KR_7489449991,6,200,aLdGTbpKtagHP4TxcaUTbL8xGp0o46vgYsq4RcToUy4WOFquUrt4SFO1MWHwZgTjX93fnl2vUfdIvg,KSante,BOTTOM,87,45,45,0,2083,0,0.03239312241087319,297,-2.779050319633809,14043,-0.45454545454545453,0
KR_7489449991,1,100,_rSSWD0PLP7DX6-jhjZ42k7EQY_SvmMC9YP145wSYkNrgKZRxkyPFzgvgfz2JWOr8ocVJy7UXRAT2Q,Warwick,TOP,99,-39,-39,0,735,0,-0.11612471240057251,-5625,-0.09648252753362185,14038,-0.09090909090909083,3
KR_7489449991,9,200,TpptFzF2od1BZjn2hKLKKGjMt9GaqI1nFlK663msYc6etJWWwdLIlFg5T7Xe46r__QPUTMDfR8WRVQ,MissFortune,TOP,-99,39,39,0,-735,0,0.11612471240057251,5625,0.09648252753362185,-14038,0.09090909090909083,-3
KR_7489655164,1,100,V4SWotri1hzhCevpTO-pH2zZ66ad9w9C9mnXAbRDtIeEv9EzYSZzkI4q5RqZjKWOSfcu_Ch3vgaZbA,Teemo,TOP,538,9,9,0,-280,0,0.1338487685615753,2038,0.4513342829630528,-9862,0.2171428571428572,1
KR_7489655164,6,200,-zX_vSMCfKH8Qts9FiY3e8WegjYJGZ8fn2iPmglwBmmSkYXMU9vxxVhm5F9sxLhay_o-hInOnOMhbA,KSante,TOP,-538,-9,-9,0,280,0,-0.1338487685615753,-2038,-0.4513342829630528,9862,-0.2171428571428572,-1
KR_7489798451,2,100,yYGfXfbdGy7b8JAUPHPBSi0o9PL8-uGmPp71dBKkQKPsjNxan186L9h-tuZj1mpaWG57VYp6ufhsbA,Skarner,JUNGLE,426,0,0,-25,-715,0,-0.013759928010159392,339,-0.3258525103342086,-5161,0.16666666666666669,1
KR_7489798451,7,200,EX8zeQRRdG2z1wgoL5oSjcNetrY1nk1_2yy9oPouAeEbe-HwOUrg67PPvonp6PIxDB9zexF4grZn6g,Viego,JUNGLE,-426,0,0,25,715,0,0.013759928010159392,-339,0.3258525103342086,5161,-0.16666666666666669,-1
KR_7489798451,3,100,lXi4wBiic2w0Aev3YTJ4YMyC2ZTE0_YbXmOBB6w2LI3vkujv0qkCa5FTb8UxZtQGibpYhmFEovhSvQ,Corki,MIDDLE,-581,2,2,0,127,0,-0.08889486901853991,4374,0.1858862198763649,1205,-0.07142857142857151,3
KR_7489798451,8,200,Nz6cd19RqBPcnBRa9jVVvGsyOdCnuBpqRq61KL2LgbICVST-aqd9tF4axa9MGmNaG4ePBaJby5-tyg,Mel,MIDDLE,581,-2,-2,0,-127,0,0.08889486901853991,-4374,-0.1858862198763649,-1205,0.07142857142857151,-3
KR_7489798451,1,100,nAcxYyaM5Q6CFC4PECgvpnruO0Q8hPfSbn2pBEFvs_LaUzQsX_k8oN8XaiTujv6JOT159iM4OAqKrQ,Gangplank,TOP,257,-9,-9,0,-44,0,0.011846262925731404,1935,0.43914751185903467,-6027,-0.04761904761904767,-1
KR_7489798451,6,200,lxTAV5N6LlCEKggcUTsYLZyZqrvmgv_52eW1GWK8dllZt_6nbXDwKrJGU1pJP7Uopwzjra20YUaqng,Warwick,TOP,-257,9,9,0,44,0,-0.011846262925731404,-1935,-0.43914751185903467,6027,0.04761904761904767,1
KR_7489990508,3,100,zL3jDVqakusuosLwztbESA5KND5k_V2W48N4-TPAjMXrF5iLfW8OpZm2gVm_wGkxvOPJfB8-yfMyHg,Xerath,MIDDLE,-141,-14,-14,0,-204,0,-0.08905734718972003,-4460,-0.20781560872473304,-6571,-0.03531438415159349,2
KR_7489990508,8,200,Mu-t7fC1a0-ztSi7VGyjw0TI_B1vCFMWxSyaVjk9WeeL2efDuuSsGBj0a0JC2iOFfuiRiBpQoVVFXA,Viktor,MIDDLE,141,14,14,0,204,0,0.08905734718972003,4460,0.20781560872473304,6571,0.03531438415159349,-2
KR_7489990508,1,100,_KYCosk0sttuuB9X88B2n8EFkhVSRnWndieCOCh4NpMmzPZ0x5CJf-MshbV1CJ6-C94Vo5NgBjc7Tg,Aurora,TOP,1568,22,22,0,959,0,-0.0113305512710217,9930,0.009937306797183909,-7960,0.2609819121447028,7
KR_7489990508,6,200,hT_FBW7usUMKq_DfxaimjksWkz0JsrwOWIA2vr33hXqFVH9NuUSG5oqqnyn1lcLP_eZ2-2HlA1pd4A,KSante,TOP,-1568,-22,-22,0,-959,0,0.0113305512710217,-9930,-0.009937306797183909,7960,-0.2609819121447028,-7
KR_7490184663,3,100,7_PXdQZgpd9Uv9PbJRpB1oe6k9qkW--ZJjJ19Ax5CyuBGJr2uHnZYT9pgFe5t0LA7jVqkuaL47vuuw,Lissandra,MIDDLE,1104,11,11,0,1153,0,0.0584212341841763,1418,-0.714710508347642,7624,-0.1533101045296167,-9
KR_7490184663,8,200,Nz6cd19RqBPcnBRa9jVVvGsyOdCnuBpqRq61KL2LgbICVST-aqd9tF4axa9MGmNaG4ePBaJby5-tyg,Mel,MIDDLE,-1104,-11,-11,0,-1153,0,-0.0584212341841763,-1418,0.714710508347642,-7624,0.1533101045296167,9
KR_7490324521,2,100,wn-Y1K32_NkI3pU8930tSSHEsTBqUctON4l5owh7kjzg2QBtmI6Kr3choF9gobpHi0iqQGJjteOy3A,Nidalee,JUNGLE,-388,2,2,-13,-596,0,0.008115904552480402,971,0.2851073620019051,-10438,0.1647727272727273,-4
KR_7490324521,7,200,hKNDL0up8nY8XXYlxGcidnCWfmWm1fci8YePFLPHQtayFViQWrh-5df61ZB26jttq8e02YlnJVHSLg,Hecarim,JUNGLE,388,-2,-2,13,596,0,-0.008115904552480402,-971,-0.2851073620019051,10438,-0.1647727272727273,4
KR_7490324521,3,100,QGt1mrMfZNNcJEswfQkwDqqW7yyAHIGGfJOn_V3aApXyAj3s_IbVIvoHIrRnlP8zTcBk0rYX7zJK9Q,Leblanc,MIDDLE,732,19,19,0,529,0,0.05129586276925152,4192,0.5169606917932822,5234,0.5170454545454546,7
KR_7490324521,8,200,qSUgBYwBmV1_zeRPK-f275P7b3uUxRT3r3ATWFGKXM7JjTT6Fg5-mW1pULeEavfi21kYm8LFbQbylw,Mel,MIDDLE,-732,-19,-19,0,-529,0,-0.05129586276925152,-4192,-0.5169606917932822,-5234,-0.5170454545454546,-7
KR_7490324521,1,100,A-Z_AaM67jCgwIpr3e54SvbqnxJ2uTAqwGKTd7eogC6otN3xTfkhCiT_2Z_y6dzyAdx6PsNibpJ0AQ,Ambessa,TOP,899,39,39,0,621,0,0.09279228997029099,6851,-0.04143955082588335,-7312,0.2840909090909091,5
KR_7490324521,6,200,7V2RNguHCy1dNaOx63_DQUrHQ0yrIP6HQjgFkCshWXnhl42fg223_O0Znq8Yf_9D4OHH832x_iQ0qQ,Gragas,TOP,-899,-39,-39,0,-621,0,-0.09279228997029099,-6851,0.04143955082588335,7312,-0.2840909090909091,-5
KR_7490462831,3,100,JRSToCe69po8x75rF-YqeAQm2cIfDcNWutxNoSKEYEL8I9gUsJGZXqFSuSYySYbK_8LbnH4yLFHHRw,Aurora,TOP,-42,2,2,0,-492,0,0.048002553922730895,1180,-0.12712677985914334,-4424,-0.11368421052631583,-4
KR_7490462831,6,200,Dq1stnX7yCtI7qgTrGNJvUSONNK27JXkH37pB8SImGOvrmb96i-2ZvMarinvOAf_JslaKMuSVNsBOQ,Shen,TOP,42,-2,-2,0,492,0,-0.048002553922730895,-1180,0.12712677985914334,4424,0.11368421052631583,4
KR_7490598943,9,200,DbqvRSHsalKP4eBWP_-z8aM3zqe8Zp3qcqncNX0iwb5TcdzMS18N2zxr_GRC6xmeQkYgftPNCGvWOg,Jhin,BOTTOM,490,42,42,0,700,0,0.049034630502472906,783,-2.5902202385362685,-5676,-0.1499999999999999,3
KR_7490598943,10,200,iB2epDT4TPvEaNpJXTJVQWDvs66xu_BvQx2YTgK8Br4j4ibyw7aDOOa3kVO3Mlcuzr1i9sqqxbj5gg,Nautilus,BOTTOM,-490,-42,-42,0,-700,0,-0.049034630502472906,-783,2.5902202385362685,5676,0.1499999999999999,-3
KR_7490598943,1,100,5iyXobLS4woqVPQzl3NCZODMBawHRNhSATVSPoUOihSEli1qEZtOB0ivAKeej3ogHKbRwcKtnOBcDQ,Ambessa,TOP,-392,7,7,0,371,0,0.063327753589177,2971,0.040548245640300684,-4396,0.09999999999999998,10
KR_7490598943,6,200,49-zRGhv7cwdXJlLPlOc3pKkXJAKG-kY2yV6K3kfykcLbaZreNWA9EG4b9k6qGdicKI5-tke2JjFrA,Irelia,TOP,392,-7,-7,0,-371,0,-0.063327753589177,-2971,-0.040548245640300684,4396,-0.09999999999999998,-10
KR_7490761686,5,100,NrYia8qqj_G0p5O1fn98vItyCDzrvvg9PniK828_Wjin33zfAhWlHd6gomOABFmuaA0GmoOyeuNauQ,Poppy,BOTTOM,-1068,-64,-64,0,-1775,0,-0.2244369234374992,-10714,2.83612033217789,9787,-0.10681244743481921,-10
KR_7490761686,9,200,RTLk3L0dbqjOp7wQ3WjkHpq9ON6cECsUeE-GpljMqYxNUvHH6KFIlN8Fcetfbrif2KnAID0Zmtg5fQ,MissFortune,BOTTOM,1068,64,64,0,1775,0,0.2244369234374992,10714,-2.83612033217789,-9787,0.10681244743481921,10
KR_7490761686,6,200,JANv1hF44mslzr5mioR_6SwJGePvkvPi6kZuH1zEdV_ObVHlI5pdw2AFc5Fg84qkzouvhWTrmbS6rA,Kennen,TOP,307,61,61,0,2578,0,0.0320571219976333,2763,-2.3069672024623946,-494,-0.3902439024390244,3
KR_7490761686,10,200,lMkaGoTb47JF3YYJiAIiSrb2RXieEgLXIQBlIrjFsUL5RXdV0YV2ROK1xFHTrmVNP9WAb23SHDWy5A,Leona,TOP,-307,-61,-61,0,-2578,0,-0.0320571219976333,-2763,2.3069672024623946,494,0.3902439024390244,-3
KR_7490931675,2,100,MGMO2dkpLmkDT7JjORmpp0izSLIek0fyWOd0Q4r8rnMGZKIxIkYXC3GzH0s43Yzc4Dlh2UGtSgQ88Q,Viego,JUNGLE,1549,5,5,1,324,0,0.1402569530389017,2969,0.4206352915418905,10574,0.3357142857142857,16
KR_7490931675,7,200,ZapfZb6wtWhLhLQOKLmoOeukfv2i8pXwGtLlX6vuHmBiH8yvmDX39QYFY2LSTfUSqxL1tCpn-8Ke5Q,Nunu,JUNGLE,-1549,-5,-5,-1,-324,0,-0.1402569530389017,-2969,-0.4206352915418905,-10574,-0.3357142857142857,-16
KR_7491124387,3,100,vUYAqy_Xn2l6q_V2LlgIC2_0rPtmde-LjSEF9tqDQVYPC2GGtn-C3i7gTmCy_ZPj7_9HqZ4OexoeeQ,Anivia,MIDDLE,-1122,67,67,-58,673,0,-0.041014457927796094,-832,-0.1906204469555023,-6270,-0.1286549707602339,-13
KR_7491124387,7,200,wuicHM_pSRIMSaJl7yMg-a59T2w4TEQ6wQcoSgHhywlKN8e2KAIV2FXIv_4wzYDOL2VYa9V0alDzpg,Pantheon,MIDDLE,1122,-67,-67,58,-673,0,0.041014457927796094,832,0.1906204469555023,6270,0.1286549707602339,13
KR_7491299943,2,100,FySTXZBG7jd8d-iOSlqHfYq3fEoByl4r2maACtm_UXV5UeMDHBwvQyJy2yxA_Q4S8T2e1edbuVHgng,Graves,JUNGLE,1035,3,3,-14,-237,0,0.012382851388132998,2565,0.6014813970308495,-15189,-0.0714285714285714,4
KR_7491299943,7,200,PwIanMI5j-FEnEV7P2yYpGVjOSb5J5dyX5OjGbO0jKlQQ2BMWdY-78Sz0JOreKRq0TCFC8iNJBrtfg,Skarner,JUNGLE,-1035,-3,-3,14,237,0,-0.012382851388132998,-2565,-0.6014813970308495,15189,0.0714285714285714,-4
KR_7491299943,3,100,BZWTebPySQAvr0t9Pqb0Z_-MJ8oEfwP-FSDAWlTi3oPrJnZJthxN-XbYl-inkJxofOHFGQwNkSD83A,Hwei,MIDDLE,-14,-2,-2,0,-92,0,0.05189454417503089,5093,0.3048429697074734,-3953,0.3660714285714285,2
KR_7491299943,8,200,Rp71tOVWcE4E2R-wDlJ_3dkZ1esSrgkX7tEQOV3RoRdVUKkMU8jgLZUdsAIqZnD_p2dPB1bpdQ9qDA,Viktor,MIDDLE,14,2,2,0,92,0,-0.05189454417503089,-5093,-0.3048429697074734,3953,-0.3660714285714285,-2
KR_7491299943,1,100,Ja9vRnhWQHxo1Y3Iio4eGOujTIa29LVlW-zRslNVxVehtUzggcf0In_CPGhOw1YT8RLT56o6rA9Svg,KSante,TOP,-133,2,2,0,-346,0,-0.027088851666642794,494,-0.05905967131769263,9307,0.044642857142857095,1
KR_7491299943,6,200,4BkPDm5aWqG-oMXvyzrUU6vLk5swPWFnPKyHMMzOGo31J71qPcFIUur3lVe7jW_qvukYUpTR8m89NA,Gnar,TOP,133,-2,-2,0,346,0,0.027088851666642794,-494,0.05905967131769263,-9307,-0.044642857142857095,-1
KR_7491448476,1,100,9BCC7TgtqR1PPkkhf2BpEb30I7n2wTmOO-aVgJi2gzffl7NEb9LxDHhbzYobBcKdBMIo-gKXNTxdjA,LeeSin,TOP,448,7,7,2,-42,0,-0.1224215966868171,-4841,-0.1785855984830904,-40582,-0.28490028490028485,-1
KR_7491448476,6,200,ZEnu9XOMeFNU7Z0guxmwjHLC2ech40MB2C_D6S91-1BtOQmyOU4ZJd_YYV2FGk-5Xfz2D92SdiVRJw,DrMundo,TOP,-448,-7,-7,-2,42,0,0.1224215966868171,4841,0.1785855984830904,40582,0.28490028490028485,1
KR_7491570995,3,100,eElmBfLR2MRdSWMq3P2lR6dNCuROuzUumXm2xn3qTsrhjCJjyDmggDUVjI5rByliZVeL_1Kf0WlqLg,Corki,MIDDLE,-286,6,6,0,-86,0,-0.02716641796029251,-809,0.06323702037993195,5870,-0.2657142857142858,-7
KR_7491570995,8,200,-LfJHiunEhhPckYMX64efn687JWe8BLRVgI3aADAt4DPyBsyB4P_KCbkSPgiVAv8jgY9a8CU9MzVdg,AurelionSol,MIDDLE,286,-6,-6,0,86,0,0.02716641796029251,809,-0.06323702037993195,-5870,0.2657142857142858,7
KR_7491570995,1,100,aw2-LufZthUZJXdGKMnY8vXpCb0KjMq-zTTtJ1HPCzlMC29WvEo_AMAnaMzUKVyXALNXyxCzx-toPw,Gnar,TOP,-105,10,10,0,434,0,0.016919590719267408,-5323,0.052387222859641924,1240,-0.20285714285714296,-3
KR_7491570995,6,200,2y90Rh8GsKZ-J3_EePGpxjxwfduAFAlpMlbIIWX963I24uUh6DSY_ggIh-FJuBy5Ldxv4mzuOKXqHw,Urgot,TOP,105,-10,-10,0,-434,0,-0.016919590719267408,5323,-0.052387222859641924,-1240,0.20285714285714296,3
KR_7491843962,2,100,EWKgCOR7mmw83t7KwKrln4hdgF2pJZoiDHKQ5aLrWCyLQ_eT_K6rAm3kRdQ4zSwKlKvD1LsyS6VmMg,Karthus,JUNGLE,-805,6,6,6,146,0,0.011837547204840926,2781,-0.4233640561964974,-241,-0.18484848484848493,1
KR_7491843962,7,200,9HN0Pr6xNnJcSqjbHmjJ_kHRiIRcIR52zJrYQnczUhnZ087n7s1WzSXgl1H6N1CAIFoyQSAhotPYJw,Qiyana,JUNGLE,805,-6,-6,-6,-146,0,-0.011837547204840926,-2781,0.4233640561964974,241,0.18484848484848493,-1
KR_7491843962,3,100,CyVFh0AWDIgeUxvpCQenP0L8sFeeoiQj5QaDdxI-s8nVDmD127OOx4xSWgwBWT5bqAj-o59BXcoqGA,Xerath,MIDDLE,247,-3,-3,0,-273,0,0.1379127554919558,-3053,0.6176035197091091,-14006,0.4333333333333334,2
KR_7491843962,8,200,wyyftsgV7NwWSFbuKytF0zJrz_AuJ7580lkahIm-ZzGW28basBEsDav15wnQii3aKt39vgpvDyjN5g,Kassadin,MIDDLE,-247,3,3,0,273,0,-0.1379127554919558,3053,-0.6176035197091091,14006,-0.4333333333333334,-2
KR_7491843962,1,100,atlzipeOSLRoTo7P6VDLXW5qXNCKes4-28iO4qZuFsC7JBU_S1ekmVDWnQwJikE9OiqNtcE_O0fRXQ,Urgot,TOP,21,-3,-3,0,166,0,-0.13781458025532128,1515,0.19292573992751283,-2139,-0.1060606060606061,1
KR_7491843962,6,200,uJLXQr3VChadoWRqF0fKGKMKZgfuHJmfmPGy4pV24FGxcEF2gzhWsm-E7eZNEjE21au5eL18v4nBzw,Teemo,TOP,-21,3,3,0,-166,0,0.13781458025532128,-1515,-0.19292573992751283,2139,0.1060606060606061,-1
KR_7491989930,2,100,EJDJ1EEb3vtOGDYzAwFjBpUjLd72nMIMGrKYTQRfNr5GVqvpVU3EpPaUgDVaIWlR8Y8J3g4buzcZvA,Vi,JUNGLE,330,-11,-11,6,14,0,0.005582473578817401,-1372,0.31677986446076567,-695,-0.030552291421856725,4
KR_7491989930,7,200,5P9XbhhtFDx6kzJNw0UMjZGLFAvbM1UsFyV25dh6WJ9QEs6dFNeuhl5v7LBfpJkxxE3A0c0EEV85aQ,Morgana,JUNGLE,-330,11,11,-6,-14,0,-0.005582473578817401,1372,-0.31677986446076567,695,0.030552291421856725,-4
KR_7492184749,2,100,Bl56JSEuA_lG0t1uxnI1x--Q79YwJ5Yj6j1YcWtNdrrBsqp00dnYNJHaE5Mx2_iGAtp8WEnFmGSLaQ,Qiyana,JUNGLE,420,-58,-58,57,-874,0,0.0061394239668965955,855,-0.2980664772037769,10544,0.06451612903225801,8
KR_7492184749,3,100,qv4nR_5igvOlYNGCj2b5n6s_zcjuNmcI-g3Pg1WC5eB6DQc1Vl4GIi5HvVJ-XfZJkPvCiX50iIGwAA,Zoe,JUNGLE,-420,58,58,-57,874,0,-0.0061394239668965955,-855,0.2980664772037769,-10544,-0.06451612903225801,-8
KR_7492361849,2,100,wuicHM_pSRIMSaJl7yMg-a59T2w4TEQ6wQcoSgHhywlKN8e2KAIV2FXIv_4wzYDOL2VYa9V0alDzpg,Zyra,JUNGLE,-305,-76,-76,72,-748,0,0.00518608260034531,-1511,0.1440915368316117,-6685,0.07738095238095244,0
KR_7492361849,6,200,45FTXK4jpVFtMjemwUPT8-ocyU5ws3dkz4eJhclwGufpkKDcoVtkvbnXMmw2y6hxYwYZ-QjKLEsA_w,Aurora,JUNGLE,305,76,76,-72,748,0,-0.00518608260034531,1511,-0.1440915368316117,6685,-0.07738095238095244,0
KR_7492557911,2,100,aZ3Gbiym9jBrcBjACg4TaCf4gn3Weq3667fw6aVLOW6jxtEXKRmuZOj0cSyW0rB8szY7V8IEOWXcLg,Viego,JUNGLE,1465,4,4,8,383,0,0.129369174511099,-874,-0.33786652721014376,-3631,0.15865384615384615,10
KR_7492557911,7,200,dOEAgE4duBAT656_Ae32h03fbnk1VKNh2iKq3WEXChMs17PY3T9Ryu4IK3dbFNMYaYJDHcDMh_0ElA,RekSai,JUNGLE,-1465,-4,-4,-8,-383,0,-0.129369174511099,874,0.33786652721014376,3631,-0.15865384615384615,-10
KR_7492557911,3,100,AnvpyO--1r9ipGZUCzB_67jyUxiKzR5jwodsNbLBlYwR83AemhpqVdGM71Q7xWvi5oqUWk8gTT0JbA,Syndra,MIDDLE,522,1,1,0,530,0,0.07760412436758538,7191,-0.07858621655622444,-15197,0.21634615384615385,5
KR_7492557911,8,200,Nz6cd19RqBPcnBRa9jVVvGsyOdCnuBpqRq61KL2LgbICVST-aqd9tF4axa9MGmNaG4ePBaJby5-tyg,Akali,MIDDLE,-522,-1,-1,0,-530,0,-0.07760412436758538,-7191,0.07858621655622444,15197,-0.21634615384615385,-5
KR_7492557911,1,100,rvV4X9JbCKZTqd7MS8CkluUXT0MOP-m_zEA-xOtq-ifAuaICoz_SG2BUtIklDP9F_--EDtK4S4r4Qw,Jayce,TOP,-544,-6,-6,0,-640,0,-0.01020721487887441,4541,-0.15216155131082298,-6947,-0.06730769230769229,-3
KR_7492557911,6,200,SJSP1phjEbN9L7LfiXXB1ZKf5_B6WF2hWrvnSj3ARPY3R6S3h-lx-kri5fMCOWNi26xdt5O1LAcPFQ,KSante,TOP,544,6,6,0,640,0,0.01020721487887441,-4541,0.15216155131082298,6947,0.06730769230769229,3
KR_7493331015,4,100,qyhdoDH_T1z3Q9KDflgiNcIUeUZs7u5M4n241KJeK_q4Ie0VCM-mY0w0IfyRUcu7TvqMgBGu5moWvg,Ezreal,BOTTOM,574,53,53,0,752,0,0.21541111060635643,7023,-1.9021676966364844,6357,0.0,8
KR_7493331015,5,100,AyiG5a4BGTliIhoM60OL2rPcuTU-q_Yp6mP4gHtHHKu2_lW-2cnvWVg27JeJtVHTOXudslOmxOTj8A,Karma,BOTTOM,-574,-53,-53,0,-752,0,-0.21541111060635643,-7023,1.9021676966364844,-6357,-0.0,-8
KR_7493501704,1,100,k6lL5z3cEbmccp_SszGtXFr_43HEhbjZTP9shEMA2P7I3nojC8lk2iG4LEs8GEFaRJNUvKxOlNuKYA,Yone,JUNGLE,-329,67,67,-64,1103,0,0.08958640391674239,2049,-0.13761017698812628,-7995,-0.2222222222222222,0
KR_7493501704,2,100,bPaLEL7tC6O8TPre_tuW0zslHsxb5GlJp7azlMiBdBBTohBF5E78XVmSLwbP9peF22mYgGybUnnF0g,LeeSin,JUNGLE,329,-67,-67,64,-1103,0,-0.08958640391674239,-2049,0.13761017698812628,7995,0.2222222222222222,0
KR_7493634795,2,100,hRmWO2CXVkAqXyjYGp8K45AGgpRHVuL3uTNThN3G1FsLtjo-Y-oFmym8s2Rffvfuun2lNlw4LcECew,XinZhao,JUNGLE,51,0,0,-10,-445,0,-0.0943692298026366,4432,0.2141346051804226,-729,0.05217391304347829,5
KR_7493634795,7,200,TC8JwFNRR5dsq44ANlbN395ON6lQYeY3gLA_7H1ASZ1rJ2IF5JSSDBnrDaIEGlcZ9z_K4tfrOhWmUQ,Skarner,JUNGLE,-51,0,0,10,445,0,0.0943692298026366,-4432,-0.2141346051804226,729,-0.05217391304347829,-5
KR_7493634795,1,100,Mbiy_CF-WE3bdB4B86s42ojNhuNXZBJtk-6SYvngt7p4DlNXRWHNlPsDFl1ncV7BcWgXg-hyjcHylQ,Jayce,TOP,105,-5,-5,0,-46,0,-0.031120681702685005,-1083,-0.3892786438390134,-9439,-0.18260869565217402,-1
KR_7493634795,6,200,2IWjXXEl5tv2_4KL8psls7SN9IHghZLf_fkJgvPazxcRHzREMealsdwlZGhmHpCPuGpeAF9aHfOs8g,KSante,TOP,-105,5,5,0,46,0,0.031120681702685005,1083,0.3892786438390134,9439,0.18260869565217402,1
KR_7493746026,1,100,w6CbUENZw6X8prWwxeBN3mEZyu2FkQqPnfSBaKHSjtHJF81rOZt7fpQDpu62dt5zBsCIewxJ45W8qg,Ambessa,TOP,-1042,-32,-32,0,-1168,0,-0.029655421322270697,1108,-0.28061220992692065,2242,-0.03809523809523799,0
KR_7493746026,8,200,cnPV4iSWitIBt-Q9XyJhcSqPJsRLLTJ5zP6eS4vVbCmRJp6kJ1I6Z5HHq7B_U_UM1hTspBAaTg3h9w,Akali,TOP,1042,32,32,0,1168,0,0.029655421322270697,-1108,0.28061220992692065,-2242,0.03809523809523799,0
KR_7493838891,2,100,kPM8xbnb0xm83-wWR0VP3bx_-pc7sS3ZxQBNahOoiHpWZ_cKf39dcM4JZlB9Qg-ifUHE0T60ZQLBBQ,Nunu,JUNGLE,378,4,4,2,225,0,-0.009661899716711692,-2304,-0.5513979162805485,-5537,0.014204545454545525,-4
KR_7493838891,7,200,aLdGTbpKtagHP4TxcaUTbL8xGp0o46vgYsq4RcToUy4WOFquUrt4SFO1MWHwZgTjX93fnl2vUfdIvg,MonkeyKing,JUNGLE,-378,-4,-4,-2,-225,0,0.009661899716711692,2304,0.5513979162805485,5537,-0.014204545454545525,4
KR_7493838891,3,100,oeYdf9Htp4CRlYzxsabIJ-JNMPmEIZSgWce8nhsK6CLAf_mRa3SEmZbkMhHVrbrXvRMadVWlLerrhA,Corki,MIDDLE,-268,-2,-2,0,-443,0,-0.09367606098045667,855,-0.6977223428895416,-2295,-0.25,-12
KR_7493838891,8,200,7oE3sk18qtqB_dtUi2g7e0NvS16zeiJp8TJHwIj7wSnHZHzp3pZptVpLu1UhiPhHXLpwnJ6Yyem1EA,Akali,MIDDLE,268,2,2,0,443,0,0.09367606098045667,-855,0.6977223428895416,2295,0.25,12
KR_7493838891,1,100,yuoduo9Kib_UXf696-aqv_loPuGtYxwmEs3XkZHZhi2Apde8BG86v14EDBgIRsKDu-p7Z91JkUaX4g,Gragas,TOP,-151,1,1,0,200,0,-0.07442372827226451,-4096,-0.23390871913171807,4058,-0.2102272727272727,-6
KR_7493838891,6,200,J4JDZnz0vtiTWWi9Wv-_FZK2RjBP2pr0kjfVwqNmylEi_-UalAkovmJw2aMnxZQs6MNWKrM7wra2ZQ,Poppy,TOP,151,-1,-1,0,-200,0,0.07442372827226451,4096,0.23390871913171807,-4058,0.2102272727272727,6
KR_7494341294,2,100,N4EJcR_R9gYsT-vFMlffXTlVwzyPzueMi8l6OsRcOvWY1Uuvs6DstgPVFT3L0G1CzlwENmK4yLosvg,Zyra,JUNGLE,1031,-4,-4,16,900,0,0.2027158250404178,-1792,-0.332151410952773,4776,-0.017902813299232823,8
KR_7494341294,7,200,0xeTlAU0qgDqR5vW79_cXtoVVUNVRbrzGTO9sBOI-l4UxE2rij_CRzFXSWn9VTK_Zg1o4fDexHesqw,Ivern,JUNGLE,-1031,4,4,-16,-900,0,-0.2027158250404178,1792,0.332151410952773,-4776,0.017902813299232823,-8
KR_7494586776,5,100,1uhnRryFuQCG-R8VkY2ZVqhA0OiWsVBC7eGNuUthaXhMjTTitRzTMdaxsxsT9l-VIFQIWxAYenm3PQ,Nautilus,BOTTOM,-375,-51,-51,0,-1040,0,-0.0993336899191439,1289,2.0876379696252876,-8136,0.12222222222222223,0
KR_7494586776,8,200,3Q7P41w52-DKxdmak4dFoLAu3ZBWnh2OksZc4R3nBqkLIt8kSJPKLgiIMxF4i_NOVDsQ8EFGGm3upg,Zeri,BOTTOM,375,51,51,0,1040,0,0.0993336899191439,-1289,-2.0876379696252876,8136,-0.12222222222222223,0
KR_7494586776,1,100,NGsKH9z5Rn-VLPC7ZBvRwhkkl_ZnW8YXzZQtdXr5wApKF4x9rt84_9Nl88BnwIMYj3qaGR1gEeq1nA,KSante,TOP,81,-7,-7,0,-24,0,-0.1302967512515625,2567,-0.05940163184322189,-3949,0.14444444444444438,5
KR_7494586776,6,200,4OF9EdKMqIUCNeUkVv6W_sJZkv3P766WAgRKGoSzIPy26poJWM2BUgUKK-6plHygR2JhnGoWQaxwdw,Fiora,TOP,-81,7,7,0,24,0,0.1302967512515625,-2567,0.05940163184322189,3949,-0.14444444444444438,-5
KR_7495228061,3,100,n0mmWdNHd5AxRmw7eJ_hijJQQSySkOrYRgsKBteqWpvoAhvjvoUodbtWiUc4pUXrszcArZVZEq_iqA,Orianna,MIDDLE,-585,12,12,0,140,0,0.03385774346284742,1223,0.12548639989455235,6438,-0.14849354375896695,-4
KR_7495228061,8,200,QCprdn3ACVBHssZXtpmz9bjD1jNCE-Y0sIEVRx4owiEfKqQV4kICqhls56fqkw8wWfL8Xo112VUgzQ,Mel,MIDDLE,585,-12,-12,0,-140,0,-0.03385774346284742,-1223,-0.12548639989455235,-6438,0.14849354375896695,4
KR_7495382128,1,100,45FTXK4jpVFtMjemwUPT8-ocyU5ws3dkz4eJhclwGufpkKDcoVtkvbnXMmw2y6hxYwYZ-QjKLEsA_w,KSante,TOP,852,13,13,2,768,0,0.062733818100332,3628,-0.4229102209212652,36427,0.39495798319327735,6
KR_7495382128,6,200,as7NA2egoWHegTEAMg6M3yXI0tUmr5Zoh_mEbktpeC-u6t9Vs3lLZQv57sNWsGgCnPJTFnMbmgcXXA,Lulu,TOP,-852,-13,-13,-2,-768,0,-0.062733818100332,-3628,0.4229102209212652,-36427,-0.39495798319327735,-6
KR_7495527319,2,100,hRmWO2CXVkAqXyjYGp8K45AGgpRHVuL3uTNThN3G1FsLtjo-Y-oFmym8s2Rffvfuun2lNlw4LcECew,MonkeyKing,JUNGLE,460,8,8,-18,-577,0,-0.07257797723381029,1641,0.0758056572704563,-3276,-0.13577586206896552,2
KR_7495527319,7,200,w5cg43HoMwWBBnOkhwn_KkDVH9JIAhrK_Vrii_SU0f_4omsxIW42uKop2Lob08TCS1PvHHMX30qU1g,Viego,JUNGLE,-460,-8,-8,18,577,0,0.07257797723381029,-1641,-0.0758056572704563,3276,0.13577586206896552,-2
KR_7495527319,3,100,8OzkzMQ5CFahleYtCXdGLwxx3u8h3iRkHM5-H_GQvwet3HVNxVIa7qMFbHwYf8rzDyHvEhjTnRS9Rg,Mel,MIDDLE,-21,-1,-1,0,-496,0,-0.038959027851270894,6547,-0.037805376513909805,-16803,-0.10775862068965514,1
KR_7495527319,8,200,jvlijG2SB2XBQop5bAcU8IJo_Pg_TVSLPxNGv5j-Etqdq9i9ch_c3_Ubg71ItZ_BtpHSPoUEPmwnew,Ekko,MIDDLE,21,1,1,0,496,0,0.038959027851270894,-6547,0.037805376513909805,16803,0.10775862068965514,-1
KR_7495619229,1,100,qy0gL2CPZMrmeUKjIjgv2PyZmTOGfcH-HUiMH_2fCs1iYK4B8yHzYRwiwu9NoH2ZwQpYBGuR5oMSJA,Jayce,MIDDLE,1216,76,76,0,3095,0,0.21523435701151888,7975,-1.572890171348646,3163,0.31818181818181823,4
KR_7495619229,5,100,H3Nyv0fqnkz0sA_OqzoGSXYmp7rpobbr41sEUhXeG0bL7P5zgNW1-6sBi7IoC_szbDYq9FdZrpaqcg,Poppy,MIDDLE,-1216,-76,-76,0,-3095,0,-0.21523435701151888,-7975,1.572890171348646,-3163,-0.31818181818181823,-4
KR_7495693820,2,100,w5cg43HoMwWBBnOkhwn_KkDVH9JIAhrK_Vrii_SU0f_4omsxIW42uKop2Lob08TCS1PvHHMX30qU1g,Belveth,JUNGLE,475,-11,-11,24,665,0,-0.038221303257408495,2925,-0.33690504900529483,-2241,-0.11538461538461542,1
KR_7495693820,7,200,7B_pgto1GCXIVE0A4PSo14xaPSZcIyUF_s1cy9hQM3XomOmrPHI_17myu0dGT0U7J0hk2kpGmvuMgQ,Zac,JUNGLE,-475,11,11,-24,-665,0,0.038221303257408495,-2925,0.33690504900529483,2241,0.11538461538461542,-1
KR_7495693820,3,100,YHXlTN5uuDU6gQfYZztcUwNcoBsunnogtDzsoEKeDx37kQ0vDUJpT70Gktum-dUqX4X1ChHS6o27-Q,Sylas,MIDDLE,941,1,1,0,-16,0,0.09920908696607703,-3716,-0.18174795403567845,27396,0.30219780219780223,7
KR_7495693820,8,200,57FondTDBRhuC3CTDnlUu6SpzGIKUQ6F2mbZToPN0LLn4t1suh1wGHwoKW5MDudwnmCzqmMp4HKOzg,Qiyana,MIDDLE,-941,-1,-1,0,16,0,-0.09920908696607703,3716,0.18174795403567845,-27396,-0.30219780219780223,-7
KR_7495693820,1,100,gzouY6lJMtHKWTIDK747_6O_VEnVDoOmWjKzVLsPjGcXr_RHs-PGoS_M87JmBuUPziyjMpI0zbkMhg,Ambessa,TOP,-409,-22,-22,0,-328,0,-0.10269999367855828,-6057,-0.2767727557597903,-16452,-0.2692307692307693,-5
KR_7495693820,6,200,Xi1_F6Gto98WJGc9Zjl2pWFtglMgM68LieCtn2qII44f4rieyjCnyV9EDSVXhW09fNRcodBROeKJHA,Fiora,TOP,409,22,22,0,328,0,0.10269999367855828,6057,0.2767727557597903,16452,0.2692307692307693,5
KR_7496137290,2,100,3O40pCWrddkdUSx4zL_M1lbEeyex-nc9mYraYUYdL70us2aLcoBoA7Ih2mD8CZeS2IrZ5a55SEf5Vw,LeeSin,JUNGLE,-238,4,4,-14,-305,0,-0.005824340453564919,-2539,0.490128802982453,-6809,0.3555555555555556,-1
KR_7496137290,7,200,hrBshxWuXpHTAO9yuRQlXIK-ANQC6jtuplZ-GWaFGtht32wXBdhmDmm3abzF2OrOzsFt2K-yzbnc8A,Pantheon,JUNGLE,238,-4,-4,14,305,0,0.005824340453564919,2539,-0.490128802982453,6809,-0.3555555555555556,1
KR_7496391665,1,100,9FrJ39-n3IJwtjlfHeSRxLQYJFUi65Yog8reCLUcuILClU4-rdVvbLMy7FFQcjjy0vCHiHPDpIFRuw,Jayce,TOP,-391,-6,-6,0,-361,0,0.005038927136875204,-4471,-0.037840855125712,-3330,-0.010452961672473893,-1
KR_7496391665,6,200,oajIfY2cV8cLXD0ItzURaYDhD-Jr9zZHw3NhwYLY-lcIYBlFi3fIN-07feYAcKs9evX7mLcyi8VMvQ,KSante,TOP,391,6,6,0,361,0,-0.005038927136875204,4471,0.037840855125712,3330,0.010452961672473893,1
KR_7496621156,2,100,3OQPOR8Nvc5LekHklNDN3h1nYuV5p5dRZDimIrOiZV7ChsK0_yleP2Ak7-9OiXmgmu-y_9pC80P1Qw,JarvanIV,JUNGLE,104,3,3,-2,-292,0,0.019285632432385083,4915,1.2563616351796996,-10287,0.4743589743589744,1
KR_7496621156,7,200,K8ByLKr57UcfjNid78QlaoijqrR2NoITQ26E-M7TyyRoX5dwo9pzeymalU7ddKfpfmDxzucrFy9E4w,Zac,JUNGLE,-104,-3,-3,2,292,0,-0.019285632432385083,-4915,-1.2563616351796996,10287,-0.4743589743589744,-1
KR_7496621156,3,100,AnvpyO--1r9ipGZUCzB_67jyUxiKzR5jwodsNbLBlYwR83AemhpqVdGM71Q7xWvi5oqUWk8gTT0JbA,Syndra,MIDDLE,-107,10,10,0,68,0,-0.011597347373221295,4809,-0.4011648017020205,-1968,0.11538461538461542,3
KR_7496621156,8,200,n0mmWdNHd5AxRmw7eJ_hijJQQSySkOrYRgsKBteqWpvoAhvjvoUodbtWiUc4pUXrszcArZVZEq_iqA,Xerath,MIDDLE,107,-10,-10,0,-68,0,0.011597347373221295,-4809,0.4011648017020205,1968,-0.11538461538461542,-3
KR_7496621156,1,100,GtlfC1FAkAPlnrdoI5cigQLUT7IL8UM2_GHKa1tTqm9pmDch0M1bGIewz2WZSyWHBJIkCkjNuW01qg,Rumble,TOP,1964,45,45,0,1367,0,0.1375476839776548,7092,0.19988181594525856,-3506,0.4487179487179488,8
KR_7496621156,6,200,KuDuZg6wiEv1sMTUhpsE705buF-qxvvu9B4wsuGo3ksejPBLfc8EaiC-yScpMWGCxArkxg8EYIiggA,Aatrox,TOP,-1964,-45,-45,0,-1367,0,-0.1375476839776548,-7092,-0.19988181594525856,3506,-0.4487179487179488,-8
KR_7496908304,2,100,r-XZ4SmzbafP_8wCuWSUnGqI4pny4o01Iy-taKoYF3eoGAvIlb7CsPnZkjsEp97shCQV5oWE62ApXg,Viego,JUNGLE,1780,10,10,14,839,0,0.026586631656735193,3029,0.24534863035247723,10127,0.09222560975609762,10
KR_7496908304,7,200,EJDJ1EEb3vtOGDYzAwFjBpUjLd72nMIMGrKYTQRfNr5GVqvpVU3EpPaUgDVaIWlR8Y8J3g4buzcZvA,Vi,JUNGLE,-1780,-10,-10,-14,-839,0,-0.026586631656735193,-3029,-0.24534863035247723,-10127,-0.09222560975609762,-10
KR_7496908304,1,100,7INbcIEExThYp9fTGNn5ShMmI9840hJM__ic6JwqrDVsRc-3RrRU0aU_KPJGmm9YY_7H6Xkgds_-KA,Zed,TOP,-305,-8,-8,0,-795,0,0.018018585857273894,-4602,-0.4617014494177537,-8649,0.05030487804878048,-4
KR_7496908304,6,200,_NxnI7kJ5_ReovJwPnd6yjq-NA7YaLxn0kAWhsvrzJ72DPUZOFElbiuWS-KncUNFQqz8FY4SDphPXA,Camille,TOP,305,8,8,0,795,0,-0.018018585857273894,4602,0.4617014494177537,8649,-0.05030487804878048,4
KR_7497156289,3,100,WH9wOkznQ8HvQ4-pNOSS7Qy-6PfZxRndbC1PVNDNJqqgFgoeVfroWjN7DNB0DUYAFbqD7wp1uUW6zQ,Sylas,MIDDLE,553,1,1,0,775,0,0.09393467738103428,1677,0.04981431555766713,7424,0.23106060606060608,9
KR_7497156289,8,200,ZWoD0gjo3EW0tE7HoYhl-1r5Ci8XrQpOe3UyLDEF16kcrZctMwC_ljUi_KactxHvMuTrKVNFHCm3uw,Yone,MIDDLE,-553,-1,-1,0,-775,0,-0.09393467738103428,-1677,-0.04981431555766713,-7424,-0.23106060606060608,-9
KR_7497156289,1,100,7j5hFNOtTGvcrT-jUIANylatnka20wckEZLDqWWQBGeMjQwAh4Uf43eBKEvxDl7EKewTASsHc_VjUQ,Malphite,TOP,-1383,-41,-41,0,-959,0,-0.0007917548768354987,-1630,0.03237185417274513,1158,-0.1856060606060606,-1
KR_7497156289,6,200,SBbp19y2DvYMLCHaB0ybpvNoovFQHm54PAgKDPM00Pg38btx3ACmbdtPFwFZEeUmNwP2kYh84vti1Q,Yasuo,TOP,1383,41,41,0,959,0,0.0007917548768354987,1630,-0.03237185417274513,-1158,0.1856060606060606,1
KR_7497565307,2,100,3y33WQu2wEctmH2FeKYLnLX8MIJBdC1iiIHOCr23rjBtcoWZR1hq8FD299iqIk9jom9INyo36peo6w,Poppy,JUNGLE,-627,-7,-7,2,7,0,-0.1197529890159476,-708,-0.606774610347613,9548,-0.2271914132379248,-12
KR_7497565307,10,200,Vzr_HrhYU21519YzBi3auLvip8-dHjezHqWs9PMsr1DBnTOZJGX-TpaiBqvDTlG0atyWzlWFdDVYow,Graves,JUNGLE,627,7,7,-2,-7,0,0.1197529890159476,708,0.606774610347613,-9548,0.2271914132379248,12
KR_7497565307,3,100,jC52ZIOW3HUhHnoG6aXp9pKRPmGQpY4wRjcDbL7h2PopCxJzrmCi_PXKBNq9aeViaQ30uCygBOzMwg,Malzahar,MIDDLE,-485,-1,-1,0,-315,0,0.0656216779482057,4360,-0.388304135042878,-5265,0.16636851520572454,0
KR_7497565307,9,200,HSy2vsdpsrRmvZdbttJ_w5EBHwAnJwYJXTHSbBURPQbI9-UZFqGXZ7jmcMxgX6D8AhEtsdUVYtG86A,Leblanc,MIDDLE,485,1,1,0,315,0,-0.0656216779482057,-4360,0.388304135042878,5265,-0.16636851520572454,0
KR_7497565307,1,100,GEkfEg4tZHkID4Ncik8pM7_2HiKh_FIAf5eLUN1i7FdfhFGee3swAdyCJQEQmKhflYh4tXYJQiMGcQ,Volibear,TOP,586,14,14,0,525,0,0.05338105896696621,-5231,0.014788944755317002,-2843,-0.009838998211091188,-2
KR_7497565307,6,200,am3pJyAcnwNG4KXF_5684NkpBbfwrgRwYL59MPBQH2DaAjsUUR533V-V-O4jvjMkyWbAwpzF3DtROw,Trundle,TOP,-586,-14,-14,0,-525,0,-0.05338105896696621,5231,-0.014788944755317002,2843,0.009838998211091188,2
KR_7497711422,2,100,hRmWO2CXVkAqXyjYGp8K45AGgpRHVuL3uTNThN3G1FsLtjo-Y-oFmym8s2Rffvfuun2lNlw4LcECew,Sejuani,JUNGLE,147,0,0,-1,-37,0,-0.0467113367523424,601,0.4108703885484245,1941,0.09999999999999998,0
KR_7497711422,7,200,d_zdXJIPu0SwvmgoT0ILlSAw3bPn5bex4kUJOUlq0nBMF7W1t3T4JHQnDuwLOWRrSLQuS9MzhNDk7A,Viego,JUNGLE,-147,0,0,1,37,0,0.0467113367523424,-601,-0.4108703885484245,-1941,-0.09999999999999998,0
KR_7497711422,3,100,tpbEn_KS3KH2Di9DZREgaeL2PqkazJYiV51-ocLLhz00k_YooXspbDkplsnGPSOyUayoPFWCwIjC2g,Sylas,MIDDLE,91,-6,-6,0,-274,0,-0.10274336808825077,-760,-0.13053829425723362,-11646,-0.11428571428571432,2
KR_7497711422,8,200,oyhJiMJ8FUFmjYm73RNOOo-XcGpu4E3iO0-8TQRDRlRwSfckmMfcj1vSGOcL6C_6qMjrZ5KpbRu9vQ,Galio,MIDDLE,-91,6,6,0,274,0,0.10274336808825077,760,0.13053829425723362,11646,0.11428571428571432,-2
KR_7497711422,1,100,s9yl6XBFLjZBXnGSxwNVJ3r_hD6NCNFeQeee81IdI5M-N6cdcKD5u1LRVcdPbDbJYRbsfw64-FVLWQ,Fiora,TOP,-148,-11,-11,0,-577,0,0.04155400821187938,12055,-0.22879645119511866,2968,0.21142857142857152,3
KR_7497711422,6,200,CB1MThoQq64yokvlFhHq3SRzYsrVWXA31k5-b-VfEDududYxVg-Y04HebZhLRnqLovUhl2LCJfmoRg,Renekton,TOP,148,11,11,0,577,0,-0.04155400821187938,-12055,0.22879645119511866,-2968,-0.21142857142857152,-3
KR_7497960936,2,100,_e2YDQm27CirkktYcM07iXpBH5E3uRNza4mlM_hpNFE90l5FdvhB0MzDjG2tESuKaQ_EtHBGikPdGg,Nidalee,JUNGLE,502,0,0,-2,223,0,0.16916718895921692,3583,0.6220817115397841,-1319,0.18452380952380953,6
KR_7497960936,7,200,_WRMnp_JRTljsURQ4S4k2ImtSOpGf0C84TSHmvvcQYl2jrRvaBIxYxwjl7IuKgBbQevRTwUHnt1glw,Hecarim,JUNGLE,-502,0,0,2,-223,0,-0.16916718895921692,-3583,-0.6220817115397841,1319,-0.18452380952380953,-6
KR_7497960936,3,100,Chy18wZOoZ9ugQHuO6boS6wgtSU01jLuY9qjX-3y9tS7AzhkxtCcBLm_kc6gqTYGEm8WdSS7rfX30g,Galio,MIDDLE,-20,1,1,0,-82,0,-0.0511719311773538,-6523,-0.039362094807377734,17799,-0.1785714285714286,0
KR_7497960936,8,200,oQdZxzf3OMvD9SazjuO9PyhAQNTbKlweB8mIf4uB-O0vLA4z8gHmX7DjTaQOkXHw2Pbe8WScpK9dKw,Syndra,MIDDLE,20,-1,-1,0,82,0,0.0511719311773538,6523,0.039362094807377734,-17799,0.1785714285714286,0
KR_7497960936,1,100,cwWdLHPYwCoC_EZlbT_N2IHDssux-7MMBIbVkTVCmIfMKj70LRXOPFiWCE4TwwbNAh7BcUgYOGIZ8A,Darius,TOP,874,16,16,0,550,0,0.07241741953615638,3952,0.32336913469847073,12176,0.28571428571428575,2
KR_7497960936,6,200,o55SVIENZWlT9YeuANdPY127zp4Z1hmAHpadrz4GR36Rj6OTr-koChZIIsAo5UwUot8AqRkq8duqzw,MonkeyKing,TOP,-874,-16,-16,0,-550,0,-0.07241741953615638,-3952,-0.32336913469847073,-12176,-0.28571428571428575,-2
KR_7498431034,2,100,J3d1FF-Gg7hZG19n_-dXrw7OuILJxEVu3fnXORUiqe0gnP4lxM5PGPRpLKgdV1gfXOidCXnAnMX-aA,Taliyah,JUNGLE,336,-85,-85,64,-1103,0,0.011292729303449711,-7899,0.37523384862220666,-9021,0.4351851851851851,0
KR_7498431034,6,200,bwM-oqq5NTCg_CN0UHj1TgLjTiOF-sOF396di5bdJCldnsFpldC6p3hbxlaAmKHoNddSCTdDa9xaBg,Renekton,JUNGLE,-336,85,85,-64,1103,0,-0.011292729303449711,7899,-0.37523384862220666,9021,-0.4351851851851851,0
KR_7498870069,2,100,CPlMrwmj71Oa6LOSxCupKrFWb2nafS_kf5xwwZGdMzJRyRG6GwJismSuwEFGd0y42AlDPxT2iehojA,Kindred,JUNGLE,1584,3,3,14,869,0,0.0905367343678638,6219,0.3236513998121159,-2437,0.0839160839160839,13
KR_7498870069,7,200,c3p_hWhPiMvzGpfMUBCvwjoZmtbt6ugKqWHXIM15Xjy139iw8xkTo1J980pYTHuh-6EGy0jnhb5arA,Viego,JUNGLE,-1584,-3,-3,-14,-869,0,-0.0905367343678638,-6219,-0.3236513998121159,2437,-0.0839160839160839,-13
KR_7499055687,2,100,Bl56JSEuA_lG0t1uxnI1x--Q79YwJ5Yj6j1YcWtNdrrBsqp00dnYNJHaE5Mx2_iGAtp8WEnFmGSLaQ,Pantheon,JUNGLE,169,-81,-81,80,-440,0,-0.08343594246297278,-694,0.28470128093962177,145,0.009469696969697017,-1
KR_7499055687,6,200,UrfQEBsXA1UT1iAi3WCBc0V5LJaFFvijwwuoBMnrkJJk8MAANn7fAdg8j-e4C8GP6-nkBRH0opNymg,Renekton,JUNGLE,-169,81,81,-80,440,0,0.08343594246297278,694,-0.28470128093962177,-145,-0.009469696969697017,1
KR_7499183828,3,100,L3gruYIz3BoyWPIa_2frKlUJETwWrf8hW4oYWbIHZs1SfMkE_CDzMZLBDKyU8izpCWjTeXrBCtvYxg,Hwei,MIDDLE,-1119,-21,-21,0,501,0,-0.026987025730242004,-1601,-0.16840027248655676,4362,-0.09090909090909094,-1
KR_7499183828,4,100,zvk37ME2DqI0bmgutQKx6MDwb6z_OlmdfbWuYmmqkDCQtOVY2sAp9oG3dKrjaNqjQ241czpPZtTl_A,MissFortune,MIDDLE,1119,21,21,0,-501,0,0.026987025730242004,1601,0.16840027248655676,-4362,0.09090909090909094,1
KR_7499284793,2,100,Bl56JSEuA_lG0t1uxnI1x--Q79YwJ5Yj6j1YcWtNdrrBsqp00dnYNJHaE5Mx2_iGAtp8WEnFmGSLaQ,Nidalee,JUNGLE,-339,-4,-4,0,-361,0,-0.06774551887889702,2261,0.6348343962263189,14796,0.19429590017825316,4
KR_7499284793,7,200,l8zCfPZXSxLhSvY_5qa83ADS2nkhHd_R7qI8vrc1NkLLQ3jn11YTMUKgrcuC0hMi8lUM7rRjHPHcog,Zyra,JUNGLE,339,4,4,0,361,0,0.06774551887889702,-2261,-0.6348343962263189,-14796,-0.19429590017825316,-4
KR_7499284793,6,200,hoPfiNt_PrOn6Tasni94rv-sMnzMbnhhhvn_bpxx9aOChLbxY6h6Y1zs6PXynkLmMiZKftln2522Cg,Poppy,TOP,-273,3,3,0,-213,0,-0.03445576685048732,768,0.011596244571047576,4364,-0.29411764705882354,-3
KR_7499284793,8,200,EaJ-swiT5vtyI6E3SKO3QbQK3vFDrDb3nDVGE64MBag9OMhnyd8eI4Eiq0O1ClTr-NWSHuKTpzV_QQ,Yone,TOP,273,-3,-3,0,213,0,0.03445576685048732,-768,-0.011596244571047576,-4364,0.29411764705882354,3
KR_7499376515,4,100,mGSCKTxKcU4y2MJ6pCkEN3picnBEpHfR_PY9z4l1RZSbJpm0SuFpdusxV3Lr4FbFmjBESTIitGUfJg,Jhin,BOTTOM,688,62,62,0,2276,0,0.02191040936734448,9004,-2.685071823430234,-11889,0.10238095238095235,-1
KR_7499376515,10,200,CPIqHUdYvN6ENJyt01KdA35PprwHlpb4xUqW7D0-Z868jE0lyh3qD7ZanjoaKTfgvGU5knWtidBWDQ,Camille,BOTTOM,-688,-62,-62,0,-2276,0,-0.02191040936734448,-9004,2.685071823430234,11889,-0.10238095238095235,1
KR_7499376515,1,100,I_JnUgYVQGisG9mpPceBmjZAsDiUps81McC-QXOyBT428m3EyeNY8bafrEZ10I9F6kIRfI1_BCc3IQ,Ambessa,TOP,-927,-18,-18,0,-583,0,-0.02418783141926431,516,-0.6520388192035035,-7794,0.03809523809523818,2
KR_7499376515,6,200,tBld43yABZX18eggkgO2XlRFzjZ8J2503fCalo8iyfQO-WcCQlgOe6AJcWx3S9vIfzr4-v0kPPWrsw,Renekton,TOP,927,18,18,0,583,0,0.02418783141926431,-516,0.6520388192035035,7794,-0.03809523809523818,-2
KR_7499491514,1,100,ZuZEZk09SmEzkYCHF0W3Tt6dub2oRtsZNeKVHpBwwD8ZCLgKovAebHuvXVVSXHklxvr3rDqXjtA8Tg,Ambessa,TOP,-253,-2,-2,0,-355,0,0.05886122290678658,-2263,-0.6750130262597381,1278,-0.046428571428571486,0
KR_7499491514,6,200,QwlSO9EE1q_9BJQc6zmwXHHfks1vRjx_NyQNWO6qGiQydPiWG0_KNuA6f3MCivkPJCflk5m_Sibf7w,Galio,TOP,253,2,2,0,355,0,-0.05886122290678658,2263,0.6750130262597381,-1278,0.046428571428571486,0
KR_7499589455,2,100,NGsKH9z5Rn-VLPC7ZBvRwhkkl_ZnW8YXzZQtdXr5wApKF4x9rt84_9Nl88BnwIMYj3qaGR1gEeq1nA,Skarner,JUNGLE,-721,-4,-4,-5,-144,0,-0.11935281218953189,1209,0.36790087026941254,6568,-0.03252032520325199,-2
KR_7499589455,7,200,tLDTaYr8ttjx3CUpCTp8Mm1Wwni4vIk11qNiE6o7-wnxlMSbCZbtOYLwIuvFFYiLTGo0xTTpzaCxxg,Shaco,JUNGLE,721,4,4,5,144,0,0.11935281218953189,-1209,-0.36790087026941254,-6568,0.03252032520325199,2
KR_7499589455,3,100,jzWWV4FQ9GxHHjH4qYeAIle3LNgwdumF4VFIe2STS8QUsCqRDnjGJXtYPMmSewbiAGK8sPXdYXF4xw,Akali,MIDDLE,408,6,6,0,187,0,0.001432572099918511,1108,0.22426949907746652,-9975,0.1788617886178862,3
KR_7499589455,8,200,szHIH56QlFqrdxBina4SffxT6XkT3xoaRAQF5i_j8MFwafwiULgWZpuKpwPW5w7FnmDwrry9jomvoA,Sylas,MIDDLE,-408,-6,-6,0,-187,0,-0.001432572099918511,-1108,-0.22426949907746652,9975,-0.1788617886178862,-3
KR_7499589455,1,100,_By-LpyoH78S5YHW4zvNrVHMqS87dcabCF4XbcekDN38aC2SiDHv9OBvxpH2BXdkFnD0myktXDBjVQ,Rumble,TOP,-1215,-21,-21,0,-1119,0,0.04781021575302552,2617,0.1480835912677801,-19456,-0.18002322880371668,2
KR_7499589455,6,200,lxTAV5N6LlCEKggcUTsYLZyZqrvmgv_52eW1GWK8dllZt_6nbXDwKrJGU1pJP7Uopwzjra20YUaqng,Warwick,TOP,1215,21,21,0,1119,0,-0.04781021575302552,-2617,-0.1480835912677801,19456,0.18002322880371668,-2
KR_7499729041,2,100,HKNAeV1InsOhqf-Nu-R-NFac2AFZli2vDHriuAAIiZV3fvWAfo86JYOPt_KNM3nx3BqEzVHmKDGSSw,Vi,JUNGLE,266,2,2,-14,-296,0,0.03696580046558931,8357,-0.5746074975663072,-36138,-0.07750000000000001,6
KR_7499729041,7,200,sPzen0qbUTXRPmRMfgljOa5fQcUMfm_N2G5tkR-JibKb6WnvDAISHssjWL81XLNOuKrXeOJSQlMjDQ,Skarner,JUNGLE,-266,-2,-2,14,296,0,-0.03696580046558931,-8357,0.5746074975663072,36138,0.07750000000000001,-6
KR_7499729041,3,100,Q3bjmXJUxVNKmieHblik11zP5C-uxVrsieK6qZ1GvJ97HYaVD_cw_n3b_tsZ-4B4q5_eKaHn_K4YYQ,Xerath,MIDDLE,-796,-16,-16,0,-917,0,0.02122164489591849,-2821,-0.29755436546867287,-1300,-0.11750000000000005,1
KR_7499729041,8,200,DXziv3Fwjc9n2YkTBbL_7Xp-d8sSsz5dppxXuK8kkoa93NhDK77JlJBlBl9qh6_XR7DtHZgIsUeobw,Hwei,MIDDLE,796,16,16,0,917,0,-0.02122164489591849,2821,0.29755436546867287,1300,0.11750000000000005,-1
KR_7499729041,1,100,6aTEsF6bx37P3xGRRY2mc2UviEbQf4C37ULeK_cu9D8dJJ2shhAWkEPXjzdfBPHctnL4WW-OSjGw1A,Aatrox,TOP,498,4,4,0,805,0,-0.09790448161677559,-4828,-0.17159816539696648,-2190,0.028749999999999998,-4
KR_7499729041,6,200,g9OsH9YLlErJ5JPmG_h_qn1swl_2Fz4bxMvHnTVOpBDR-LXsyRoUYaKXTub8I35gVzFyMy4UQEIsxg,Fiora,TOP,-498,-4,-4,0,-805,0,0.09790448161677559,4828,0.17159816539696648,2190,-0.028749999999999998,4
KR_7500003952,2,100,Nqe-u1RGgiybcEnUBd4bt8Vw2O5JHcmsKcxvsWL7ROlNllsoy1xVroRE_h_LoUMXa6LOKDcrrgVntw,Vi,JUNGLE,-1125,-3,-3,8,-120,0,-0.1464709043437612,1061,0.2694540655946711,-5411,-0.4805194805194807,-4
KR_7500003952,7,200,sPzen0qbUTXRPmRMfgljOa5fQcUMfm_N2G5tkR-JibKb6WnvDAISHssjWL81XLNOuKrXeOJSQlMjDQ,Skarner,JUNGLE,1125,3,3,-8,120,0,0.1464709043437612,-1061,-0.2694540655946711,5411,0.4805194805194807,4
KR_7500003952,3,100,_-xvLFAGAoL1Tp7vckHPCHdwb3jo3evG11XsFUSPXYO9OIWQV-aF0dpnZK9diHX6UnwJGlTEaG1Ygw,Hwei,MIDDLE,530,3,3,0,364,0,0.045992516322824584,1416,-0.08952304758488772,-5197,0.1688311688311689,4
KR_7500003952,8,200,HwE7QHDnMF_qqnqy_00ZYqQOFJaiA8CeMG6vBCH5_qvUe8wctBAhRHhCk8sI7jBxqFyL6aQeQdnt2g,Orianna,MIDDLE,-530,-3,-3,0,-364,0,-0.045992516322824584,-1416,0.08952304758488772,5197,-0.1688311688311689,-4
KR_7500003952,1,100,yQqGVtu0s2OVsZZBGkOfm5aj9orU_D9dzkIjZ4jzaPLUankXS4QIElb_7Wy-jZ9MZX1thgPLoop7Mg,Sett,TOP,486,-15,-15,0,72,0,-0.03145040941020291,3581,-0.051843735320043716,705,0.2987012987012987,3
KR_7500003952,6,200,T8tLvTlFi379ZYVL8ZDM8BYF9GRQcvQqevn8Zs3Qqdvj4bdkG0u2M0FnmEPVfw-YZPW7We6vQeH1Qw,Ambessa,TOP,-486,15,15,0,-72,0,0.03145040941020291,-3581,0.051843735320043716,-705,-0.2987012987012987,-3
KR_7500142238,1,100,_gIWgkwMYy0TjIBpV8d18ahNi5udN7tTDVoA93syJWI7q7cJckDlU9SlEtkVwRAvgTYx8r9Xy_5YkQ,MonkeyKing,TOP,941,9,9,0,149,0,0.09785780439921213,7964,-0.11637116069458286,-1094,0.060846560846560815,5
KR_7500142238,6,200,g9OsH9YLlErJ5JPmG_h_qn1swl_2Fz4bxMvHnTVOpBDR-LXsyRoUYaKXTub8I35gVzFyMy4UQEIsxg,Jax,TOP,-941,-9,-9,0,-149,0,-0.09785780439921213,-7964,0.11637116069458286,1094,-0.060846560846560815,-5
KR_7500283901,1,100,jCW4u4IbClNLJn6zGIOsK0klpWr9O-Lbjc4xKcN225Nm3h_yRXdIRTkfPYTb9t3tHRBT0hYXVzIOqA,KSante,TOP,-2,-5,-5,0,-123,0,-0.04938894989558089,4517,0.6800184967279912,8725,-0.41867954911433175,-1
KR_7500283901,6,200,WnHpxqZc6jRagX8Z3TY6nYvTUwWGqt33F8bBSk8S5B-FA2CRlMp9OtgfClylnGW6r_ibOJLR37wMnw,Shen,TOP,2,5,5,0,123,0,0.04938894989558089,-4517,-0.6800184967279912,-8725,0.41867954911433175,1
KR_7500443824,5,100,4VbYdDm5NNZK-jqdZZavVls0DuidARlgBMMuHYvxxr1X-rX6mRSMAs9pZesqrGE_poXTv54gvaCVxw,Karma,BOTTOM,-1168,-56,-56,0,-898,0,-0.14383654045987537,-5488,2.357582321324438,6619,0.15311004784688997,-5
KR_7500443824,9,200,k080GlBsfnHr7tD_rjn20CWKNnprj143WyV_TahtrcdenwJdEC8c3K4Xsk8oY_Y78bGwMFhkiVyeDQ,Ezreal,BOTTOM,1168,56,56,0,898,0,0.14383654045987537,5488,-2.357582321324438,-6619,-0.15311004784688997,5
KR_7500443824,2,100,JbjFMcBp-ELHqqsB-t99na07xu5rYjPtZFkI9FUQ3-bKw9VuAkVwuSukUCwe6X77trfm5XelceBsRQ,LeeSin,JUNGLE,-1712,-5,-5,6,188,0,-0.1002534670866336,-6549,0.26905511085010914,8929,-0.09569377990430628,-8
KR_7500443824,7,200,aRu0GEbIE4y7LCulb76wZ55BcRPLkae6RL9_pDdsI5VkhDVfZkJR-CF--cDezA4QwpWGFQhBKO0zQA,Graves,JUNGLE,1712,5,5,-6,-188,0,0.1002534670866336,6549,-0.26905511085010914,-8929,0.09569377990430628,8
KR_7500443824,1,100,QwlSO9EE1q_9BJQc6zmwXHHfks1vRjx_NyQNWO6qGiQydPiWG0_KNuA6f3MCivkPJCflk5m_Sibf7w,Galio,TOP,-522,-4,-4,0,-438,0,-0.09064332932285861,-12893,-0.6092234475969154,8909,-0.04146730462519943,-6
KR_7500443824,6,200,H3-QZb35pVimbZ0BaV_Rd8TYY_Hsap31Fq95DA64FeOdcoux2Yld7q3-K-UX1CULTumUhhQ63U9mVw,Urgot,TOP,522,4,4,0,438,0,0.09064332932285861,12893,0.6092234475969154,-8909,0.04146730462519943,6
KR_7500623024,6,200,qGPhsDm0NyrNjZ_XSPY58DcHZZTA0E83-ux5u3XjlzaemcB9G3BYUuwYt-trcyxbqk3X67ZmEF-77A,Sion,TOP,897,62,62,0,2799,0,0.0697278556290529,2317,-2.3043123024551244,21462,0.0,4
KR_7500623024,10,200,JRSToCe69po8x75rF-YqeAQm2cIfDcNWutxNoSKEYEL8I9gUsJGZXqFSuSYySYbK_8LbnH4yLFHHRw,Blitzcrank,TOP,-897,-62,-62,0,-2799,0,-0.0697278556290529,-2317,2.3043123024551244,-21462,-0.0,-4
KR_7501046588,1,100,nmDfS-bLz9FBo14PGB8edFA3doT_XRre9aHyZIb9E6EXzg6d8kYArUlcTCeg_Jgdtbi9ZBGlsvEGBg,Nasus,TOP,-12,-11,-11,0,336,0,-0.06088708688472941,-3681,-0.07054251473687712,8207,-0.125,-1
KR_7501046588,6,200,27_XLT-vuYGR4nwPmGNwBTUjL0xSBCNp7-wokQAhtnR1ffOGL_y22NVNJoFkLmJNUz231Bf6-HcbhQ,Rumble,TOP,12,11,11,0,-336,0,0.06088708688472941,3681,0.07054251473687712,-8207,0.125,1
KR_7501357616,2,100,ok2MCz4HtluzZ85RbruPE34a35NxWovIeJe_wXiXE2FG5yXGUEK3rlYu-KYqBr8B6MWP2VqOsrf6lQ,LeeSin,JUNGLE,265,2,2,9,454,0,0.0563700270701193,687,0.6566635334938943,-3501,-0.16666666666666663,6
KR_7501357616,7,200,UQI8dUjdNb826T5dGZnx1B92yEm0KLOH7akBJ-pIWDChZzKYwycKmztNaxhAC5X_ihs808LD555XZw,Viego,JUNGLE,-265,-2,-2,-9,-454,0,-0.0563700270701193,-687,-0.6566635334938943,3501,0.16666666666666663,-6
KR_7501357616,3,100,wzqCnh7CnjVTJG4mPoUudU2S6xRskvt-B6ShxznF4Trs1khA9OuBfPEXhMxQlK0buGazCFIQ4e9jEQ,AurelionSol,MIDDLE,-512,-17,-17,0,-204,0,0.021906544922423804,5025,-0.518547858723226,-992,0.0625,2
KR_7501357616,8,200,knMhi874us_TUaLdHuII3UaVBXSTWWGtj7oBqEaiu-SOvOZP2rKrUbvANIGTRjYPGgKtv5EmKInh8w,Orianna,MIDDLE,512,17,17,0,204,0,-0.021906544922423804,-5025,0.518547858723226,992,-0.0625,-2
KR_7501357616,1,100,DfKCqUJ2ioniqCDF3-JrH7ASIh1n3J99CKi0lAw-fem2S6QuP8PyJYP6loRLI3yJZc2fA0SAa0fWXQ,Maokai,TOP,-189,-8,-8,0,-37,0,-0.1491780454723918,1341,-0.17605057484072928,4923,-0.25,1
KR_7501357616,6,200,nAcxYyaM5Q6CFC4PECgvpnruO0Q8hPfSbn2pBEFvs_LaUzQsX_k8oN8XaiTujv6JOT159iM4OAqKrQ,Gangplank,TOP,189,8,8,0,37,0,0.1491780454723918,-1341,0.17605057484072928,-4923,0.25,-1
KR_7501526293,9,200,tAhVKUF54OJQ08pODyrE4cd6TjIFYYMXbRZvr-ZS-ERnSRShpHEefdHWEYAfTYJ8qJLeVPApOQOicQ,MissFortune,BOTTOM,486,57,57,0,178,0,-0.04482587361574081,1734,-2.2389849470531105,-2853,0.0,2
KR_7501526293,10,200,jF-hpmp0pU7-v_yM-trsRcEovA6b2qOwS0LQCoOF7wUTa_2AiRtISSDjGddCOsFvTSz6Wd0kd5rf7g,Senna,BOTTOM,-486,-57,-57,0,-178,0,0.04482587361574081,-1734,2.2389849470531105,2853,-0.0,-2
KR_7501526293,2,100,VY0JmNK4wsph8yq62tH99OuvaCxRGV_WkarlG4g8c995FCv0xPXndQL2bD1psq6TtDh2G6rOAzueLg,LeeSin,JUNGLE,480,4,4,-2,-97,0,-0.025839633430886882,4509,0.43120854611123405,-15017,-0.059113300492610876,4
KR_7501526293,7,200,cc5rv9Uxq6PPu38w7qWtgzuphjKu8MvKfjkMjHmKmq5R4Xadb4ijVqxF21v6U7NvY6C0fm4is94MXg,Zac,JUNGLE,-480,-4,-4,2,97,0,0.025839633430886882,-4509,-0.43120854611123405,15017,0.059113300492610876,-4
KR_7501661786,2,100,4nYhRyPA16m-fs5o4G9KkU3P03o40Jy9C65_miWxr0ky1UUTbRfQn7MugRw9KNYWJM7hGDppCEwdeQ,Karthus,JUNGLE,-154,-64,-64,70,-208,0,0.06632674261333371,651,0.4572329266270011,-602,-0.0706033376123234,-4
KR_7501661786,8,200,Chy18wZOoZ9ugQHuO6boS6wgtSU01jLuY9qjX-3y9tS7AzhkxtCcBLm_kc6gqTYGEm8WdSS7rfX30g,Pantheon,JUNGLE,154,64,64,-70,208,0,-0.06632674261333371,-651,-0.4572329266270011,602,0.0706033376123234,4
KR_7501661786,7,200,4_XiAWFgYDLwV1w1tRpCYA-jg6foAw9kiF1OIhv2mFynExn5P9nUmde4_FBZo0eIGGXXDZbHNBtvMw,Zac,MIDDLE,186,-7,-7,62,1259,0,0.0843395876259031,542,-2.687451775191039,26573,0.02631578947368418,6
KR_7501661786,10,200,FKROELY-BrzN6661TvfbB27tHUSwvT-MxxdFhtTdGR5aahhJ1RDiYPTBtG1H4alqn-e0J6aeNUXKSQ,Poppy,MIDDLE,-186,7,7,-62,-1259,0,-0.0843395876259031,-542,2.687451775191039,-26573,-0.02631578947368418,-6
KR_7501661786,1,100,bcXtgAqVUjbLlrrlePvzfirzFHsMEnSf0yNxBZ53qf1DbnFXmz3HpS-WYSmKfiqLpZ6dNA-iU-VzsQ,Yone,TOP,-1251,-15,-15,0,-578,0,0.04944634159758429,-7937,-0.37987030807543665,8418,-0.0243902439024391,5
KR_7501661786,3,100,_ejWy88cj6_JMIhiBi6kkJtRefxkNwU6iTz7uYEaI-iuUSY2dKndZADQkLfFqpsbYhTDnpQ4Y58VVw,Diana,TOP,1251,15,15,0,578,0,-0.04944634159758429,7937,0.37987030807543665,-8418,0.0243902439024391,-5
KR_7501816056,3,100,_-xvLFAGAoL1Tp7vckHPCHdwb3jo3evG11XsFUSPXYO9OIWQV-aF0dpnZK9diHX6UnwJGlTEaG1Ygw,Smolder,MIDDLE,846,26,26,0,670,0,0.11054856056675869,-2616,0.01461930102401543,-3797,0.22499999999999998,-2
KR_7501816056,8,200,z6GTsMQYqrBXp_OBqhrMZwZM-0MDW4FZiwXg6Z_--Fzx76aQFaycSJpuJax2hnQsFyyd1d7i4E9S6w,Yone,MIDDLE,-846,-26,-26,0,-670,0,-0.11054856056675869,2616,-0.01461930102401543,3797,-0.22499999999999998,2
KR_7501816056,1,100,V4SWotri1hzhCevpTO-pH2zZ66ad9w9C9mnXAbRDtIeEv9EzYSZzkI4q5RqZjKWOSfcu_Ch3vgaZbA,Teemo,TOP,-665,-8,-8,0,-22,0,-0.05413721858310799,-8897,-0.10418120620993265,-10111,0.041666666666666685,-7
KR_7501816056,6,200,jqsfU57XubRUUL5utavNdOa0_6cBHxBItSjGak_i0QltKmxmDn5x0SwtQiOBE-qzXHy60OO3VIt_gw,Jayce,TOP,665,8,8,0,22,0,0.05413721858310799,8897,0.10418120620993265,10111,-0.041666666666666685,7
KR_7501951525,2,100,MMIeQmfIiyT-2B2FGei3YyxcsHFCYDX29LhsSV0pYA1QT0ZceRC3L52rMhayEQ_YIygqCzxYTAZUow,Kindred,JUNGLE,482,5,5,-12,139,0,0.0786008402979605,3552,0.3907282409164654,-12142,-0.011363636363636354,6
KR_7501951525,7,200,d38Wo2aVTChFPHTErR1JRZskuJmHkDk3YVHpqCUDAFI9_t6DwRKs-BnwRZ_GqilItQ6f8hRuueXo8w,LeeSin,JUNGLE,-482,-5,-5,12,-139,0,-0.0786008402979605,-3552,-0.3907282409164654,12142,0.011363636363636354,-6
KR_7501951525,1,100,qy0gL2CPZMrmeUKjIjgv2PyZmTOGfcH-HUiMH_2fCs1iYK4B8yHzYRwiwu9NoH2ZwQpYBGuR5oMSJA,Jayce,TOP,38,3,3,0,-52,0,0.07411173797763301,-353,0.22814469979456964,-4196,-0.03787878787878779,0
KR_7501951525,6,200,HYdpTAPVgj8l1zgPInkoDPwe8T7j4k7dZ_O3PY7lVpf4uawfYk0scmJWVnWxvi01yxQt1MBSTmurHA,KSante,TOP,-38,-3,-3,0,52,0,-0.07411173797763301,353,-0.22814469979456964,4196,0.03787878787878779,0
KR_7502098635,1,100,dHdqWJup-tBt-CtbTxGjPWbfvYcw-_egRuDxChE80r55taJSSPVQ8SSjXhUeFAyC-3PKxqhverUisw,KSante,MIDDLE,-482,-10,-10,0,487,0,0.07657125468675038,-14698,-0.5278106726777285,11918,0.22647058823529415,0
KR_7502098635,8,200,UyObtLtazNcUCXohc6Efhbgrj5fIdJQ5Quq-fB5ElTdSKlvFIl1G6soAMgb1gt4wHxWcVvzVCSAgDg,Corki,MIDDLE,482,10,10,0,-487,0,-0.07657125468675038,14698,0.5278106726777285,-11918,-0.22647058823529415,0
KR_7502262289,2,100,JRoyw2RQS7vxG2-XdtEv441PMwL2fNqA6honmfHOdi-2o8U2jMGyQYowGQ1-iNftSID8st6cFF8svw,Sejuani,JUNGLE,1319,-43,-43,72,484,0,-0.07703035057218302,3979,0.2506780159007588,13606,0.017241379310344862,3
KR_7502262289,8,200,z6GTsMQYqrBXp_OBqhrMZwZM-0MDW4FZiwXg6Z_--Fzx76aQFaycSJpuJax2hnQsFyyd1d7i4E9S6w,Qiyana,JUNGLE,-1319,43,43,-72,-484,0,0.07703035057218302,-3979,-0.2506780159007588,-13606,-0.017241379310344862,-3
KR_7502262289,3,100,Q8tuLUQmCbypZIlhhmohcibyLQMb8LpkI4Q_z4m52Ivz9u8ZFJPBrUzxnAL_XEt3zgtKgohw_ZV85A,Irelia,MIDDLE,2442,84,84,-54,2087,0,0.109155755916483,8120,0.4423014539928266,-9021,-0.06379310344827593,6
KR_7502262289,7,200,iG8-tpi-K0FXrpai8_JBdM_cpAQ4aAd576deZfk1vlokdT606KCJvseSo_2t5qKPIJvkZOAgbrjfYw,XinZhao,MIDDLE,-2442,-84,-84,54,-2087,0,-0.109155755916483,-8120,-0.4423014539928266,9021,0.06379310344827593,-6
KR_7502565827,1,100,45FTXK4jpVFtMjemwUPT8-ocyU5ws3dkz4eJhclwGufpkKDcoVtkvbnXMmw2y6hxYwYZ-QjKLEsA_w,Renekton,TOP,91,8,8,0,-70,0,-0.0164195922333549,-1288,0.415455755268492,11723,-0.015669515669515688,-5
KR_7502565827,6,200,uSwfkCgdg8y_rkWo6Crs5HGsLDSGX0LoP7lLv2aS0GxOCXljiJVWt0YVf3If6MenQsZ_LagRzjLT3g,Ambessa,TOP,-91,-8,-8,0,70,0,0.0164195922333549,1288,-0.415455755268492,-11723,0.015669515669515688,5
KR_7502727245,1,100,zSdTtNGm3-OZ2BO9i32NBI_RbzM9_WfJAFTE_XMSTOyvLwjXft8o_Q1T1oLAkuPnT5oN7VyG3LfoOQ,Rumble,TOP,-82,2,2,2,-479,0,0.14711288444015,6656,-0.19330874217249516,-6503,0.12842210054753606,6
KR_7502727245,6,200,bhMysdQvq8xM3lBohZaT54C0W1q-rsn5EehVJ2ZtiF5tHxlmvHQYCz-hY4spgf8W3wQTIIru1-GAjQ,Galio,TOP,82,-2,-2,-2,479,0,-0.14711288444015,-6656,0.19330874217249516,6503,-0.12842210054753606,-6
KR_7502870368,2,100,8NVmPXy1YIUOGoNCSJRGZoqT4G-FR3L10ewKneJ97pqa5VwIomrb4KAXQ9cjmsaesUfcvN64kLz1bA,Zyra,JUNGLE,1024,0,0,2,416,0,0.10723204288776492,-2154,0.5194377000622277,-15451,0.14101382488479264,1
KR_7502870368,7,200,c7UZU86ANv59llBk4vyXDsmHW334NUwRYbLeAJfZEVu2Whz6t4qQvMtJCU03iJ0_ur4C1Fre0-baCQ,Viego,JUNGLE,-1024,0,0,-2,-416,0,-0.10723204288776492,2154,-0.5194377000622277,15451,-0.14101382488479264,-1
KR_7502870368,3,100,PZCEYAJP9AqXKpXhpCL6vmx9OyD80yJ7q3jkOgG_XRymUdm90xBkRXBU-C9yecVZIv0mG6FXQgG_5g,Hwei,MIDDLE,758,11,11,0,352,0,-0.09836632844826249,1865,0.272445971482433,-17559,-0.09124423963133643,-1
KR_7502870368,8,200,TuK1-QxKKLLkFKEu147YNPOI1uj-e3BV1xgnTyYwSbb2XjyVYruN-glQxySVVnKCMMN2aV6CFrAwDw,Vladimir,MIDDLE,-758,-11,-11,0,-352,0,0.09836632844826249,-1865,-0.272445971482433,17559,0.09124423963133643,1
KR_7502870368,1,100,eHl4SdIVipf_BnbzssJLRbS3dsWwb9iUEHZcLVMVWZs4kZAhI12BkCE_ljMXe96XqZ5NB9x107hQPQ,KSante,TOP,675,-4,-4,0,760,0,-0.10762170514616692,-6935,-0.5939930976594676,5579,-0.080184331797235,-4
KR_7502870368,6,200,ZgiGujcWp8a3s3ZGOIO2TsK9xyMwHX_A7AwPDGWqT2VVXo0lrr4F4EoAZqVC4bYWJLKNAwToQrouzA,Ambessa,TOP,-675,4,4,0,-760,0,0.10762170514616692,6935,0.5939930976594676,-5579,0.080184331797235,4
KR_7503077709,2,100,v1xOaVY-fPOWsor9FUURtQFZETQn-tgsFNJYlhqYCSWMt4fhq7zmRvPswsAnuD43_7z-Z-ufO38cTA,LeeSin,JUNGLE,833,0,0,16,584,0,-0.13822187891355708,1940,0.8705240945572927,-5310,-0.3137254901960784,-1
KR_7503077709,7,200,M06DGcGofamqBAOtTiVKAB9yTh73c5eyXPTccRqjx6EkOmeD2I2wB129W4rrVwcYzOFAmjI7Eh558w,Nidalee,JUNGLE,-833,0,0,-16,-584,0,0.13822187891355708,-1940,-0.8705240945572927,5310,0.3137254901960784,1
KR_7503077709,3,100,knMhi874us_TUaLdHuII3UaVBXSTWWGtj7oBqEaiu-SOvOZP2rKrUbvANIGTRjYPGgKtv5EmKInh8w,Xerath,MIDDLE,884,22,22,0,964,0,0.22557971183202058,4370,-0.324952630401772,-9134,0.5568627450980392,5
KR_7503077709,8,200,FKcoIdrKx2evvjwhdbrONHEBatoE0XMgaQd9jXfRJrb5q6L26drtXroEahq6Gt6LgbGOd98B4-7BnA,Corki,MIDDLE,-884,-22,-22,0,-964,0,-0.22557971183202058,-4370,0.324952630401772,9134,-0.5568627450980392,-5
KR_7503077709,1,100,yuoduo9Kib_UXf696-aqv_loPuGtYxwmEs3XkZHZhi2Apde8BG86v14EDBgIRsKDu-p7Z91JkUaX4g,Irelia,TOP,472,13,13,2,71,0,0.007633333174028423,1881,-0.19725602970509315,-5947,0.003921568627450911,3
KR_7503077709,6,200,ih9aQPPW4xMADtvB4IkZF6Fyv_mPWxSNnFDl46UphaFASrSpBSK7PO9BVCCb-s7ABV9L9fGPbn4StA,Renekton,TOP,-472,-13,-13,-2,-71,0,-0.007633333174028423,-1881,0.19725602970509315,5947,-0.003921568627450911,-3
KR_7503210201,2,100,2VmXvx7ig5WxmHXOqpUaAD0zblRNtkzwJSoh1RgYWhEp0n9qH2j7HaPXsAWiFblFgSIbDeBeilGbmw,Nidalee,JUNGLE,-51,3,3,8,588,0,0.10182951065141009,6828,-0.22124975680587367,-1176,0.18198529411764708,4
KR_7503210201,7,200,iTUdCvtLLqXeuASxOCgsKW1Z72qvJWiSfN3GUAxz6JRSCISTA4UaDzAOhVhKsiN8AO6KjuYZZU4qPw,LeeSin,JUNGLE,51,-3,-3,-8,-588,0,-0.10182951065141009,-6828,0.22124975680587367,1176,-0.18198529411764708,-4
KR_7503210201,3,100,_gauGabnyZn0UUkTFlI39xDqFfixXPaK59RwC7w9C5f8LVGoKjDlmjPW-v5HQxmk9GlBRNr9cyAb5g,Qiyana,MIDDLE,72,-2,-2,0,81,0,-0.06235879896752619,2925,0.3300772335618959,-4969,-0.15808823529411759,0
KR_7503210201,8,200,ue9P-KjOFR2MzJoWd2mNG1Ks-ebjfmtckgrSl_6hap4OuIS_VILwcu3OFDQLNacfQIv1NKstn-BwPA,Yone,MIDDLE,-72,2,2,0,-81,0,0.06235879896752619,-2925,-0.3300772335618959,4969,0.15808823529411759,0
KR_7503369803,3,100,B8ZN2C9v_jvIveQB55QIlOAQsdLRCfrAGlxHK3uhUDdFZY-iFHkSijKAW4bCs6acKjvmlC99_UKhnA,Aurora,MIDDLE,212,0,0,0,-64,0,0.0895421911457906,4959,-0.3949966391072446,-1689,0.14102564102564108,5
KR_7503369803,8,200,eKyi3Meo05-R00ONc0WSqZKtH7i62iaL2DcCpLSR-hlXW2XOZOGdzGouKmXK2kzb0XyzJolxXjZyWQ,Galio,MIDDLE,-212,0,0,0,64,0,-0.0895421911457906,-4959,0.3949966391072446,1689,-0.14102564102564108,-5
KR_7503524204,1,100,NzZMPn-HBIKnXjd7yke4w97upCu9Wn7UggR3MkThh-wuItPTB8bZulPCsb8N8I16BRxIwlYt13zAmg,Darius,TOP,1814,35,35,0,956,0,0.11172486100948859,-8224,-0.1901446153313593,5528,0.3575268817204302,1
KR_7503524204,6,200,YsXUbpRIfDLQM55Z1sleL6jx1ByFWg9iAfJdO9hQF_k2SKamcOyxZTAOhzyAUe5na9gTFw8_eoxuyg,Rengar,TOP,-1814,-35,-35,0,-956,0,-0.11172486100948859,8224,0.1901446153313593,-5528,-0.3575268817204302,-1
KR_7503693803,1,100,hAhTbgvNXWI7Nu-Plt4sdH1VNcqdMs9ZlTzSY4Na4IrwOAAi12qlcmGcvvf23ujJlg-BJHo_VkRWtw,Gnar,JUNGLE,-1199,76,76,-72,693,0,-0.0025485629364085105,1820,-0.8632823613220422,-19438,-0.34375,-7
KR_7503693803,2,100,Ukyodf_Skm9cXfFBcE-7xMacXr8tZn3ZP7BwyXaSdYVeNvK_CP31QXd3ic82W6KLxwndSFi1P64hkg,LeeSin,JUNGLE,1199,-76,-76,72,-693,0,0.0025485629364085105,-1820,0.8632823613220422,19438,0.34375,7
KR_7503693803,5,100,vwx8up-NYf0wXxYI8SUcDSAN3UDTePKPbuh_QwbZ2yHZa0RNXHUeAPdPsX52vHavF3vNAmZCvHPZyw,Elise,TOP,-351,-61,-61,0,-2727,0,-0.04798256260776651,-9451,2.8301863260477624,-9975,0.20463709677419362,-2
KR_7503693803,6,200,2m1verm2kNHl54MA8Bvv4tJ11Lj223_l444-IVi-crCR2UaKSx1gcOg31aKHGV9aL0IRdhR-C0OdVg,Irelia,TOP,351,61,61,0,2727,0,0.04798256260776651,9451,-2.8301863260477624,9975,-0.20463709677419362,2
KR_7503824536,2,100,Wr4NMwZo9ogBWGaWXIdS3CB_I0orusfNG99uo4s_n_hzAf9iAwqyuGx3VvKD8IL3BU9Na-9MuUNHMw,Ekko,JUNGLE,1569,1,1,0,555,0,0.1524731557208919,12517,0.36197065395816685,-7327,0.27142857142857146,13
KR_7503824536,7,200,kjJVM1hgkkVr9eSrm5_DJQiEgo6PB-Q-zu6F8E640-UA0c-p0DrwidUjprDVRO-V8fNpdF5SFeF9Rg,Nocturne,JUNGLE,-1569,-1,-1,0,-555,0,-0.1524731557208919,-12517,-0.36197065395816685,7327,-0.27142857142857146,-13
KR_7503824536,3,100,xFsE2ElpwU_tAcdxz6Mz6_11iJ56VipbJ0i_SJQosYGVIWxaYks7Rclsg-iEXijlp4lMkxwhoBISBg,Yone,MIDDLE,291,6,6,0,696,0,-0.0336787608242875,6146,-0.04271295482602566,4626,0.04285714285714293,4
KR_7503824536,8,200,7FQ38J65e1BwYLFoKQD2z_a9Slgi3GSUZqqFLSVvIL9-K6pnaKHKWiW1KDLxCF9FKDBfTFCrtrS51w,Mel,MIDDLE,-291,-6,-6,0,-696,0,0.0336787608242875,-6146,0.04271295482602566,-4626,-0.04285714285714293,-4
KR_7503824536,1,100,EnVViEWIHvDiNj4LCEGql_Y0pXK7ogbGm5CsQJRf7K39er-kQ-8tqYcDEqRuyqYCH8ksngBY-pIsIQ,KSante,TOP,346,2,2,0,685,0,-0.1145000536552361,-2774,0.024525017745082978,-5680,0.0,-1
KR_7503824536,6,200,G4GFBavoplWpmce0SwKhTBnDKTibeFb-RFgqISrn9IzEBQWnAefwZS-sl4hDdsVy3XcSu3voc9iwRg,Garen,TOP,-346,-2,-2,0,-685,0,0.1145000536552361,2774,-0.024525017745082978,5680,-0.0,1
KR_7503932196,2,100,p8cxPtDKnLGrEpOZUbQVwxz-2HMMZIyYvlkLClJ0b4zBXM3PLfWYpdaKV-5DBJJP6PrH2UsyvPqPGg,Kindred,JUNGLE,755,3,3,6,503,0,0.13773492645431018,3269,-0.44412453534619556,-5298,0.18984962406015038,8
KR_7503932196,7,200,0YTgaND915GGlWgHnhGIXDFbHOzbNAztFVkB8IeR6VIIVkm4mfFV_-YeGsvmzrNDBW5yfpcOOr5_YQ,Viego,JUNGLE,-755,-3,-3,-6,-503,0,-0.13773492645431018,-3269,0.44412453534619556,5298,-0.18984962406015038,-8
KR_7504085677,5,100,pZJba0GbtAo72mtmTVufV7BmQ0sNJF4-dB5AZLoOYP8Zp9xScVPY0sVpuOnDbQrfoncdz0SVp4eyMA,Karma,JUNGLE,-987,5,5,-48,-773,0,-0.07735057524968281,-5199,2.3907549031485598,-12653,0.16666666666666663,-6
KR_7504085677,7,200,w5cg43HoMwWBBnOkhwn_KkDVH9JIAhrK_Vrii_SU0f_4omsxIW42uKop2Lob08TCS1PvHHMX30qU1g,MonkeyKing,JUNGLE,987,-5,-5,48,773,0,0.07735057524968281,5199,-2.3907549031485598,12653,-0.16666666666666663,6
KR_7504085677,2,100,S5-isyema71phrH0Xcim1BpeAmb9iM9x_atH7lj6R4DW4cmJ0a9e3hxSXBz5eZD_xnPyXmuVciaWKA,Viego,TOP,551,-72,-72,65,399,0,-0.07398927706580449,-3735,0.44792228830737046,14937,0.033333333333333326,2
KR_7504085677,4,100,WkWzCf4UnvuSvGw1V_5MKtI_NksI6QR8pEQBpfbEO_O6vmIjj_dGjjogLPZVanA2FB7O4CuYKxbD0w,Ezreal,TOP,-551,72,72,-65,-399,0,0.07398927706580449,3735,-0.44792228830737046,-14937,-0.033333333333333326,-2
KR_7504268949,1,100,uSwfkCgdg8y_rkWo6Crs5HGsLDSGX0LoP7lLv2aS0GxOCXljiJVWt0YVf3If6MenQsZ_LagRzjLT3g,Jayce,TOP,-135,10,10,0,101,0,-0.0019463127009347048,327,-0.29966475458963227,4127,0.1176470588235295,-2
KR_7504268949,6,200,St0l6KblZnuJvRWxiWLPB9lyAhj11MwBMyYy_mH6b9g7E1v66JtwwkOeEAZSc727AkOJlwiTw7AE_Q,Poppy,TOP,135,-10,-10,0,-101,0,0.0019463127009347048,-327,0.29966475458963227,-4127,-0.1176470588235295,2
KR_7504413302,2,100,abcXImUS5_TGuWRJpVoSroMMU06qORFTXQmSAt5BQV59-bqkCQsK_R7t9e7ACo5WJZO5x3iRCKrGCg,Viego,JUNGLE,-16,8,8,5,274,0,-0.025051835837219885,374,0.42512147195320926,-9008,-0.2833333333333334,-5
KR_7504413302,7,200,9-_r7Lf3WVkTT-WwShWTRxk6Ji5-VTWTjlF5wga_HTy3MB8b0CeVIo3TMiIbNmwchk5royjoZJGd0A,Nunu,JUNGLE,16,-8,-8,-5,-274,0,0.025051835837219885,-374,-0.42512147195320926,9008,0.2833333333333334,5
KR_7504413302,3,100,OerNpiPEg9Y_bVC4HJzY1ASUOz_QAUZSnjS5Ljf4rvZF02pwLoFnXYpD1np1fhfAidA8rzS2cCJcAA,Sylas,MIDDLE,399,3,3,0,46,0,-0.0632341386049185,-6191,-0.27962494534503735,522,0.07499999999999996,-6
KR_7504413302,8,200,KKilUSZ2vuh5c8sjIYtF_Zs8nBfunQSuT2ztzvsHIOO6YJ3VS_KqvFsNBAGJ1zc5522RfJjUF8qopQ,Yone,MIDDLE,-399,-3,-3,0,-46,0,0.0632341386049185,6191,0.27962494534503735,-522,-0.07499999999999996,6
KR_7504413302,1,100,DEaH3Dhe9bksqTUDkvcdioln7-c_E0yocCwM_QQ5lTMav0MnW14Of__qArTxwsQksq6hHsY-AJXDdg,Vayne,TOP,185,25,25,0,-202,0,0.07258481184329071,1760,-0.10085289358986516,-582,-0.4,-2
KR_7504413302,6,200,6Xw73-siWxvOzIie4KfXEcVEx9aNBLpPdqc7cIHiRYzbthmE7_zn3LJCHIEUk8KL2jDIdOcvbOZzEg,Singed,TOP,-185,-25,-25,0,202,0,-0.07258481184329071,-1760,0.10085289358986516,582,0.4,2
KR_7504541902,2,100,FXmDcUK1nvouSgXGJQ2KzNsrjkOwRlZ8m47Mf6CP2LGnG4fZS3ZKc22s_-Yiejhh4epoqh7b1jyy-A,Viego,JUNGLE,-454,-7,-7,6,-331,0,-0.16812726341216838,50,-0.17413170159027014,-2536,-0.47,-1
KR_7504541902,7,200,zZgxswL_aq42bdXAWEov8Y0XVxtyRPktoVOiZo3z61EknhC1tGxi25j125fYxDqGWmhYP4i81us40g,Lillia,JUNGLE,454,7,7,-6,331,0,0.16812726341216838,-50,0.17413170159027014,2536,0.47,1
KR_7504541902,3,100,jRcgF3XG-TowsNJekwQSn9mU2xgYrA54JliiQ1gtqirjvFbcaAX66UnhQ3LiaJHbjPfqOHuSUwZA8w,Ryze,MIDDLE,516,11,11,0,398,0,0.07596259129639771,4086,-0.02962542573756788,-3553,0.22999999999999998,7
KR_7504541902,8,200,1TzrPHgHDrEeC8WBpp8gsEGqIJztUDv_AGoC8NmjYINBjibQJqXWbb186fGETK4jp1UH0OToLwrWiw,Yone,MIDDLE,-516,-11,-11,0,-398,0,-0.07596259129639771,-4086,0.02962542573756788,3553,-0.22999999999999998,-7
KR_7504541902,1,100,eHl4SdIVipf_BnbzssJLRbS3dsWwb9iUEHZcLVMVWZs4kZAhI12BkCE_ljMXe96XqZ5NB9x107hQPQ,Jax,TOP,-457,-8,-8,0,-477,0,-0.02969956972277621,1441,0.1422320945414064,1483,-0.385,3
KR_7504541902,6,200,DM7iIwz9WHPQ9aH9v-3VzWtcBgcI6rfy1NcHcRHW_pfG2UosqyhaPLHeSVdPCpDMK5CWIDGtm4sDZw,KSante,TOP,457,8,8,0,477,0,0.02969956972277621,-1441,-0.1422320945414064,-1483,0.385,-3
KR_7504641445,9,200,_VF3uVwo83l-VjcqCPoRrzHFpjI-_QQQQxf-uFoeiYgKAybraU6gt1-ZK7m27hJRmkS3H21NID7P8g,Zeri,BOTTOM,1187,53,53,0,1666,0,0.1276321980783912,7150,-2.2582982613256966,-2503,0.0,6
KR_7504641445,10,200,R2n8BCrkNLiT9qEgqu-2A2TTpU4qo_911EUQPE99ucHMpMQFL9lKvtTEa4Yl6nPmQT_M6vQort4MPw,Bard,BOTTOM,-1187,-53,-53,0,-1666,0,-0.1276321980783912,-7150,2.2582982613256966,2503,-0.0,-6
KR_7504641445,2,100,o3BfVWDqlg4MJhl1GbrVaWlJPiHJruAjd4U7VGVGMe5UUTEjMpSU-VDbWH-VeHFV7ff59atLGvU4-g,LeeSin,JUNGLE,-675,-10,-10,-2,-496,0,-0.027894036594850097,-1622,-0.6965482633076495,-3022,-0.15217391304347827,-4
KR_7504641445,7,200,kDMgvRaxtlCwiCY8CxhEEe32zCG8U34dJ0HC1WANntr3_rkI3M6xE4gxOFoifyb0shlSuqX3OiO0-g,Viego,JUNGLE,675,10,10,2,496,0,0.027894036594850097,1622,0.6965482633076495,3022,0.15217391304347827,4
KR_7504722094,2,100,JomZ6_353_5tDvm3PI-mJzcvRbo8pLHTUd2h8yY28vAJ1VK5urJPIf_tD1HCgiAAtrSnHJvv0LHKEA,Urgot,JUNGLE,-344,1,1,-3,-314,0,0.0435174399419489,4455,-0.3175594299958042,-5541,-0.0839160839160839,3
KR_7504722094,7,200,On9yj5wzSUfBEKaRRh1B7bTGXfymwQqUSRyNHsKsAmFcP46Ezw6R7vPQsLgFWB_2Kt1-yJPNABwnnw,Belveth,JUNGLE,344,-1,-1,3,314,0,-0.0435174399419489,-4455,0.3175594299958042,5541,0.0839160839160839,-3
KR_7504783956,2,100,kKSB7A-qi4nYL9MPz-YWEC3m-IC3-gZvPnGcwQmNFBeS-d7UX6eIf-vlVJr7ABIRDQ0NIFwFBBi58g,LeeSin,JUNGLE,1241,-61,-61,72,389,0,0.04191497829433827,1327,0.5757522587105858,10603,0.16219512195121955,3
KR_7504783956,6,200,L39YbHl95EnYMO_5xVJ9ZCbjHhcbm1TNELt95LxLNbiYJ681skIEgSKP7wGGtzNXNE94gq8aNNenDQ,Darius,JUNGLE,-1241,61,61,-72,-389,0,-0.04191497829433827,-1327,-0.5757522587105858,-10603,-0.16219512195121955,-3
KR_7504783956,3,100,p_1UZb5A0uh4k1kwlyNrtIi2Xe312aXDPITf-nJrx8Uvsa5a3fn5X2GZiaPZ-fChdKdSwi7RwfMBCg,Zed,MIDDLE,230,68,68,-68,699,0,0.07232459306045239,3343,-0.2362821946961009,-27205,0.0841463414634146,9
KR_7504783956,7,200,bQAqfDa1TJT28ZpNCM68S6ujvheTNGVDEOcdL2rWuI47XTlzWytzFwJie9V5vhmbKzXvLdUZYmxIXA,Skarner,MIDDLE,-230,-68,-68,68,-699,0,-0.07232459306045239,-3343,0.2362821946961009,27205,-0.0841463414634146,-9
KR_7504783956,1,100,YrtgSvcwlTwwc3mykplHVY6FNK7q74DNmQGa7oqbUN4JIjWKinHCm7MAkpuqGH8OnN0dEagZi0xBDg,Gwen,TOP,422,-1,-1,0,726,0,-0.02084495176104431,396,-0.3356426938061541,496,0.0695121951219512,4
KR_7504783956,8,200,DLNsZwl7DXP0ePPUrfXhrzFbso4IC3ViHWzfrYEJsMhnyRDGsBCgpSKNaBJJMAf0QqZlcPUokaHzSQ,Viktor,TOP,-422,1,1,0,-726,0,0.02084495176104431,-396,0.3356426938061541,-496,-0.0695121951219512,-4
KR_7504924300,9,200,X_PJ7O64OO_AfFo9KzBZ8dFHj6mCAKEAenncM0_HJOBz9TM_JHYd3xQ6iyLLC6HtM5jJSreuOC241w,Jinx,BOTTOM,925,65,65,0,-30,0,0.05239550236191459,121,-0.9030134951171407,4950,0.0,1
KR_7504924300,10,200,hsdcKOCvK2U6U9sZVD2Mdqy0aAfVmhfmN84uCjpw_bUYCib4t1Bk5qv1Z7r52ZV4FUX1if1FHd7KEw,Lulu,BOTTOM,-925,-65,-65,0,30,0,-0.05239550236191459,-121,0.9030134951171407,-4950,-0.0,-1
KR_7504924300,2,100,oQmaPHdtKUFxlVqPLGmc1XSS3Vo5YXJV2Tubr4vf6aOgwp_dZsKrB3WYodzJKWMF7j8HoI0spn9oUA,Vi,JUNGLE,230,-1,-1,13,234,0,0.026245879025113106,4058,-0.12522788449669608,3555,0.18333333333333335,4
KR_7504924300,7,200,S9UT-j9nbMH5EwStNUvY45V5IT6mO-Jg114dGgLKcQ6I-WSwqFpzSZMn3DaD9y2P9SvwTdAtvrLa2Q,Nocturne,JUNGLE,-230,1,1,-13,-234,0,-0.026245879025113106,-4058,0.12522788449669608,-3555,-0.18333333333333335,-4
KR_7505196047,2,100,FkFrZGOir6_a2dugMtJTwCMXKYTYI3yvVeivCsa5rCsQqM1RTJDVq97AhpJ0N0jbJ8nnE58zs_r5Fg,RekSai,JUNGLE,255,-1,-1,-19,-399,0,-0.03970327954299449,-4184,-0.019690019810533532,4325,-0.12032085561497335,-2
KR_7505196047,7,200,2oiDjaNL2q9aOYzruCkhHzQoKtK4JfW3OzEIllZuC667v1aVGBXDotJ1AnKsbZabNCLKISsENS0w2w,Kindred,JUNGLE,-255,1,1,19,399,0,0.03970327954299449,4184,0.019690019810533532,-4325,0.12032085561497335,2
KR_7505196047,3,100,Uux-o3ch65JPj-PFDivtijix48PaPSWie7lwfOIVV_KMYgFrd6CnwWKpPf7kY0b3J3loPuu-lDfavw,Aurora,MIDDLE,175,-11,-11,0,-515,0,-0.07958598976018771,-7146,-0.24374717895261788,6298,-0.106951871657754,0
KR_7505196047,8,200,Fpa2GwTl-4dLMATV5kjnklHKQ4PUnNwv320_9X7ALBBh00_nQAVpFFJ835KpvTMcGbYONYVls8S3Xw,Malzahar,MIDDLE,-175,11,11,0,515,0,0.07958598976018771,7146,0.24374717895261788,-6298,0.106951871657754,0
KR_7505196047,1,100,_TWPdI8tI8LnT-BzV-7ahJoI0baN_j3zDAruRQmaPxJJF7YOhYfUJvDmEk1c2LfL5QMLzEGf5Lb7zw,Ambessa,TOP,16,-4,-4,0,121,0,-0.013945293435893208,-1984,-0.202121203126587,-166,0.0026737967914438054,-3
KR_7505196047,10,200,eonBxHrST6XcawuA0QjNLF4U4X4Gj2ESWf2LfYlnPwRzzXA5UGlYmyrQDQRDtyRI7nDxIIGK9_XP6A,KSante,TOP,-16,4,4,0,-121,0,0.013945293435893208,1984,0.202121203126587,166,-0.0026737967914438054,3
KR_7505274631,3,100,nxV-5cWbIEkJM7JodmQKCJqSW35AC04xoS7kWTi8OXliv0VONPyG0LVb2_JKu3CB0Q5zNXMELsr0Iw,Azir,MIDDLE,550,11,11,0,612,0,0.1278409875470625,8364,0.48133054706343115,-2631,0.06878306878306872,5
KR_7505274631,8,200,_VXX6QSaJ0iUwKO1yCw43aIHaEiVt5I9vgTFfarvSjMIyY8ma2wg1fUvgZewTyZRa2fvDjAW2aMUoA,Akshan,MIDDLE,-550,-11,-11,0,-612,0,-0.1278409875470625,-8364,-0.48133054706343115,2631,-0.06878306878306872,-5
KR_7505274631,1,100,B_0MBlcCwbkmxHl5-qHo8lqGGyVe1fyaa29No-ntdX9dnlVqyJQSx7lf8ENBJ7D5x4G05yUHSs9W2A,Camille,TOP,314,21,21,2,205,0,0.0436996434612605,5088,0.7682577074968744,-5235,0.0052910052910053185,4
KR_7505274631,6,200,UrfQEBsXA1UT1iAi3WCBc0V5LJaFFvijwwuoBMnrkJJk8MAANn7fAdg8j-e4C8GP6-nkBRH0opNymg,Jax,TOP,-314,-21,-21,-2,-205,0,-0.0436996434612605,-5088,-0.7682577074968744,5235,-0.0052910052910053185,-4
KR_7505682319,1,100,kto-nUpd6AJiA6zOpFMt-k2yj61rr8dnul-MJ0KpBi2798PnlGaQ3ab729z13-fhqteKDNbIckVTbQ,KSante,TOP,180,20,20,0,-50,0,-0.052724847894433324,-6053,0.25393914953868224,7870,0.19444444444444442,4
KR_7505682319,6,200,4dtr_mdQDF4tB3f9DuSmTReYaHNSji62nyFYx9SgOA25egeOg_L0br_QAE-3SyONf65PlEreHrHPuw,Yorick,TOP,-180,-20,-20,0,50,0,0.052724847894433324,6053,-0.25393914953868224,-7870,-0.19444444444444442,-4
KR_7505803569,1,100,qDp3dAi5VwXfFpoPt4-8OEztMHf6ygznz-XDSOKisWX6OXYNCkkc0LUEjzpza4mfoaX-DTdKjZbyww,Jayce,TOP,158,-3,-3,-2,-52,0,-0.0354554615862793,-5110,0.5050999443908701,53,-0.05555555555555558,-5
KR_7505803569,6,200,NN2JhZibXFiPbOdaQ-NNsQuNnfJg-IppfPIYGRf9BgQZbe-RnV3VoPMZt2d-ESGbFzbDI0gBsxR8Xw,Irelia,TOP,-158,3,3,2,52,0,0.0354554615862793,5110,-0.5050999443908701,-53,0.05555555555555558,5
KR_7505927936,2,100,MIx2xMIvExdaeq2chIWbkIELH3diUzOdAfT1V7db0k_CfyZpdOGCPvdUOOXVrddP3z7sfCOKDFY7Dw,LeeSin,JUNGLE,13,2,2,-25,-843,0,0.11794923830218229,0,-0.11491322056168962,833,0.0,1
KR_7505927936,7,200,h441MHT8F8EHW-J-e6tLRU5bVX5iWkjMy23Xc4j-18fyhZpaIsbTUatgto7Q0NzvNKiXfMygzoy66w,Pantheon,JUNGLE,-13,-2,-2,25,843,0,-0.11794923830218229,0,0.11491322056168962,-833,-0.0,-1
KR_7505927936,3,100,6yFpzPNI2bZIhwsf49wnMRdy6-lcGtu1xpTkFz63xu8XXuZA4vRpHgyWTgo6iPTY6uoitEqVvFJV4g,AurelionSol,MIDDLE,-828,-2,-2,0,-509,0,-0.21335261041169712,-1064,-0.08358375803536511,7644,-0.75,-5
KR_7505927936,8,200,3mdD_mYi4UyNkB8zjAWer-Z2I4pDMwNPTLU6vxOAI-SSzg47I-1xmKORB9A-w487aeuSn_6Zpr5aJg,Xerath,MIDDLE,828,2,2,0,509,0,0.21335261041169712,1064,0.08358375803536511,-7644,0.75,5
KR_7505927936,1,100,KVDKJ_spwJO_-PX_WSyGrlqUxZQJE0MBFYhrNa-YrWg-pKpyc7CBftD70N6XIhieSZlqq3awJ59bBQ,Renekton,TOP,43,-4,-4,-2,-493,0,0.09858452626264777,-1111,0.03663464411611306,-110,0.0833333333333333,1
KR_7505927936,6,200,v2hqivnktUOEXlaNZPcpdyBZjg1IL1eRaKDp-E8K0tw2hLuwzkStQWFcD-0UrY5ldXupi_OD-2YFnw,KSante,TOP,-43,4,4,2,493,0,-0.09858452626264777,1111,-0.03663464411611306,110,-0.0833333333333333,-1
KR_7506024382,2,100,UP8FIlGgLikTK_pOn6drreCKhzJtdGvTYexrJtBbMr90iS9XZ3_4s70gcB8Z8Lmwh74OzVi3GVd55g,LeeSin,JUNGLE,-906,-1,-1,1,-340,0,-0.08491504442900569,269,-0.19415827344126035,-11631,-0.23589743589743595,-2
KR_7506024382,7,200,B6eOHU0-W8Da1KFA4RdmrMK-NTXswnbbn8tytLAkDn-gE7bV4tE6WhgpJbLbDX_GYmP8SZpCQ0jwHQ,XinZhao,JUNGLE,906,1,1,-1,340,0,0.08491504442900569,-269,0.19415827344126035,11631,0.23589743589743595,2
KR_7506093320,2,100,gB4kZ6tr5Lzl99YaZ1Il5VKYXJ7Xv0rUrOktLKSv2jHws_9v-2RUj7RMIxVKa09vxsOqPkK-MxAD4g,LeeSin,JUNGLE,386,0,0,0,328,0,0.052556453081053583,32,0.38566931179616026,-9218,0.32051282051282054,8
KR_7506093320,7,200,c3p_hWhPiMvzGpfMUBCvwjoZmtbt6ugKqWHXIM15Xjy139iw8xkTo1J980pYTHuh-6EGy0jnhb5arA,Viego,JUNGLE,-386,0,0,0,-328,0,-0.052556453081053583,-32,-0.38566931179616026,9218,-0.32051282051282054,-8
KR_7506093320,3,100,QCprdn3ACVBHssZXtpmz9bjD1jNCE-Y0sIEVRx4owiEfKqQV4kICqhls56fqkw8wWfL8Xo112VUgzQ,Aurora,MIDDLE,639,12,12,0,562,0,0.023506441018630697,3412,-0.12891360097111138,-6542,0.17948717948717957,6
KR_7506093320,8,200,-9ic9IEGlHANixzHDtdUZXQhaUTnCTxEcvf0sXu-XkYyq2CZwrFcMibfIJ2oCGpIlZweK4PqkPbhLQ,Syndra,MIDDLE,-639,-12,-12,0,-562,0,-0.023506441018630697,-3412,0.12891360097111138,6542,-0.17948717948717957,-6
KR_7506093320,1,100,HeFVTZmhYCkO0C0HDrHc6pe2r1MDAHxMx58ej7yEPdhHsirE9jE84hYnhmg5K7PpwSuudaFVJoKxQg,Sion,TOP,-105,-13,-13,2,-90,0,-0.0686568245907418,-12761,-0.45637811720090027,-7806,0.0,2
KR_7506093320,6,200,oQd5horhPPpouQPsKCnsRtDw0y1SA9ML6yHADDRSFg5sc86Xd_ls0r7-31Ki7iwNGAzFgevFs8w3-Q,Gnar,TOP,105,13,13,-2,90,0,0.0686568245907418,12761,0.45637811720090027,7806,-0.0,-2
KR_7506158108,2,100,iQnDMeIySV9OoILoyU7UNjtX9-cAX5E8I7NN7078XldOF45PMfs8AF-5lo3uvb2XxZRJotjyfeqvWQ,Nidalee,JUNGLE,798,2,2,9,474,0,0.0424283860970705,-2787,-0.18779516613437597,5263,-0.07843137254901955,-5
KR_7506158108,7,200,7MjKPhlHyjWMu8KX4EhQB2AaYtAs9bVrUpGKBk50m6QKmb2BUfXXzy26xjPf1a7VgIDqpavM9GPynA,Kindred,JUNGLE,-798,-2,-2,-9,-474,0,-0.0424283860970705,2787,0.18779516613437597,-5263,0.07843137254901955,5
KR_7506212861,1,100,mhwpTHFtI9QqnH80RsSeYbQhdMPgWIkBOhvxDuHAvNQ4k-RGFmXtPF_pJW_m_koG6YzQQ6cDSz11NA,Gragas,TOP,-12,-17,-17,0,229,0,0.0421544842196907,4122,0.26324739546446585,10929,0.3472222222222223,11
KR_7506212861,6,200,RpfgaSJMUK_WXacjFMN2Jw07IPONubosibIrVZc8rdyAsZte53n5Pxh50nTvkFkvy0eg1XWtCX3sFw,Gnar,TOP,12,17,17,0,-229,0,-0.0421544842196907,-4122,-0.26324739546446585,-10929,-0.3472222222222223,-11
KR_7506277626,1,100,Io5a2tq7Wdi4RRUqcmHkIoHKsWf0KhRosmBjQl-3fh6I7YHKRkwsadUh39OAeXE_lcqnfHiGjPriNg,Fiora,TOP,-370,-15,-15,0,-403,0,0.007135202067930585,3669,0.49343517340895793,-12466,-0.06534090909090912,4
KR_7506277626,6,200,7Pqey2vAj9u5BRzIM9GQwrmrchLVMKutNuxiORzyPejdaOaYN7O8nz4tEOo4mSF8SFy2ohagFl7yHA,Renekton,TOP,370,15,15,0,403,0,-0.007135202067930585,-3669,-0.49343517340895793,12466,0.06534090909090912,-4
KR_7506337509,2,100,Vl4u0vynG0x_c3VBg0XSpnoVhqxM25KMMj9-qKZqR6Hxwxl7TBZZz3KZJ3bL7HlzcHVqXRSDbBcAkQ,Lillia,JUNGLE,-345,-3,-3,18,511,0,-0.055549522975543594,1311,0.13172762431568574,1091,-0.5089285714285715,-6
KR_7506337509,7,200,Al_ZJtBZggGFBbNPiOkx50vZB8ySa5OqdnfD9FeTdrs6rKkeJ-cNgB-lV141zb3eLNz_I6_IykHY6w,RekSai,JUNGLE,345,3,3,-18,-511,0,0.055549522975543594,-1311,-0.13172762431568574,-1091,0.5089285714285715,6
KR_7506337509,3,100,775n-v7VZXb1yaqYS6F39USG2pYy3oa7ZOd8DKoZPl2TV6mJypSAUZnHfs4MUZRp5sfK01njZjsbGA,Veigar,MIDDLE,173,-4,-4,0,-45,0,-0.08367591596884452,8092,-0.6763319818365539,-4503,-0.2589285714285715,5
KR_7506337509,6,200,g9OsH9YLlErJ5JPmG_h_qn1swl_2Fz4bxMvHnTVOpBDR-LXsyRoUYaKXTub8I35gVzFyMy4UQEIsxg,Aurora,MIDDLE,-173,4,4,0,45,0,0.08367591596884452,-8092,0.6763319818365539,4503,0.2589285714285715,-5
KR_7506337509,1,100,rz6sZmQJdDx7ad9hwGQGAbSstRM0LjUiqom1U53r4CRKCMV7GujKlrU1sa8uwnyRjZWGnkeI6FTo7g,Jayce,TOP,1434,27,27,0,1605,0,0.20775117076381752,3694,0.05166769493564727,-12890,0.2678571428571428,9
KR_7506337509,8,200,f1Kk-Ckc3PyDVwgbcVVtG27zZ2mXF6kNvOT5XdsE7iIV76nkxqSvrBZJOahdZff9p_Zd1cQ3KQ-SBg,Tryndamere,TOP,-1434,-27,-27,0,-1605,0,-0.20775117076381752,-3694,-0.05166769493564727,12890,-0.2678571428571428,-9
KR_7506480447,2,100,KkVVvLEdU5m8otYGepncIsZDrqnPlCd5N8_2DvfnjpFIv7zhe-xO4itOjE10T99-q1qbkDsACFJecA,Graves,JUNGLE,37,7,7,-9,-74,0,0.08023330801870221,1887,0.12178228556780724,-10824,0.08222811671087538,1
KR_7506480447,7,200,hRmWO2CXVkAqXyjYGp8K45AGgpRHVuL3uTNThN3G1FsLtjo-Y-oFmym8s2Rffvfuun2lNlw4LcECew,Viego,JUNGLE,-37,-7,-7,9,74,0,-0.08023330801870221,-1887,-0.12178228556780724,10824,-0.08222811671087538,-1
KR_7506480447,3,100,0qzRCZvqKj3W6E5xp6cOXqFgwMzkoeY_Rv9UnpNS-M7S_0Qt_WDtaP4dFfx99_u3usa6g6SvrpTwTw,Singed,MIDDLE,-200,-7,-7,0,284,0,-0.0725485232304188,-2071,0.0498708870360437,4351,0.19363395225464192,-2
KR_7506480447,8,200,5ffPrNIfynkdTBBDpVpNJZ4lxqDOKGWcBB_4jLQTFQ9QCvHOsZhEIj3BE2RmwxJQz7GhvRivS9KOCA,Katarina,MIDDLE,200,7,7,0,-284,0,0.0725485232304188,2071,-0.0498708870360437,-4351,-0.19363395225464192,2
KR_7506480447,1,100,V4SWotri1hzhCevpTO-pH2zZ66ad9w9C9mnXAbRDtIeEv9EzYSZzkI4q5RqZjKWOSfcu_Ch3vgaZbA,Teemo,TOP,-1017,-27,-27,-2,-1415,0,-0.05710283963042778,1010,-0.27155629920071567,-3789,0.30503978779840857,11
KR_7506480447,6,200,Jb0dsvR1HUVfx8UM5jmyxoqgSlsiwR_wH2FQJ_TZBOXXfCtKl0oH5VcPn_o2ds-G4pDnHuY3CQDfPA,Karma,TOP,1017,27,27,2,1415,0,0.05710283963042778,-1010,0.27155629920071567,3789,-0.30503978779840857,-11
KR_7506562373,1,100,2aXB-QZaz0rIw_PwXnCZwZdyAGovuA2aLys6QRVnHSNL70BaM-6czLKrlWQSgcmAlfW082evfYZEGQ,Vladimir,TOP,319,0,0,0,499,0,0.14805335382722531,-7810,0.02921040582164225,-6778,0.32,5
KR_7506562373,6,200,rQsimw3ALboCPuL0cVlUNdORvZtzlZmSPi1MhtZ5zPd0edZAZqM-ea2pDrEPuJntcfC8Ljoq82P2lw,Tryndamere,TOP,-319,0,0,0,-499,0,-0.14805335382722531,7810,-0.02921040582164225,6778,-0.32,-5
KR_7506821894,6,200,fQbRvcfJOR3lLs_9Yzc-xGg97r4jbUebM8tD4hTUd5Xp8XrSbm83B9GrqRXCfxelxO3AIe5_K_ZqKA,KSante,TOP,113,13,13,0,501,0,-0.12285862406102391,-986,0.005367107376202385,2824,0.0,-1
KR_7506821894,8,200,82-9lE7P_VIDQHQg285e-NyCGP0QAqyi-CYiandWYy6G23iVjfjREVg_J2SJoW81oyjyR2Qf9qoLIA,Jayce,TOP,-113,-13,-13,0,-501,0,0.12285862406102391,986,-0.005367107376202385,-2824,-0.0,1
KR_7506908103,2,100,Dnj7MXlZJcDChKXyHvSVWQceCDgIxwRzsYeTKt9f3sfdjuzguRqNIJnLQ9fXHtTCnodqdZiFyg6xOg,Vi,JUNGLE,759,-77,-77,58,-1154,0,-0.1417792969181369,367,0.6044504528559567,-12935,0.04999999999999993,2
KR_7506908103,6,200,2eEztjZMcv0XgBqgXGbpyAuWAkrxUu-IVoJH_suBSatKpX0h1cHQRQZeZoza64g1HqiD62TYlfGyHA,KSante,JUNGLE,-759,77,77,-58,1154,0,0.1417792969181369,-367,-0.6044504528559567,12935,-0.04999999999999993,-2
KR_7507008379,3,100,leLPotlMENER-WvB6CXxYJL-Z_aWNpoSrBkLGcRYtQpmejMebpCRKu1akLJNxNFUwcohBWEeGcpeMg,Mel,MIDDLE,-446,16,16,0,652,0,-0.10557890816408377,4247,0.17543317437091988,-1777,-0.42342342342342343,-1
KR_7507008379,8,200,zy9MF4IH4_N-0TYeH7ySBCix6Lipt7MQGEGgPR6HdksWoP5yv5EAEKSnyoUMyjVzuBCIXqzlSQz3MQ,Syndra,MIDDLE,446,-16,-16,0,-652,0,0.10557890816408377,-4247,-0.17543317437091988,1777,0.42342342342342343,1
KR_7507008379,1,100,3__KVHZbKoywOUvrj86mkrrv0J8RnTzFZhEiN3SqK_5sQsF4CKx7sIWEDHreQZ1d9feisg4rSkivow,Aatrox,TOP,1234,19,19,0,1024,0,-0.013919084284752192,7608,0.03833850481824452,5512,-0.16473616473616468,2
KR_7507008379,6,200,EYPYDNIv-cjkScz4NsXS0N1kz8t5GkpBPhmm7DoaSDsqBsm2iuxvCiOl_5zViUJBgu-EGZtFPbaoiA,Karma,TOP,-1234,-19,-19,0,-1024,0,0.013919084284752192,-7608,-0.03833850481824452,-5512,0.16473616473616468,-2
KR_7507121926,2,100,semJ33ZJxkKZPTXKC5S-SuhBKC6mKrvBgbS43ljG2FAMKn1sBDaHv5FxOPTDeRx_OEtDVX4WDI4IoA,FiddleSticks,JUNGLE,-470,-2,-2,9,-83,0,0.0985491514454227,-40,0.7531609985524015,-4389,0.0714285714285714,-1
KR_7507121926,7,200,nNukxJ859zZJYrT6ABeN-GxHGhgPj6fLew92BUzAb8iblgFyop3qu7LT6xaa_5MXg9bNflLRXTU6Hw,Pantheon,JUNGLE,470,2,2,-9,83,0,-0.0985491514454227,40,-0.7531609985524015,4389,-0.0714285714285714,1
KR_7507121926,3,100,upSqkCipSkMehBbISqUD2ZWWOvLPw-ZAhsmVY9Kh8Ga7TdG2wQfXv6w9c-fSdOcjykwxLWwJkknJbg,Mel,MIDDLE,-1565,-23,-23,0,-1222,0,-0.165857741228193,-9150,-0.24994090471360797,2957,-0.3844537815126051,-6
KR_7507121926,8,200,aJRLK81Wjl7oRJaVmdfuzlDwT94GwuHYkILJ2wYWwDLhojA0WdzrrdulM_TTKx5MtoO4SmHuyqDAhw,Viktor,MIDDLE,1565,23,23,0,1222,0,0.165857741228193,9150,0.24994090471360797,-2957,0.3844537815126051,6
KR_7507121926,1,100,cDkoDzzLzqB_BVNhBGqHAoJJr2mRWibu_ePtOGyYSX9CJ7MMB5kplV8fxxopRcBBfsNsQ4W15rx5FQ,Sett,TOP,315,7,7,2,588,0,0.04222658037806021,14124,-0.2472710282635422,18759,0.2542016806722689,6
KR_7507121926,6,200,Eu1OB-gXKSANYEzCmgXGVLTLCHXy_c77eG80ZBZKqIzdaFvTUTWyg8TBaPh7co_5v34qgUKAexPSaQ,Vladimir,TOP,-315,-7,-7,-2,-588,0,-0.04222658037806021,-14124,0.2472710282635422,-18759,-0.2542016806722689,-6
KR_7507242458,2,100,y3c2hPCYShS9csLsUBYhNV8LUrDW76-22edOng-HmmpiZDzB_6-xvRsRI70j7AXfO8BmcJRmkPYdgA,MonkeyKing,JUNGLE,-905,-1,-1,1,-442,0,-0.08185568274714872,-8248,-0.2812575657732146,1482,-0.18823529411764706,-8
KR_7507242458,7,200,ynodGuRyk9qyqjfjk8XlL8nluWQmUOB4DLo-tGDWxG0383XPBT8Otd5dImyIcAqzlWBPSluKNS7E5A,Belveth,JUNGLE,905,1,1,-1,442,0,0.08185568274714872,8248,0.2812575657732146,-1482,0.18823529411764706,8
KR_7507242458,3,100,CO7ee0mvW8W8DFFckMw0gS6kbDBGw2JUE8GXmPvl1dLCVuImisy6n65LJjKFOmY8llk9dLnYxWbgSQ,Galio,MIDDLE,-789,-13,-13,0,-702,0,-0.06642405015356181,-6864,-0.10582437393093758,2939,-0.1470588235294118,0
KR_7507242458,6,200,tuNSxe4fqfFgcrwo1my1cSc7l3eL4uudPpeiUk3DfvAOB66V3P7c8oc01qbk-UDM1egOaS2SsRVDlA,Taliyah,MIDDLE,789,13,13,0,702,0,0.06642405015356181,6864,0.10582437393093758,-2939,0.1470588235294118,0
KR_7507242458,1,100,f-l-H-VbMP-10Y51yqrLYwjiHsEdApN7vecFUNpezFbEVnBeAFX0G4qq9pn48wsnTtd5C8T4qRvU0A,Gnar,TOP,-1407,-49,-49,0,-1643,0,-0.045093336120539895,-1368,-0.009181591592474003,172,-0.2568627450980392,-5
KR_7507242458,8,200,W45KBs5R9fggbL9GRSrQKDHIonRvO-hEf0gaQkmuQwF1_IQxP2_u-ExKjWTBJMybnR85MpY-LnQjjw,Yasuo,TOP,1407,49,49,0,1643,0,0.045093336120539895,1368,0.009181591592474003,-172,0.2568627450980392,5
KR_7507366345,1,100,4pAcnYzDn2fxDWfkJzJVxXOmMC-aOOE2Go9aGKs75njiw8E_JOY9HmRYGrM7dwdnztB_v-RhPi9Y-w,Jayce,TOP,-832,0,0,0,-400,0,-0.057978439276262506,-483,-0.36605427204445495,-3433,-0.0995792426367462,-2
KR_7507366345,6,200,5iyXobLS4woqVPQzl3NCZODMBawHRNhSATVSPoUOihSEli1qEZtOB0ivAKeej3ogHKbRwcKtnOBcDQ,Irelia,TOP,832,0,0,0,400,0,0.057978439276262506,483,0.36605427204445495,3433,0.0995792426367462,2
KR_7507452020,2,100,SfZfSidvBdad7m_KrXHro232q5VtK2QnnFn4HuideJVRO--0jOD9y-iwOCqXT02POYofADWbvurxxg,Gragas,JUNGLE,342,4,4,-4,-32,0,0.014277357204473679,-1721,0.08076793956281847,-9601,0.08361204013377921,-6
KR_7507452020,7,200,ei46L3acO-mbYlnxFeUAs-v1hppNwyPvxopvK280GIBz8Z62Mz0xgkpZ1r4cSoNpfk_LMn7S5E_maw,LeeSin,JUNGLE,-342,-4,-4,4,32,0,-0.014277357204473679,1721,-0.08076793956281847,9601,-0.08361204013377921,6
KR_7507521404,2,100,AeF0g5KNEJKr-IgVtpXxQtqXUkdZtscCdyEuEnEVLMxyXnnKqDpckf-4ftmc2009tXpFplfd6PMWqg,FiddleSticks,JUNGLE,175,-3,-3,4,283,0,0.10263941756763309,0,1.086708581572547,2514,0.20869565217391306,-1
KR_7507521404,7,200,SuWEjnxRHsK-SDMshIa9LCbqIUzF5ezfRk4tCrRYnjJ1bamPiMXdKNmHIOB3H7AjWiP97sZQql-unA,LeeSin,JUNGLE,-175,3,3,-4,-283,0,-0.10263941756763309,0,-1.086708581572547,-2514,-0.20869565217391306,1
KR_7507521404,3,100,-PdAtBD5Myn8eH6I9mtRPhVt5Jv9uZDFeDMzS-SWkqUuU1zcVukF4MsYSrb9WWqtcEBcb_UZQ34aLQ,Tryndamere,MIDDLE,623,-1,-1,1,19,0,-0.07582518579333761,6887,0.3791721646598696,14914,-0.07826086956521738,3
KR_7507521404,8,200,nRhdJdARGQj3CRrWsksBrLYoHKHAsXTt9fVpzGy6jQTx7a7FLPneWMCBwGhOR4GLsu4DyBQo2lhGBA,Xerath,MIDDLE,-623,1,1,-1,-19,0,0.07582518579333761,-6887,-0.3791721646598696,-14914,0.07826086956521738,-3
KR_7507521404,1,100,wJROCEzeOdOAaeM_j-Tm9oB0RjpLKY5jM6MgeU8WUTZi8z18UXk0Nx1mpuVeckHkp6lAQs8yCe_BCw,Skarner,TOP,-1134,-46,-46,0,-348,0,-0.07742376566323161,216,-0.49895618443407586,-2190,-0.09565217391304354,6
KR_7507521404,6,200,lGmb9idWN6trpV7av9MLMEsO7TGGtNgOBOS43LAx45oRLiCaaowIRuCgAZ84mQLZx7T1jJeeS-7_lA,Volibear,TOP,1134,46,46,0,348,0,0.07742376566323161,-216,0.49895618443407586,2190,0.09565217391304354,-6
KR_7507574176,3,100,A-Z_AaM67jCgwIpr3e54SvbqnxJ2uTAqwGKTd7eogC6otN3xTfkhCiT_2Z_y6dzyAdx6PsNibpJ0AQ,Sett,MIDDLE,-158,44,44,-2,1217,0,-0.0653499814462826,3154,-1.7476859697566804,11488,-0.4482758620689655,-7
KR_7507574176,5,100,CfnaFNQh7hJ3FDAC96nykUujen4GC81daGdUAIF6DXZQuFLQQDfEbFDWfXq2tLNlMFJql6qcyMdEDw,Neeko,MIDDLE,158,-44,-44,2,-1217,0,0.0653499814462826,-3154,1.7476859697566804,-11488,0.4482758620689655,7
KR_7507627892,2,100,vGpUK0K91aoXTg4grnqBD4YMaIgFJIa6XafJBMxf4mepkwtezbFml3AT-8GgnEfBIJjfrvyImjPSTQ,XinZhao,JUNGLE,293,2,2,7,61,0,0.011327565555826397,-781,0.14749250064379238,4766,-0.14015151515151514,-3
KR_7507627892,7,200,cL3LZNtoAaIu4aMIgWXaUTjH2bfrKWhcwZIKZW40I9TXlYdQKAS376MhQsOoZQPgb7tXw-kX69Lusg,Volibear,JUNGLE,-293,-2,-2,-7,-61,0,-0.011327565555826397,781,-0.14749250064379238,-4766,0.14015151515151514,3
KR_7507627892,3,100,FiqtrFPZoDDaexpfe-h_S9kOH77-HDSkwltEX0zbRXbyfLxkV4QIso_BdcIqbjSwcJo4e6G7xtlM7A,Yone,MIDDLE,325,1,1,0,401,0,-0.1298361514991404,-3247,-0.25625051900466567,12595,-0.23106060606060608,-3
KR_7507627892,8,200,QCprdn3ACVBHssZXtpmz9bjD1jNCE-Y0sIEVRx4owiEfKqQV4kICqhls56fqkw8wWfL8Xo112VUgzQ,Viktor,MIDDLE,-325,-1,-1,0,-401,0,0.1298361514991404,3247,0.25625051900466567,-12595,0.23106060606060608,3
KR_7507627892,1,100,72lIpS7UXgt6zge6zZMPLUElUfqAciBjEzXx8T9wpEnvYhpQjGX5-F1_3sLwDOIyBfHj0EbP1CtbeA,Karma,TOP,-541,-3,-3,0,-92,0,-0.0596919460478173,-7607,-0.2545444968436601,2443,-0.08143939393939392,-5
KR_7507627892,6,200,jCW4u4IbClNLJn6zGIOsK0klpWr9O-Lbjc4xKcN225Nm3h_yRXdIRTkfPYTb9t3tHRBT0hYXVzIOqA,Jayce,TOP,541,3,3,0,92,0,0.0596919460478173,7607,0.2545444968436601,-2443,0.08143939393939392,5
KR_7507711123,1,100,cJuOp1aigR-m2jMcRchxYKLkgH8yrauItfZmYLLc1_87TkXkVgPopkHSiimOfvAcY3mo6UlIoGL5Mg,Tryndamere,TOP,646,6,6,2,68,0,-0.17379000333408032,13940,0.17358894753543908,4184,-0.06209150326797391,-1
KR_7507711123,6,200,zKPTWy8KIDx9SG7bAMsXCWaDN_LAdJj4bpd6WOgWvgrm5qefmNFwV39kuwsvFn8L6VocOrykNXQ_Ew,Urgot,TOP,-646,-6,-6,-2,-68,0,0.17379000333408032,-13940,-0.17358894753543908,-4184,0.06209150326797391,1
KR_7507895784,1,100,St0l6KblZnuJvRWxiWLPB9lyAhj11MwBMyYy_mH6b9g7E1v66JtwwkOeEAZSc727AkOJlwiTw7AE_Q,Poppy,TOP,334,10,10,0,591,0,-0.005926487982989614,543,-0.12796368693011406,-2761,-0.125,-5
KR_7507895784,6,200,CyiOhYCuw1lABxkDW4IKUWTz-UQsKkGC-drMHoXsL38GreXF1KhBYtJJgUQ5tJ8e4M122LsPATVTNw,Garen,TOP,-334,-10,-10,0,-591,0,0.005926487982989614,-543,0.12796368693011406,2761,0.125,5
KR_7508009037,2,100,Tk8_vdw-LawaBsnJ8CUIdmxkGZ2cGDLnxoxDyFRwyGVENpETc-irmzos_2Wmla1VR4d9sVuiJhVDhg,Qiyana,JUNGLE,-1,0,0,-10,-409,0,-0.0387859460914424,-1533,-0.24771693497368608,-2665,-0.1308755760368664,4
KR_7508009037,7,200,mQuImkcIqnhfpNpEAajRvabIN1rBvLnzBb-VVBjd2yiVSkY6byV32q5_en9N6LgZ23HvoNg42CFMdg,Vi,JUNGLE,1,0,0,10,409,0,0.0387859460914424,1533,0.24771693497368608,2665,0.1308755760368664,-4
KR_7508009037,1,100,1uUV-2pUzAllcWEHftjpF_byERJCqIRtIJI4of9b7rUviAkW5V5zidKl3pjhxo-pvfaouwKTEy0qeQ,Yone,TOP,-617,7,7,0,-606,0,0.06831717117825989,2223,0.1147865040649878,-6150,-0.030414746543778792,-9
KR_7508009037,6,200,vnpIgPFE4AMQkFhQIIv0ULKMTc1cExfPM2TMbCfc0nfOAzdvBZj53ByjJnO-jG3IsP4PkhJdhj-9zA,KSante,TOP,617,-7,-7,0,606,0,-0.06831717117825989,-2223,-0.1147865040649878,6150,0.030414746543778792,9
KR_7508104865,2,100,ewpem3ngRFe3PeUg57KgSyICBts_BzTQKq8L5W83LDak1AMEKZD0iAExQcp6s6npjfM-ic2EyW5hPw,LeeSin,JUNGLE,1011,0,0,13,909,0,0.027345757258113418,-2968,0.3597473132163662,-3488,-0.007786429365962189,0
KR_7508104865,7,200,svoSA5_6K6jNQXtqudrqzZe0JkkIq9b_YiiGyLc1ujwTisG8kyVHEzjlJFvMF7tRqtjnxFt3bb0HtQ,Nidalee,JUNGLE,-1011,0,0,-13,-909,0,-0.027345757258113418,2968,-0.3597473132163662,3488,0.007786429365962189,0
KR_7508104865,1,100,cEFjm0stnl7P2UsVZLD3Aq08WTj4ziReYmWqVjhALADqjxPVgKxkuJPxAZYEqnuOy1O0B2dcXDhhKA,Yone,TOP,-799,-31,-31,2,-958,0,-0.026662895022171812,-10044,-0.3216604601340909,-6673,-0.16017797552836488,1
KR_7508104865,6,200,abcXImUS5_TGuWRJpVoSroMMU06qORFTXQmSAt5BQV59-bqkCQsK_R7t9e7ACo5WJZO5x3iRCKrGCg,Irelia,TOP,799,31,31,-2,958,0,0.026662895022171812,10044,0.3216604601340909,6673,0.16017797552836488,-1
KR_7508176880,2,100,Vl4u0vynG0x_c3VBg0XSpnoVhqxM25KMMj9-qKZqR6Hxwxl7TBZZz3KZJ3bL7HlzcHVqXRSDbBcAkQ,LeeSin,JUNGLE,-199,0,0,-2,-225,0,-0.037506927740485696,88,-0.11494825031926081,-2540,-0.21323529411764708,-3
KR_7508176880,7,200,Z0tlxzhZk0qPt_5Yi_Z7lwRUWZbj7Aqh8lIJbmfkniMpohlCxUFRINLkzxNUpBM2lDCsWthNMClxMQ,Vi,JUNGLE,199,0,0,2,225,0,0.037506927740485696,-88,0.11494825031926081,2540,0.21323529411764708,3
KR_7508176880,3,100,fzoXlPCIO9glk7sY0mFWunK5BLgD62E4XUiYzfmP2sOX5Rc_OD2bC9TfN9P7JrU4t9QHXdn8o8sDyQ,Leblanc,MIDDLE,969,19,19,0,905,0,-0.03148328782270643,-956,0.09377321411254047,3098,-0.1783088235294118,4
KR_7508176880,8,200,zbZTyBIOsQp9tYFOohAEHB9VWhccavobhxcsBlbPIFVrs_LUKyj95fuTe0GzseHk7t7LFyLH5Si3Tw,Aurora,MIDDLE,-969,-19,-19,0,-905,0,0.03148328782270643,956,-0.09377321411254047,-3098,0.1783088235294118,-4
KR_7508176880,1,100,5Xs2P4nMxx91sT1xi6KBIHbXIWO0sdPeZfmpPK0dForYFhb5hBSJ38eBDYvlOFc-5eLDiR0S06U-HA,Fiora,TOP,-1135,-45,-45,0,-774,0,-0.10577147108443849,907,-0.12037595314017346,1879,-0.04779411764705879,2
KR_7508176880,6,200,2yFMUOFvVngnLVdz1myTt_9u-RkhgZh1GGcnrvjSincUmZgidHxL_t_hBvrM1NqCUoFmJQ9tnrE67Q,Jayce,TOP,1135,45,45,0,774,0,0.10577147108443849,-907,0.12037595314017346,-1879,0.04779411764705879,-2
KR_7508254725,2,100,aRu0GEbIE4y7LCulb76wZ55BcRPLkae6RL9_pDdsI5VkhDVfZkJR-CF--cDezA4QwpWGFQhBKO0zQA,Graves,JUNGLE,-817,1,1,-24,-1060,0,-0.018746891272275884,-1389,-0.5307899902334499,-13128,-0.0357142857142857,-8
KR_7508254725,7,200,LRlXgISgxUbvn5fTukF1mztIST6ppTdj6h2Gj00BnlvU3pnKvLJj-u9ZU6MhYZbVIooONv7vpymwuA,Viego,JUNGLE,817,-1,-1,24,1060,0,0.018746891272275884,1389,0.5307899902334499,13128,0.0357142857142857,8
KR_7508254725,1,100,6yFpzPNI2bZIhwsf49wnMRdy6-lcGtu1xpTkFz63xu8XXuZA4vRpHgyWTgo6iPTY6uoitEqVvFJV4g,AurelionSol,MIDDLE,23,10,10,0,320,0,-0.045057878311884625,-1706,-0.3224746643306121,-458,0.15476190476190477,4
KR_7508254725,8,200,ZjWfH1yQW5XPtd8Fya2KmxQtsr83OemQaxpcyDSXIaqAPnoUQbIrPUa5tw5bGf7S2V0QCl5-iz3Jgw,Karma,MIDDLE,-23,-10,-10,0,-320,0,0.045057878311884625,1706,0.3224746643306121,458,-0.15476190476190477,-4
KR_7508254725,3,100,81UMuKqftY-c4mbvy6B0LNWH6rr7_b7tWKn13Hyqfkl16wMXp28voq1X-fPH7Y19fm-Oiut_mhvXvA,Ambessa,TOP,-2784,-57,-57,0,-2524,0,-0.00600190297786371,-6196,-0.5126283602080102,-13269,-0.3452380952380953,-7
KR_7508254725,6,200,2IWjXXEl5tv2_4KL8psls7SN9IHghZLf_fkJgvPazxcRHzREMealsdwlZGhmHpCPuGpeAF9aHfOs8g,Renekton,TOP,2784,57,57,0,2524,0,0.00600190297786371,6196,0.5126283602080102,13269,0.3452380952380953,7
KR_7508350839,4,100,3jT_-g7s9OP4f13eGpKV9jM6a5YkbV53i86Yqh943lAYjocY1nioC5Z4RXeTpV-pmwq2RJqxKglEyg,Caitlyn,BOTTOM,972,81,81,0,1611,0,0.0067350360809174115,2405,-2.097930154058593,-2453,-0.33333333333333326,0
KR_7508350839,5,100,qD1r8faUpSA0QtoTRK4WqZ6U58J5UmxvIStPuwigD2uBA0SAVrRYELoYFKHw-QNTPyU5hgv6FAcFVQ,Karma,BOTTOM,-972,-81,-81,0,-1611,0,-0.0067350360809174115,-2405,2.097930154058593,2453,0.33333333333333326,0
KR_7508350839,3,100,YHXlTN5uuDU6gQfYZztcUwNcoBsunnogtDzsoEKeDx37kQ0vDUJpT70Gktum-dUqX4X1ChHS6o27-Q,Sylas,MIDDLE,-253,-21,-21,0,-527,0,-0.08177261554049989,445,-0.3681010586928095,8741,0.005555555555555536,-1
KR_7508350839,8,200,Mu-t7fC1a0-ztSi7VGyjw0TI_B1vCFMWxSyaVjk9WeeL2efDuuSsGBj0a0JC2iOFfuiRiBpQoVVFXA,Aurora,MIDDLE,253,21,21,0,527,0,0.08177261554049989,-445,0.3681010586928095,-8741,-0.005555555555555536,1
KR_7508457507,1,100,xx4sKrK8-GbFD6Kuyva-KxAqCakbjAW1oetWWX2VRSFiPCRO4MMc3riR2kcH_gP6Ey0u7vZ3cYfxLA,Thresh,TOP,316,14,14,0,374,0,0.0330864953461269,-9717,0.035569579203694524,2014,0.31235247836349334,-1
KR_7508457507,6,200,DOuBlR5lGEx8GDdJfZ26tXf53j_UhcFTbNIHzxq67oj9hwdXXLYvNDj2BPOGrVzYf_ec572OlyX2hA,Ambessa,TOP,-316,-14,-14,0,-374,0,-0.0330864953461269,9717,-0.035569579203694524,-2014,-0.31235247836349334,1
KR_7508576003,3,100,fT2qqUcvuh1UPurLWZdo1W8Z5YxpGkc-rN9PZ754p5GinCqSwa-6ToCHmwlDi0MzhMeIyC1p_ulWyw,Vex,MIDDLE,-202,77,77,-54,1192,0,-0.0752279432730606,-1530,0.6209718418902934,-9602,-0.2451923076923077,-5
KR_7508576003,7,200,Mc3_XOnkya71B4IY1mC2ZLUAauGHI5tRNrCJzZJ81DkwUONTWFqYmF0dQ8hv62B-RDCgI2rzxkVzNg,Graves,MIDDLE,202,-77,-77,54,-1192,0,0.0752279432730606,1530,-0.6209718418902934,9602,0.2451923076923077,5
KR_7508681192,2,100,EWKgCOR7mmw83t7KwKrln4hdgF2pJZoiDHKQ5aLrWCyLQ_eT_K6rAm3kRdQ4zSwKlKvD1LsyS6VmMg,Karthus,JUNGLE,1068,5,5,0,423,0,0.1954241315500259,2812,0.17572482203480644,5205,0.20731707317073167,1
KR_7508681192,7,200,6KAITHM4y1UvaDYoXP5ALa5xm7SxOw4_GE5nk57wSxflDe9H25SRLiry9RXesNDVLBsJd49dHVxOtQ,Nunu,JUNGLE,-1068,-5,-5,0,-423,0,-0.1954241315500259,-2812,-0.17572482203480644,-5205,-0.20731707317073167,-1
KR_7508681192,8,200,shfvfaOdZ0cf-jkl0KM1STTdVR0th9Cle4n0YHUqWk_IARo-qVHILXDCYh7nnNQEBG-G0G3ib7lM3A,Zed,MIDDLE,-1472,-9,-9,0,1036,0,-0.1597863087399371,-9582,-0.19979333255258502,1505,-0.17307692307692313,-12
KR_7508681192,9,200,x1PJVaR7Tp6Q0zy-HTxE_U_HVsQAgmCcHqjJ1Avnbjy-ujMAXD15ySO-DVTCoDUylEimjod4D11BPw,Xayah,MIDDLE,1472,9,9,0,-1036,0,0.1597863087399371,9582,0.19979333255258502,-1505,0.17307692307692313,12
KR_7508681192,1,100,yGrbzwT0U55q8EgDMBk_zvle7ALYh-ToZGlAv1S1e_aMfHCc29BsLvjyBAH2WgUuqT79-LW02MeArw,Ambessa,TOP,699,20,20,4,591,0,0.06242653924357039,-7072,0.5956942893651003,1009,0.10694183864915568,1
KR_7508681192,6,200,MabvIxFgnYOelNeLHN-FWSKwCkTutcOi9I0Ha87K1Nd4QrdCNZaiLhksE8YNBfoo6yVD5sIPe7fnrQ,MonkeyKing,TOP,-699,-20,-20,-4,-591,0,-0.06242653924357039,7072,-0.5956942893651003,-1009,-0.10694183864915568,-1
KR_7508775963,3,100,E5lmcr3qcKzVMKpbAXrCQGKsOU_aVCmOLOVgH40BJJQNs0kMjfWKEy-cH63kGbMm9L8oiu4Qzq52mA,Malphite,TOP,-1124,-30,-30,0,-572,0,-0.04604995131018519,-2219,-0.007487309371403739,-21799,-0.0318181818181818,-7
KR_7508775963,6,200,hhgszWQUjqthMSs7lKH9M6IX3YgLZnEjJl4H56UZpU9WH7l3bsBgcLJBVOMpheRqQQiKXIo6Msm7Aw,Sion,TOP,1124,30,30,0,572,0,0.04604995131018519,2219,0.007487309371403739,21799,0.0318181818181818,7
KR_7508854417,2,100,l5-6_sK3NBzOFFDhoCOz4f60h40u8uhoF8_4EI1AMMRMtgwBUdZpiZybkBqISQpInx4yAO8rrb98qQ,Kindred,JUNGLE,-177,0,0,-26,-500,0,0.14431233312317188,-731,0.4028722786158023,478,0.13636363636363635,3
KR_7508854417,7,200,BZZNuox6jh_UU8sghUOBPj_UsXAE2hyW_EEKbwUgrln1cEP_lasPGVvV5sHSx3p2Ityto-fSa23vdA,LeeSin,JUNGLE,177,0,0,26,500,0,-0.14431233312317188,731,-0.4028722786158023,-478,-0.13636363636363635,-3
KR_7508963705,2,100,6KAITHM4y1UvaDYoXP5ALa5xm7SxOw4_GE5nk57wSxflDe9H25SRLiry9RXesNDVLBsJd49dHVxOtQ,Nunu,JUNGLE,-399,5,5,-14,-619,0,-0.03491466528044601,-2561,-0.3582315191898514,-3192,-0.09537037037037033,-8
KR_7508963705,7,200,c3p_hWhPiMvzGpfMUBCvwjoZmtbt6ugKqWHXIM15Xjy139iw8xkTo1J980pYTHuh-6EGy0jnhb5arA,LeeSin,JUNGLE,399,-5,-5,14,619,0,0.03491466528044601,2561,0.3582315191898514,3192,0.09537037037037033,8
KR_7508963705,3,100,3o9923Uc_k6YecwYzBbExQ1_Nsz5jDxUmxHyKuV5BQ_XT2fWnOolY8-ZoRG5wN270qc5WzXDilpm0A,Lucian,MIDDLE,-85,9,9,2,-237,0,0.052460685063804025,1279,0.5200292314050595,-8749,-0.09166666666666667,-2
KR_7508963705,8,200,Bzdeq9E0bJtXCKIyY5cmy2yC3qT4M4RHkbjsUvGyoLACsdV9narh19MBB74UFie_NksLvGJ75mvyMw,Sylas,MIDDLE,85,-9,-9,-2,237,0,-0.052460685063804025,-1279,-0.5200292314050595,8749,0.09166666666666667,2
KR_7508963705,1,100,szWAfZ-vXzXftFw_5eqhPXUGXE_oPqKlHDswuCzhQDakzsx-Qp9nSFJVe9zvhIWAxlfKMP0snUujaw,Aatrox,TOP,917,19,19,0,567,0,0.045716633699191406,2777,0.1353689756820362,15299,0.21944444444444441,1
KR_7508963705,6,200,oajIfY2cV8cLXD0ItzURaYDhD-Jr9zZHw3NhwYLY-lcIYBlFi3fIN-07feYAcKs9evX7mLcyi8VMvQ,Ambessa,TOP,-917,-19,-19,0,-567,0,-0.045716633699191406,-2777,-0.1353689756820362,-15299,-0.21944444444444441,-1
KR_7509007139,2,100,azZkx2oNkBKpHPvVlm1GUx3cZhl6GK2DwedrNNTES4jZKscTn9iggVf-ZOGOl-I1GeoJRbonqtzVgg,XinZhao,JUNGLE,515,1,1,-6,-294,0,0.01791446364806651,8756,0.3933056839105884,10605,0.06493506493506496,2
KR_7509007139,7,200,G5JWnqKBBZWxO_naxGlLnHHCWDuwMSCHnFIg-Tah3l0Epyl9ounFYGXsDPEmWuOc40N_wd8S9_uG-w,Nidalee,JUNGLE,-515,-1,-1,6,294,0,-0.01791446364806651,-8756,-0.3933056839105884,-10605,-0.06493506493506496,-2
KR_7509007139,3,100,kb_v0EIAx9y6xlPUQ_DJzrVm5xlx-v-bZDHTpvmrSk2YB90BUNKbMnU_DFj5ROG3_j-NZ0i8qayLIA,Mel,MIDDLE,1067,24,24,0,868,0,0.1228591155345995,234,0.01100186836554784,-7390,0.47186147186147187,14
KR_7509007139,8,200,B6eOHU0-W8Da1KFA4RdmrMK-NTXswnbbn8tytLAkDn-gE7bV4tE6WhgpJbLbDX_GYmP8SZpCQ0jwHQ,Vex,MIDDLE,-1067,-24,-24,0,-868,0,-0.1228591155345995,-234,-0.01100186836554784,7390,-0.47186147186147187,-14
KR_7509007139,1,100,jhyLGxugBXGKD-ZPYucTdgkm7sIDYvP67Ybx-YtUVZKsPsmfsNNw_LS99jSknoD8phYZAbWVTZD8ww,KSante,TOP,-702,-25,-25,0,-677,0,-0.18663695866395652,-670,-0.3903496293903897,2065,-0.4393939393939394,-3
KR_7509007139,6,200,kYIrv3VtwiAq27K8yXSPlTHVece6VgWAsADYx-58f6Fbu10h4VR2YNAgYTHVotIBLIEDK5MYGRGdqg,Gnar,TOP,702,25,25,0,677,0,0.18663695866395652,670,0.3903496293903897,-2065,0.4393939393939394,3
KR_7509078169,2,100,FySTXZBG7jd8d-iOSlqHfYq3fEoByl4r2maACtm_UXV5UeMDHBwvQyJy2yxA_Q4S8T2e1edbuVHgng,Graves,JUNGLE,1432,9,9,53,2224,0,0.1233341108143413,4875,-1.2697898245804797,5326,-0.17948717948717952,10
KR_7509078169,5,100,Gx_GXeRDLSOZdCr8owPwunh9QVe4PDlZaEv8c6kUjJGn7L1QESHI-AVHDbCOS39EmUWEGhIE3fQB4A,Alistar,JUNGLE,-1432,-9,-9,-53,-2224,0,-0.1233341108143413,-4875,1.2697898245804797,-5326,0.17948717948717952,-10
KR_7509078169,1,100,L7VZJ02Q39OPBs_4UIttkxue847d8fqBcVGOKItSu_XnwaV-KHntUgGSArF53YDhnv2XJ31vvacXQg,Irelia,TOP,-486,9,9,0,-180,0,0.11510316941886373,-5096,0.12854965765223392,2191,0.20512820512820512,4
KR_7509078169,6,200,9FrJ39-n3IJwtjlfHeSRxLQYJFUi65Yog8reCLUcuILClU4-rdVvbLMy7FFQcjjy0vCHiHPDpIFRuw,Kled,TOP,486,-9,-9,0,180,0,-0.11510316941886373,5096,-0.12854965765223392,-2191,-0.20512820512820512,-4
KR_7509206989,1,100,lxTAV5N6LlCEKggcUTsYLZyZqrvmgv_52eW1GWK8dllZt_6nbXDwKrJGU1pJP7Uopwzjra20YUaqng,Warwick,TOP,604,4,4,0,-286,0,0.14458884731131783,1374,-0.07905180349050916,3021,0.3583333333333333,8
KR_7509206989,6,200,YXMDyZoxYFONwUM2Yv2N7MVNOTnIFqnsv_Gs2lRbS7nmP4T889PjX4D9gJJCTW7_RQxvchsNfMvIAA,Irelia,TOP,-604,-4,-4,0,286,0,-0.14458884731131783,-1374,0.07905180349050916,-3021,-0.3583333333333333,-8
KR_7509295674,1,100,kKSB7A-qi4nYL9MPz-YWEC3m-IC3-gZvPnGcwQmNFBeS-d7UX6eIf-vlVJr7ABIRDQ0NIFwFBBi58g,KSante,TOP,-169,-19,-19,0,-125,0,-0.13629091909283078,8750,-0.3546224126615888,391,-0.1296551724137931,2
KR_7509295674,6,200,arm8IeSSRT-HMJptAggfIOMCmP1H5VcsxJ110b-MjL_O2_sxHd1CeVq4Rj0GBD10g7B6lGoNdHZETw,Gnar,TOP,169,19,19,0,125,0,0.13629091909283078,-8750,0.3546224126615888,-391,0.1296551724137931,-2
KR_7509360813,2,100,R5_s1IiU3f0R5il9MzWmJIVpX-c5Jefd3IG8hXjjt0M5unXrB-z_tmR4q5h-DtodNtbeQbcNc9sU6Q,Nocturne,JUNGLE,2008,-1,-1,10,409,0,-0.0031108006457490067,3230,-0.10829362821035748,1050,-0.04504504504504503,10
KR_7509360813,7,200,OFoph0-0TgqfOtVZrVeRwH-vbKNyINoVTnhAbhPCm8G8w_GJU51lq0HdFSVCNFLZOFE2H-8qv4veZg,Rengar,JUNGLE,-2008,1,1,-10,-409,0,0.0031108006457490067,-3230,0.10829362821035748,-1050,0.04504504504504503,-10
KR_7509360813,3,100,rYJ8uurP4Z4bgACYsvEiauCBXk-e5qOHBOnXrlsvmA1ug43FeZwYjz1_QiciAhu8Um1bT8yCAQRXJA,Galio,MIDDLE,341,8,8,0,-460,0,-0.07042542298109689,5434,0.5322126830720363,-9089,0.007207207207207245,-1
KR_7509360813,8,200,9IVx1dTlTfZ8rXB-nxmgq7PKiAMaUqNGtG9Zsum2E71zV86Mjmn2QAJu-oqYsLkbmOuFoTmx2X0dXA,Neeko,MIDDLE,-341,-8,-8,0,460,0,0.07042542298109689,-5434,-0.5322126830720363,9089,-0.007207207207207245,1
KR_7509360813,1,100,7_PXdQZgpd9Uv9PbJRpB1oe6k9qkW--ZJjJ19Ax5CyuBGJr2uHnZYT9pgFe5t0LA7jVqkuaL47vuuw,Lissandra,TOP,670,9,9,0,-44,0,0.14099803381106518,4500,0.08957302715887194,-9565,0.43423423423423424,5
KR_7509360813,6,200,v53XxoEwIbwbPzPfV4BF8qVazTWKypP1PPoJnY8tahGwvIinEd1nYW_44lV2BGyo_IdhuU9qbQKhdA,Darius,TOP,-670,-9,-9,0,44,0,-0.14099803381106518,-4500,-0.08957302715887194,9565,-0.43423423423423424,-5
KR_7509440429,3,100,wfD8o6pksilt-AWa_8zCTnMueyVILJ4eXxEFvuNHulBwFrc0c0Id03DJ7hY9zoqXlzAaRAOsCuzI_A,Galio,MIDDLE,-766,5,5,0,240,0,-0.04120069539440491,-991,0.5344308372778414,-5823,-0.0888888888888889,-4
KR_7509440429,8,200,650LhG0tAC0i98D7Vhq-KgHaEvZhfDD0D2N_e4c4mL70SX9xNFuHfkqLPYOdKrSq4dKLy_VmgbZZoQ,Sylas,MIDDLE,766,-5,-5,0,-240,0,0.04120069539440491,991,-0.5344308372778414,5823,0.0888888888888889,4
KR_7509512454,1,100,yBhULJXCgoH8GzQhkV2kG31xuk44pN8PtVFyfYOT2fXBRYsht-O5sJp7D_oxrvdtfwvzApoUYipZ7w,Nasus,TOP,137,1,1,0,33,0,0.028730661296816618,-4161,0.2141797985899193,12299,-0.04821428571428571,-4
KR_7509512454,6,200,FsaO5eiBuuAJuGlwUIH0a37Y6ZnMnfqqoWiDfxL5Z18BDdjvqSjLEaJY1r59VmaH1CmWD_KSQ3je6g,Varus,TOP,-137,-1,-1,0,-33,0,-0.028730661296816618,4161,-0.2141797985899193,-12299,0.04821428571428571,4
KR_7509590182,4,100,_jUsbv9enYWgjPZZsSNVYj5G701RCMzC1nVB8gaFcVFDXHzjOCfqts5-1CQfCL2mqpbnJSlzZmhdeg,Ezreal,TOP,756,23,23,0,-144,0,0.1015888641735163,1410,0.02209135463515227,3274,-0.09615384615384609,0
KR_7509590182,6,200,JB46PlavWmGzk1u5CuibPFNslZxKMNyS668MajlEx8L7-gt1Gs6i57i9bozbC-JvTbKV9EDOQy3Ghw,Aatrox,TOP,-756,-23,-23,0,144,0,-0.1015888641735163,-1410,-0.02209135463515227,-3274,0.09615384615384609,0
KR_7509699496,2,100,azZkx2oNkBKpHPvVlm1GUx3cZhl6GK2DwedrNNTES4jZKscTn9iggVf-ZOGOl-I1GeoJRbonqtzVgg,Pantheon,JUNGLE,801,4,4,12,526,0,0.1462119052335918,-1298,-0.26046079936933886,12666,0.02777777777777779,5
KR_7509699496,7,200,7sk2CpH9lpi7qrgUmH3DcHIUkobTSUT54PTmqc9USPv47cQG6wox9uSmD1VK8EMp6BWXmpYrfGPZmg,Ivern,JUNGLE,-801,-4,-4,-12,-526,0,-0.1462119052335918,1298,0.26046079936933886,-12666,-0.02777777777777779,-5
KR_7509699496,3,100,oQdZxzf3OMvD9SazjuO9PyhAQNTbKlweB8mIf4uB-O0vLA4z8gHmX7DjTaQOkXHw2Pbe8WScpK9dKw,Syndra,MIDDLE,-184,-8,-8,0,55,0,0.050383040494155984,-1455,-0.04885261177658329,-588,-0.11111111111111116,0
KR_7509699496,8,200,xFsE2ElpwU_tAcdxz6Mz6_11iJ56VipbJ0i_SJQosYGVIWxaYks7Rclsg-iEXijlp4lMkxwhoBISBg,Hwei,MIDDLE,184,8,8,0,-55,0,-0.050383040494155984,1455,0.04885261177658329,588,0.11111111111111116,0
KR_7509699496,1,100,CM9Xxuk0iPff1UuE3B_9pTMjXpjtbqZFte9ziUuUKA8_t0E0GHTGL1lzIMOlwFfHd2VazAA8aqWxYw,KSante,TOP,-569,-11,-11,0,-31,0,0.026049726966800413,3244,0.1577152768391038,-154,-0.05555555555555561,-4
KR_7509699496,6,200,nBD4bAAZurVkP1cEzeqvuJ00QYYY1YZRSaM5qnmsw9Hkq7LW00kXD5ZPy4U39fs69IBKnaaFm6EfKA,Warwick,TOP,569,11,11,0,31,0,-0.026049726966800413,-3244,-0.1577152768391038,154,0.05555555555555561,4
KR_7509800642,7,200,3OQPOR8Nvc5LekHklNDN3h1nYuV5p5dRZDimIrOiZV7ChsK0_yleP2Ak7-9OiXmgmu-y_9pC80P1Qw,JarvanIV,MIDDLE,-159,-87,-87,70,-1250,0,-0.06325258558654881,-1737,0.2058066266580374,23433,0.12,3
KR_7509800642,8,200,snna_le-gqm8aWYylxyOgn7Om4DkPBCkBCVNyjpMG3SdaHE9XHzShF2ZbOv8MCG3852MKN0vOoq3Wg,Zoe,MIDDLE,159,87,87,-70,1250,0,0.06325258558654881,1737,-0.2058066266580374,-23433,-0.12,-3
KR_7509904494,2,100,EwFihaoL5-Vy8iOsh5J23sBNqKbQBGG_Tw2RF3z4Omioky1Xz0--asR_ftIwVV6ALGqNYLwQPiyduw,Zyra,JUNGLE,-47,-2,-2,2,380,0,0.1037622525270822,-2898,0.23313669999368414,-15231,0.13725490196078427,0
KR_7509904494,7,200,RWNUovfzn1YVFmbcu2VZQAm_ieQ4srLpYQRPVd6SBp-kRJ4iBk1u1AbZv0xb0J_pNd0BVZio6oZ9NQ,LeeSin,JUNGLE,47,2,2,-2,-380,0,-0.1037622525270822,2898,-0.23313669999368414,15231,-0.13725490196078427,0
KR_7510021909,3,100,ue9P-KjOFR2MzJoWd2mNG1Ks-ebjfmtckgrSl_6hap4OuIS_VILwcu3OFDQLNacfQIv1NKstn-BwPA,Yasuo,MIDDLE,-151,10,10,0,80,0,-0.06341638158162449,-6048,0.005035294191788053,2186,0.038461538461538436,-4
KR_7510021909,8,200,aSvGPp54RdCwc5EJWdHxVVkxJNZcVkm5hhHf301cQAgljnujQZiF2UiQr3COoQIcr7e7U-ydfRljew,Azir,MIDDLE,151,-10,-10,0,-80,0,0.06341638158162449,6048,-0.005035294191788053,-2186,-0.038461538461538436,4
KR_7510145156,2,100,PtgSOS_W4UO5zA6Xijts13N4Du73ZN3taDH-r3H442EEtn6IBK38OJYwrxsVpKxWhF77sDaRvKWQog,Viego,JUNGLE,295,9,9,18,765,0,-0.008756575271838207,-2460,0.45765768390184003,5141,-0.3088235294117647,0
KR_7510145156,7,200,pgDUYW1E3kg6R3TN11UZf0lRZHXpaVkhbDXKguoymalTaP04qefa6BzrgBbFoDjJcQ2iq-pZKIV9ZQ,LeeSin,JUNGLE,-295,-9,-9,-18,-765,0,0.008756575271838207,2460,-0.45765768390184003,-5141,0.3088235294117647,0
KR_7510145156,3,100,JJgJJ5y5EPpv7Id-KlbSHoJdSCyZLGTOjg94nAPf4UYrZIXOV1B6C9pDqW_uxjCy8eiB5nc8UHz5XQ,Talon,MIDDLE,1236,9,9,0,1117,0,0.04002793020285747,1634,-0.06343849057455864,16943,0.05718954248366015,8
KR_7510145156,8,200,-LfJHiunEhhPckYMX64efn687JWe8BLRVgI3aADAt4DPyBsyB4P_KCbkSPgiVAv8jgY9a8CU9MzVdg,AurelionSol,MIDDLE,-1236,-9,-9,0,-1117,0,-0.04002793020285747,-1634,0.06343849057455864,-16943,-0.05718954248366015,-8
KR_7510145156,1,100,5HrHSFt3k4AcCSdX0XB_huZdiK-OREXPNZn9j5FWWNmnDkXkxTez1vAYtNxJJ_bs1picwE5_a2pn6Q,Gragas,TOP,-795,-26,-26,0,-36,0,-0.007347301102586218,-8150,0.09142810071563257,-4439,0.08006535947712418,0
KR_7510145156,6,200,cwWdLHPYwCoC_EZlbT_N2IHDssux-7MMBIbVkTVCmIfMKj70LRXOPFiWCE4TwwbNAh7BcUgYOGIZ8A,Gnar,TOP,795,26,26,0,36,0,0.007347301102586218,8150,-0.09142810071563257,4439,-0.08006535947712418,0
KR_7510292662,2,100,Ar9E085rlV003BczgcokNoBKJmHzCIJl9dzYIMfH6koJHBte2rqX_meWkeraXC970Fy4M_xE5Nu4Tg,LeeSin,JUNGLE,-1252,-1,-1,23,936,0,-0.057367463652172795,1013,0.6015091714908144,14990,-0.31818181818181823,-7
KR_7510292662,7,200,anpt2RkmvfYbtjnMucfmI1zJTAyDiF6fQJSL0oJrwd48HFI7NUxBReAwPXxdirC8hO1OtAB0nMSiww,Graves,JUNGLE,1252,1,1,-23,-936,0,0.057367463652172795,-1013,-0.6015091714908144,-14990,0.31818181818181823,7
KR_7510292662,1,100,9iP6TVz34Ahz22KcLpW8Hjk6NG2jKjFRXovx1AlCxy-ncohNo5H3d8D1iS5SQ_K1qoWnjjXcEBkPtA,Ambessa,TOP,1279,25,25,0,1027,0,0.1996783729031752,1331,-0.005215236022653169,3128,0.525974025974026,13
KR_7510292662,6,200,-dmcxCMyxZsRxB-TJZEBf64fzoeS7pqmzG-4kTLE15U9uBzhV0XYTbq00kAK-nUHES0EgzQ8viofqQ,Jayce,TOP,-1279,-25,-25,0,-1027,0,-0.1996783729031752,-1331,0.005215236022653169,-3128,-0.525974025974026,-13
KR_7510344548,3,100,6r571uB-kh7FHoG0z3PLTmhUI8KSaRnB2PrBbdbWBb1p951c0Axrin7si2W3ArdhnLh3VbmQJ6jSTg,Vi,JUNGLE,-611,-2,-2,-22,-493,0,0.00614228543838069,-2324,-0.2962480923673011,-164,0.19736842105263153,-2
KR_7510344548,7,200,uHShjC909KfqFmJOew0oMSR_pHB4KTS3tY0wvQkdUcImDbCu9Au-PmwNlMXbTxJHt55K1U8suK9U0w,Nidalee,JUNGLE,611,2,2,22,493,0,-0.00614228543838069,2324,0.2962480923673011,164,-0.19736842105263153,2
KR_7510344548,2,100,gXptH0KlF3kwIlXD1QeEuc4P69DfUIWuLsRNRBEKQ7x2gefCecrvpjmr0Ue2sE9livIw6ZkUslNr3Q,Katarina,MIDDLE,-387,-33,-33,0,-580,0,-0.048423761084048,-6816,-0.9238964644609903,9548,0.07675438596491235,-1
KR_7510344548,8,200,0nZ6-zSBKBHXVBOfzQJokyjO1dZXFq2PB8GSnfXwTm681vkPWPHhkq_zmSJ9C7o6bZX8X2dEsmhvsQ,Aurora,MIDDLE,387,33,33,0,580,0,0.048423761084048,6816,0.9238964644609903,-9548,-0.07675438596491235,1
KR_7510344548,1,100,pTxooFeJdHHLvQxjKGGuqkh7Z2bW8-z1Qv9JR9vovlBrwJXGRWRV9ELDj8cBLu7xK2NURVmQWV-fqg,Irelia,TOP,506,1,1,0,-96,0,-0.0871446539732681,8037,-1.2650946366115496,7261,0.08991228070175439,-4
KR_7510344548,6,200,0yv03mx4EZK5_Ra0CH_Z5IENDKo8UgzQqoIz3D24jaGlmBNNlRoM_-qwqavQ_wezW3HkgOknqLTerg,Urgot,TOP,-506,-1,-1,0,96,0,0.0871446539732681,-8037,1.2650946366115496,-7261,-0.08991228070175439,4
KR_7510384898,1,100,igfUITk6Vdt9SavyqwVgbiwE8f2keQyCw5cnnRT4o8dfh9OXXCA8hnz8z_2wf6BfTp8TAVlH3nguVA,Renekton,TOP,517,0,0,0,667,0,-0.17360170974597178,5786,-0.1876462728302294,8438,-0.2980769230769231,-2
KR_7510384898,6,200,uSwfkCgdg8y_rkWo6Crs5HGsLDSGX0LoP7lLv2aS0GxOCXljiJVWt0YVf3If6MenQsZ_LagRzjLT3g,Rumble,TOP,-517,0,0,0,-667,0,0.17360170974597178,-5786,0.1876462728302294,-8438,0.2980769230769231,2
KR_7510436343,1,100,TBpCcvj-4GiOX0LRHjtHCweWyDRSq6rvta-nynkd7gBY6DkdhzPVgBv_a-sDwO4Ya7xZtESe0vNYgQ,Zed,TOP,186,12,12,0,332,0,0.1235082734292299,123,0.2909485891350433,-1401,0.3368421052631579,-1
KR_7510436343,8,200,neZDPtE21Vae-0tZghvs7kjOZl7U5G00vHGNmRefNaOCAN8B7J54edyBCy9PvV4zAa41_6yXaDENiw,Chogath,TOP,-186,-12,-12,0,-332,0,-0.1235082734292299,-123,-0.2909485891350433,1401,-0.3368421052631579,1
KR_7510507896,1,100,tpbEn_KS3KH2Di9DZREgaeL2PqkazJYiV51-ocLLhz00k_YooXspbDkplsnGPSOyUayoPFWCwIjC2g,Yasuo,MIDDLE,839,25,25,0,179,0,0.027240937763187284,-13960,-0.10795005882660791,3129,-0.06666666666666671,-5
KR_7510507896,3,100,_-xvLFAGAoL1Tp7vckHPCHdwb3jo3evG11XsFUSPXYO9OIWQV-aF0dpnZK9diHX6UnwJGlTEaG1Ygw,Jayce,MIDDLE,-839,-25,-25,0,-179,0,-0.027240937763187284,13960,0.10795005882660791,-3129,0.06666666666666671,5
KR_7510507896,6,200,ZWoD0gjo3EW0tE7HoYhl-1r5Ci8XrQpOe3UyLDEF16kcrZctMwC_ljUi_KactxHvMuTrKVNFHCm3uw,Ornn,TOP,-457,-21,-21,0,-367,0,-0.12293234851119972,181,0.17003430585552037,4945,-0.2666666666666666,-7
KR_7510507896,8,200,knMhi874us_TUaLdHuII3UaVBXSTWWGtj7oBqEaiu-SOvOZP2rKrUbvANIGTRjYPGgKtv5EmKInh8w,Aurora,TOP,457,21,21,0,367,0,0.12293234851119972,-181,-0.17003430585552037,-4945,0.2666666666666666,7
KR_7510649515,9,200,RTLk3L0dbqjOp7wQ3WjkHpq9ON6cECsUeE-GpljMqYxNUvHH6KFIlN8Fcetfbrif2KnAID0Zmtg5fQ,Zeri,BOTTOM,-575,55,55,-2,1435,0,0.01758136062072671,1923,-2.7718365832789855,-1415,-0.24999999999999994,-1
KR_7510649515,10,200,_2gy_DC46aRGaj02qVS4G6kbPavUSh8Sn3pwDFx-ww2bLq4f-g_5vFY1iFrAsDwciaOJlU4qab90Xg,Senna,BOTTOM,575,-55,-55,2,-1435,0,-0.01758136062072671,-1923,2.7718365832789855,1415,0.24999999999999994,1
KR_7510742476,2,100,FIw1cQvbHDLuphsJmX9iNQjzoHxRvnkzflwjpPn_xwcVxY2fwlMaEOkXkWpMc-Dzgzcf-weGMH613A,Diana,JUNGLE,654,-4,-4,18,629,0,-0.02036565759628378,8816,-0.0013516245230242863,-11327,-0.22004608294930872,-2
KR_7510742476,7,200,YUhI_nVpQzqp8lTnd6Fzs2_FWc5Vs8eemdP1EwYTy4VqTwuF-Na0WEhlCxmF3kE344wc1Y-VT1D89g,LeeSin,JUNGLE,-654,4,4,-18,-629,0,0.02036565759628378,-8816,0.0013516245230242863,11327,0.22004608294930872,2
KR_7510742476,3,100,p_1UZb5A0uh4k1kwlyNrtIi2Xe312aXDPITf-nJrx8Uvsa5a3fn5X2GZiaPZ-fChdKdSwi7RwfMBCg,Zed,MIDDLE,-197,9,9,0,138,0,-0.017001719388114317,-2475,-0.4356636111967428,-22499,-0.3951612903225806,-1
KR_7510742476,8,200,N-muwge2Y-rdJ9vllbjJz8wLvprNyJ2R2as-UwIHDK_IlGN6yprXmPtMQVOKlGM2y0y5zDqUaSXrXA,Sylas,MIDDLE,197,-9,-9,0,-138,0,0.017001719388114317,2475,0.4356636111967428,22499,0.3951612903225806,1
KR_7510742476,1,100,64iMl7lQGK-Un7IWLelCNPGDz9TJBIq2V7fOVtTWM1hwnr1vEdDBJ07q1gYLT0_GtaIiaajOZtN6Tg,Shen,TOP,230,-11,-11,1,308,0,-0.0475987663747397,1655,0.04458350071854872,6978,0.15207373271889413,1
KR_7510742476,6,200,bmLEm5XjtT5lJkZRDpPhybFGvgHHYIVf3HKNBmil1Wb-l6DU5qmJa33RMs7JKnMiwux8oo_mQl-OOA,Vladimir,TOP,-230,11,11,-1,-308,0,0.0475987663747397,-1655,-0.04458350071854872,-6978,-0.15207373271889413,-1
KR_7510830531,2,100,kyEIckP6VYuM44oj2JdhoaUi6jyRKW25czLbGi7EvW92RoI4uEYDtDcoNG0rtILjq9t6n8ex8qHaiQ,Taliyah,JUNGLE,-1280,8,8,-36,-1686,0,-0.11521440422227552,-7926,-0.23371863698453277,1631,-0.24285714285714288,-13
KR_7510830531,7,200,kcn3vFGeHX3DE-soSp5IQdHsAQZ-s_sNPNMSh-GUuCr80Fl568cx_gSqWJ2FeRXxpKprhjiLUcTViA,Zyra,JUNGLE,1280,-8,-8,36,1686,0,0.11521440422227552,7926,0.23371863698453277,-1631,0.24285714285714288,13
KR_7510932186,3,100,-2-vwO3FCVEM4JBqDZZsc7KEpmx1hhf2CFi0cTl1GajBg3NP7ydBOLoAcdpci9XfxnFvKUaFvqcUKA,Ambessa,MIDDLE,-1345,54,54,-72,388,0,-0.13462577551298852,2227,-0.5505108824057311,-4735,-0.2605105105105105,-6
KR_7510932186,7,200,hKNDL0up8nY8XXYlxGcidnCWfmWm1fci8YePFLPHQtayFViQWrh-5df61ZB26jttq8e02YlnJVHSLg,Karthus,MIDDLE,1345,-54,-54,72,-388,0,0.13462577551298852,-2227,0.5505108824057311,4735,0.2605105105105105,6
KR_7511004644,1,100,giLzhuSoo82Agu5TPwoaMJ2436__e3h1Wz6KCjhIuvpDb23VJ4yC4VQert07sGR4pUbcS9_LHvQFCQ,Aatrox,TOP,-1044,-31,-31,0,-1395,0,0.05443103101204069,-3689,-0.02456504049057595,9886,0.29761904761904767,1
KR_7511004644,6,200,VndhCP9Di1l1AkZnRCrWtfNdcur2YzC61k6LyYyhwa_X9FakYTWlFIuCE85v7xspMYcPeLOB2Jiheg,Karma,TOP,1044,31,31,0,1395,0,-0.05443103101204069,3689,0.02456504049057595,-9886,-0.29761904761904767,-1
KR_7511136557,2,100,Er6NmudjLAikmUsEDVUdVjt-lS43SPFskSK1AUlYHkDPJ_ydOkMRIrACPH4Z6ArvifRq9K9FwVMoBw,Kindred,JUNGLE,-1272,-72,-72,52,-706,0,-0.031374110078193795,2324,-0.014510407567580819,14480,0.1444444444444445,1
KR_7511136557,9,200,sWVe5PVqJX2T_VYEMBotCe5FMEGSiZw5pHlrJSy3CKdy-M9IdHz54-xSIMzk3lYavUBwTYBj2Yj0pA,Kaisa,JUNGLE,1272,72,72,-52,706,0,0.031374110078193795,-2324,0.014510407567580819,-14480,-0.1444444444444445,-1
KR_7511136557,1,100,SUC-_TVeNFq7J2hGuUmmxZ4lAP0KZp6mjLNjJ7yq1PtN9zKU3N5UAV6VNDKrjtQCcLzxZujpSSqJfQ,Ambessa,TOP,-797,-24,-24,0,-708,0,0.07131242835598878,2224,0.2255757423107818,8703,0.4666666666666666,5
KR_7511136557,6,200,xSTMyQ8dMh0KJSqfW5m2R2T5rLKwbIbdDPrbErukzd32snuGKVl8ZUBHEfZzf9h_23zSNYuX53TkGw,Karma,TOP,797,24,24,0,708,0,-0.07131242835598878,-2224,-0.2255757423107818,-8703,-0.4666666666666666,-5
KR_7511417759,7,200,VhqDNkuMUnGk3qeGO7agxL7hjdn4cXoED9adI-uLK5MmnV6AOh6HR2eqEj9GjTN4UZAeFQbNMzJbuw,Vi,MIDDLE,418,-94,-94,72,-991,0,0.019203806887959002,-3534,-0.004501768387096594,28663,0.3783783783783784,9
KR_7511417759,8,200,JVZJdWdCe7_WVeMk-4x0YCY-MlGB23wiF68rbYJCo2Kk4mDWesKEZTkjhC3405iDWEaWFpZsL-t3HQ,Viktor,MIDDLE,-418,94,94,-72,991,0,-0.019203806887959002,3534,0.004501768387096594,-28663,-0.3783783783783784,-9
KR_7511562972,1,100,iFjhZL7iHxmJSlkyMVX5A5xPbhK8CZUzD41t3fbqv37-Zqro2yQ2BctjWFAhchlHDv5hTpOtsmLfBA,KSante,TOP,-20,7,7,0,-270,0,-0.006663529960798997,-1032,-0.15559755905114714,-3615,-0.038851351351351315,-1
KR_7511562972,6,200,bhMysdQvq8xM3lBohZaT54C0W1q-rsn5EehVJ2ZtiF5tHxlmvHQYCz-hY4spgf8W3wQTIIru1-GAjQ,Sett,TOP,20,-7,-7,0,270,0,0.006663529960798997,1032,0.15559755905114714,3615,0.038851351351351315,1
KR_7511675066,2,100,azZkx2oNkBKpHPvVlm1GUx3cZhl6GK2DwedrNNTES4jZKscTn9iggVf-ZOGOl-I1GeoJRbonqtzVgg,LeeSin,JUNGLE,-20,-2,-2,-2,-265,0,0.133691534694821,-2068,0.47254160418446434,10264,0.2136752136752137,4
KR_7511675066,7,200,14nS8xxD5grgP-xIR-mFEOhztWx3To9hitDA8tcxxjBLVPqequacASdEUzxQ3QRexA90YHr3aQpPVg,Vi,JUNGLE,20,2,2,2,265,0,-0.133691534694821,2068,-0.47254160418446434,-10264,-0.2136752136752137,-4
KR_7511675066,3,100,zP4gpXtGtavPcO-VjlllYp6qNU9bk98hNDd3KclF-PtQC6O3LO-FQ8E4U7wfc6WRlbKqz_XqAhahog,Lux,MIDDLE,139,27,27,0,835,0,-0.0125335562865031,3341,0.3335072126527474,-9482,0.045584045584045496,-7
KR_7511675066,8,200,w9ASupfQ6swln0x04OUavLNlT_z7Bdfc8F49bmXSxnfoNmi1f8_aMCWg-baU2O-5j62uLHJteJiA4w,Talon,MIDDLE,-139,-27,-27,0,-835,0,0.0125335562865031,-3341,-0.3335072126527474,9482,-0.045584045584045496,7
KR_7511675066,1,100,QkoBCJqq-q2NVmrdvteVUoH1oGciZ5m5jX7hIexDgxunwt5q37RZFq-HvnNGA9Lk9MvaG-03lqxSsQ,Renekton,TOP,-348,1,1,0,316,0,0.03646624564546361,-12329,-0.3626357392915761,22237,0.23361823361823358,3
KR_7511675066,6,200,GspU5SfDiE0oK5j3Mm8K_-8lvoEDWN6QtjpCeZ3uW-Tx3cvWYUj5sV2AuKJ0CzOeqy8r_zzf_YGcfg,Gnar,TOP,348,-1,-1,0,-316,0,-0.03646624564546361,12329,0.3626357392915761,-22237,-0.23361823361823358,-3
KR_7511763965,1,100,2IWjXXEl5tv2_4KL8psls7SN9IHghZLf_fkJgvPazxcRHzREMealsdwlZGhmHpCPuGpeAF9aHfOs8g,Renekton,TOP,630,20,20,0,154,0,-0.1260572212872525,5035,0.3188430832512056,500,-0.25274725274725274,-1
KR_7511763965,6,200,v2hqivnktUOEXlaNZPcpdyBZjg1IL1eRaKDp-E8K0tw2hLuwzkStQWFcD-0UrY5ldXupi_OD-2YFnw,Ambessa,TOP,-630,-20,-20,0,-154,0,0.1260572212872525,-5035,-0.3188430832512056,-500,0.25274725274725274,1
KR_7511851427,2,100,2C88WMtSKqRxPqyd_JgVGMUfM_nBLgMbElGnEaNHjem-kRXDSby7FkSB07PNcexGWuvzUzrZeQ3fCQ,MonkeyKing,JUNGLE,916,2,2,2,190,0,0.04318910509522461,248,-0.32730100007608987,-2054,0.0861244019138756,4
KR_7511851427,7,200,5Ego6l0qmSpF-YPVxTIOxtm2lhGwz-yXJaQxGoSDInCCAYk1Mz4cEBzXzo900A6dabvTYP5ktEfO5w,Khazix,JUNGLE,-916,-2,-2,-2,-190,0,-0.04318910509522461,-248,0.32730100007608987,2054,-0.0861244019138756,-4
KR_7511851427,3,100,VdrQxBYqVGqnBQ7HnKLdSorqcITX3q4WRxg7j2bOta8fJeYspMgbB802d-udMuC9XPPA5i4s4HK1oQ,Malzahar,MIDDLE,564,0,0,0,554,0,-0.021817727791770075,5613,0.20735580163025713,-12476,0.14832535885167458,1
KR_7511851427,8,200,DG8EnKA8-3GiGIBSH74Zmqv8DC9SRutJtxgxzP_t-EPxDkT_7WsgDDDN7JAoVa8uowXc2ibjFbEbBQ,Sylas,MIDDLE,-564,0,0,0,-554,0,0.021817727791770075,-5613,-0.20735580163025713,12476,-0.14832535885167458,-1
KR_7511851427,1,100,XZ0fDWx4aK3cU-dEuLB2zsxCNXMHRJqUw0nYiLJp5685nhr5ajB6x-GsB6VqdI7kUrS9TBa3h8FevA,Fiora,TOP,120,4,4,0,170,0,0.14330240616392403,4197,-0.02482029415902054,-5407,0.14832535885167458,3
KR_7511851427,6,200,e9FArrneLHh_yINsgkulZknLJgu1oOdnPkAwq_2o46s_IhQiBviXdORCDfFaXNjM-uUTNRv-Bssx0Q,Aatrox,TOP,-120,-4,-4,0,-170,0,-0.14330240616392403,-4197,0.02482029415902054,5407,-0.14832535885167458,-3
KR_7511914195,1,100,e95ZeBjm1vACu4gOG_qASC0rKVu88c0ML8h23jjcwW8El4zo9KHlCgN-5nf3B85-AugDVHtMVmKgPw,Ambessa,TOP,-266,-17,-17,0,-98,0,0.005242698953492997,-2699,-0.02822822881302156,-3291,0.0825515947467167,1
KR_7511914195,6,200,oHtjBx8SuRnTyYFGaTY02_aOBc_ERjJFgesJm0qh3IuiXkzFZsNLlctEniuhyROhno3keJ5W3Axe4Q,Jayce,TOP,266,17,17,0,98,0,-0.005242698953492997,2699,0.02822822881302156,3291,-0.0825515947467167,-1
KR_7511975016,2,100,EZuqxVwgxK_2ahn_0efPaFbt_ii8oXMe-Ms9ORc2S6-8NygbPPiHlGInvlHL5YbpF1kb_zqpL6zMSA,MonkeyKing,JUNGLE,171,1,1,-17,-704,0,-0.015878469273190393,2919,-0.2651435120273633,-6702,-0.20833333333333331,2
KR_7511975016,7,200,hOEU-w-oxYJEjZ-eHbMRsbwjG5JWOFXu0OXWHCVQKpAAGcKEqH8ffNKTsJIG-2RLqgbGXbx9f0omFQ,Vi,JUNGLE,-171,-1,-1,17,704,0,0.015878469273190393,-2919,0.2651435120273633,6702,0.20833333333333331,-2
KR_7511975016,1,100,Xi1_F6Gto98WJGc9Zjl2pWFtglMgM68LieCtn2qII44f4rieyjCnyV9EDSVXhW09fNRcodBROeKJHA,Fiora,TOP,934,15,15,0,1,0,0.2636684167760458,14710,0.34135429345446344,3818,0.16666666666666663,11
KR_7511975016,6,200,Zh-QcpxNauSMljd3bdGsaWM3xuxcgg0N5hog3UQ9XJK8TkBUtq9rKwZIt5z1U7VjUmadBvkmXsJH6g,KSante,TOP,-934,-15,-15,0,-1,0,-0.2636684167760458,-14710,-0.34135429345446344,-3818,-0.16666666666666663,-11
KR_7512046985,2,100,JIDzUafPnUM5kM8tyIMOsDFw5Q56pI4NvobrpL_H3JxdId1d0-O7tEgkd1ArkfpJubXwzHFwuYljzw,Ekko,JUNGLE,-253,-74,-74,68,-52,0,-0.08941110520208517,-15090,-0.8048440852903544,11874,0.1111111111111111,-7
KR_7512046985,9,200,R_HVEHT7DWmdqiKj8rkUsYn7QFXgquerl_ar2_6bdNYL9Sii0VtNz8HI2Ls1eCG3A0961UnS04NchQ,Ezreal,JUNGLE,253,74,74,-68,52,0,0.08941110520208517,15090,0.8048440852903544,-11874,-0.1111111111111111,7
KR_7512046985,1,100,Kl4ER7rYd2wW6rAQaWi_-ztFst7P0x8NusrDy3QpU6gHh3gLJkwso99yoFjJo15QkMLbieYcYZnbFA,Mordekaiser,TOP,-272,-6,-6,0,-530,0,-0.055577345517950016,-6376,0.36709191903170124,-4290,-0.130952380952381,-8
KR_7512046985,6,200,qhKi5hdjQ_YStbpYirCCrNqzkInpP3xeKvHLoDyNeI8EpiyRJYCTEK13U9tZ1ewAJb8uo80gO8hnwA,Sett,TOP,272,6,6,0,530,0,0.055577345517950016,6376,-0.36709191903170124,4290,0.130952380952381,8
KR_7512172006,2,100,UQJ0f6mLx3QBY7Bs2TufI52iWjFevbKNn3-VOK-OUrZAt5Uyu_yCtguBeNFcYO3Ic3AOWjyW6A4qzw,Graves,JUNGLE,1964,1,1,-3,748,0,0.19626607946867583,2398,0.9305612755853401,-20021,0.06684491978609619,24
KR_7512172006,7,200,ok2MCz4HtluzZ85RbruPE34a35NxWovIeJe_wXiXE2FG5yXGUEK3rlYu-KYqBr8B6MWP2VqOsrf6lQ,LeeSin,JUNGLE,-1964,-1,-1,3,-748,0,-0.19626607946867583,-2398,-0.9305612755853401,20021,-0.06684491978609619,-24
KR_7512172006,3,100,unnc7NDnUN_zXjX1OGpGZBIMr0pj8qgybmiaGpyyOfnQsDzGY4gckFt_BTZL8KKgSy-JVwvoNRaR4Q,Lissandra,MIDDLE,109,25,25,0,558,0,-0.1693297018119556,2350,0.6908696476800165,-228,-0.43716577540106955,-8
KR_7512172006,8,200,0qzRCZvqKj3W6E5xp6cOXqFgwMzkoeY_Rv9UnpNS-M7S_0Qt_WDtaP4dFfx99_u3usa6g6SvrpTwTw,Katarina,MIDDLE,-109,-25,-25,0,-558,0,0.1693297018119556,-2350,-0.6908696476800165,228,0.43716577540106955,8
KR_7512305645,1,100,0nZ6-zSBKBHXVBOfzQJokyjO1dZXFq2PB8GSnfXwTm681vkPWPHhkq_zmSJ9C7o6bZX8X2dEsmhvsQ,Jayce,TOP,54,16,16,0,-117,0,0.13459589518878856,7206,0.5299114412170151,-9093,-0.08080808080808077,-1
KR_7512305645,6,200,_By-LpyoH78S5YHW4zvNrVHMqS87dcabCF4XbcekDN38aC2SiDHv9OBvxpH2BXdkFnD0myktXDBjVQ,KSante,TOP,-54,-16,-16,0,117,0,-0.13459589518878856,-7206,-0.5299114412170151,9093,0.08080808080808077,1
KR_7512416712,2,100,T1ItW2ozSiVTBGyaXxYTVlIblTfF9NrDPAvP8CS7mGF0eMIJdC4Nfe5n8n9QkI8BUZmGlwnlvzaoCA,Zyra,JUNGLE,546,4,4,0,427,0,-0.09810208737764436,4619,-0.09746077802536623,-26270,-0.150354609929078,-4
KR_7512416712,7,200,pU3GBVBwARTGAKliDP6IXprCm5sA6Z1wxmbnkIri6YjLsle7u0QXln-UbceJOkmWfPzwvvznNH6tbA,Diana,JUNGLE,-546,-4,-4,0,-427,0,0.09810208737764436,-4619,0.09746077802536623,26270,0.150354609929078,4
KR_7512580377,3,100,ZBG1u9kr5LKcwT3XrWwZPtEhinPxN4XIJ8lZL-hVZoeHyxdOno2QzpO_-PPqRCjGJWH1rgmCjrUCBw,Nunu,MIDDLE,427,-19,-19,0,-539,0,0.020492889741423687,2131,0.08286649322912276,6190,0.17669172932330834,3
KR_7512580377,8,200,i8r409OHG8wxg8FvPyDeJalcdzxoyTP_s8DBCJc7RVJdfqYeE42jhEYsFv_C1E_X7jCZrwUM6qUh0w,Taliyah,MIDDLE,-427,19,19,0,539,0,-0.020492889741423687,-2131,-0.08286649322912276,-6190,-0.17669172932330834,-3
KR_7512580377,1,100,DM7iIwz9WHPQ9aH9v-3VzWtcBgcI6rfy1NcHcRHW_pfG2UosqyhaPLHeSVdPCpDMK5CWIDGtm4sDZw,Ambessa,TOP,-900,-22,-22,0,-815,0,-0.050854235731978004,-978,-0.12736647729730688,-13225,-0.1654135338345864,-3
KR_7512580377,6,200,hhgszWQUjqthMSs7lKH9M6IX3YgLZnEjJl4H56UZpU9WH7l3bsBgcLJBVOMpheRqQQiKXIo6Msm7Aw,KSante,TOP,900,22,22,0,815,0,0.050854235731978004,978,0.12736647729730688,13225,0.1654135338345864,3
KR_7512718414,4,100,O8F-rTXvkSvIVAY_pLGrZf3hxtIJQ6_ZArN68bOWlnNsYnb3khmxGhJB_fCd22oFAzfq3MXyX-1Jbw,Viktor,BOTTOM,-71,45,45,0,813,0,0.07115975066070712,1840,-3.0534890656913407,16,-0.039999999999999925,1
KR_7512718414,5,100,JhDMznf6mw_EW7JO7q-fSwCL01K5aAbsR2yIG8Qh5qIoszgecOeHLHFyksMsxb4vWmZbgyxlji6bFQ,Senna,BOTTOM,71,-45,-45,0,-813,0,-0.07115975066070712,-1840,3.0534890656913407,-16,0.039999999999999925,-1
KR_7512718414,2,100,Tfu0hOAKTOtuYAPdtB_N9yN1fvggfVYqJI-6ZILWkG8gf5TxSfVHUbD7FVolHtXNa4rZfSgWYAYveA,Vi,JUNGLE,637,-9,-9,46,271,0,-0.009953936543641198,744,-1.237790757420696,6834,-0.3672727272727273,1
KR_7512718414,10,200,eO0o7WbatuM4FDYVpSju_9ikD7FfiEZoFenZuTWiRZIS9nKvkORAP3nl-Yi5QhCMe20TyiqwFqz6Wg,Amumu,JUNGLE,-637,9,9,-46,-271,0,0.009953936543641198,-744,1.237790757420696,-6834,0.3672727272727273,-1
KR_7512718414,3,100,krGCpOgtfe1HZBmDbCJjAPJgYIRxuZ-HabfTvAHqEprhEBRtVVtJ2SnW5oV6nv_Yi7zSLeCagIq7XA,Ahri,MIDDLE,207,-4,-4,0,-216,0,0.09465162069358399,-4554,-0.2616082182714605,-1719,0.15636363636363643,4
KR_7512718414,8,200,eE9YQM8Z62v7hhajjHt9pnIbLdWsRmOhLhK9juipN56FVmdAmmypZ1sJ5uG2DdFiINwnER-RWPwnJA,Azir,MIDDLE,-207,4,4,0,216,0,-0.09465162069358399,4554,0.2616082182714605,1719,-0.15636363636363643,-4
KR_7512858910,3,100,BDMY6A6DLfwRGP1IurK_1oIentG27KmiZzsQfN7_e45BbcuPTxby6nNZL3BL7_brxaKAY5IRMSYF0w,Akali,MIDDLE,77,3,3,0,-5,0,0.06521064329693688,1978,0.17996690276412808,703,0.09595959595959602,7
KR_7512858910,8,200,a4n32rk88iScxtmUVOdSVra0Y3w3uOyJvnmOwe3hwwTPj9C3vlje6bXQgZ9ZUEOjSuyZl4OYYS-_2w,TwistedFate,MIDDLE,-77,-3,-3,0,5,0,-0.06521064329693688,-1978,-0.17996690276412808,-703,-0.09595959595959602,-7
KR_7512858910,1,100,49-zRGhv7cwdXJlLPlOc3pKkXJAKG-kY2yV6K3kfykcLbaZreNWA9EG4b9k6qGdicKI5-tke2JjFrA,Jayce,TOP,-774,-5,-5,0,-824,0,0.007573407022787609,2626,0.34175912469421,-856,-0.14141414141414138,-2
KR_7512858910,6,200,rCDAwVlUtKGVuhgYtYv5AS-GO0uMfs5y0lNl6H4oNQpvUeHT_Ng7tSZlpIK8jHIG1N5TcOZIXNzPQA,KSante,TOP,774,5,5,0,824,0,-0.007573407022787609,-2626,-0.34175912469421,856,0.14141414141414138,2
KR_7513000233,1,100,KVDKJ_spwJO_-PX_WSyGrlqUxZQJE0MBFYhrNa-YrWg-pKpyc7CBftD70N6XIhieSZlqq3awJ59bBQ,Renekton,TOP,-428,-3,-3,0,-432,0,-0.07216086132627841,6039,0.06961630457712142,1744,-0.34848484848484845,-2
KR_7513000233,6,200,iFjhZL7iHxmJSlkyMVX5A5xPbhK8CZUzD41t3fbqv37-Zqro2yQ2BctjWFAhchlHDv5hTpOtsmLfBA,KSante,TOP,428,3,3,0,432,0,0.07216086132627841,-6039,-0.06961630457712142,-1744,0.34848484848484845,2
KR_7513141973,3,100,8ZnkW_ireLYCopzWirXO10o4j5uYGnmH5NApg6z6aWO2N5gy2O62OmQNfzeEuotcA6MzxlqleZc3tA,Akali,MIDDLE,27,19,19,0,-288,0,0.058373879664064904,-949,0.03449201848692274,2486,0.027173913043478326,1
KR_7513141973,8,200,YALiYjy8mUp9gS2XUBS-4wAlfAioeU-0plkCA4BQp5C2VXRaGe8py_XiP1il5tFLqoovpD28JcwUdg,Zed,MIDDLE,-27,-19,-19,0,288,0,-0.058373879664064904,949,-0.03449201848692274,-2486,-0.027173913043478326,-1
KR_7513286013,1,100,5e6_hOznQ3QLNBkfIU1K-acLiOU8cjv1CLWpsMEUW86MA8WlnhoQxr39Av8V57__2T887OY3tgEFxw,Jayce,TOP,2034,30,30,0,631,0,0.0867033799425356,-2028,-0.26691321886102204,885,0.27050997782705105,5
KR_7513286013,6,200,X-BJ_apm8UIb1_TlfGQ5G5TMh-2phjg6V3j-gxNF74UsM77CHDf7pjxuBIqvfZdJZMFyulUuoQnTPA,Camille,TOP,-2034,-30,-30,0,-631,0,-0.0867033799425356,2028,0.26691321886102204,-885,-0.27050997782705105,-5
KR_7513416344,2,100,2i9n3jtK62J8OyWYuV6CAPq2IhF-VPAbfghZn_zRCE-h5foSSeT7cFwJ4df2KDqIn-6yDhUhbOGwTA,Talon,JUNGLE,-57,5,5,3,368,0,0.05796103039531231,0,0.08235347113316449,2691,0.23369565217391308,2
KR_7513416344,7,200,iZPeK_sQivqi7oUO9UToMvkKmcQfBcZUW6V2iAQ1Ck1gF8UFdZeP54XCghOLSa5X89IJvuxFoEABhQ,MasterYi,JUNGLE,57,-5,-5,-3,-368,0,-0.05796103039531231,0,-0.08235347113316449,-2691,-0.23369565217391308,-2
KR_7513416344,1,100,6rSBsmxp-U_XiYijecxYQ-44aJvbeSKc7t0keCSU1G50SD2ZjmWgtOWZUfCsPTAP4j4K7GR0gcaJxg,KSante,TOP,-591,-15,-15,0,74,0,-0.10501374297190408,323,0.14129960795868646,6384,-0.008152173913043514,-1
KR_7513416344,6,200,K4lBtG9j7RmVmwBVKhn2fpAiExFfCfmXlIlFjvipw0ODYUb7zhA8uU3vogJey_BkibIcU5oz7h3s2g,Mordekaiser,TOP,591,15,15,0,-74,0,0.10501374297190408,-323,-0.14129960795868646,-6384,0.008152173913043514,1
KR_7513517968,2,100,KXZRxjqC0FNmZmcnvU1tVi37UUl9l5Iz-7WO3C0afZlyYKaBEN7yapLP5wQ-RAeXYVjshfiEv5sqnA,Viego,JUNGLE,743,0,0,2,409,0,0.0195149016441587,263,0.12693544399404888,4106,-0.2007575757575758,-1
KR_7513517968,6,200,OMypWa1fXP1emRWYlEMJbvp_DdtMH5JRdNd59pp10jmD86vv4AAnza9hMXYCLboVvx9pNK28WpZYRQ,LeeSin,JUNGLE,-743,0,0,-2,-409,0,-0.0195149016441587,-263,-0.12693544399404888,-4106,0.2007575757575758,1
KR_7513618637,7,200,kto-nUpd6AJiA6zOpFMt-k2yj61rr8dnul-MJ0KpBi2798PnlGaQ3ab729z13-fhqteKDNbIckVTbQ,XinZhao,MIDDLE,259,-62,-62,64,-482,0,-0.0820274532305649,2667,-0.09178065858500706,23098,0.13043478260869573,4
KR_7513618637,8,200,G5JWnqKBBZWxO_naxGlLnHHCWDuwMSCHnFIg-Tah3l0Epyl9ounFYGXsDPEmWuOc40N_wd8S9_uG-w,Aurora,MIDDLE,-259,62,62,-64,482,0,0.0820274532305649,-2667,0.09178065858500706,-23098,-0.13043478260869573,-4
KR_7513705429,1,100,jCW4u4IbClNLJn6zGIOsK0klpWr9O-Lbjc4xKcN225Nm3h_yRXdIRTkfPYTb9t3tHRBT0hYXVzIOqA,Ambessa,TOP,1744,28,28,0,1511,0,0.06371286299580209,145,0.4812877752471406,2900,0.21969696969696978,-1
KR_7513705429,6,200,5fGMzLoO8oz68No5mtFrsTpBF8NN4yK-Ld8pSMu9kn1g94ip_bT4VxjXuDz6nhUw3Bf3qfzqUTUH-g,Pantheon,TOP,-1744,-28,-28,0,-1511,0,-0.06371286299580209,-145,-0.4812877752471406,-2900,-0.21969696969696978,1
KR_7513953643,3,100,z4hPOYmvvAMe_BamvlkhG1UZSkVUmKZXSXIeEuVvyBz1GmlVEyVaDvnO_JkIygzS3WMurYdAeW9iCA,Lillia,JUNGLE,23,1,1,-33,-1144,0,-0.026487697037311797,-1285,-0.5265949686919451,1293,0.2566844919786097,5
KR_7513953643,7,200,c7o6m66l3vzaLhIzVVp71aoiCWaQcJEa0PK9mymRUTwpPmXKsTfqiBxsM53jWwrALpq0MdiAJONQEg,Nidalee,JUNGLE,-23,-1,-1,33,1144,0,0.026487697037311797,1285,0.5265949686919451,-1293,-0.2566844919786097,-5
KR_7514123462,2,100,8z0WFAalbRg7QgyW-ODo-n2PKdSLBtu4tLjzfqH_1WsfRPjhYRW7xgTN_6Y6zkGBSoRcN69EDHZnsA,Evelynn,JUNGLE,1150,2,2,10,1160,0,0.15088614028012576,2069,0.536703360670935,-18055,0.29847494553376913,11
KR_7514123462,7,200,H7qx5iu7zV4wpaASy8ZZrJFy_BccY7jQSBNcJhp8PKA6mbo2g6gK_Johz3FzQm-Dfu1IJow9OD_Now,Skarner,JUNGLE,-1150,-2,-2,-10,-1160,0,-0.15088614028012576,-2069,-0.536703360670935,18055,-0.29847494553376913,-11
KR_7514123462,3,100,e1GTWhMREnyXiqWfPu-J_s6cFc2TyOcL-LGsrgpLQQtzhpshbs62eicNEcd_AdHKdDDzV52qBkgFzg,Smolder,MIDDLE,210,14,14,0,-82,0,0.06504043359979769,6104,-0.4411493802339759,-1703,0.09259259259259262,6
KR_7514123462,8,200,G9SHNnjVWBSmxrTHbG8RuORc-J5FhD63wzBrxxi-8Ia_M_RN_fpIEpZhKq8n-VD1S5yJOkvZS_HeFQ,Galio,MIDDLE,-210,-14,-14,0,82,0,-0.06504043359979769,-6104,0.4411493802339759,1703,-0.09259259259259262,-6
KR_7514123462,1,100,-dubjxfr94bgUzLy42Ep7Jrwhp82XTYY1zOmxmjbl106umA2R6tp0r5C7yRdzjVvI4NgKbrLDZJjHQ,Lucian,TOP,-1072,-7,-7,0,-1179,0,-0.0024061049683173075,3597,-0.2999556052243467,-10598,0.05555555555555558,-4
KR_7514123462,6,200,CLjZf90EO0HdL6Ip81p_jkPN8XoAc5BEm6EnrQS2Xt1BL2a3L9wHGiJHpg0i895E58oHLwQa4s4rTQ,Urgot,TOP,1072,7,7,0,1179,0,0.0024061049683173075,-3597,0.2999556052243467,10598,-0.05555555555555558,4
KR_7514266091,2,100,w5B2xPn944UYbM2A4JzPq_hqqQVPjPnKPGJoxml5k1wTwyNJYBm2w2BOVQzg6L22EtPnK6OyTK0eaA,Viego,JUNGLE,-46,4,4,12,312,0,-0.029054295275374703,2607,0.1695710844323446,-8809,-0.27761485826001964,0
KR_7514266091,7,200,Aw58G59GsNLUTBg1rMiTWihs73nCL_FmXb52LGwH6LWhRpEfREOY2SqBrq6gzZ-UnGt_y8LTh1fcqg,Talon,JUNGLE,46,-4,-4,-12,-312,0,0.029054295275374703,-2607,-0.1695710844323446,8809,0.27761485826001964,0
KR_7514266091,3,100,JauAz-vVNRxjxF1hC4xuIjLAALfjiRdEZ_IWcVIXh6HZx8u-JHEdyf8EIfx8ml96qwgyD2GY4bVYGg,Galio,MIDDLE,-175,-14,-14,0,-414,0,-0.009425179427676178,-935,-0.08755198915404194,9885,-0.025415444770283457,0
KR_7514266091,8,200,RHdGvvmubt1qp86vLc2bqbhjjJZd63BHmh4apzKjv_EHNGzHpT4iTbQPRIT1MwTXmy2fX1_ZyigUCA,Orianna,MIDDLE,175,14,14,0,414,0,0.009425179427676178,935,0.08755198915404194,-9885,0.025415444770283457,0
KR_7514266091,1,100,XeHXj7dX1FhJRVhPInDxccRHmFnHtfcQgVOv3C3lOUNsKaKfmwWt4p-LAumXenmW1mLOZs2zsdrPWA,Ambessa,TOP,995,26,26,4,182,0,0.1347576264505694,-751,-0.2592038534395781,4791,0.1945259042033235,9
KR_7514266091,6,200,HeU_JRzpHdsZwTOpPgC6QW_MVWYG9o2ywG6DIiZOyjX5DMQxMDyA92lr0fCNKIZaLh7Du7k_8O_O4g,Riven,TOP,-995,-26,-26,-4,-182,0,-0.1347576264505694,751,0.2592038534395781,-4791,-0.1945259042033235,-9
KR_7514392983,6,200,MqS31PnY4YOcfpziZcyeXLyIJcCvNca3IOsT1YIO5eO4IHj4NfN0JWAL5YbMYKAHBhHuQtXaGoocgA,Gnar,TOP,-917,24,24,0,1781,0,-0.03644746667459278,12045,0.13595381321174205,-4332,-0.175,-7
KR_7514392983,9,200,9Jsx6rNTWjXlcgSm9qe_n259Xgl_HurdW6dP6eVIqREHCWKERzKsDY7oBEbMH0seuvKvXnX0pi2MYQ,KogMaw,TOP,917,-24,-24,0,-1781,0,0.03644746667459278,-12045,-0.13595381321174205,4332,0.175,7
KR_7514539206,2,100,NXrIBtSmwzzAQZrwZ5yQVKE2WweSjLtyFf5_uWmYP1sSrazRxOZ_1NcoUQPs5YxUitoP5G4KvDsbWQ,Kayn,JUNGLE,752,12,12,-4,-207,0,0.1023107068697103,-4796,-0.6818074298631278,18408,0.003947368421052699,5
KR_7514539206,7,200,7sk2CpH9lpi7qrgUmH3DcHIUkobTSUT54PTmqc9USPv47cQG6wox9uSmD1VK8EMp6BWXmpYrfGPZmg,Ivern,JUNGLE,-752,-12,-12,4,207,0,-0.1023107068697103,4796,0.6818074298631278,-18408,-0.003947368421052699,-5
KR_7514539206,1,100,cjxJqFFWI_D7CGsE65WwmJDEQFfwedR85PKvA-2pncUYAlz6qKBcWr7jOlvYMBvxlxIr1wvUQsaWCQ,Rumble,TOP,-168,-13,-13,0,-798,0,0.1725920125994694,-6000,-0.15802596988828566,-11071,0.25394736842105264,0
KR_7514539206,6,200,jhyLGxugBXGKD-ZPYucTdgkm7sIDYvP67Ybx-YtUVZKsPsmfsNNw_LS99jSknoD8phYZAbWVTZD8ww,Warwick,TOP,168,13,13,0,798,0,-0.1725920125994694,6000,0.15802596988828566,11071,-0.25394736842105264,0
KR_7514669332,2,100,7pVwTutPVZHdDzL1lqjU_OSkJUUaakSF7DSYy-L-4QkYVaMhmPrEtIQ5FA8rDf8mqNHS2FWmzNTuMg,LeeSin,JUNGLE,-116,3,3,1,300,0,0.042818682918851686,1408,0.001026579425788654,14210,0.17352415026833634,0
KR_7514669332,7,200,H2WsjmGyeHwFby_g36tkuRh6BZlfDXgKDjM1XwPIi0YPCnXAOSCa23mKapkQWCV9pZa0NACq7BBe3A,Taliyah,JUNGLE,116,-3,-3,-1,-300,0,-0.042818682918851686,-1408,-0.001026579425788654,-14210,-0.17352415026833634,0
KR_7514669332,3,100,x_4ie8YgE1lRIKWehW2__9mSHJyRFWcGwsp6M54Gyi07J1yn6A2vGc7yjGdjaw2AYHiVKZ8vvKaMJg,Aurora,MIDDLE,834,13,13,0,817,0,0.06814900521364431,-1734,-0.3039055967375659,-2023,-0.025939177101967803,2
KR_7514669332,6,200,JNZzhO_8GR5PETqEBS66ZD6EJdj5e5fOfOyV3sbI0Nyb0TvC6_Q7Ub9ldVn2qN85Q8ECHCeJKES7sA,Lissandra,MIDDLE,-834,-13,-13,0,-817,0,-0.06814900521364431,1734,0.3039055967375659,2023,0.025939177101967803,-2
KR_7514669332,1,100,lRKyzJ4aai3J2HQPh_2kS4Z91DmydvXsGuEUP3O_FNW-GN0y0MFcCP3XOVlnBrmLh5xThGCGozr0JQ,Yone,TOP,-598,-2,-2,0,-462,0,-0.165188638243352,-11782,-0.06577112147993391,8216,-0.3881932021466905,-11
KR_7514669332,8,200,TBpCcvj-4GiOX0LRHjtHCweWyDRSq6rvta-nynkd7gBY6DkdhzPVgBv_a-sDwO4Ya7xZtESe0vNYgQ,Zed,TOP,598,2,2,0,462,0,0.165188638243352,11782,0.06577112147993391,-8216,0.3881932021466905,11
KR_7514835984,1,100,2IWjXXEl5tv2_4KL8psls7SN9IHghZLf_fkJgvPazxcRHzREMealsdwlZGhmHpCPuGpeAF9aHfOs8g,KSante,TOP,58,-10,-10,0,11,0,0.051838437571327,-5186,0.02834384907444487,-2965,0.11816467630421112,2
KR_7514835984,6,200,szWAfZ-vXzXftFw_5eqhPXUGXE_oPqKlHDswuCzhQDakzsx-Qp9nSFJVe9zvhIWAxlfKMP0snUujaw,Jax,TOP,-58,10,10,0,-11,0,-0.051838437571327,5186,-0.02834384907444487,2965,-0.11816467630421112,-2
KR_7515017551,2,100,VEWJoVHKLBUiEG7LyCyxd3Qw_PGVOEuEceDbv0hOxAFtjxWebqFyc1q2H90OBGQ4n3y8o6hQESypWg,Graves,JUNGLE,502,2,2,7,294,0,0.07256822458932341,-580,0.39893792415389295,-10329,-0.033333333333333326,-1
KR_7515017551,7,200,p4qWShNC3RnI073l3N4heLAQpz4DbXcFrzGFHjyWBhUKt4PSfDQpgCKnzKn4O-qPE0nn9RAI0AT77A,Vi,JUNGLE,-502,-2,-2,-7,-294,0,-0.07256822458932341,580,-0.39893792415389295,10329,0.033333333333333326,1
KR_7515165710,1,100,CU_JkTKo-OB2VWXs-YPcULt3CsI6e9pZ34u6QQ2sdMtozjLm74N2CafWb3NifPDVC2E-J_nrALoBXA,Gragas,TOP,-1520,-21,-21,-2,-607,0,0.010672779684240713,-1016,-0.5353346059192905,-4698,-0.08571428571428569,-1
KR_7515165710,6,200,j45nfhXAqFiFmpgUGn-3bbe9xYofDOqDW3OXGXKy38lrpcAqMVMzZOeedm1x-0GGRK7kZfeEZY_v_g,Darius,TOP,1520,21,21,2,607,0,-0.010672779684240713,1016,0.5353346059192905,4698,0.08571428571428569,1
KR_7515241991,2,100,F5UIFRzWRcDNcpMvAYYTaOvV6X3u0avg_Io9-uJWCG-CeBGDXGYLGZWX0Nb_zPge_EhBWDgJmArfEw,Pantheon,JUNGLE,-161,-1,-1,-1,-95,0,-0.028987371008756285,54,0.5023505098708715,5020,0.261904761904762,-1
KR_7515241991,7,200,Bl56JSEuA_lG0t1uxnI1x--Q79YwJ5Yj6j1YcWtNdrrBsqp00dnYNJHaE5Mx2_iGAtp8WEnFmGSLaQ,Vi,JUNGLE,161,1,1,1,95,0,0.028987371008756285,-54,-0.5023505098708715,-5020,-0.261904761904762,1
KR_7515241991,3,100,ZjWfH1yQW5XPtd8Fya2KmxQtsr83OemQaxpcyDSXIaqAPnoUQbIrPUa5tw5bGf7S2V0QCl5-iz3Jgw,Galio,MIDDLE,121,5,5,0,-241,0,0.031117564137792486,-2665,-0.1402168297017622,-1923,-0.10317460317460314,-2
KR_7515241991,8,200,Bzdeq9E0bJtXCKIyY5cmy2yC3qT4M4RHkbjsUvGyoLACsdV9narh19MBB74UFie_NksLvGJ75mvyMw,Sylas,MIDDLE,-121,-5,-5,0,241,0,-0.031117564137792486,2665,0.1402168297017622,1923,0.10317460317460314,2
KR_7515241991,1,100,LzI6XJWK1Zm8_YkQSFOjhRB1KbSgFYX9Nb6mLUMoh9OO9jjnggGiC-kisY6asURaDd0mA8KVIm0TYg,Gangplank,TOP,375,16,16,0,498,0,-0.007667997689236317,1132,0.13155165637367505,6245,0.14682539682539686,-3
KR_7515241991,6,200,6GTva1X_r8XMqAvY_oI38d_94T_oeT20S6XkHppqlBO6sfQjYYdK-M4P7eGrctJxuc_O37tl1AzRzQ,MonkeyKing,TOP,-375,-16,-16,0,-498,0,0.007667997689236317,-1132,-0.13155165637367505,-6245,-0.14682539682539686,3
KR_7515328985,2,100,A2asT_1lq3jEavx-slT2y6X_or-iBl6nbQ2pAzJxOhQa1ewtFJAuiPIr_VXIY4muzQ05nSwS155y7w,Maokai,JUNGLE,-160,3,3,0,182,0,0.0106701907171316,1097,0.24852618939051263,34211,0.17142857142857149,-8
KR_7515328985,7,200,BJiMFHww1VFIsl-yjVs46K1L8-CE3KC0dWLkZvXgcvb6cb00ZcbPwhk_uLzkClZvqAZZvJeGmK9jwQ,Nocturne,JUNGLE,160,-3,-3,0,-182,0,-0.0106701907171316,-1097,-0.24852618939051263,-34211,-0.17142857142857149,8
KR_7515328985,3,100,N1uAPNBcC3Os_cjHcNwbSG2GJO3ND2ZMiJxYmkf-67cFHFbZqcmGF0r6RKFhfidHU8AbXI4w6VMBpg,Azir,MIDDLE,-1094,-16,-16,0,-682,0,-0.1017086399512884,-2363,0.13361991121255157,4492,-0.3571428571428572,-6
KR_7515328985,8,200,T9uvQ6NOQfD2rICW0JcxayJ7xSa6-lkxE7-UozscY-NO1CBEMkhWpM9qLHV9zQdjwENfjSQzJRYA-A,Neeko,MIDDLE,1094,16,16,0,682,0,0.1017086399512884,2363,-0.13361991121255157,-4492,0.3571428571428572,6
KR_7515328985,1,100,xAGxz4L4pgMqDeBQ86rGwy3bqbixtGmWh6Yw2BxrJ-RrI4TgnOtqdRFYDmuPCLK9xfQ4zFWfOYEK1g,Volibear,TOP,-290,-11,-11,-2,-174,0,0.0214773770931575,-3691,-0.3033332337853757,-254,0.04285714285714293,2
KR_7515328985,6,200,EdX6XpRT2l68eZzPHRUQMimHebnJyyhDWcAwMT7VcEcwrwS3IIwSvt-rkBemdLtht2kShOYUend1iw,Jayce,TOP,290,11,11,2,174,0,-0.0214773770931575,3691,0.3033332337853757,254,-0.04285714285714293,-2
KR_7515394444,2,100,v1xOaVY-fPOWsor9FUURtQFZETQn-tgsFNJYlhqYCSWMt4fhq7zmRvPswsAnuD43_7z-Z-ufO38cTA,Skarner,JUNGLE,145,1,1,-6,-97,0,0.07739750349728672,4775,0.345803208407631,6169,0.21052631578947367,2
KR_7515394444,7,200,LRlXgISgxUbvn5fTukF1mztIST6ppTdj6h2Gj00BnlvU3pnKvLJj-u9ZU6MhYZbVIooONv7vpymwuA,Viego,JUNGLE,-145,-1,-1,6,97,0,-0.07739750349728672,-4775,-0.345803208407631,-6169,-0.21052631578947367,-2
KR_7515394444,3,100,S_9FEiacinl4AeHEO7O59cwKu_3khA0X1wZkIXaLuBsZDUPzNRtMh0ZYncBGTFsWtFPj5uRYUBpTVQ,Syndra,MIDDLE,923,5,5,0,-158,0,0.08792499240663329,14306,0.12970510501396687,-8494,0.05263157894736836,8
KR_7515394444,8,200,Bzdeq9E0bJtXCKIyY5cmy2yC3qT4M4RHkbjsUvGyoLACsdV9narh19MBB74UFie_NksLvGJ75mvyMw,Hwei,MIDDLE,-923,-5,-5,0,158,0,-0.08792499240663329,-14306,-0.12970510501396687,8494,-0.05263157894736836,-8
KR_7515394444,1,100,yGrbzwT0U55q8EgDMBk_zvle7ALYh-ToZGlAv1S1e_aMfHCc29BsLvjyBAH2WgUuqT79-LW02MeArw,Ambessa,TOP,-520,-8,-8,0,-327,0,-0.04442262055568727,2664,0.20357521312140814,-5149,-0.05263157894736842,8
KR_7515394444,6,200,B_0MBlcCwbkmxHl5-qHo8lqGGyVe1fyaa29No-ntdX9dnlVqyJQSx7lf8ENBJ7D5x4G05yUHSs9W2A,Gangplank,TOP,520,8,8,0,327,0,0.04442262055568727,-2664,-0.20357521312140814,5149,0.05263157894736842,-8
KR_7515444421,4,100,DM3MyIx8w6r6B2odV70tKF5_job4ulwbjs81bBCaCSpNWm0G75VkoZrFAIZw77SjZox_Sf3vwXnrVA,Jinx,BOTTOM,-303,2,2,0,-239,0,-0.10886564540295318,-3573,-0.3295302666854596,-3772,-0.2777777777777778,-9
KR_7515444421,9,200,shSC9R0eGBfVnl3OtmjsqT8vNBx1yfqM4PMz5qwbVdGIqBxVkd_SAXHCXFAEDgVmmaMzHN8Y_MDe3g,Cassiopeia,BOTTOM,303,-2,-2,0,239,0,0.10886564540295318,3573,0.3295302666854596,3772,0.2777777777777778,9
KR_7515444421,1,100,7gPHPRFsB3QjrtzdPhZAidcTx_8vUpzuG2cjVJ5ZEs2TM8nmBv43NVW45DxbkbU2a75YrDcc0Uzwgg,Zed,TOP,-348,-18,-18,0,-223,0,0.018848198395759408,198,0.006295291604419551,-8229,0.18713450292397665,-4
KR_7515444421,6,200,LlXwLFsKiu2n65-5Pggui2HDAHALqVrJbRaRSZKOzSYY25ZaMHM_NsgjouZDSFLZ3OxzuB2yIEXJYw,Akali,TOP,348,18,18,0,223,0,-0.018848198395759408,-198,-0.006295291604419551,8229,-0.18713450292397665,4
KR_7515503437,2,100,ei46L3acO-mbYlnxFeUAs-v1hppNwyPvxopvK280GIBz8Z62Mz0xgkpZ1r4cSoNpfk_LMn7S5E_maw,JarvanIV,JUNGLE,571,-66,-66,60,293,0,0.002837767478485992,-9187,0.5991161231874933,23635,0.23713235294117652,0
KR_7515503437,9,200,jL6m1iHccxcG2C9ZuXgB5B7XRsZEiKwClK1D2BPId7O_SVZhXrSOBNsj6jdxgaDIsbyZ4bkDvsacjQ,Ezreal,JUNGLE,-571,66,66,-60,-293,0,-0.002837767478485992,9187,-0.5991161231874933,-23635,-0.23713235294117652,0
KR_7515503437,1,100,kYIrv3VtwiAq27K8yXSPlTHVece6VgWAsADYx-58f6Fbu10h4VR2YNAgYTHVotIBLIEDK5MYGRGdqg,Ambessa,TOP,223,-14,-14,2,-123,0,-0.008561355059886588,-12585,0.06991665462096996,10987,0.03676470588235292,-6
KR_7515503437,10,200,NQO2EN2nbSWp8E9FJWdszybac94LU_kc32rocEydcg8ULtFUkleIejLyCO2kJKxlDv7kvWLMxF3x-w,Camille,TOP,-223,14,14,-2,123,0,0.008561355059886588,12585,-0.06991665462096996,-10987,-0.03676470588235292,6
KR_7515593770,3,100,BZjrlsn3NZwPfuH49wB98bmfmOskdEcqINTrSVdOtF8J7ZdnMuvAwu12dbrVDA-2Mh2zC3xNzHbQdQ,MasterYi,JUNGLE,1537,0,0,6,599,0,0.0614319630467407,745,-0.4440268814378159,-8982,0.09880952380952385,12
KR_7515593770,7,200,6KAITHM4y1UvaDYoXP5ALa5xm7SxOw4_GE5nk57wSxflDe9H25SRLiry9RXesNDVLBsJd49dHVxOtQ,Nocturne,JUNGLE,-1537,0,0,-6,-599,0,-0.0614319630467407,-745,0.4440268814378159,8982,-0.09880952380952385,-12
KR_7515593770,2,100,CE35Up2BMsG-R-nmoaKgnKKIlUxSmLlBORxmbe9ZL2-d4_3Y1lArP9PygTB6c-uZjE1Yz-fsBLe5QQ,Sylas,MIDDLE,-237,-9,-9,0,306,0,-0.05981683803374249,-3656,-0.12465158337243909,4070,-0.10119047619047611,3
KR_7515593770,8,200,9lLpWZAVPa7qt0vH-zjw2xTn8MKGJcjkon74XCiJz0DxLATPbNi6I_rpigcod9DcOK3A9cSBWF-b8A,Corki,MIDDLE,237,9,9,0,-306,0,0.05981683803374249,3656,0.12465158337243909,-4070,0.10119047619047611,-3
KR_7515593770,1,100,gzouY6lJMtHKWTIDK747_6O_VEnVDoOmWjKzVLsPjGcXr_RHs-PGoS_M87JmBuUPziyjMpI0zbkMhg,Jayce,TOP,-836,14,14,0,-204,0,-0.014489687600016288,5643,0.08512214393361361,-2545,0.02142857142857152,3
KR_7515593770,6,200,ZgiGujcWp8a3s3ZGOIO2TsK9xyMwHX_A7AwPDGWqT2VVXo0lrr4F4EoAZqVC4bYWJLKNAwToQrouzA,Gragas,TOP,836,-14,-14,0,204,0,0.014489687600016288,-5643,-0.08512214393361361,2545,-0.02142857142857152,-3
KR_7515708419,3,100,XDB4VbrppULr3l_lTX8UFbzVMZsTJPfi3qprvBt3LVSRXLw1KaLuUCr_qg8XEYrUaicpUeS-kX57sA,Renekton,TOP,-31,3,3,0,-620,0,-0.0636154171918408,-3527,0.012683288490759725,3660,-0.3020594965675057,-3
KR_7515708419,6,200,Q5fJrw-NplIAwzRSP4syoy53EzP4LIf67SWvfgqUXLSLoIprV_1oGa1rUyrQ8z1O_MDVOWmhlpGy4w,Garen,TOP,31,-3,-3,0,620,0,0.0636154171918408,3527,-0.012683288490759725,-3660,0.3020594965675057,3
KR_7515791085,2,100,LjncZOFW6XPjR0FN2uOFgj_tRitSKnRT3MzXso9aMlLwVVE6fWh_E0_dmV1i3IOPPtewh_qrhV1Bjg,Jax,JUNGLE,359,0,0,-2,-33,0,-0.034238269666330395,8451,0.7039784264663935,-2132,0.2034632034632034,0
KR_7515791085,7,200,-8YlzIhTEdyy_6jjnod65Wp4rZTNaYMl2EzzH5UEQP09gdtkMFos51NCea4k7WWp_rfr47oFM5vLMA,Belveth,JUNGLE,-359,0,0,2,33,0,0.034238269666330395,-8451,-0.7039784264663935,2132,-0.2034632034632034,0
KR_7515791085,3,100,T9uvQ6NOQfD2rICW0JcxayJ7xSa6-lkxE7-UozscY-NO1CBEMkhWpM9qLHV9zQdjwENfjSQzJRYA-A,Syndra,MIDDLE,1362,12,12,0,1400,0,0.045986261035565607,4717,-0.007921245312579206,-2530,0.11255411255411252,4
KR_7515791085,8,200,M-uk23U9KoKUFPjEccuoQGEBWrU8pulXPcL0Ks0VBY9P9u__8KnjoPEFnMbj9HYeIDS3M9W1sEC7XA,Orianna,MIDDLE,-1362,-12,-12,0,-1400,0,-0.045986261035565607,-4717,0.007921245312579206,2530,-0.11255411255411252,-4
KR_7515791085,1,100,50t33MNnK1amyWv5uZv1B3jZ3442iYS8BE2G6a_IJqCpvVR46luEyGOmt-hl_LUdwaqhME9dSw3iAw,Jayce,TOP,-345,-15,-15,0,-692,0,-0.0921921344647916,7418,0.20882794759084744,5392,-0.16883116883116878,0
KR_7515791085,6,200,pFC_JJo9Cp5xKH8YMJ-vEA1OzTOym6vr1f1_wMJZGb40n-UX1ug-dEys8kSOKNlctWRFLtXPBRGJ0Q,Kennen,TOP,345,15,15,0,692,0,0.0921921344647916,-7418,-0.20882794759084744,-5392,0.16883116883116878,0
KR_7515870835,2,100,bRWbTXgmRHy7ytpQS9eva__K4ThTaE5ZF31zyaeF8ZVzAtkkpR26EBpmfKjmCtFaHd7ZVutfi5YEnw,Poppy,JUNGLE,565,0,0,22,880,0,0.04536606517049188,0,0.16709310439020747,-4330,0.025641025641025605,2
KR_7515870835,7,200,rMUbJg-W50b0904m6FLAkURDrJ32ZcrYR0R06CRm3NeMZDQ6WepeW0jgYepXyBsTIaRQeSzF8_qD1Q,Zac,JUNGLE,-565,0,0,-22,-880,0,-0.04536606517049188,0,-0.16709310439020747,4330,-0.025641025641025605,-2
KR_7515870835,3,100,kmr2aeE-2gV6yK60pKJigwtx0HljGxZjyWxD7JFXkEjlSz1Iy8n5jVKilxRkShQxiHxDygi7lZ9wrw,Aurora,MIDDLE,-14,-12,-12,0,249,0,0.028540231124521503,1797,0.00034108429296009213,51,0.29807692307692313,5
KR_7515870835,8,200,Yr5bnYtm60nKgdq9ywJAvkVRNS0MWd12-xZ8L-za4Tb2SwZddkYjWkvK639yWt2DxQ5_IFOBwNdJbQ,Zoe,MIDDLE,14,12,12,0,-249,0,-0.028540231124521503,-1797,-0.00034108429296009213,-51,-0.29807692307692313,-5
KR_7515870835,1,100,e1hp220H4425TWYmQAJ9PX_pmWTj-Nrn1o3kAcaDVdhf_g5cvmEWli945Z2LzJTgFTvcBm8rRQtyYw,Fiora,TOP,1806,36,36,0,893,0,0.0457828920541625,13715,-0.029891864402049884,2936,0.17948717948717952,4
KR_7515870835,6,200,OXk8IAmTXii5x6Vpkau_rbDdbPU40YNyO-AT9XZOramkXfWWL9WNVx4PlfL4GqHHnpx55Hy6nQcdzA,LeeSin,TOP,-1806,-36,-36,0,-893,0,-0.0457828920541625,-13715,0.029891864402049884,-2936,-0.17948717948717952,-4
KR_7515959250,2,100,WO8zI2NAsb-IRqlGSKkeyHW2JKubhHaXfrkTNIgYJnYJD14ni0dA0x_Kr8XLn0iXFuJqj2rzBFU_qA,XinZhao,JUNGLE,1442,-7,-7,68,1827,0,0.053290711080612785,53,-1.0751341422286524,28859,0.16060606060606064,5
KR_7515959250,10,200,sn9xUsGMKlm1_NW7VG0Vd2v53cOqyzc1S20qjhoCCB0ZNxNOmbK1tDIS0USFVWi3fXrRZ-ZEw6i9dw,Poppy,JUNGLE,-1442,7,7,-68,-1827,0,-0.053290711080612785,-53,1.0751341422286524,-28859,-0.16060606060606064,-5
KR_7515959250,3,100,k_yEgzw-gICy2apMKycUtqbntrB0a86rKcjHmoEiuwZ1wsP0kiRDk9nOlgcuwCNJ8JyTSltf_pIoFw,Belveth,MIDDLE,-549,63,63,-68,-107,0,-0.03900738618746241,-1247,-0.49448761699031124,-1813,-0.3606060606060606,-7
KR_7515959250,7,200,bmK1x1lpkYI21Ss47jrW2x97RcYCqBlU_FgVWDdEk6D8N3KGuq1_HZCy0N1Hbn6a5FXhzxW5Iq-New,Pantheon,MIDDLE,549,-63,-63,68,107,0,0.03900738618746241,1247,0.49448761699031124,1813,0.3606060606060606,7
KR_7516057519,2,100,AGEfyXjWHNEWcPoFf2X-JiQjul_LcJVH-OM6FKQ0SJG7lfzylKPw5g7zaIPGDkXxRFg9AcgnVqUR9A,Zyra,JUNGLE,-352,-1,-1,-9,-443,0,-0.023332562824789987,-606,-0.4491022789683592,-18364,-0.0784313725490196,-4
KR_7516057519,7,200,JIDzUafPnUM5kM8tyIMOsDFw5Q56pI4NvobrpL_H3JxdId1d0-O7tEgkd1ArkfpJubXwzHFwuYljzw,Kindred,JUNGLE,352,1,1,9,443,0,0.023332562824789987,606,0.4491022789683592,18364,0.0784313725490196,4
KR_7516057519,3,100,We1NZM485Rnvlo7MbWRiEfoMyiWmtIZf6NdqNK9bb-myRjjyohB-wxdjAJgX5d0Pctzz3ipHCQh8XQ,Veigar,MIDDLE,-602,3,3,0,-188,0,0.028898742467340505,-3108,-0.054012089778745165,994,-0.25490196078431376,-1
KR_7516057519,8,200,4KSvpGhuniaSsLYwNx8w20uGjVCeSDGELFRclXu2YgG5YXK4-JZUaMG2ISLwC3vphIEwVCeDqmbV2A,Galio,MIDDLE,602,-3,-3,0,188,0,-0.028898742467340505,3108,0.054012089778745165,-994,0.25490196078431376,1
KR_7516057519,1,100,_Uxd1-1Jh_IuclrKlBaGFksDIRHU-YX3Rjlbw849cwcChHwIoVaaYWUBPvkTqbImxl_FzeSg07WOng,Ambessa,TOP,-150,4,4,2,-241,0,-0.029053754037728197,-13979,-0.014261813528038236,8203,-0.19607843137254904,-4
KR_7516057519,6,200,22PpAst6Ei5l6cnIn9xCttZA4G5pUSRqhpkYWdQ2M16bbPqr80IKrpK92aM8NfyKts31kcaYPrfj5Q,Jax,TOP,150,-4,-4,-2,241,0,0.029053754037728197,13979,0.014261813528038236,-8203,0.19607843137254904,4
KR_7516211744,2,100,JIDzUafPnUM5kM8tyIMOsDFw5Q56pI4NvobrpL_H3JxdId1d0-O7tEgkd1ArkfpJubXwzHFwuYljzw,Ekko,JUNGLE,-648,-1,-1,9,23,0,-0.11010907085734262,4041,0.6238803700439397,-5852,-0.46666666666666673,-2
KR_7516211744,7,200,EtsneL9NHGA1jc4i6TWI0hzv8nhtGoaWf4sREMwOABt2GQMd1pUjW2g0NC91pZUxMEj7uGvSL7PHYQ,Vi,JUNGLE,648,1,1,-9,-23,0,0.11010907085734262,-4041,-0.6238803700439397,5852,0.46666666666666673,2
KR_7516350753,1,100,0EY3GkAh3gDerxBrCzeKn3qdGQvf-hA3YhR6pdO3pY-9FmdJcVqp6meiq0iwHTXHTvwtRAdVi-3Q2A,Anivia,TOP,369,-17,-17,0,-291,0,0.003871192908164206,-862,0.3409912113601786,-3171,0.08571428571428574,-1
KR_7516350753,6,200,6OwIXGqu8Oqkz402YqXwg6dgqlaRtuoMjgARbmMukdzbrTZltcYRniiKt8uCd-HRAsYr5RYL2lpFew,KSante,TOP,-369,17,17,0,291,0,-0.003871192908164206,862,-0.3409912113601786,3171,-0.08571428571428574,1
KR_7516479713,2,100,Pwi72NtyuQ64XMxV1Vq8OqT9jLlB8uE2IHej1BQ-1z5Hq6zO9h3VrdOzLy_Dkm9g6HV3CTZEmikyfA,Karthus,JUNGLE,237,2,2,16,565,0,0.1112643250900853,-54,-0.17609185807634253,-16734,-0.14102564102564108,-4
KR_7516479713,7,200,E9tZ6G_LXJC3ufFhRGdfirU2kmJ_bKxmaEJ__2dNTpOvqN602xOQ7C11YwhesQpPkYRQXDN1C_HlqQ,Skarner,JUNGLE,-237,-2,-2,-16,-565,0,-0.1112643250900853,54,0.17609185807634253,16734,0.14102564102564108,4
KR_7516479713,3,100,PZCEYAJP9AqXKpXhpCL6vmx9OyD80yJ7q3jkOgG_XRymUdm90xBkRXBU-C9yecVZIv0mG6FXQgG_5g,Ambessa,MIDDLE,301,-21,-21,0,-254,0,-0.0635615062364116,1293,0.6731925806780047,-3287,-0.06868131868131871,0
KR_7516479713,8,200,We1NZM485Rnvlo7MbWRiEfoMyiWmtIZf6NdqNK9bb-myRjjyohB-wxdjAJgX5d0Pctzz3ipHCQh8XQ,Malzahar,MIDDLE,-301,21,21,0,254,0,0.0635615062364116,-1293,-0.6731925806780047,3287,0.06868131868131871,0
KR_7516479713,1,100,CPIqHUdYvN6ENJyt01KdA35PprwHlpb4xUqW7D0-Z868jE0lyh3qD7ZanjoaKTfgvGU5knWtidBWDQ,Gragas,TOP,-534,-18,-18,0,-291,0,-0.03239341428106088,-14055,-0.5397543821917423,-22046,-0.032967032967033016,-7
KR_7516479713,6,200,ZzYHgbz0ENz5MC7ceqqX_4Yz3i2lnZJzUS4wFzN3g0p9ploeQtjTI9AuVBzuKRIH-lFk7JgGL_ZiTw,Tryndamere,TOP,534,18,18,0,291,0,0.03239341428106088,14055,0.5397543821917423,22046,0.032967032967033016,7
KR_7516577228,1,100,WzAJn9saCN7wVjo5ghnXBFCt2U54EOyygl7RS1skHxXYP7_coK7Bs0mp2VCjg5K4sdx5zicB6FQu4g,Fiora,TOP,-251,2,2,0,-86,0,-0.019294848090335798,9252,0.06158989413333593,3336,-0.1904761904761905,-1
KR_7516577228,6,200,Gi6hzQsAsOS_YONZiZy4xrT4Ii_sydfk3VwW_ugHMivphdcTV_znbbmLMq2rAzBYNHIJKx2wSc0jUQ,Cassiopeia,TOP,251,-2,-2,0,86,0,0.019294848090335798,-9252,-0.06158989413333593,-3336,0.1904761904761905,1
KR_7516779154,9,200,eW-hCOCNvdCF_7wV9skp12slECA4MY1_OTLlhjPadjKXiRsCXpuzYwKT0Vb0U5EGS3PpO96vrQ9j8A,Ezreal,BOTTOM,1048,67,67,0,1237,0,0.1409692710422339,1142,-1.5772757731284885,-5248,-0.3333333333333333,3
KR_7516779154,10,200,aAb7LpPAndIIJsb8LCC-wZ6wcmznrNJKIeHxqE_xH-0GokpLz9F8ocBmnKl5PTMA1jl7CZk_XNVAOg,Alistar,BOTTOM,-1048,-67,-67,0,-1237,0,-0.1409692710422339,-1142,1.5772757731284885,5248,0.3333333333333333,-3
KR_7516863612,2,100,IjGFbPdrTdddYVgSbqnyoCkZ6WLbC_U71rt19SCOIi-dvsA-mgG0LPGpRDlQdyvOZqg56VpUefUzjQ,Kindred,JUNGLE,1000,-2,-2,61,2080,0,0.09486681125573912,-943,-1.4958949931918581,10442,0.19175627240143378,3
KR_7516863612,10,200,o9PsmRxj-P3DtiZTpOfnyC0rRe6MVnfxS0Ks6rB_XC1aU2qerkSnLC7V_bXm5LN3krgBtsNopEUPaQ,Pyke,JUNGLE,-1000,2,2,-61,-2080,0,-0.09486681125573912,943,1.4958949931918581,-10442,-0.19175627240143378,-3
KR_7516863612,3,100,We1NZM485Rnvlo7MbWRiEfoMyiWmtIZf6NdqNK9bb-myRjjyohB-wxdjAJgX5d0Pctzz3ipHCQh8XQ,Malzahar,MIDDLE,-768,76,76,-66,1035,0,-0.050653328757632704,-6449,-0.6200530187816453,-3352,-0.30286738351254483,-9
KR_7516863612,7,200,cL3LZNtoAaIu4aMIgWXaUTjH2bfrKWhcwZIKZW40I9TXlYdQKAS376MhQsOoZQPgb7tXw-kX69Lusg,Vi,MIDDLE,768,-76,-76,66,-1035,0,0.050653328757632704,6449,0.6200530187816453,3352,0.30286738351254483,9
KR_7516943679,3,100,_pr8muY4hQpfIhKXkOBZcPv7XNa84W98K1iagV_vO3xplr6raD8YbGwEubsRATrBui0zA7_FZaDF7A,Qiyana,MIDDLE,-1367,-29,-29,0,-1133,0,0.02629574930123929,-1378,0.3150358765946847,-3431,-0.16239316239316237,0
KR_7516943679,8,200,z6GTsMQYqrBXp_OBqhrMZwZM-0MDW4FZiwXg6Z_--Fzx76aQFaycSJpuJax2hnQsFyyd1d7i4E9S6w,Akali,MIDDLE,1367,29,29,0,1133,0,-0.02629574930123929,1378,-0.3150358765946847,3431,0.16239316239316237,0
KR_7516943679,1,100,arm8IeSSRT-HMJptAggfIOMCmP1H5VcsxJ110b-MjL_O2_sxHd1CeVq4Rj0GBD10g7B6lGoNdHZETw,Aatrox,TOP,940,14,14,0,600,0,0.0713025701811279,507,0.1325128931844618,-2290,0.20085470085470086,5
KR_7516943679,6,200,ZEnu9XOMeFNU7Z0guxmwjHLC2ech40MB2C_D6S91-1BtOQmyOU4ZJd_YYV2FGk-5Xfz2D92SdiVRJw,DrMundo,TOP,-940,-14,-14,0,-600,0,-0.0713025701811279,-507,-0.1325128931844618,2290,-0.20085470085470086,-5
KR_7517082345,9,200,kQ6MrChHePLe3NxWdxzC7c6wIyVDBqgL16V4BSaM-sZk_w3qRCcEEpSm3ngIoLJI2SMx5lMZ7gxIew,Jinx,BOTTOM,801,60,60,0,575,0,0.1110811160505718,4754,-2.0128298683625796,-4542,0.03125,5
KR_7517082345,10,200,Ogz-6TpFqIvz2TOohfFa_N9SRW5xPFRcSg-S3cXjo-vDXFm9cPkLOUDhJ73FdxlkMHkkOIagU0IaMQ,Thresh,BOTTOM,-801,-60,-60,0,-575,0,-0.1110811160505718,-4754,2.0128298683625796,4542,-0.03125,-5
KR_7517082345,2,100,JFfqh98Xjn9NT7JmUnWayvCa_MothKkgXsg12tl5vN7WqLQ29UqWTxBJfKINbWF2sloGweI0hrP5aw,LeeSin,JUNGLE,-326,-75,-75,55,-1034,0,-0.15769721499049358,-1714,0.07900299335015215,13093,-0.13793103448275867,-4
KR_7517082345,3,100,5fGMzLoO8oz68No5mtFrsTpBF8NN4yK-Ld8pSMu9kn1g94ip_bT4VxjXuDz6nhUw3Bf3qfzqUTUH-g,Zoe,JUNGLE,326,75,75,-55,1034,0,0.15769721499049358,1714,-0.07900299335015215,-13093,0.13793103448275867,4
KR_7517159346,1,100,cfzwY3LH5Pu1mYL6yUXWDd14GyCm2aa9MXG4xnnDWlwk9JLZtdOVvsePimQjPsP1QuGyA58YI6Sz0Q,Jayce,TOP,-1058,-29,-29,2,-959,0,0.007424138686914494,5593,0.4926456929934403,-11286,0.1507936507936508,3
KR_7517159346,6,200,ZjD7btisgd0Qh22CXJEoB2BnAJanxb-CCXGFiw4YYm1_IGjOov560513tmjQpxau4bqcnAPkl376Zg,Yasuo,TOP,1058,29,29,-2,959,0,-0.007424138686914494,-5593,-0.4926456929934403,11286,-0.1507936507936508,-3
KR_7517250550,1,100,4pAcnYzDn2fxDWfkJzJVxXOmMC-aOOE2Go9aGKs75njiw8E_JOY9HmRYGrM7dwdnztB_v-RhPi9Y-w,Ambessa,TOP,1147,41,41,0,731,0,0.22599510591529498,-1219,0.336812731819719,4355,0.1828298887122417,9
KR_7517250550,6,200,0o8_E_rDzJTquQ680_h9WAmrpc-klDYlx2Q4yh4nl-Dba96oLgJNoKFAOh3xfJKqsSqeF5Yf1h8Trw,Gangplank,TOP,-1147,-41,-41,0,-731,0,-0.22599510591529498,1219,-0.336812731819719,-4355,-0.1828298887122417,-9
KR_7517331359,2,100,QsaXuxGWCScj6DU0RwZ0hYDxDeLm5LK86CYpdEVJUwIRi-LnbIzLGH6Dbyud-GpAiZQOpbsq9PEevA,LeeSin,JUNGLE,798,2,2,6,518,0,0.004105581390615898,-3826,-0.059864444348954216,-855,0.05692599620493355,1
KR_7517331359,7,200,M06DGcGofamqBAOtTiVKAB9yTh73c5eyXPTccRqjx6EkOmeD2I2wB129W4rrVwcYzOFAmjI7Eh558w,Viego,JUNGLE,-798,-2,-2,-6,-518,0,-0.004105581390615898,3826,0.059864444348954216,855,-0.05692599620493355,-1
KR_7517331359,3,100,aAXJd_HfUztYmdKck-SXYF_FnCGGe1ZOlfeQ67OYgsJ_Xix0BZZ3tJ22gjCrr2B4Z6929pFN1TGz8w,Galio,MIDDLE,1033,10,10,0,864,0,-0.026407823929657903,660,-0.2364144996298595,-1971,0.000948766603415585,2
KR_7517331359,8,200,szHIH56QlFqrdxBina4SffxT6XkT3xoaRAQF5i_j8MFwafwiULgWZpuKpwPW5w7FnmDwrry9jomvoA,Akali,MIDDLE,-1033,-10,-10,0,-864,0,0.026407823929657903,-660,0.2364144996298595,1971,-0.000948766603415585,-2
KR_7517415715,1,100,0jta8iUZ5A9Aw6lG1XsHB_UsG1G1HT0rcArtvlj2J6QMipcTRK8BUF7WBhodPWnqCuJ_kaWWM-1qFA,Ambessa,TOP,-793,-1,-1,0,-304,0,-0.03632584008875442,-2375,-0.09591726641208353,2458,-0.21346469622331693,1
KR_7517415715,6,200,yGrbzwT0U55q8EgDMBk_zvle7ALYh-ToZGlAv1S1e_aMfHCc29BsLvjyBAH2WgUuqT79-LW02MeArw,Rumble,TOP,793,1,1,0,304,0,0.03632584008875442,2375,0.09591726641208353,-2458,0.21346469622331693,-1
KR_7517560612,2,100,KdNVMK8leypas-K7eYMfjodhS5gEGJYG_E9UAtnUXlkD1A4go5WRC43k5y5LnpIiho88g_TEH6mL0w,FiddleSticks,JUNGLE,-1022,-5,-5,6,-210,0,0.12989017916200418,-4867,1.0739621875545382,-6483,0.4234449760765551,-5
KR_7517560612,7,200,sb6k7M3EFNMh_mU3Y9khspqnjRKtpjueacenfNDTVogF-alZ_xGWcvbCbMQHwBKZaPLLq9Y-gDhScA,RekSai,JUNGLE,1022,5,5,-6,210,0,-0.12989017916200418,4867,-1.0739621875545382,6483,-0.4234449760765551,5
KR_7517560612,3,100,LRqFhr6tGHDF1F1GJhWMZX_UniU-viqDV_hoIEqvJ8HQ7l6DSMuZ0KjwI2QzZtf-Prlc8chnwQPPqw,Akshan,MIDDLE,-972,-4,-4,0,-857,0,-0.11922095753522557,-4227,0.20391077283275943,2015,-0.2727272727272728,-6
KR_7517560612,8,200,e-M_YGiHo524n4doiQrb85OXEN0UEOcmIgvQgyM-7eY_0uwQTDjG5Fjn4htJVtzG5f9gGe03fn-xoA,Zoe,MIDDLE,972,4,4,0,857,0,0.11922095753522557,4227,-0.20391077283275943,-2015,0.2727272727272728,6
KR_7517706260,2,100,n7AIDl9Yc4wOwcr41Ic6xoDzIBchVvxJPpK8iX8G4DyyNuFpcDPn-fKX5Cok3UDzsoRmu4orPKWqTA,LeeSin,JUNGLE,724,-3,-3,24,625,0,0.04417187489287991,-75,0.22586575137107334,8453,-0.1428571428571428,12
KR_7517706260,7,200,tLDTaYr8ttjx3CUpCTp8Mm1Wwni4vIk11qNiE6o7-wnxlMSbCZbtOYLwIuvFFYiLTGo0xTTpzaCxxg,Shaco,JUNGLE,-724,3,3,-24,-625,0,-0.04417187489287991,75,-0.22586575137107334,-8453,0.1428571428571428,-12
KR_7517706260,3,100,aAXJd_HfUztYmdKck-SXYF_FnCGGe1ZOlfeQ67OYgsJ_Xix0BZZ3tJ22gjCrr2B4Z6929pFN1TGz8w,Sylas,MIDDLE,-452,-10,-10,0,-384,0,-0.05721459577923749,-1718,-0.012851011530691125,20619,-0.03463203463203468,3
KR_7517706260,8,200,lpUVws_rZLsVhD2bgrLYTjGHQpqeVnj6N1hMQgrnh6Oy8IhEd0pitYvYd6tFD2uksh00eI-BqarWfA,Syndra,MIDDLE,452,10,10,0,384,0,0.05721459577923749,1718,0.012851011530691125,-20619,0.03463203463203468,-3
KR_7517706260,1,100,eEIDb6ScMxlsewRUtdVztvXmjU5nNND0p9M_7SA0dPQDBNzpTdIpoZxYERlkINiCCuhNkcQq5xxCDg,Warwick,TOP,1301,24,24,0,853,0,0.015178398708998508,12609,-0.0930064611967395,24233,0.11255411255411252,4
KR_7517706260,6,200,LjncZOFW6XPjR0FN2uOFgj_tRitSKnRT3MzXso9aMlLwVVE6fWh_E0_dmV1i3IOPPtewh_qrhV1Bjg,Pantheon,TOP,-1301,-24,-24,0,-853,0,-0.015178398708998508,-12609,0.0930064611967395,-24233,-0.11255411255411252,-4
KR_7517851496,6,200,JFBcFJU1nRmBMlZe9qUEmHboyAfk2BNpOwcbbEYK1arVbr2sxEmNS5KtIiKJ0_jjl4VO4QykEjx2Sg,Renekton,TOP,-702,21,21,0,1546,0,-0.09079436886971101,410,0.2502963545370829,11398,-0.22222222222222227,-2
KR_7517851496,9,200,Yfh3fEnwha6khSVWYWh4MMWzTwY8YI4RFtnVDBbDbyk7X7U1G11wZNJHJWZcCKjJnt9TurMsux_0ag,Tristana,TOP,702,-21,-21,0,-1546,0,0.09079436886971101,-410,-0.2502963545370829,-11398,0.22222222222222227,2
KR_7517972376,2,100,SfZfSidvBdad7m_KrXHro232q5VtK2QnnFn4HuideJVRO--0jOD9y-iwOCqXT02POYofADWbvurxxg,Pantheon,JUNGLE,1165,1,1,17,1097,0,0.11192511984772963,-57,-0.15861308667520757,17839,0.05625000000000002,2
KR_7517972376,7,200,_0WMMg3NGaXMmt2EzGipHy5ug1DCBvT5mwjQPR83S3o74aE1XrQlp0itveLKPzuBYc640We9n8tRAA,Vi,JUNGLE,-1165,-1,-1,-17,-1097,0,-0.11192511984772963,57,0.15861308667520757,-17839,-0.05625000000000002,-2
KR_7517972376,3,100,S5zKm1Il5jfZ9dESVnQ3BpGZMO_MAN32alwqS2RuJ31980VuPjDH8j-8EOhycdKmgRqr6aBP01wK3g,Karma,MIDDLE,-582,-8,-8,0,-458,0,0.051619565628258784,-6106,-0.28991880673241655,-5664,-0.0008928571428571397,0
KR_7517972376,8,200,k4ukRgnilVnaQXQtd9EuCDke7vC01_WYZJNRLURkm_M5oos8hhVOF1uSq-Q39tS0NZlA8ME7rIWerw,TwistedFate,MIDDLE,582,8,8,0,458,0,-0.051619565628258784,6106,0.28991880673241655,5664,0.0008928571428571397,0
KR_7518125429,1,100,YC9stCvIH5FC-S-qt3S8XJ9TNcbYrw6Ng-uciW7IcIyyTwOxE4V1-IQYsOS62jbnclTN0Lp7aWIRDQ,Urgot,TOP,-1787,-36,-36,0,-930,0,-0.12523169844489057,-8311,-0.03220625605134364,-8735,-0.2830793905372895,-8
KR_7518125429,6,200,szWAfZ-vXzXftFw_5eqhPXUGXE_oPqKlHDswuCzhQDakzsx-Qp9nSFJVe9zvhIWAxlfKMP0snUujaw,Jayce,TOP,1787,36,36,0,930,0,0.12523169844489057,8311,0.03220625605134364,8735,0.2830793905372895,8
KR_7518177767,1,100,_-GIcSLcQgrBj8GlRBfaCTHVMeRqb5Xf7nCLduBXXeySCKnZZnrn5YzWHgKD0KVisCYs9Kro8BP4QQ,Jayce,TOP,968,7,7,0,934,0,0.057464612381208424,3755,0.5033203547941386,-5872,0.1442307692307693,5
KR_7518177767,6,200,uImY99HEvISplAongjkTT-m5czo7QTHnsNxzaIy71q61_pJWGmok4JNaD79jBVfYojVV6qpjT4rQxg,Karma,TOP,-968,-7,-7,0,-934,0,-0.057464612381208424,-3755,-0.5033203547941386,5872,-0.1442307692307693,-5
KR_7518225990,2,100,JbjFMcBp-ELHqqsB-t99na07xu5rYjPtZFkI9FUQ3-bKw9VuAkVwuSukUCwe6X77trfm5XelceBsRQ,Khazix,JUNGLE,780,1,1,-2,-31,0,0.012435195042240721,4068,0.12592933501129555,-5205,-0.09166666666666667,0
KR_7518225990,7,200,mhgdwQjcvN0IzkzhhhQTSMS7xNwFFupwC3E-VzofiMMv573i3RLUM7nDdxkY_AV5mjILI3l-3IpntA,LeeSin,JUNGLE,-780,-1,-1,2,31,0,-0.012435195042240721,-4068,-0.12592933501129555,5205,0.09166666666666667,0
KR_7518225990,1,100,Df-o_7Uli6so2PHBtA4p66WrxWUbGJqAyZHXp0EZVShDBo0xPDBC1oYLigQA29djEhVSTDUyv5ozTw,Garen,MIDDLE,-1016,-15,-15,0,-762,0,-0.0825812367794076,-436,-0.3862938514415404,-5461,-0.09999999999999998,-4
KR_7518225990,8,200,f066Z10kxfQPSkZKnqBfTtuetfeT_MU4e12q8W7hawLeFZ2T372MmWwSboautGtfXBDUduoqpAdUTg,Kled,MIDDLE,1016,15,15,0,762,0,0.0825812367794076,436,0.3862938514415404,5461,0.09999999999999998,4
KR_7518225990,3,100,MsVU8FkkCbo6cH7DFGJMPzgo5LxEs3PnF8_g5IgWEyk6P8euJ9-PRr3m2XruezkWjLZ1vCS-Jdt6DQ,Sylas,TOP,208,10,10,0,1159,0,-0.0296255775576032,650,0.1119124522524495,9950,-0.125,-1
KR_7518225990,6,200,_-GIcSLcQgrBj8GlRBfaCTHVMeRqb5Xf7nCLduBXXeySCKnZZnrn5YzWHgKD0KVisCYs9Kro8BP4QQ,Karma,TOP,-208,-10,-10,0,-1159,0,0.0296255775576032,-650,-0.1119124522524495,-9950,0.125,1
KR_7518366482,2,100,Nqe-u1RGgiybcEnUBd4bt8Vw2O5JHcmsKcxvsWL7ROlNllsoy1xVroRE_h_LoUMXa6LOKDcrrgVntw,Vi,JUNGLE,338,-3,-3,-14,-259,0,0.09718086086297979,7053,-0.09383980658621127,-15197,0.25743707093821516,9
KR_7518366482,7,200,sb6k7M3EFNMh_mU3Y9khspqnjRKtpjueacenfNDTVogF-alZ_xGWcvbCbMQHwBKZaPLLq9Y-gDhScA,RekSai,JUNGLE,-338,3,3,14,259,0,-0.09718086086297979,-7053,0.09383980658621127,15197,-0.25743707093821516,-9
KR_7518477876,3,100,HU7lWvw-f8y5DqqFFNprxegAHFdriGOKrMSA_QsAys0BDP9cqM25PnZu6E2tlzPCdBmpTOT0MYrADQ,Sylas,MIDDLE,696,-6,-6,-2,109,0,-0.1334293349254915,-1430,-0.3202904401062284,6518,0.09259259259259262,-4
KR_7518477876,8,200,_DKgDwSP-K86PNHynr_ru8gGl-6RA0Qaec4kmiKwsd61M6UOOTq_87PbtLWK9yO7lu_Ay6c9hug5Yw,Mel,MIDDLE,-696,6,6,2,-109,0,0.1334293349254915,1430,0.3202904401062284,-6518,-0.09259259259259262,4
KR_7518571543,1,100,9iP6TVz34Ahz22KcLpW8Hjk6NG2jKjFRXovx1AlCxy-ncohNo5H3d8D1iS5SQ_K1qoWnjjXcEBkPtA,Gnar,TOP,966,13,13,0,157,0,0.1601839917472603,4018,0.05232295391472169,-5976,0.35014005602240905,8
KR_7518571543,6,200,1xgbOOKvrmiVGxdyjO3uv-YrLravOiEz1yUuR_XhTcTB-4Y68ZGpaDBM95Eqoxwjiq_G8dcrX6tk_w,KSante,TOP,-966,-13,-13,0,-157,0,-0.1601839917472603,-4018,-0.05232295391472169,5976,-0.35014005602240905,-8
KR_7518671958,1,100,brSouqND55Tt5c1svWJJ13OfZ79DCoeGwurRqJAMzcLfoM3LeOdhZQr69lmCJ7xCYe5JhQes84w2rg,Swain,TOP,-1031,-25,-25,0,338,0,0.11437171493749809,-3134,0.48084849964996784,29836,-0.05425219941348969,-1
KR_7518671958,9,200,cfzwY3LH5Pu1mYL6yUXWDd14GyCm2aa9MXG4xnnDWlwk9JLZtdOVvsePimQjPsP1QuGyA58YI6Sz0Q,Varus,TOP,1031,25,25,0,-338,0,-0.11437171493749809,3134,-0.48084849964996784,-29836,0.05425219941348969,1
KR_7518756877,2,100,6oqlTCOjfOwEr8IowJr_WxCkDdr5vAZBMWEU8exnfvqfp1x-No-NniWn5MCc6g-yAzL4tZJVNElbQQ,Ivern,JUNGLE,206,0,0,-11,397,0,-0.1975965220267541,2411,0.16418688818102045,-24549,0.18181818181818188,-1
KR_7518756877,7,200,MrD0ybm5geZWq7XUXxkdm-AFoOuzML3q-Ol_qq_6UbvjV1F1X1uL7ia4PTvR9UoCte0QVUJLLQQZ4g,Diana,JUNGLE,-206,0,0,11,-397,0,0.1975965220267541,-2411,-0.16418688818102045,24549,-0.18181818181818188,1
KR_7518756877,3,100,6yFpzPNI2bZIhwsf49wnMRdy6-lcGtu1xpTkFz63xu8XXuZA4vRpHgyWTgo6iPTY6uoitEqVvFJV4g,AurelionSol,MIDDLE,1002,2,2,0,75,0,0.017066392947086007,1639,0.5823891365217053,-17324,-0.015151515151515138,11
KR_7518756877,8,200,M06DGcGofamqBAOtTiVKAB9yTh73c5eyXPTccRqjx6EkOmeD2I2wB129W4rrVwcYzOFAmjI7Eh558w,Galio,MIDDLE,-1002,-2,-2,0,-75,0,-0.017066392947086007,-1639,-0.5823891365217053,17324,0.015151515151515138,-11
KR_7518756877,1,100,0qzRCZvqKj3W6E5xp6cOXqFgwMzkoeY_Rv9UnpNS-M7S_0Qt_WDtaP4dFfx99_u3usa6g6SvrpTwTw,Singed,TOP,31,11,11,-2,597,0,0.06234046336362001,3810,-0.06281936208159788,4970,0.16666666666666663,6
KR_7518756877,6,200,UUsZjYk2wPD4BkMfRhgfamQBp6lJndsS0C8q5TCHDXp5Ko36he5L3chD2VP9Rqi6DVPsbaute3gICg,Ambessa,TOP,-31,-11,-11,2,-597,0,-0.06234046336362001,-3810,0.06281936208159788,-4970,-0.16666666666666663,-6
KR_7518857859,1,100,MF4ivQVNy7T41pxf3CaDGun9Q6PN0B8zCnjDCJRzyqTvzLjS-al3SEWBbHYdmQd9jun9K6Uos37-QA,Ambessa,TOP,98,10,10,0,200,0,-0.010091285623149787,-239,0.2156815003033727,-5354,0.02272727272727279,2
KR_7518857859,6,200,2-cKStdoETxfUKUCT2uREiUVgNKuHUlEJ0rYD89KfqCGruZoNj_S7a4natWTxRqcHi6GyWCBREShzQ,Camille,TOP,-98,-10,-10,0,-200,0,0.010091285623149787,239,-0.2156815003033727,5354,-0.02272727272727279,-2
KR_7519066903,2,100,NwXTIOCFQeeBtvxeqMlrzaWtl6GLGBAoaXjYmXhTDdWMrgLzk6gxHLl-nz72nAbxHZvA_HYcTjQJ8A,LeeSin,JUNGLE,-880,6,6,-23,-748,0,-0.0366494439503694,-2082,-0.3129675626136139,-4694,0.21333333333333337,-5
KR_7519066903,7,200,gtB0nsz4zT1MUt9FT5chEM_aSs37iMHVynylWmUn4BrMe4xV_FMb9PDPPmQtWXkkXyMqOs26E_5qYA,Viego,JUNGLE,880,-6,-6,23,748,0,0.0366494439503694,2082,0.3129675626136139,4694,-0.21333333333333337,5
KR_7519066903,3,100,1MFLHkQXFeDDniQ9AbJ-33ubRF5TYQc-iEaxrzMujvu2zUrX9Vgitq9n2_sozWlWxJru48Jr7I5SQA,Viktor,MIDDLE,121,-5,-5,0,-133,0,0.13696531139504467,4317,-0.11090979756224706,-8495,0.1111111111111111,3
KR_7519066903,8,200,6IotkgAHdtwUy9RRR1ONlUMd1a8ep_-GZ9I9q_244MF4TLdYFBQTf07zX4xXPRrXrXv123DYoXPJPw,Galio,MIDDLE,-121,5,5,0,133,0,-0.13696531139504467,-4317,0.11090979756224706,8495,-0.1111111111111111,-3
KR_7519066903,1,100,FDkKIJDxWkvulxwAhgUZ99iTuuoRyvpWcEmPoLg3LsaUIe8HcgX5IfhOb6feaRgKohxv91iN56nMXg,Jax,TOP,869,27,27,0,1069,0,0.007521238534388519,1938,0.2623339940478041,10273,-0.21333333333333332,-5
KR_7519066903,6,200,IMdlwUFQnBPCjnvrTv-czDnLVOHsK4hjrhLqimfyO74qyfSMB4TXQfs6kZkamO2tzLUxdR243U_U1A,KSante,TOP,-869,-27,-27,0,-1069,0,-0.007521238534388519,-1938,-0.2623339940478041,-10273,0.21333333333333332,5
KR_7519172880,4,100,wpjNtkZCe9N_CaYsQcphpzSNFqOWnX9woboOlqM4SYhXhd0MuCaJDecPn01hp5oRxfdlsAEyoTSEKw,MissFortune,BOTTOM,417,58,58,0,2096,0,0.14965961680774997,3855,-2.124481841720926,752,-0.3,1
KR_7519172880,5,100,vJZbqS8ruMzloJx1DgJ10_RCr72DTdRGXcTTVp4209OcK4x5nUlr_LXGP30gX7TqqItVdehsHYWe4Q,Rell,BOTTOM,-417,-58,-58,0,-2096,0,-0.14965961680774997,-3855,2.124481841720926,-752,0.3,-1
KR_7519172880,2,100,kMOVG61ciLXtEf_2YMFGp7MxSeGPSCscWVC9e-837Z4X0tNM52_knRXpj9pnfOei3mp0u-dNrjwqQA,MasterYi,JUNGLE,718,4,4,19,488,0,0.025403282938066485,4174,-0.06080077775763626,2753,0.26666666666666666,5
KR_7519172880,7,200,_WglPSM8lyISpNX4rmMCtpHgXApcUUh0bP9C0tNnjytPs2tIfcZME4e0X9TFvPN4dv_IxkkKqGeHWw,Talon,JUNGLE,-718,-4,-4,-19,-488,0,-0.025403282938066485,-4174,0.06080077775763626,-2753,-0.26666666666666666,-5
KR_7519172880,1,100,E70G5Qtt1oVEzH5RJHDJEqB914Wdcz7H1DcdTmV2efT1BK3qUI1nQKfEN4s-ewUdzs0uuNhYsJtOcA,Jayce,TOP,747,0,0,0,-117,0,0.066376203775804,5354,0.3129804786908252,-14821,0.28333333333333344,3
KR_7519172880,6,200,fP1a4F6bYyDNIWv7_UJRo3w9GZgcfmTNivGLBsikxMlNTHidxbtlF0mhxmcSV_urjNGCqcbcmYfw_g,Renekton,TOP,-747,0,0,0,117,0,-0.066376203775804,-5354,-0.3129804786908252,14821,-0.28333333333333344,-3
KR_7519294206,2,100,NyYf9v57RO9HhCSr2KphD-fmQVjBe6lXs7x_UJcxcFAb5-dXV6rznwukkfDlrBQkkQdCa-ma70oZOw,MasterYi,JUNGLE,748,-3,-3,22,1087,0,0.025113657498109704,5745,0.5964811497763671,-3375,-0.15555555555555556,5
KR_7519294206,7,200,CPlMrwmj71Oa6LOSxCupKrFWb2nafS_kf5xwwZGdMzJRyRG6GwJismSuwEFGd0y42AlDPxT2iehojA,Kindred,JUNGLE,-748,3,3,-22,-1087,0,-0.025113657498109704,-5745,-0.5964811497763671,3375,0.15555555555555556,-5
KR_7519294206,1,100,9BCC7TgtqR1PPkkhf2BpEb30I7n2wTmOO-aVgJi2gzffl7NEb9LxDHhbzYobBcKdBMIo-gKXNTxdjA,Gnar,TOP,-503,-2,-2,0,-712,0,-0.143587200583201,620,0.1864454530748429,6301,-0.3666666666666667,-5
KR_7519294206,6,200,fuLZOlEoYDtJ8lOnsLymNaAn95sccl2sB7H_uiaIrHbdM31ZdiWDP0tln3lC3lbSVdLqhHVCDf2aVA,Malphite,TOP,503,2,2,0,712,0,0.143587200583201,-620,-0.1864454530748429,-6301,0.3666666666666667,5
KR_7519385879,9,200,M92TjR0d5cHWmNVDoen2kU3Zd0G-Mh84Gq0wEH-OmNATi7U1QllH_mvse1og_QRLq0eB-Thlp1zYOA,Jhin,BOTTOM,1318,43,43,0,1379,0,0.0897694914301147,1020,-1.8286231996773363,-648,-0.05263157894736842,2
KR_7519385879,10,200,gLJfXvKQK_bcGnP1lOCpUpeT-SROW2GosHrN9xiDsBMsXlTA0QOtumIe_NZUjPToDrUosjPtqvgpvg,Rell,BOTTOM,-1318,-43,-43,0,-1379,0,-0.0897694914301147,-1020,1.8286231996773363,648,0.05263157894736842,-2
KR_7519459901,2,100,ECwYSfImKuFaa779AsmXVrCOmILWIqbP8pRXo7G2K_BZgamqCsOKjE20vKbqcYKpi5jLzMMKmQmhaQ,LeeSin,JUNGLE,-218,-6,-6,-4,-355,0,0.06275969216926522,4513,-0.09273310469802998,-7119,0.09961685823754785,5
KR_7519459901,7,200,d_zdXJIPu0SwvmgoT0ILlSAw3bPn5bex4kUJOUlq0nBMF7W1t3T4JHQnDuwLOWRrSLQuS9MzhNDk7A,Nidalee,JUNGLE,218,6,6,4,355,0,-0.06275969216926522,-4513,0.09273310469802998,7119,-0.09961685823754785,-5
KR_7519530335,2,100,ZjhtrG2gWS3YYicBbJGf0KQznTqbcQ0AoEEOMX7zjR_oryB-1ZV_1oZp3fsvS57ddPreIkHQ5lkJ2Q,Sejuani,JUNGLE,-742,1,1,6,98,0,-0.01491157117064848,5415,-0.22628402509804701,3761,-0.09298245614035094,2
KR_7519530335,7,200,NXrIBtSmwzzAQZrwZ5yQVKE2WweSjLtyFf5_uWmYP1sSrazRxOZ_1NcoUQPs5YxUitoP5G4KvDsbWQ,Zed,JUNGLE,742,-1,-1,-6,-98,0,0.01491157117064848,-5415,0.22628402509804701,-3761,0.09298245614035094,-2
KR_7519530335,3,100,cnPV4iSWitIBt-Q9XyJhcSqPJsRLLTJ5zP6eS4vVbCmRJp6kJ1I6Z5HHq7B_U_UM1hTspBAaTg3h9w,Irelia,MIDDLE,843,22,22,0,464,0,-0.04530160110982939,7718,0.029097558389206468,44,-0.1842105263157895,1
KR_7519530335,8,200,F5UIFRzWRcDNcpMvAYYTaOvV6X3u0avg_Io9-uJWCG-CeBGDXGYLGZWX0Nb_zPge_EhBWDgJmArfEw,Ahri,MIDDLE,-843,-22,-22,0,-464,0,0.04530160110982939,-7718,-0.029097558389206468,-44,0.1842105263157895,-1
KR_7519530335,1,100,yGrbzwT0U55q8EgDMBk_zvle7ALYh-ToZGlAv1S1e_aMfHCc29BsLvjyBAH2WgUuqT79-LW02MeArw,Mel,TOP,-868,-15,-15,0,-206,0,0.03185543731164861,104,-0.16985544985273793,-21903,-0.038596491228070184,1
KR_7519530335,6,200,2IWjXXEl5tv2_4KL8psls7SN9IHghZLf_fkJgvPazxcRHzREMealsdwlZGhmHpCPuGpeAF9aHfOs8g,Renekton,TOP,868,15,15,0,206,0,-0.03185543731164861,-104,0.16985544985273793,21903,0.038596491228070184,-1
KR_7519583540,1,100,EdX6XpRT2l68eZzPHRUQMimHebnJyyhDWcAwMT7VcEcwrwS3IIwSvt-rkBemdLtht2kShOYUend1iw,Udyr,TOP,-1773,-42,-42,0,-1050,0,-0.2112669354621816,-8747,0.4095150333791045,7947,-0.10370370370370369,-3
KR_7519583540,6,200,kYIrv3VtwiAq27K8yXSPlTHVece6VgWAsADYx-58f6Fbu10h4VR2YNAgYTHVotIBLIEDK5MYGRGdqg,Jayce,TOP,1773,42,42,0,1050,0,0.2112669354621816,8747,-0.4095150333791045,-7947,0.10370370370370369,3
KR_7519636228,2,100,70u3E3yzBZ4lsfFRpB--qh_Z0PJCXCfhI2zkCiZyfm4pd9GSogr83kMjAVM_d1TZx27SWJKHvDHSqg,Hecarim,JUNGLE,600,-1,-1,24,999,0,-0.04097031580058069,478,0.22561827602848694,1522,-0.02930402930402931,1
KR_7519636228,7,200,q9iuDI7YKVjAzorWo9WOmdLrHJOZn_M_NP7fjtV0cYZDSIIRQy4di2qHnnYoieW4iwV38DZLWOOkpw,Lillia,JUNGLE,-600,1,1,-24,-999,0,0.04097031580058069,-478,-0.22561827602848694,-1522,0.02930402930402931,-1
KR_7519636228,3,100,5Q3v26H3w4nL6Vg55xQzLluu81RB1seLsrql3eb5e9iNWRvf1JUzBb3ApZCu5Oja34Ylu5Qq9fStoA,Mel,MIDDLE,400,68,68,0,2149,0,-0.03242768903590401,-2067,-2.3128013539179424,70,-0.20512820512820518,0
KR_7519636228,5,100,JCSmh3fcKk5paAX74X1pvjcnV88uaCvFhz_pfBm0rSOA3Iw5Cqaf9YQgA43ZXYUNCXjZkBBYDX_HrA,Varus,MIDDLE,-400,-68,-68,0,-2149,0,0.03242768903590401,2067,2.3128013539179424,-70,0.20512820512820518,0
KR_7519715855,8,200,yuoduo9Kib_UXf696-aqv_loPuGtYxwmEs3XkZHZhi2Apde8BG86v14EDBgIRsKDu-p7Z91JkUaX4g,Irelia,MIDDLE,1235,40,40,0,1377,0,0.12120083885090809,6723,-2.4743501747041736,14034,-0.2857142857142857,3
KR_7519715855,10,200,dYAysHX41SpaWIwIr5K_f_G3dWFqg7paJ9l7B4v8egtMmFEf1Krr7mNySRLjHgH9k2MUpP1_XxcJBA,Thresh,MIDDLE,-1235,-40,-40,0,-1377,0,-0.12120083885090809,-6723,2.4743501747041736,-14034,0.2857142857142857,-3
KR_7519715855,3,100,knMhi874us_TUaLdHuII3UaVBXSTWWGtj7oBqEaiu-SOvOZP2rKrUbvANIGTRjYPGgKtv5EmKInh8w,Orianna,TOP,543,2,2,0,-737,0,0.0686243993014862,-5322,0.12822391815898604,-12988,0.33781512605042013,-2
KR_7519715855,6,200,MhzzndPHLDWpnaKaFJuzzKcm1U9X74V1K98LrKXrtfuIANZRrxf-oBf-0lwm8DW-skqu60FTcYRXzw,KSante,TOP,-543,-2,-2,0,737,0,-0.0686243993014862,5322,-0.12822391815898604,12988,-0.33781512605042013,2
KR_7519860533,9,200,n-wQfneErnwXVnOOXNxj5HhYeLY-X8JKUcSddeZq3Iu6BS3bxKp7EFXKKZPM8p2FqNFoUO7hDu1GDg,Kaisa,TOP,1595,72,72,0,1255,0,0.1617127669292216,7024,-1.9468310122947916,-10076,0.16216216216216217,12
KR_7519860533,10,200,CQOKFO4xiSxJKom1WSQPSHGipC7egvRdPV6zC5-yth7RvJK45xGkuIGOc6OFSgeNSFmZf9B5YZojVA,Poppy,TOP,-1595,-72,-72,0,-1255,0,-0.1617127669292216,-7024,1.9468310122947916,10076,-0.16216216216216217,-12
KR_7519931776,2,100,5hzrh9q55H_mXk_dlgp-CZqGrB6BnyC_jJCdRNu4bOcCUHsXpxxtGrCAka5P6KkiZGKad4L3MOLRwg,Shaco,JUNGLE,120,0,0,-8,-116,0,-0.049643508943014086,2539,0.27928289372250514,-30217,0.11111111111111116,7
KR_7519931776,7,200,M92TjR0d5cHWmNVDoen2kU3Zd0G-Mh84Gq0wEH-OmNATi7U1QllH_mvse1og_QRLq0eB-Thlp1zYOA,Skarner,JUNGLE,-120,0,0,8,116,0,0.049643508943014086,-2539,-0.27928289372250514,30217,-0.11111111111111116,-7
KR_7519931776,3,100,hCSHqwGjt1bmUpl23HfGLRsOpHLkwH2l_iHhnB_oWCQ4NKCWrI-x3BOnL5yzgFFqSrMUWT1nI4q_Ig,Swain,MIDDLE,-652,-7,-7,0,-106,0,0.06850830962960952,-18,-0.0934551125994092,18830,0.32777777777777783,0
KR_7519931776,8,200,NC8EDWDUoVWMHjf8puQ9QF-LcxHRPlIKp2b5yYLjyPJitmXaLjjfcdfKvQl8PTV8qiYirYWuev23Qg,Talon,MIDDLE,652,7,7,0,106,0,-0.06850830962960952,18,0.0934551125994092,-18830,-0.32777777777777783,0
KR_7519931776,1,100,GOYLbRaydhyTfnHfYRt4C1GVL8yp-RBfTfDxgx5y_7Foon3fVCJuYaC9OCFFQpY2pPJqM2OF_Utl2A,Sylas,TOP,-865,-24,-24,0,-577,0,-0.0337695988468876,-2708,-0.22280791570802783,3372,0.1611111111111112,3
KR_7519931776,6,200,5fGMzLoO8oz68No5mtFrsTpBF8NN4yK-Ld8pSMu9kn1g94ip_bT4VxjXuDz6nhUw3Bf3qfzqUTUH-g,Ryze,TOP,865,24,24,0,577,0,0.0337695988468876,2708,0.22280791570802783,-3372,-0.1611111111111112,-3
KR_7520000186,2,100,azZkx2oNkBKpHPvVlm1GUx3cZhl6GK2DwedrNNTES4jZKscTn9iggVf-ZOGOl-I1GeoJRbonqtzVgg,Nocturne,JUNGLE,83,0,0,7,506,0,0.030875542612710194,496,0.6465059888809473,12068,0.1664864864864865,4
KR_7520000186,7,200,8rAjYoa_nSx3wXyVxYCA_A9MMtp3xdgYzfsLi-it9iJYQ2zgbzORQjoCqCY1sKOWujmnS5jEBFwS_g,Graves,JUNGLE,-83,0,0,-7,-506,0,-0.030875542612710194,-496,-0.6465059888809473,-12068,-0.1664864864864865,-4
KR_7520000186,3,100,XV-BDu2dOKVn-WRQlmrM-uZARI3cZTb4YUUHiNemOwnAIqJ7dqeMltmHymXqY3AZUTo5_JbBQljSmw,Yasuo,MIDDLE,114,10,10,0,-248,0,-0.0589435774803127,-2059,0.33942115148077323,2214,-0.12864864864864867,0
KR_7520000186,8,200,e-YAcXIvfMj9HsZMHyaGFYyRDDyEn0bLgf8kImpiI31B5K8PGcUReBxcgQsAOjKb2Z_f011aETDtTQ,Neeko,MIDDLE,-114,-10,-10,0,248,0,0.0589435774803127,2059,-0.33942115148077323,-2214,0.12864864864864867,0
KR_7520000186,1,100,2-cKStdoETxfUKUCT2uREiUVgNKuHUlEJ0rYD89KfqCGruZoNj_S7a4natWTxRqcHi6GyWCBREShzQ,Jayce,TOP,372,-9,-9,0,180,0,0.027059188008121182,2004,-0.03093464243159938,-6359,0.0021621621621620846,3
KR_7520000186,6,200,_By-LpyoH78S5YHW4zvNrVHMqS87dcabCF4XbcekDN38aC2SiDHv9OBvxpH2BXdkFnD0myktXDBjVQ,KSante,TOP,-372,9,9,0,-180,0,-0.027059188008121182,-2004,0.03093464243159938,6359,-0.0021621621621620846,-3
KR_7520071976,1,100,6Nt5-7CyZjv58pmz-1fGMGISL1erg1sYGZDWuANCw7I0yn3IA9nk6G5CHO0IEPqHcn-xvVOVu3ZQog,Aurora,TOP,-112,1,1,0,27,0,0.04495385179759728,-24,0.022566920432654958,-6082,-0.0037950664136621737,-2
KR_7520071976,6,200,2-cKStdoETxfUKUCT2uREiUVgNKuHUlEJ0rYD89KfqCGruZoNj_S7a4natWTxRqcHi6GyWCBREShzQ,Camille,TOP,112,-1,-1,0,-27,0,-0.04495385179759728,24,-0.022566920432654958,6082,0.0037950664136621737,2
KR_7520157070,1,100,_Uxd1-1Jh_IuclrKlBaGFksDIRHU-YX3Rjlbw849cwcChHwIoVaaYWUBPvkTqbImxl_FzeSg07WOng,Rumble,TOP,1232,31,31,0,1597,0,0.09987270578650911,-3835,0.17309484610682002,-7797,-0.106902356902357,1
KR_7520157070,6,200,jvt8nrlY2Rp1ruKRrpPTpJY0NYqXeCh0zmOE0hy3XQomWVKHxE10DHOVJz4mu7K4IMk-0ZKdsaZORg,Gangplank,TOP,-1232,-31,-31,0,-1597,0,-0.09987270578650911,3835,-0.17309484610682002,7797,0.106902356902357,-1
KR_7520276254,2,100,v2dt2l9p7SCMTX5UL8EYZ4PkUQzqSFvV5o0j_uhhU5tFEmRmBPkQh-BaNGDH39ViTSFZhl2FJv28PA,Vi,JUNGLE,991,-2,-2,7,14,0,-0.0728974895610277,2801,0.7964840794319858,-10284,0.33125,6
KR_7520276254,7,200,irob2cvZhwK3CctUjoY_W820Y_YyN1cPpzUHDetGENav7in_L-w2mnRWxOb9m4lK6pzqzQ1yjn7vjQ,Gwen,JUNGLE,-991,2,2,-7,-14,0,0.0728974895610277,-2801,-0.7964840794319858,10284,-0.33125,-6
KR_7520434160,2,100,JRoyw2RQS7vxG2-XdtEv441PMwL2fNqA6honmfHOdi-2o8U2jMGyQYowGQ1-iNftSID8st6cFF8svw,Sejuani,JUNGLE,138,10,10,4,199,0,-0.00120983341016348,246,0.1104345540784617,8249,-0.037135278514588865,-4
KR_7520434160,7,200,iTUdCvtLLqXeuASxOCgsKW1Z72qvJWiSfN3GUAxz6JRSCISTA4UaDzAOhVhKsiN8AO6KjuYZZU4qPw,Pantheon,JUNGLE,-138,-10,-10,-4,-199,0,0.00120983341016348,-246,-0.1104345540784617,-8249,0.037135278514588865,4
KR_7520665690,4,100,mjvZ6e0nITmprYnRv_160iyZhKu6teWrr7medrhI_kvoQDVxSdy-riPjQhbsW3JFUQnpsVWG8_rRGw,Corki,BOTTOM,273,12,12,0,-586,0,0.18583351760445607,2694,-0.0176092014594878,1001,0.38541666666666663,3
KR_7520665690,9,200,QZtYupU3MN95L3X5waCuiMUaJOlekhn6fi1KI33N4fcRRw5M_SA8pGvziMBZDmTrgYwdBPkOprFzsg,Draven,BOTTOM,-273,-12,-12,0,586,0,-0.18583351760445607,-2694,0.0176092014594878,-1001,-0.38541666666666663,-3
KR_7520665690,2,100,6oqlTCOjfOwEr8IowJr_WxCkDdr5vAZBMWEU8exnfvqfp1x-No-NniWn5MCc6g-yAzL4tZJVNElbQQ,Zac,JUNGLE,475,4,4,-13,-377,0,0.03651563095358379,-4083,-0.20347724205357132,5777,-0.041666666666666685,2
KR_7520665690,7,200,K8ByLKr57UcfjNid78QlaoijqrR2NoITQ26E-M7TyyRoX5dwo9pzeymalU7ddKfpfmDxzucrFy9E4w,Skarner,JUNGLE,-475,-4,-4,13,377,0,-0.03651563095358379,4083,0.20347724205357132,-5777,0.041666666666666685,-2
KR_7520769308,2,100,SfZfSidvBdad7m_KrXHro232q5VtK2QnnFn4HuideJVRO--0jOD9y-iwOCqXT02POYofADWbvurxxg,Zed,JUNGLE,-280,0,0,14,383,0,0.07683173641692331,533,0.034777966888248635,-4438,-0.07940446650124067,5
KR_7520769308,7,200,AGEfyXjWHNEWcPoFf2X-JiQjul_LcJVH-OM6FKQ0SJG7lfzylKPw5g7zaIPGDkXxRFg9AcgnVqUR9A,LeeSin,JUNGLE,280,0,0,-14,-383,0,-0.07683173641692331,-533,-0.034777966888248635,4438,0.07940446650124067,-5
KR_7520769308,3,100,MF--Uw8YUU_Wt9z3GGX8RUikMfABDc9r2_dBAzE_tPsRWRrCEPmk0xVORex4h7ITCQiB_bnhN1jDgg,Aurora,MIDDLE,231,8,8,0,644,0,0.11056288308092228,707,0.47567246177924466,-15624,0.3374689826302729,4
KR_7520769308,8,200,bx2m9SeaQ4wMnxHvU7FC_DZ6g4FNGqvfjp36Qh0tNRcSjsbZHvKjWRqNWwtDpRRIGAPHtmZxEUMLZQ,Viego,MIDDLE,-231,-8,-8,0,-644,0,-0.11056288308092228,-707,-0.47567246177924466,15624,-0.3374689826302729,-4
KR_7520769308,1,100,qscSl8tOIxsoj8O6BzsSL9xypFkFsHC8HlvUewb5XpU-6GqF3cGZwc8T_-hBIBgioqubW9hkUAT_nA,Camille,TOP,-864,-21,-21,0,-630,0,-0.12163366621723581,3729,0.16434811202480593,2342,0.11166253101736967,4
KR_7520769308,6,200,815axwnpkupzBTI5QsZz8ltORFA1v0Hpuo8GJWGu8ar6Khd4K2v72TD1RQXzSfUyU5PvoOSBe811Bw,Ambessa,TOP,864,21,21,0,630,0,0.12163366621723581,-3729,-0.16434811202480593,-2342,-0.11166253101736967,-4
KR_7520840623,2,100,Pwi72NtyuQ64XMxV1Vq8OqT9jLlB8uE2IHej1BQ-1z5Hq6zO9h3VrdOzLy_Dkm9g6HV3CTZEmikyfA,Karthus,BOTTOM,138,-82,-82,70,-295,0,0.1546816724112104,-10895,-0.33921280399413856,18562,0.24003322259136206,4
KR_7520840623,9,200,u5Fgq42d3BSuLMHJjxlhe4dP-yTI07ALG9TBf-1fzCR0CdvHub7RrpaimdUaQbS2kFzFmtovxujSfQ,Sivir,BOTTOM,-138,82,82,-70,295,0,-0.1546816724112104,10895,0.33921280399413856,-18562,-0.24003322259136206,-4
KR_7520840623,1,100,JANv1hF44mslzr5mioR_6SwJGePvkvPi6kZuH1zEdV_ObVHlI5pdw2AFc5Fg84qkzouvhWTrmbS6rA,Tryndamere,TOP,29,-4,-4,0,634,0,-0.1403192831962925,2364,-0.39748465885148,2411,-0.2383720930232558,-6
KR_7520840623,6,200,mBT3V5zo9ZHLsrbzOQ-qlZyNxvzWq-nLSBtX5Rs9GVO1bNrUKyA3eRwLiVrWU5qWKRAdqkesRdQ0iQ,Cassiopeia,TOP,-29,4,4,0,-634,0,0.1403192831962925,-2364,0.39748465885148,-2411,0.2383720930232558,6
KR_7520890020,4,100,FHDhsn4XVWj5ooQQQL2W2Ji9rO9Te8BEdrB70jL-EbzK3QXQ54C-PuFmnNBx2vhLThE7Zs6JZ7Sb5A,Jhin,BOTTOM,2579,54,54,0,2080,0,0.2426956200145995,9209,-1.3169154020034877,-7726,0.346389228886169,17
KR_7520890020,10,200,TbHKWzyAHowbGmdhQEBEzWo_iWzSdYlhibbc4cCCUKCWEdy8qyvThB25dgJAVUV0Q2-k12tZodGzMw,Nautilus,BOTTOM,-2579,-54,-54,0,-2080,0,-0.2426956200145995,-9209,1.3169154020034877,7726,-0.346389228886169,-17
KR_7520890020,2,100,NkqvSbtYFM-hjrrsxKCOP3lyMqpRTUw76jSzCMk91-SvZeevj4TboFbuKtDjxHzJPfjr_FLmerlt8w,Viego,JUNGLE,173,4,4,-16,33,0,-0.1913618321564594,224,0.5432728055891562,3577,-0.17258261933904528,7
KR_7520890020,7,200,gUNWZxzTcRIG_GtGkwCdTPOF6iTzxZK_13qjX6CVUgJBOArGr0tqAysnMTFgMh7FSMOCrQLZJmEheg,Karthus,JUNGLE,-173,-4,-4,16,-33,0,0.1913618321564594,-224,-0.5432728055891562,-3577,0.17258261933904528,-7
KR_7520890020,1,100,sp2tvtUvHzQH9ZHQ2Y14QrUO8JLXFy7HOG0AKN3mS3tvSvQH5MfUNyCjaHdgg0Ai-caOT8GRJR9gOw,Garen,TOP,-988,-26,-26,-1,-1163,0,-0.029503134486279087,810,-0.314902936309026,-2402,-0.3757649938800489,1
KR_7520890020,6,200,YlmTrSLHhaiMvxrGlBCD3YbQWkI8kyiZ0IQWAAlHVzkY5OvdkbPbzb8l-7HNtDDrhlsfBW2HIuakhg,Ornn,TOP,988,26,26,1,1163,0,0.029503134486279087,-810,0.314902936309026,2402,0.3757649938800489,-1
KR_7520937889,2,100,h441MHT8F8EHW-J-e6tLRU5bVX5iWkjMy23Xc4j-18fyhZpaIsbTUatgto7Q0NzvNKiXfMygzoy66w,Viego,JUNGLE,973,1,1,12,553,0,-0.03996291869284169,-1761,0.5918287655296133,1454,0.07763975155279512,-1
KR_7520937889,7,200,1MFLHkQXFeDDniQ9AbJ-33ubRF5TYQc-iEaxrzMujvu2zUrX9Vgitq9n2_sozWlWxJru48Jr7I5SQA,Neeko,JUNGLE,-973,-1,-1,-12,-553,0,0.03996291869284169,1761,-0.5918287655296133,-1454,-0.07763975155279512,1
KR_7520937889,4,100,uA0FJJlBje30fvjXrMh4PAVg56woPX_aO0ktvWsHfdjn1b0DKUQJ3vSp0oWIG0VkEu5cK-HjEkW2aw,Aurora,MIDDLE,562,-6,-6,0,463,0,0.08072092758239091,-3118,-0.2601449963571229,3772,0.3944099378881987,2
KR_7520937889,8,200,bx2m9SeaQ4wMnxHvU7FC_DZ6g4FNGqvfjp36Qh0tNRcSjsbZHvKjWRqNWwtDpRRIGAPHtmZxEUMLZQ,Yone,MIDDLE,-562,6,6,0,-463,0,-0.08072092758239091,3118,0.2601449963571229,-3772,-0.3944099378881987,-2
KR_7520937889,1,100,Wegn95wO3GxJ3PK6IWyL63PGvbdpQoVcffra0-vgrc7cFyQkdnESN60OcN_6QeHyJIHzwxuc6uEWUA,Aatrox,TOP,-1118,-17,-17,0,-871,0,-0.08923527468010023,-838,-0.17792225084413993,1126,-0.0931677018633541,-6
KR_7520937889,6,200,4pAcnYzDn2fxDWfkJzJVxXOmMC-aOOE2Go9aGKs75njiw8E_JOY9HmRYGrM7dwdnztB_v-RhPi9Y-w,Sylas,TOP,1118,17,17,0,871,0,0.08923527468010023,838,0.17792225084413993,-1126,0.0931677018633541,6
KR_7520976362,2,100,LdrNKaUV_8v_e_CQSlusGrLvS6cZi4shR6ycwUmFcfKVkZKb9HUmjzh00mUBy2qFiT00oZvWaTl4WA,MasterYi,JUNGLE,-31,-1,-1,28,824,0,0.08313380009284099,-1005,-0.17447457163926983,-1884,-0.05769230769230771,1
KR_7520976362,7,200,CbLIEFCnZjojYJdhcd1owDZU5kwnShJWfCVDywfIK_nrJsOU19lQEAbXVw78Uu0FedQ-hVDKkYSqag,RekSai,JUNGLE,31,1,1,-28,-824,0,-0.08313380009284099,1005,0.17447457163926983,1884,0.05769230769230771,-1
KR_7520976362,3,100,9El19hngvbUklRmB-VfjOpvbqPRzFyc9gC2-7ob4hFT_t7TRBidzspArnKhuZQWF_DI_yB3XEhfRfg,Swain,MIDDLE,-939,-23,-23,0,-1105,0,-0.00548586567683812,-2618,-0.37455759805853417,18870,-0.25641025641025644,-9
KR_7520976362,8,200,tXbHOsWAiPcuCZd2dTokJk0O6F4Omi-SliGYBoLdqcbpJey3qsKnYYYOevzlxEAs-cxWAwonRnvvAg,Zoe,MIDDLE,939,23,23,0,1105,0,0.00548586567683812,2618,0.37455759805853417,-18870,0.25641025641025644,9
KR_7520976362,1,100,eonBxHrST6XcawuA0QjNLF4U4X4Gj2ESWf2LfYlnPwRzzXA5UGlYmyrQDQRDtyRI7nDxIIGK9_XP6A,KSante,TOP,330,7,7,0,-39,0,0.0005495356629233172,-13578,-0.2719245118965126,-1421,0.1923076923076923,-6
KR_7520976362,6,200,arm8IeSSRT-HMJptAggfIOMCmP1H5VcsxJ110b-MjL_O2_sxHd1CeVq4Rj0GBD10g7B6lGoNdHZETw,Jax,TOP,-330,-7,-7,0,39,0,-0.0005495356629233172,13578,0.2719245118965126,1421,-0.1923076923076923,6
KR_7521021964,1,100,Dd0UHy1itSwlxUIg_9LGEPIGzjAJDUqhZ7HT9hJVZFQV0lkQhACLaYi3slc9qA_yLrePFcq-JRQTJA,Jhin,TOP,-210,-12,-12,0,-543,0,0.0011672448452453021,-1127,0.23552921081848766,-2196,-0.03542673107890498,-3
KR_7521021964,6,200,sa8vU5wvcDZSz2MNB2dev0PCkDPrADQy3HzIxoO6pS5cJy99DPvUBuxbb12o6epMDnF1-Acg4302mA,Ambessa,TOP,210,12,12,0,543,0,-0.0011672448452453021,1127,-0.23552921081848766,2196,0.03542673107890498,3
KR_7521112145,2,100,N4EJcR_R9gYsT-vFMlffXTlVwzyPzueMi8l6OsRcOvWY1Uuvs6DstgPVFT3L0G1CzlwENmK4yLosvg,Skarner,JUNGLE,-1785,-7,-7,0,-783,0,-0.11089159357456221,326,0.43424230213733084,-3025,-0.27969348659003834,-11
KR_7521112145,7,200,THJB6VDSpO2O3tqfQ8_UpepEWbGG0-T2bIn2t947SnZ46XtoEBmBRVM5pq5CqaEf8Cd5IrxiJeugvA,Viego,JUNGLE,1785,7,7,0,783,0,0.11089159357456221,-326,-0.43424230213733084,3025,0.27969348659003834,11
KR_7521112145,3,100,2c-MmM3dKkTTRvSZ-XhAHf_Sq3R4nGiq_oI3_-KJy8IIP4fnhfQ7Jm1nu0xa4Cgck3FYgRIL0xJh4Q,Viktor,MIDDLE,56,10,10,0,-243,0,-0.11500411016430304,9222,0.24042867329162543,1450,-0.2554278416347382,-1
KR_7521112145,8,200,MKJC4IcrEHLuxh9VCMvwBpIpCBd90hqbj3LNM-ry7qYz57WVU2M0_cAZJcztaMe8dF6sV4ZuEtwWVw,Xerath,MIDDLE,-56,-10,-10,0,243,0,0.11500411016430304,-9222,-0.24042867329162543,-1450,0.2554278416347382,1
KR_7521112145,1,100,BtfBHw34R0aGFsuJwZiRHflcZM6scddwjt9k2W_OVZZLwO5LtGDjv9X6KTb_wipHQgY7a1fI8w0oUg,Karma,TOP,1089,32,32,-2,1037,0,0.10547297942828501,2678,0.28759072837471833,-15105,0.1315453384418902,3
KR_7521112145,6,200,cysaHEyik35MbnOutkx8PmMfbAik4cDjO9qNzN221ubyNXIDCLC_Vzd0-fxhPKUzxlFchr8bv1IjPw,Vladimir,TOP,-1089,-32,-32,2,-1037,0,-0.10547297942828501,-2678,-0.28759072837471833,15105,-0.1315453384418902,-3
KR_7521312967,1,100,6OwIXGqu8Oqkz402YqXwg6dgqlaRtuoMjgARbmMukdzbrTZltcYRniiKt8uCd-HRAsYr5RYL2lpFew,KSante,TOP,-103,7,7,0,222,0,0.11905054163350187,-7034,0.06347806612628015,-1860,0.1529411764705882,2
KR_7521312967,6,200,2-cKStdoETxfUKUCT2uREiUVgNKuHUlEJ0rYD89KfqCGruZoNj_S7a4natWTxRqcHi6GyWCBREShzQ,Jax,TOP,103,-7,-7,0,-222,0,-0.11905054163350187,7034,-0.06347806612628015,1860,-0.1529411764705882,-2
KR_7521512528,2,100,C_XL6a_N-x-ItbAaJCTgJuDjJiJBDL__P2SBVU4pSdKSpw4xL0uQKgW1Yai58AiPs8DGtBCHB7no_A,Zac,JUNGLE,377,2,2,-5,515,0,-0.024905846181888402,-461,-0.49163473465169455,5775,0.013729977116704872,-1
KR_7521512528,7,200,w5cg43HoMwWBBnOkhwn_KkDVH9JIAhrK_Vrii_SU0f_4omsxIW42uKop2Lob08TCS1PvHHMX30qU1g,Viego,JUNGLE,-377,-2,-2,5,-515,0,0.024905846181888402,461,0.49163473465169455,-5775,-0.013729977116704872,1
KR_7521512528,6,200,fcdn7ntHGVjS-bixyzxEqH_ykTqJPXwh_Bdy6X1HX-qQrEQZvhQQvM9jtnWhFXNJEuCjplvA79RnXw,KSante,TOP,-718,-6,-6,0,296,0,-0.08951067936214388,-7251,0.021584370439510225,1167,-0.17391304347826092,-2
KR_7521512528,8,200,e-YAcXIvfMj9HsZMHyaGFYyRDDyEn0bLgf8kImpiI31B5K8PGcUReBxcgQsAOjKb2Z_f011aETDtTQ,Neeko,TOP,718,6,6,0,-296,0,0.08951067936214388,7251,-0.021584370439510225,-1167,0.17391304347826092,2
KR_7521629064,1,100,PnjczL7VESlrLKjVSQUWgsAjCsS7r3KNJcmsq5Xb6aindkgJMMm7iJ95fLdqmMZU86jv0AGSxu-mQQ,Ambessa,TOP,-460,-7,-7,0,-270,0,-0.0038819577197679866,-12565,-0.7941362751828771,18381,0.0700757575757576,1
KR_7521629064,6,200,IYMd7rVgZL23IzYLv4xQ_cgYFUFOMb9SnswD8qu30G9i3QNhSyC3Iw5vJE1A-LhQe-Ak3qjDbnqVHw,Teemo,TOP,460,7,7,0,270,0,0.0038819577197679866,12565,0.7941362751828771,-18381,-0.0700757575757576,-1
KR_7521873786,4,100,HC9ky3nPoCZWlDhXd2I3AFcWG1Z-Ul7B82KdCN0AAmK_IQXyrkqQhNps0dDRGBDguGRBpUj6LE3_OA,Mel,BOTTOM,-1515,9,9,0,1094,0,-0.025477779934579697,-712,0.2045337669368672,-8574,-0.05386178861788615,-2
KR_7521873786,9,200,ltuQOiBNvClmzu_WdLShzPeapYNCdRWhhISf5NSvtVUDyVGwDYypdFfJFx6s6XdjhZiC2NFi5OX3ng,Kaisa,BOTTOM,1515,-9,-9,0,-1094,0,0.025477779934579697,712,-0.2045337669368672,8574,0.05386178861788615,2
KR_7521873786,5,100,R2n8BCrkNLiT9qEgqu-2A2TTpU4qo_911EUQPE99ucHMpMQFL9lKvtTEa4Yl6nPmQT_M6vQort4MPw,Bard,JUNGLE,259,1,1,-4,76,0,0.0464800926377127,605,2.123076657790573,-7307,0.2632113821138212,0
KR_7521873786,10,200,jr0nwBJq90IxaDRD-JShXHQI5gpY_pWbsCFP9wiV0CRVtR_CCtJDYyax_wp2EMee066QVmOvvnMBSg,Rell,JUNGLE,-259,-1,-1,4,-76,0,-0.0464800926377127,-605,-2.123076657790573,7307,-0.2632113821138212,0
KR_7522006827,9,200,ltuQOiBNvClmzu_WdLShzPeapYNCdRWhhISf5NSvtVUDyVGwDYypdFfJFx6s6XdjhZiC2NFi5OX3ng,Kaisa,BOTTOM,798,59,59,0,1265,0,0.1131232797644528,0,-1.5849428148906444,991,-0.5,0
KR_7522006827,10,200,BGZ0WN3vQ0HZ-QuzxtS67Pkt8qM6wxbR3MRWJferkxNqGPHE129xa24VwNH9Bl2zsWK6Gnbu7_W2eQ,Alistar,BOTTOM,-798,-59,-59,0,-1265,0,-0.1131232797644528,0,1.5849428148906444,-991,0.5,0
KR_7522006827,2,100,azZkx2oNkBKpHPvVlm1GUx3cZhl6GK2DwedrNNTES4jZKscTn9iggVf-ZOGOl-I1GeoJRbonqtzVgg,MonkeyKing,JUNGLE,353,2,2,10,324,0,0.01618094781388818,-37,0.8769774227231896,-7187,-0.1467391304347826,2
KR_7522006827,7,200,K8ByLKr57UcfjNid78QlaoijqrR2NoITQ26E-M7TyyRoX5dwo9pzeymalU7ddKfpfmDxzucrFy9E4w,Zac,JUNGLE,-353,-2,-2,-10,-324,0,-0.01618094781388818,37,-0.8769774227231896,7187,0.1467391304347826,-2
KR_7522195858,3,100,bx2m9SeaQ4wMnxHvU7FC_DZ6g4FNGqvfjp36Qh0tNRcSjsbZHvKjWRqNWwtDpRRIGAPHtmZxEUMLZQ,Yone,MIDDLE,-345,56,56,-40,1274,0,0.017489808339548496,-55,-1.3178298404908046,2236,-0.07563025210084029,-2
KR_7522195858,6,200,OxHRFk-xLASRdxXWX3oZT4NNw0QGafjb__8g_DeDdJkJLpify6qpD_gp0z0K7zEw7NrEHT5ZzRGj4g,Kindred,MIDDLE,345,-56,-56,40,-1274,0,-0.017489808339548496,55,1.3178298404908046,-2236,0.07563025210084029,2
KR_7522310356,2,100,EkePfj7VjmDafRbqEooxlGL0t2k6jEzPgGNdPgXIpmOmxaAWPU3C_VC1LoXS9z86mqVo1O8puzkt_Q,Lillia,JUNGLE,-90,6,6,10,249,0,0.1357759477318193,918,-0.48905078147702596,8889,0.1785714285714286,4
KR_7522310356,7,200,B_wpu2Rfpfdc6YMRGCQXkiOSj8O57joLtlmsPwJ5LhXZHXoeYpXaWOwmef1ZJMd_EuPegDfwuGC8ig,Nidalee,JUNGLE,90,-6,-6,-10,-249,0,-0.1357759477318193,-918,0.48905078147702596,-8889,-0.1785714285714286,-4
KR_7522310356,3,100,rgjMFrIld291G5Org4J8YXtN916kxgbIAJU4Zsm1QjhhOPj6uoiF_VZglM4ElahD6CgNaXpo6sXcrA,Mel,MIDDLE,494,6,6,0,623,0,0.15731221771986809,4554,0.1328608993685929,-21839,0.5674603174603174,13
KR_7522310356,8,200,Vj7blYhGllwf9CLIPE3jaXJjx1sua-VU3twOGgK4RcQCWoKbM2Q2iOY0Gh_R0RKqsYxINIennmR6pw,Yasuo,MIDDLE,-494,-6,-6,0,-623,0,-0.15731221771986809,-4554,-0.1328608993685929,21839,-0.5674603174603174,-13
KR_7522310356,1,100,eCUEfi6QqfHU8wYO5CTSz3K5qzAGHuOBs477MgRXCEf2LRFkxP-JHRoWlE3jHPRAqMh9sQ6nphy0dg,DrMundo,TOP,-1476,-43,-43,0,-727,0,-0.2189886301792074,-9955,-0.2979914396491577,15629,-0.2658730158730159,-2
KR_7522310356,6,200,815axwnpkupzBTI5QsZz8ltORFA1v0Hpuo8GJWGu8ar6Khd4K2v72TD1RQXzSfUyU5PvoOSBe811Bw,Jayce,TOP,1476,43,43,0,727,0,0.2189886301792074,9955,0.2979914396491577,-15629,0.2658730158730159,2
KR_7522439499,2,100,wwYJiU8zuXwF0ytOyXiccvwuD2uCVZh6TqDvjwIdkEQibZtWs4CX8nkG39rHLMYkpRE37VYRSSzQAg,Vi,JUNGLE,796,2,2,9,457,0,0.003846153372440181,-3129,0.0344488593451604,231,-0.08387096774193548,0
KR_7522439499,7,200,0Ek9f0hLs2HDJwy0UPXwJ0cyjptLxBKyN_yEAQVghvTMXpd3yIs2_2yfZYMXCQ6F1g6CNdqPNMKf3w,Belveth,JUNGLE,-796,-2,-2,-9,-457,0,-0.003846153372440181,3129,-0.0344488593451604,-231,0.08387096774193548,0
KR_7522439499,3,100,aJk-X9Q2VE_XMi3izNm_h7bjB2rSjReK2pZ5NYaQ9IXAoqiLjP33MeL7N-HGjlMYyc13eDCSV7r4sw,Sylas,MIDDLE,132,-12,-12,0,-35,0,-0.04258203239034772,-72,0.45418610299731854,10409,0.08755760368663601,-2
KR_7522439499,8,200,-2-vwO3FCVEM4JBqDZZsc7KEpmx1hhf2CFi0cTl1GajBg3NP7ydBOLoAcdpci9XfxnFvKUaFvqcUKA,Akali,MIDDLE,-132,12,12,0,35,0,0.04258203239034772,72,-0.45418610299731854,-10409,-0.08755760368663601,2
KR_7522439499,1,100,6qfJEimK_Ir-aK_X47OuohNZrAa-4Hx-wlP23M-ukRJIGlW3Z7GBXyzd-my5l0w0XOJOTBPu4CWK-A,KSante,TOP,734,6,6,0,278,0,-0.03958483665574741,-1600,-0.11700629875162549,16940,-0.18433179723502302,0
KR_7522439499,6,200,nhujbgHjpQyrAC78T2QnvMFy5S1K0GqrccgrdAVan67_eoRqParyRiVeVwAojeYK0N5lEP5CiDzC_g,Gangplank,TOP,-734,-6,-6,0,-278,0,0.03958483665574741,1600,0.11700629875162549,-16940,0.18433179723502302,0
KR_7522505759,1,100,VJMklQgjG2Hpfxs742RTcUuehjB710XCoC8zUxc7cYGiZeOqIazwFSk0kVyx4GT6vOCEl6e_P_aA9A,Lucian,TOP,715,12,12,0,255,0,-0.0789383705342748,1317,0.599257896759327,-4583,-0.08000000000000002,1
KR_7522505759,6,200,89HdGd_BC4o2sfAWV6Ua8L8nNXCnCXA4XYU8sEoIdsEqyPI4qKWSn9MD3TM01IFjD39_hqg23dzU1w,Yone,TOP,-715,-12,-12,0,-255,0,0.0789383705342748,-1317,-0.599257896759327,4583,0.08000000000000002,-1
KR_7522643565,3,100,jssHYNUoHJ3kGAgv4j8oFF-05B5AfhNCb_mRVprG3kaoMyBtpveWBbXq5sKqRt0j6lw3l5cZv2tyow,Gangplank,MIDDLE,-712,65,65,-76,351,0,0.020786082557958524,6371,-1.0160385200074238,-16414,-0.31884057971014496,-1
KR_7522643565,7,200,NFXqYK8Zhk_QnlrYQmyBViLPBlDAJpoFoz_GhxOk9I9B4qpTHVh4TuwCWHvt6uvhGdZIYgAt_5g9Bg,Viego,MIDDLE,712,-65,-65,76,-351,0,-0.020786082557958524,-6371,1.0160385200074238,16414,0.31884057971014496,1
KR_7522799720,1,100,NCjaXogxUqxLSwwYMAwtw6Oo9icFTQSow86GZG-9f76FrdzYNrmBlZLqLLxoNQKVjelm7Y_pxPtmZQ,Camille,TOP,899,-2,-2,0,603,0,0.014183779861232898,3669,-0.03318676458954273,-2038,0.11538461538461539,6
KR_7522799720,6,200,_OZ0dygSQdPEFKinDDyDqTBydC4Yd_23FllhXYBPcCssrtTjfjvNKWtBB49UxfneJ9I_hLwSBV_eVw,Ambessa,TOP,-899,2,2,0,-603,0,-0.014183779861232898,-3669,0.03318676458954273,2038,-0.11538461538461539,-6
KR_7522922540,2,100,w95hCsUejbuNzSWwxoDGeMsfaDu1JdBV7Rzy3sLlYxvbMWEgzlfSLRVR3TfgF8qYLU6n1P3MGmunDA,LeeSin,JUNGLE,-198,-1,-1,16,624,0,-0.0712975233838225,-771,0.039705966140326066,-4992,-0.4476190476190477,-11
KR_7522922540,7,200,w5B2xPn944UYbM2A4JzPq_hqqQVPjPnKPGJoxml5k1wTwyNJYBm2w2BOVQzg6L22EtPnK6OyTK0eaA,Hecarim,JUNGLE,198,1,1,-16,-624,0,0.0712975233838225,771,-0.039705966140326066,4992,0.4476190476190477,11
KR_7523033980,1,100,DQqyOxAqcN4HTfulHefYWNjXwpMMfDYTuOiATpw_Yw1tRDB9pug9yG4dVZpoPOluCvCYi1NgFbvY1g,Gragas,TOP,-95,11,11,0,472,0,0.09120057881854762,5037,0.21288600673679725,8897,-0.02857142857142847,-4
KR_7523033980,6,200,_6QOOujO_FQBSqxusy8RFICnA3E4np2G-cTKYaQPJinZMcc_dFW_mIim6hwfiJjyzw0mHW_ul7blyA,Pantheon,TOP,95,-11,-11,0,-472,0,-0.09120057881854762,-5037,-0.21288600673679725,-8897,0.02857142857142847,4
KR_7523175518,1,100,R1R72IQuyhN2nsqFgDyLc_8AVVQAUiUyzFxzP-HnyP7nXaFbKBDdYptl5k2qP_EeEbo9-eBcJ5QECw,Jayce,JUNGLE,666,81,81,-72,1233,0,0.16725085251931188,8281,-0.21330978584957005,-14431,0.09090909090909094,5
KR_7523175518,2,100,G2QsyM_jAEcGEEbNZ2EsnNUjtycbgG53pxYOgGXzQOBw3xNQcg9n6pCFyXt5W-BzDGox_Pciqm4cbA,Viego,JUNGLE,-666,-81,-81,72,-1233,0,-0.16725085251931188,-8281,0.21330978584957005,14431,-0.09090909090909094,-5
KR_7523328098,1,100,K8ByLKr57UcfjNid78QlaoijqrR2NoITQ26E-M7TyyRoX5dwo9pzeymalU7ddKfpfmDxzucrFy9E4w,Zac,TOP,493,-8,-8,0,558,0,-0.12363792777422467,6097,-0.46132505045503625,-4001,0.17230769230769227,-3
KR_7523328098,6,200,hx8USDJg3vM_9BAvtnHDKgqksm3USmYJ74QjcloiiGL-qY6GzldWbvyXCpjoML-smccx3fqFfug8Nw,Aatrox,TOP,-493,8,8,0,-558,0,0.12363792777422467,-6097,0.46132505045503625,4001,-0.17230769230769227,3
KR_7523626252,4,100,kbDVqBxgcJUzsAMmBusRSFCHtNOMic4MO2kh3oRm1Ous3Z1S-8p-U8PmNiwF4U9qlfklI8TTqtRaTQ,Ashe,BOTTOM,329,61,61,0,556,0,-0.06477177500869219,3063,-1.6917935651188512,-3389,-0.1428571428571429,-6
KR_7523626252,5,100,cnVkaPFn1HKWRQAj3efGaUweXAu8IZ71Cf8ZUlEl-7Pzt2QbJXPsvF7jQnO0l2RR0zsMkNZopB0Ysg,Mel,BOTTOM,-329,-61,-61,0,-556,0,0.06477177500869219,-3063,1.6917935651188512,3389,0.1428571428571429,6
KR_7523626252,7,200,BPjKM_wA_IQiOaThqpIds2SNik3P1YWbdW-y9105eXFIutKMuuuSrObvwpLt3qxHbYh7bOvv6-gB1A,Viego,JUNGLE,967,-7,-7,62,655,0,0.12658652850351682,1225,-0.9498320371267461,15914,0.0,15
KR_7523626252,10,200,WZ3vnnU5MeKyalc9nll4bZbmVAAwJazZtpJGPbuZ1e6YBa_e3lzoZksV-BXE2MnPfuRMWMnVTQv27w,Annie,JUNGLE,-967,7,7,-62,-655,0,-0.12658652850351682,-1225,0.9498320371267461,-15914,-0.0,-15
KR_7523859288,2,100,_p2_YeH0rJo_Kh8420wg6A_AVlao3YzFVyQJFBPOythY4FoYLKD43AQVtaQj0GMyX6TbWLfqxs5vlA,LeeSin,JUNGLE,1547,-1,-1,31,957,0,0.0319240302838181,10453,0.8651964502609077,148,0.17230769230769227,8
KR_7523859288,7,200,tLEG9pgDArXnzf_eDEK5Hc9bUXuqBgpbO9GynSncjuSz7gbJVqw5InX_8irPWDYI4TxobS20JjPinA,Graves,JUNGLE,-1547,1,1,-31,-957,0,-0.0319240302838181,-10453,-0.8651964502609077,-148,-0.17230769230769227,-8
KR_7523859288,3,100,pRL_id5670vnvL1Xx6DNqgEKUWyvH4Pm8PD2gsIu-oyjHb9lMqS7wQxkgd_kvcJGTLT2R_SZsicX6Q,TwistedFate,MIDDLE,237,-7,-7,4,-297,0,-0.009485114379354204,7625,0.2150684859248967,335,-0.018461538461538474,-5
KR_7523859288,8,200,_GbJ2s6WdxoyZm-1kGDa1cNgTxHot8VVMcLNodTVX7mF9bVELRsXgK2emYgfUYiL05Q3ZqeiJ6PCcg,Azir,MIDDLE,-237,7,7,-4,297,0,0.009485114379354204,-7625,-0.2150684859248967,-335,0.018461538461538474,5
KR_7523859288,1,100,ctkbtmpmtDOokibP-r48Krdzy8-3ArFswwGgnpALV-WK_a9EUuGJd01XyqzaLa8ptl42RQV3ddLEhQ,Rumble,TOP,314,-6,-6,0,-370,0,0.1133958651032804,7921,-0.2125495165401612,729,0.055384615384615365,10
KR_7523859288,6,200,1jrn3p7euGPmH5s2x8IFTtzmdXBnA_qa0qeOfiLOrFQfh6yx63x5rZZ67pHD7ehaEF3wiAmFGbHNGQ,Karma,TOP,-314,6,6,0,370,0,-0.1133958651032804,-7921,0.2125495165401612,-729,-0.055384615384615365,-10
KR_7523961619,1,100,hkWIe-zS_zZfAr97JuhW1yTRT3mkI3stIW0bdJL5xy7Tzz34nGKdT-_zAwthq3Z49mMj3L2-a0Ct-w,Jayce,TOP,38,18,18,0,-128,0,0.05202748704126439,6184,-0.24049147324376863,36111,0.012168622338113888,3
KR_7523961619,6,200,nlkWmbR7Q-1DgrnVQfPMfNVqA3Onbc5q3xwWrOBRCnz6s4-bhZhYtwxrE1-XAvmCNZGYijd15XtyoA,Malphite,TOP,-38,-18,-18,0,128,0,-0.05202748704126439,-6184,0.24049147324376863,-36111,-0.012168622338113888,-3
KR_7524054447,1,100,Xi1_F6Gto98WJGc9Zjl2pWFtglMgM68LieCtn2qII44f4rieyjCnyV9EDSVXhW09fNRcodBROeKJHA,Renekton,TOP,1135,11,11,0,278,0,-0.17013591613578888,5223,0.41843333169983365,16407,-0.11001642036124798,-2
KR_7524054447,6,200,qscSl8tOIxsoj8O6BzsSL9xypFkFsHC8HlvUewb5XpU-6GqF3cGZwc8T_-hBIBgioqubW9hkUAT_nA,Rumble,TOP,-1135,-11,-11,0,-278,0,0.17013591613578888,-5223,-0.41843333169983365,-16407,0.11001642036124798,2
KR_7524128098,2,100,azZkx2oNkBKpHPvVlm1GUx3cZhl6GK2DwedrNNTES4jZKscTn9iggVf-ZOGOl-I1GeoJRbonqtzVgg,Nidalee,JUNGLE,3189,1,1,14,1211,0,0.2404808656958514,9031,-0.05353191394541912,3237,0.42045454545454547,16
KR_7524128098,7,200,CMQh_Zinw2JVOobJ47NU7BtGbsrUTNykkrvRikOPwxLNwvGd-le2MeSJhUpucur3A-z3Xr6LpLytYw,Viego,JUNGLE,-3189,-1,-1,-14,-1211,0,-0.2404808656958514,-9031,0.05353191394541912,-3237,-0.42045454545454547,-16
KR_7524128098,3,100,t8stZN6MlhWXjn8dzTh30dWXJlwazGuw32ljuQsmOGrAwxFYdl8crT7iEKTw2ddNJ6hogDQdRv3rdw,Irelia,MIDDLE,-223,6,6,0,218,0,-0.1851886619030374,-4965,0.626552755611287,4376,-0.38257575757575757,-12
KR_7524128098,8,200,X5nSO5uPTMPwxHeDbQzP2YqSn-EcaColsT3ST58x7OMOMMz7z5Ez_5dvTs-mzDTdMsP0qpti1z68_g,Katarina,MIDDLE,223,-6,-6,0,-218,0,0.1851886619030374,4965,-0.626552755611287,-4376,0.38257575757575757,12
KR_7524128098,1,100,t13dwJyw_2TEJeiLPW34eQqm9wY5Y3zR7TZU8y32B3vc-jcPkIyuF75_THkOOD0ueAiHNZxK5sJRoQ,Nasus,TOP,-706,-28,-28,0,-419,0,-0.14070990404767678,8404,-0.018036806397006,2625,-0.034090909090909116,-2
KR_7524128098,6,200,_i5SFSClRyvax-L7c63mduZ5Fwr55ZzMc94biaSFISdKHYDar1J7IZkxUHlVTNiknV8arcpV1xTOkw,Yone,TOP,706,28,28,0,419,0,0.14070990404767678,-8404,0.018036806397006,-2625,0.034090909090909116,2
KR_7524207475,3,100,88g5Uo3KJNLWCUo6rkdC2L0f9K252Q8HbDzRbqcDOq-I5HELNSMQaGfjk9P4Z-QTXyOD6BeVXT6cww,Zed,MIDDLE,262,4,4,0,131,0,-0.062270686994317814,4372,-0.11601106674511874,-1749,-0.13333333333333336,-2
KR_7524207475,8,200,XDB4VbrppULr3l_lTX8UFbzVMZsTJPfi3qprvBt3LVSRXLw1KaLuUCr_qg8XEYrUaicpUeS-kX57sA,Aurora,MIDDLE,-262,-4,-4,0,-131,0,0.062270686994317814,-4372,0.11601106674511874,1749,0.13333333333333336,2
KR_7524494454,2,100,Vl4u0vynG0x_c3VBg0XSpnoVhqxM25KMMj9-qKZqR6Hxwxl7TBZZz3KZJ3bL7HlzcHVqXRSDbBcAkQ,LeeSin,JUNGLE,-279,-9,-9,-11,-120,0,0.10721806195591288,1164,0.37267376631549753,1871,0.19640179910044986,9
KR_7524494454,7,200,THJB6VDSpO2O3tqfQ8_UpepEWbGG0-T2bIn2t947SnZ46XtoEBmBRVM5pq5CqaEf8Cd5IrxiJeugvA,Lillia,JUNGLE,279,9,9,11,120,0,-0.10721806195591288,-1164,-0.37267376631549753,-1871,-0.19640179910044986,-9
KR_7524494454,3,100,YybiJjHy9nOrf2bvy0rCMiATzER42y2HOaR7jj51KDWg-yWSdvTbDaXw3ngh5tm6xaIe3WhSY9tHeg,Sylas,MIDDLE,76,3,3,0,414,0,-0.058569319044587675,-185,0.02288279154814532,13533,0.09895052473763122,0
KR_7524494454,8,200,XyK1LgcyBEeaxdtxjioyKjFwggG8oUy87F5CQ7Z9nsjMX02eWS1Ak5GfPDHOk_SfhCl8km1tKU8wfg,Corki,MIDDLE,-76,-3,-3,0,-414,0,0.058569319044587675,185,-0.02288279154814532,-13533,-0.09895052473763122,0
KR_7524494454,1,100,3_igjAdW6HSHsRagJ6cIdztb-l-5mrFZdoBFQSdm-efF5kS_vFzYGR_DvhReLxa48sa8aauOuQjWQw,Gnar,TOP,760,15,15,0,180,0,0.06270662430658791,6753,-0.423903293265782,8528,0.27511244377811095,6
KR_7524494454,6,200,fuLZOlEoYDtJ8lOnsLymNaAn95sccl2sB7H_uiaIrHbdM31ZdiWDP0tln3lC3lbSVdLqhHVCDf2aVA,Yorick,TOP,-760,-15,-15,0,-180,0,-0.06270662430658791,-6753,0.423903293265782,-8528,-0.27511244377811095,-6
KR_7524623571,1,100,YC9stCvIH5FC-S-qt3S8XJ9TNcbYrw6Ng-uciW7IcIyyTwOxE4V1-IQYsOS62jbnclTN0Lp7aWIRDQ,Urgot,TOP,-256,-28,-28,0,-175,0,0.06700559616784252,8093,0.27410313023121424,-2097,0.15454545454545449,6
KR_7524623571,6,200,Hczn9yMzvUiLe2DewIPBs4iKQlbskR6jdvs_xR3529FexauuT_Q0k1owA46HtueRHlZW_3lkTI4dBQ,Jayce,TOP,256,28,28,0,175,0,-0.06700559616784252,-8093,-0.27410313023121424,2097,-0.15454545454545449,-6
KR_7524757561,4,100,H10NoOvP2dxKMG0KAQgZGzK66ZE9iFrsM1b6NR71rR-ID3D2R9g6uYsAgU_tNF4x7Lr8x3aXy0uU5g,Caitlyn,BOTTOM,-469,-11,-11,0,-647,0,0.021822223991150413,3796,0.24137514745267785,-4316,-0.01604278074866311,6
KR_7524757561,9,200,4wWUGQWOvr8ilJwml-392Tx6oSyfOvjA9OXctXA9kRsjy8mH4VPTM6axiDGz4d5aXNvMqgdJLax63w,Corki,BOTTOM,469,11,11,0,647,0,-0.021822223991150413,-3796,-0.24137514745267785,4316,0.01604278074866311,-6
KR_7524757561,2,100,aZ3Gbiym9jBrcBjACg4TaCf4gn3Weq3667fw6aVLOW6jxtEXKRmuZOj0cSyW0rB8szY7V8IEOWXcLg,Viego,JUNGLE,1959,-4,-4,14,821,0,0.04625591846530491,7680,0.39363111770520964,1942,0.019607843137254832,10
KR_7524757561,7,200,UN4qDBOIiemh56_11gYXg2KGtbDZtKKGtsFPNFyKmUVLxtn27lYA1rmKMQ4UbNFZ2-EkEMaTQnqd6w,MonkeyKing,JUNGLE,-1959,4,4,-14,-821,0,-0.04625591846530491,-7680,-0.39363111770520964,-1942,-0.019607843137254832,-10
KR_7524943859,7,200,8rAjYoa_nSx3wXyVxYCA_A9MMtp3xdgYzfsLi-it9iJYQ2zgbzORQjoCqCY1sKOWujmnS5jEBFwS_g,Pantheon,MIDDLE,646,-61,-61,56,-378,0,0.02095287201008611,-100,0.04285879584298491,14327,0.2592592592592593,5
KR_7524943859,8,200,PIpGhn8h1jQqqHf1WR0cqXiGDVaNaHGaLtphxKKXmMu1v0cpVa2t3G-AQyHrPVu2HkhU4T3LIkJ-nw,Aurora,MIDDLE,-646,61,61,-56,378,0,-0.02095287201008611,100,-0.04285879584298491,-14327,-0.2592592592592593,-5
KR_7525084092,9,200,MHxAHDqrBMo_1vjiojlKYOQ0SMCaoJb-VDIxpIjVJATHrlBZyNDr6wtgS-IG3dv3UZZkMfVXvnJubw,Ezreal,BOTTOM,1020,67,67,0,1084,0,0.1618342933586064,4182,-1.8241497094067385,-9022,-0.31034482758620696,1
KR_7525084092,10,200,c5TnQis8Ib9mU0Mcrv5LLKmRuX8S6o5EHfReoI3j0cRn5ZFTI6VJB_A1QniZsvYjTB_rdHPEwus3MQ,Braum,BOTTOM,-1020,-67,-67,0,-1084,0,-0.1618342933586064,-4182,1.8241497094067385,9022,0.31034482758620696,-1
KR_7525230422,2,100,tRIgXpiYOEC6UZKbzM47lD5oq81PEbRANFxa1_7ueVZQnl8pslKLih8OLKCRKCsdWwZZwhykOUX4dg,Vi,JUNGLE,-524,-11,-11,12,236,0,-0.03823988364578981,-372,-0.1373946660021359,-14023,-0.11371237458193983,-2
KR_7525230422,7,200,aVmbBxTSBGDeNQaAz08_sg0LtAaJAWqHzgJIzp7DErR5Psm4z1QaPwIuMi5qDSOBT_pKeLkRE2aEcw,Sejuani,JUNGLE,524,11,11,-12,-236,0,0.03823988364578981,372,0.1373946660021359,14023,0.11371237458193983,2
KR_7525230422,3,100,VkMw8DTO1tl3EL25FlQSt6AsNf9R5c0tVJrs8eXNxOMh8vqITfI_cChF-Hcm1Pq6tzqhh3HxWO3--g,Viktor,MIDDLE,-808,-13,-13,0,-387,0,0.08620199192863179,-4016,0.1576026662143425,-10380,0.26755852842809374,-1
KR_7525230422,8,200,eE9YQM8Z62v7hhajjHt9pnIbLdWsRmOhLhK9juipN56FVmdAmmypZ1sJ5uG2DdFiINwnER-RWPwnJA,Irelia,MIDDLE,808,13,13,0,387,0,-0.08620199192863179,4016,-0.1576026662143425,10380,-0.26755852842809374,1
KR_7525230422,1,100,y4cTMsjWeWp__cQ3bA8QRIhkOfZxa8JRSb0Y_e-PmgJ8TBewHyVwBHzrZPi9jPojSKrrq0o7jB7kRA,Jayce,TOP,-486,0,0,0,-342,0,-0.02400369290273968,-2708,0.00331829546918605,2866,-0.14715719063545157,-6
KR_7525230422,6,200,4VaW3Rk6JRRCUsV6iP2caJYeLzVX8uGRW5OPyfoh6kkk_q6sCSD2r1jHFFiml4VOwJkkBWvlt4fFrw,Ambessa,TOP,486,0,0,0,342,0,0.02400369290273968,2708,-0.00331829546918605,-2866,0.14715719063545157,6
KR_7525376025,2,100,2IExQmesgEXzM9v9PaBvmBpJK72qYqJACYQ-YZ9s_fLEqlgy1u9SZaLwvo1Ei09hp8EbOsgZrY2dYA,Viego,JUNGLE,-459,4,4,-1,118,0,0.14564462077390497,3442,-0.4767355535472406,1293,0.12470862470862465,6
KR_7525376025,7,200,0WE-13gjkFZF3rOzec5pi8_Jj9UznoTisQIOxxyc8MCsgldbsmT12PhDSuK8kzFUs_eYk9oSygT7tg,Nidalee,JUNGLE,459,-4,-4,1,-118,0,-0.14564462077390497,-3442,0.4767355535472406,-1293,-0.12470862470862465,-6
KR_7525512649,6,200,aQ8EETK8dZELRaU-xUN11WXMc8ILWbBYQ_7UMLn3GMYdPRrafyNrOavyHaM-86EkqkOZujaBqRX0Sw,Pantheon,TOP,-332,25,25,0,237,0,-0.04557494670224069,1099,-2.4499270949726597,6327,-0.4,2
KR_7525512649,10,200,lGmb9idWN6trpV7av9MLMEsO7TGGtNgOBOS43LAx45oRLiCaaowIRuCgAZ84mQLZx7T1jJeeS-7_lA,Karma,TOP,332,-25,-25,0,-237,0,0.04557494670224069,-1099,2.4499270949726597,-6327,0.4,-2
KR_7525625572,1,100,X_eyzKmTyMkE4xNyL0aeZZIvrWW7st0Q1ztpPAyuYiu-DBCbETJtghjd_5eGhzD5QAFRqXuxlxXsyw,Quinn,TOP,-138,11,11,0,783,0,0.0697823746287217,1085,0.38679147926909163,-4238,0.16413793103448282,-4
KR_7525625572,6,200,lEBJKRq3XvbhyPIFXR9ZdS5LC42aX0CS17jgB2d-hp6pMHZ1gyGz7-rCskQmylJBS9i8kCPX_ms8mg,Riven,TOP,138,-11,-11,0,-783,0,-0.0697823746287217,-1085,-0.38679147926909163,4238,-0.16413793103448282,4
KR_7525715549,1,100,-MYOxGoS21BZViT48cXmOVwsv08QRfD9WRnphf7i-gh70YDdn0b8pOK-ehsjGVItRpTf4g360Pqo6A,Ambessa,TOP,-973,-15,-15,1,-692,0,-0.05368263810909801,-3620,-0.6684366919334515,-4663,0.08333333333333331,-5
KR_7525715549,6,200,Xi1_F6Gto98WJGc9Zjl2pWFtglMgM68LieCtn2qII44f4rieyjCnyV9EDSVXhW09fNRcodBROeKJHA,Fiora,TOP,973,15,15,-1,692,0,0.05368263810909801,3620,0.6684366919334515,4663,-0.08333333333333331,5
KR_7525783384,2,100,kMOVG61ciLXtEf_2YMFGp7MxSeGPSCscWVC9e-837Z4X0tNM52_knRXpj9pnfOei3mp0u-dNrjwqQA,MasterYi,JUNGLE,-578,5,5,-12,-439,0,0.02321994876583891,667,-0.8767565132274945,-390,-0.13655462184873957,4
KR_7525783384,7,200,d2zC8OEgWb4ysKl5zLUMMfq9m1k_BKdzOFHfzqFtK1IpSggKYTucaSARlT23tzHiLOScwITssqhBsA,MonkeyKing,JUNGLE,578,-5,-5,12,439,0,-0.02321994876583891,-667,0.8767565132274945,390,0.13655462184873957,-4
KR_7525846876,9,200,hBtdX0qLu5fC4coHNCNNOS8Dy6ZChCk_uwgF25GQcAB0okDRaqhluKoQ65zGp_fG7tY4qqIQK_squA,Twitch,BOTTOM,645,63,63,0,2102,0,-0.04896055964696719,823,-3.0513526503406037,-5996,0.050000000000000044,4
KR_7525846876,10,200,ccUToHgd_ML9rwENyii4ieUBPxxS_jzl_sDhhyU6HYEtBmST1crU03HIV-wyt4tMvftyVzkgU3-txg,Leblanc,BOTTOM,-645,-63,-63,0,-2102,0,0.04896055964696719,-823,3.0513526503406037,5996,-0.050000000000000044,-4
KR_7525846876,2,100,UmXgD0mxIlXphcQPh68XtC-elg2-IEKR-cOGFo1GyRclJWlCpYOwEEMb3h6Ds7xhw5hZWy8ViR1ZIA,Viego,JUNGLE,767,1,1,5,481,0,0.023183800622959605,278,0.19035614229782616,2130,0.038461538461538436,3
KR_7525846876,7,200,v1xOaVY-fPOWsor9FUURtQFZETQn-tgsFNJYlhqYCSWMt4fhq7zmRvPswsAnuD43_7z-Z-ufO38cTA,Skarner,JUNGLE,-767,-1,-1,-5,-481,0,-0.023183800622959605,-278,-0.19035614229782616,-2130,-0.038461538461538436,-3
KR_7525846876,1,100,LzI6XJWK1Zm8_YkQSFOjhRB1KbSgFYX9Nb6mLUMoh9OO9jjnggGiC-kisY6asURaDd0mA8KVIm0TYg,Gangplank,TOP,481,-1,-1,0,277,0,-0.1215209906185275,4441,-0.08511565081480665,-3420,-0.03076923076923077,0
KR_7525846876,6,200,0nZ6-zSBKBHXVBOfzQJokyjO1dZXFq2PB8GSnfXwTm681vkPWPHhkq_zmSJ9C7o6bZX8X2dEsmhvsQ,Ambessa,TOP,-481,1,1,0,-277,0,0.1215209906185275,-4441,0.08511565081480665,3420,0.03076923076923077,0
KR_7525900365,2,100,W8TqxyYyYWaX6bSe32qIatsDl0QpUU2LT4OUN--hiJlZiN3mNFGCfefiKXtUuQcxUZOdxSldm0AGSQ,Sylas,JUNGLE,957,0,0,5,139,0,-0.02677781845291921,-7098,-0.1854528284170165,11765,0.08333333333333326,-6
KR_7525900365,7,200,YPfK7ej53HZBAViQS_DS5wY2yVqPlAEAB0hQB-mSgM6jA9gonl9t0bNNAWhXTy6-r8RJgH3dLyjbPw,Kindred,JUNGLE,-957,0,0,-5,-139,0,0.02677781845291921,7098,0.1854528284170165,-11765,-0.08333333333333326,6
KR_7526020988,2,100,6qmaghTj-UCM4FuiU-W2TxC_CNqikTzd4eX-mxGc4o8Hi4nhwhNUPR8uKky6xWc5pTM6XBkfySCsPQ,Kayn,JUNGLE,-1374,1,1,-14,-657,0,-0.09619440088245979,533,0.5261319781195016,-8249,-0.1027667984189723,-8
KR_7526020988,7,200,W4Tu7UiMdbFWHBnyGwBRSSSE3ptdvXiNNO8VwLO1fo0sHYYDEWcRLEgDQZevL161FZzNEkTnomm6rw,Lillia,JUNGLE,1374,-1,-1,14,657,0,0.09619440088245979,-533,-0.5261319781195016,8249,0.1027667984189723,8
KR_7526020988,3,100,PpQWlrVd2XYOpfVQ6w2PkdzMMsJMWnbgXgHv9CdSLIP5YAs7dxZSC--MmV7vIafe0zc6A3yGbNZgAw,Mel,MIDDLE,713,0,0,0,143,0,-0.046334121305346115,768,-0.3034745323136726,-14811,-0.12055335968379446,2
KR_7526020988,6,200,mBT3V5zo9ZHLsrbzOQ-qlZyNxvzWq-nLSBtX5Rs9GVO1bNrUKyA3eRwLiVrWU5qWKRAdqkesRdQ0iQ,Ryze,MIDDLE,-713,0,0,0,-143,0,0.046334121305346115,-768,0.3034745323136726,14811,0.12055335968379446,-2
KR_7526112994,2,100,UjVewOzqlGtxJdy2CEv9YyZB-3n-96rwAR-z6tF7f4u2DLI64tT8Tkmap7dqgFGILtMY4tIC42LyfA,Pantheon,JUNGLE,1064,0,0,22,856,0,0.08432183574323632,1802,0.328075651638292,4564,-0.22357723577235777,10
KR_7526112994,7,200,s4hBCB4oRMkEYGzXT9hCCZCRKV6mvU2fZbJA8PcNtGN7TxZr1WI8_o2ECrLSgkihESAHPl1ogVPQUg,Vi,JUNGLE,-1064,0,0,-22,-856,0,-0.08432183574323632,-1802,-0.328075651638292,-4564,0.22357723577235777,-10
KR_7526197458,1,100,5GLnl4b4WE6vP7fBHE5XEb4vfwis-gVcDQ8rQZ5YFae1OiHy5bdZ9g1stgMjVvpj4tsBglsajyhVFg,KSante,TOP,-240,-1,-1,0,-173,0,-0.0939986346210338,-4281,-0.3162586085146843,10085,-0.2282608695652174,-6
KR_7526197458,6,200,_JTnxN2VGSegk0O3peViABRpmPKWUJW9RAp714kpU7RwO3RWGkfITteq6O4CBpltNyifdyUpgA0RCQ,Jayce,TOP,240,1,1,0,173,0,0.0939986346210338,4281,0.3162586085146843,-10085,0.2282608695652174,6
KR_7526297239,3,100,FiqtrFPZoDDaexpfe-h_S9kOH77-HDSkwltEX0zbRXbyfLxkV4QIso_BdcIqbjSwcJo4e6G7xtlM7A,Aurora,MIDDLE,336,-11,-11,0,-159,0,0.03707598000843193,4936,0.13741937482621047,1112,-0.1282051282051282,-1
KR_7526297239,8,200,yuoduo9Kib_UXf696-aqv_loPuGtYxwmEs3XkZHZhi2Apde8BG86v14EDBgIRsKDu-p7Z91JkUaX4g,Orianna,MIDDLE,-336,11,11,0,159,0,-0.03707598000843193,-4936,-0.13741937482621047,-1112,0.1282051282051282,1
KR_7526297239,1,100,A-Z_AaM67jCgwIpr3e54SvbqnxJ2uTAqwGKTd7eogC6otN3xTfkhCiT_2Z_y6dzyAdx6PsNibpJ0AQ,Ambessa,TOP,-989,-31,-31,0,-704,0,0.15724085529271759,-5163,-0.22210936315506585,163,-0.04615384615384621,-1
KR_7526297239,6,200,w6CbUENZw6X8prWwxeBN3mEZyu2FkQqPnfSBaKHSjtHJF81rOZt7fpQDpu62dt5zBsCIewxJ45W8qg,Irelia,TOP,989,31,31,0,704,0,-0.15724085529271759,5163,0.22210936315506585,-163,0.04615384615384621,1
KR_7526390513,2,100,JU5_e3eibeW68syXJUNolWVOCif6zwEdesIrxYHtf-nyFA8ksvR6St_PlmUCV1UXNZgyyl1CCwbX5w,Belveth,JUNGLE,-426,0,0,-7,-425,0,0.0357568755829676,5051,-0.2911017497211825,5052,-0.13196480938416416,2
KR_7526390513,7,200,c9O68FFGpMnpXYLuzRCvQnpdOQUVrLHpe788NYcKVvKKDS0BB7TafLFjQfJHmbzc6gC93T7SFkNxig,Shaco,JUNGLE,426,0,0,7,425,0,-0.0357568755829676,-5051,0.2911017497211825,-5052,0.13196480938416416,-2
KR_7526390513,3,100,vyZp8d2hZuKAQQF0OU6cVP-chtP8wNZdcUJGcnsSYfqioDZd8T-4gb7-FZnfNO2d2tA_WelySPxkfg,Akali,MIDDLE,939,-4,-4,0,548,0,0.08190534826369411,8243,0.16561341265690033,-6213,0.05571847507331379,8
KR_7526390513,8,200,pl9AvCHduwID43-0TL7zJ8vHt8egiBI9-o9czOgLgPTi76vy5tp8avThCyt4KWwYxDbos8SnbZe1nQ,Pantheon,MIDDLE,-939,4,4,0,-548,0,-0.08190534826369411,-8243,-0.16561341265690033,6213,-0.05571847507331379,-8
KR_7526390513,1,100,uupOHdCkmdYB-1W3fVeOB7wQ6YXGlFbfdYPqdPG5tLFhxDZEc0DsR4BOutfnO3S4Re76A9Ouv8rGTg,Yone,TOP,682,7,7,0,811,0,0.0358220670134958,3807,0.5873339320300934,-4530,0.14076246334310852,6
KR_7526390513,6,200,9n2mVXNtJ_4zeWCdYzkdLreOQGMLMNbGMomilHidVaD6XDBaH2c-DF_byVIBbreFvGZRzoKVkBMtfw,Karma,TOP,-682,-7,-7,0,-811,0,-0.0358220670134958,-3807,-0.5873339320300934,4530,-0.14076246334310852,-6
KR_7526467045,2,100,g5Np9PJ49io_MIbasRrBmEyOZv2zW9MisHw6Gj5ncteEei4zynsECmfMZ0e_WxILp7iAeSWccChC6Q,Vi,JUNGLE,144,-1,-1,7,315,0,-0.20452053779255797,-3177,-0.2237181209850182,-5901,-0.18505747126436778,-5
KR_7526467045,7,200,Tbq2Ldm0ShBEmWPiMzwPPorJ956R4qJ5OxvV0UgKsRhvEPQXV4sEL9MR4_i5erV0iXPTSKD4lzJWGg,Kindred,JUNGLE,-144,1,1,-7,-315,0,0.20452053779255797,3177,0.2237181209850182,5901,0.18505747126436778,5
KR_7526467045,1,100,BQRSWhAXFxSUS8Y-m8a6Zadp_9wQ80UY_LhsFS42FeqcOOMMK96C-rbY0ybNno5v7zDxe285RA838Q,Yone,TOP,-257,3,3,0,-793,0,0.1007668521413182,2118,0.29415691459188964,-6817,-0.1218390804597701,0
KR_7526467045,6,200,SJSP1phjEbN9L7LfiXXB1ZKf5_B6WF2hWrvnSj3ARPY3R6S3h-lx-kri5fMCOWNi26xdt5O1LAcPFQ,KSante,TOP,257,-3,-3,0,793,0,-0.1007668521413182,-2118,-0.29415691459188964,6817,0.1218390804597701,0
KR_7526563066,1,100,BQRSWhAXFxSUS8Y-m8a6Zadp_9wQ80UY_LhsFS42FeqcOOMMK96C-rbY0ybNno5v7zDxe285RA838Q,Vladimir,JUNGLE,-48,67,67,-74,443,0,0.20423718024121668,2488,-0.5610227951740596,-394,0.3076923076923077,4
KR_7526563066,2,100,cbMMLhDDtv4mtqMP05J6a_I48dSV0KCe4BPgQI2IpxkRa7XKZyRXieJPE4-qygO6CZsuNRqGE-pSOA,Ambessa,JUNGLE,48,-67,-67,74,-443,0,-0.20423718024121668,-2488,0.5610227951740596,394,-0.3076923076923077,-4
KR_7526665322,3,100,SOVxmrg3p6p0RFJrJlWYFULg1TNRySX0QkWt_dfgtnO60J-hcuKuURenRVNdx9B0TyY2jmIf9ABf6A,Viktor,MIDDLE,-275,21,21,0,-137,0,-0.004323761633952983,-5650,-0.1748289046583309,-7652,-0.40336134453781525,-14
KR_7526665322,8,200,kaeckuxI_iFzcBxD2c9RuqPuAV3adbynhKix98G0YBUbxdcWbpxhVZ9xn8ic5EvQ44Xz0atMPhMgaQ,Akali,MIDDLE,275,-21,-21,0,137,0,0.004323761633952983,5650,0.1748289046583309,7652,0.40336134453781525,14
KR_7526665322,1,100,USo3pv_Kl6JSoDNRKArsklTPcAKQO1st5XCF5sqrK4I48wBisaWItTeGWKdhZ65yhLPI7-JgyYPtTA,Jax,TOP,-583,-17,-17,0,-659,0,-0.07234654511828781,-6455,-0.3906394409063211,3256,-0.2394957983193277,-3
KR_7526665322,6,200,Dp0D5JZcc9tqNkwSPHXqxfQX9g9gObucEfxHcs4qVroms2TGjHu9ixfUczYuw5lvMjS6zQZqGBYLSg,Gragas,TOP,583,17,17,0,659,0,0.07234654511828781,6455,0.3906394409063211,-3256,0.2394957983193277,3
KR_7526791261,2,100,DiIRvAeP-l1qXvAUh28HTQa_A5Y6yqb7wj-gPzx5fAf4ulPrNEHugoYYA8QglwwAeV6zixRcdRuXww,Lillia,JUNGLE,476,0,0,26,846,0,0.1412546756146951,2531,0.16100514107841846,30414,-0.07058823529411762,-1
KR_7526791261,7,200,wTYNerp3ayJ0IHy4DvmE4anSUdy5OeE-0FOuqj-LRuERfNkepeyTCE8EwqrZamaJtAEfhDHUtVXoBg,Ivern,JUNGLE,-476,0,0,-26,-846,0,-0.1412546756146951,-2531,-0.16100514107841846,-30414,0.07058823529411762,1
KR_7526791261,3,100,xgadfn5dR96tKWlksEICl1p-Ea5N0-n7BI3jSK4EZK55MfLhhNxvORKskSioJ9yOHguU1aR1JUZCYg,Ambessa,MIDDLE,385,22,22,0,467,0,0.022260117844198513,3165,-0.3752315068722182,-6497,0.3147058823529411,4
KR_7526791261,8,200,iWAVcWVZ9CxzQjTP-Skd6aBWqLLplk2U5CAUolqeW0mgIz0fbCa7i2AdePnirb46BpDI668Ny6nw5Q,Sylas,MIDDLE,-385,-22,-22,0,-467,0,-0.022260117844198513,-3165,0.3752315068722182,6497,-0.3147058823529411,-4
KR_7526791261,1,100,v2hqivnktUOEXlaNZPcpdyBZjg1IL1eRaKDp-E8K0tw2hLuwzkStQWFcD-0UrY5ldXupi_OD-2YFnw,KSante,TOP,-21,-1,-1,0,-27,0,-0.11137536663468381,1457,-0.028600963145551606,15661,0.19411764705882348,0
KR_7526791261,6,200,A-Z_AaM67jCgwIpr3e54SvbqnxJ2uTAqwGKTd7eogC6otN3xTfkhCiT_2Z_y6dzyAdx6PsNibpJ0AQ,Jayce,TOP,21,1,1,0,27,0,0.11137536663468381,-1457,0.028600963145551606,-15661,-0.19411764705882348,0
KR_7526911436,4,100,NjdZvOBMHN8rWbgLdXr6bBX2bWWDz38xNpHdgqAjOy7kudZs-KmMwmvQSBkFPMVjfA-u5-xYW0eVyQ,Ezreal,BOTTOM,-735,-2,-2,0,-955,0,-0.0871904078882847,-8788,-0.10633201490844446,5549,-0.23333333333333328,-4
KR_7526911436,9,200,b7J8avtDzmSPnmhLFnq-KHCQ9O8KiLVTn1geOFunJCYbdAh91tp4kiq1-cWDIdtvipAg3fnXSyMcag,Kaisa,BOTTOM,735,2,2,0,955,0,0.0871904078882847,8788,0.10633201490844446,-5549,0.23333333333333328,4
KR_7526911436,1,100,OU58kHnN8Maf-u8yr-UZMT3zKyFqw61CZawCXdfiV_J_kumU5FxqSKiLVT4t7i0_N-FzHWFPCmSVQQ,Irelia,TOP,409,9,9,0,-491,0,0.05523333929163002,2037,0.027754445439000408,12055,0.033333333333333326,6
KR_7526911436,6,200,xSTMyQ8dMh0KJSqfW5m2R2T5rLKwbIbdDPrbErukzd32snuGKVl8ZUBHEfZzf9h_23zSNYuX53TkGw,Ambessa,TOP,-409,-9,-9,0,491,0,-0.05523333929163002,-2037,-0.027754445439000408,-12055,-0.033333333333333326,-6
KR_7527003041,2,100,ppdDBOz0JFzgS67Xjt_gbchxdXjItK62OW5tD3IToqynQHThNT2jjwlYR0AkqAK3sx9_8l8imkZRwQ,Skarner,JUNGLE,385,-49,-49,52,506,0,-0.05570943064072251,3167,0.43634037347382293,9023,-0.059233449477351874,0
KR_7527003041,9,200,iUWAOR3o2WTXFd4sZTkboEZcQLkkXKZuGScbMa9488e7li1o4eQwoD5ETQiXFoKrpxG2MEoPB-d_Cw,Jinx,JUNGLE,-385,49,49,-52,-506,0,0.05570943064072251,-3167,-0.43634037347382293,-9023,0.059233449477351874,0
KR_7527092935,1,100,sP1qoBXEnVEzNpepepZI_MQLg8exkA4aIJCyHaRJJ5eIKPhDBfKaCGTXt2imLpfJZ-qa0lvLn-fuzA,Jayce,TOP,1501,42,42,0,1498,0,0.09652434223822931,3780,-0.19140894223116744,5810,-0.0031897926634768536,2
KR_7527092935,6,200,XkSTDqQi7EEX5D_5CG3c8FVFpLTvSgGAhFde7tAt63d7be1xbDxVAiAyB4F4w5uDoeh5gIwmqLqp1g,Quinn,TOP,-1501,-42,-42,0,-1498,0,-0.09652434223822931,-3780,0.19140894223116744,-5810,0.0031897926634768536,-2
KR_7527156421,2,100,MMIeQmfIiyT-2B2FGei3YyxcsHFCYDX29LhsSV0pYA1QT0ZceRC3L52rMhayEQ_YIygqCzxYTAZUow,Kindred,JUNGLE,1431,-6,-6,46,1112,0,0.22347157928292682,-103,-2.498971213144446,5067,0.08333333333333337,10
KR_7527156421,5,100,Y6nEcLELWLdmaJBhxy5wbhlEsODqbEM4wagjvIv_HAQebZMOARCHkdPE7q5hf6_o1RVhMCIbfX8TIA,Braum,JUNGLE,-1431,6,6,-46,-1112,0,-0.22347157928292682,103,2.498971213144446,-5067,-0.08333333333333337,-10
KR_7527156421,1,100,_i5SFSClRyvax-L7c63mduZ5Fwr55ZzMc94biaSFISdKHYDar1J7IZkxUHlVTNiknV8arcpV1xTOkw,Yone,TOP,262,23,23,0,-86,0,0.1198819057249412,1764,-0.18185406098508594,-6043,-0.1403508771929824,-1
KR_7527156421,6,200,-D5DqRYaRA4pKtpxtnOg_5isyzu418GH_jZLtTB8aSwJCisN--TcKYSkavqJQuZcqRgEUMOIRqUf6g,Maokai,TOP,-262,-23,-23,0,86,0,-0.1198819057249412,-1764,0.18185406098508594,6043,0.1403508771929824,1
KR_7527271368,2,100,ZapfZb6wtWhLhLQOKLmoOeukfv2i8pXwGtLlX6vuHmBiH8yvmDX39QYFY2LSTfUSqxL1tCpn-8Ke5Q,Nunu,JUNGLE,-488,5,5,-10,-599,0,-0.0907863404643465,-1004,-0.6486909281611053,-6198,0.02279202279202286,-5
KR_7527271368,7,200,quiT9jj9-qN5ZjcNjuTQvu15G1QiMKoHh0E4tvm6fLGEPfLmwV1sUpiCBQ6suGfb-CjCBKiqoKOQCw,Hecarim,JUNGLE,488,-5,-5,10,599,0,0.0907863404643465,1004,0.6486909281611053,6198,-0.02279202279202286,5
KR_7527271368,1,100,-D5DqRYaRA4pKtpxtnOg_5isyzu418GH_jZLtTB8aSwJCisN--TcKYSkavqJQuZcqRgEUMOIRqUf6g,Maokai,TOP,-364,-18,-18,0,-183,0,-0.1656213075626104,-6717,-0.003341183314588325,7308,-0.24786324786324787,-5
KR_7527271368,6,200,rvV4X9JbCKZTqd7MS8CkluUXT0MOP-m_zEA-xOtq-ifAuaICoz_SG2BUtIklDP9F_--EDtK4S4r4Qw,Gwen,TOP,364,18,18,0,183,0,0.1656213075626104,6717,0.003341183314588325,-7308,0.24786324786324787,5
KR_7527343863,2,100,GarTfjgOPrzFg4QNk2ZCXF17NwZaT2mBleTqXsXok632_VBj43Fbhrl4ltK5qOChudu0J-1Uu3mwzQ,LeeSin,JUNGLE,834,2,2,-2,-51,0,0.09416299397269809,-6462,-0.2078717797548204,1761,0.5214626391096979,2
KR_7527343863,7,200,J3d1FF-Gg7hZG19n_-dXrw7OuILJxEVu3fnXORUiqe0gnP4lxM5PGPRpLKgdV1gfXOidCXnAnMX-aA,Viego,JUNGLE,-834,-2,-2,2,51,0,-0.09416299397269809,6462,0.2078717797548204,-1761,-0.5214626391096979,-2
KR_7527343863,3,100,aCxKN_c9BYrp38murq8ZXh7J9-0qNPeLI1ingPwZZzP4gJrUF7P04hkBRYkBidJmz0jailPsecefjg,Viktor,MIDDLE,-320,-12,-12,0,-449,0,0.10965056650525379,-5988,-0.4263814651040393,-7775,0.19077901430842611,-3
KR_7527343863,8,200,YybiJjHy9nOrf2bvy0rCMiATzER42y2HOaR7jj51KDWg-yWSdvTbDaXw3ngh5tm6xaIe3WhSY9tHeg,Yone,MIDDLE,320,12,12,0,449,0,-0.10965056650525379,5988,0.4263814651040393,7775,-0.19077901430842611,3
KR_7527343863,1,100,Hp--K7toPl_vUlFW1iWguKOfqG9LumPzbh_jnPh0uGPELVIOVisg3E-oChSM62CBQj2C3lxm7U2cyA,Ambessa,TOP,904,20,20,0,752,0,0.01115299403523129,694,0.15874105218588153,7354,0.042925278219395846,-10
KR_7527343863,6,200,YHXlTN5uuDU6gQfYZztcUwNcoBsunnogtDzsoEKeDx37kQ0vDUJpT70Gktum-dUqX4X1ChHS6o27-Q,Aurora,TOP,-904,-20,-20,0,-752,0,-0.01115299403523129,-694,-0.15874105218588153,-7354,-0.042925278219395846,10
KR_7527488021,1,100,U91MGzvacxeW2AZ-1ipOyls2F32yx1RNboQ4nsnivmWvCGiTyVmTmqfqdLlgY6PSI78BjjPLSKlkvw,Gangplank,TOP,619,13,13,0,358,0,0.10234062680634098,11130,-0.21427894893977012,6951,0.40705128205128216,1
KR_7527488021,6,200,YXMDyZoxYFONwUM2Yv2N7MVNOTnIFqnsv_Gs2lRbS7nmP4T889PjX4D9gJJCTW7_RQxvchsNfMvIAA,Yone,TOP,-619,-13,-13,0,-358,0,-0.10234062680634098,-11130,0.21427894893977012,-6951,-0.40705128205128216,-1
KR_7527584729,2,100,8NXGW2dgsev2n5bOnlvFFSH_YPSRktg4Msp4UZZeRByi5v_iQ01fv8NgPQYQ1C8cEkSi2fyPNmdJGg,Nidalee,JUNGLE,1898,1,1,5,764,0,0.0950105769783397,4755,0.09729172762279781,3278,0.09999999999999998,5
KR_7527584729,7,200,-77UUUhrQ7OpnoixhqxMEPRJ2r_tNT6oehOJR_TigVKvdvgjcwUaf8EfSgBkeMdCNZK9ZGl16nm03Q,Hecarim,JUNGLE,-1898,-1,-1,-5,-764,0,-0.0950105769783397,-4755,-0.09729172762279781,-3278,-0.09999999999999998,-5
KR_7527584729,3,100,ZgiGujcWp8a3s3ZGOIO2TsK9xyMwHX_A7AwPDGWqT2VVXo0lrr4F4EoAZqVC4bYWJLKNAwToQrouzA,Jayce,MIDDLE,1821,14,14,0,1094,0,0.09727891798375013,9394,0.46101265922725887,3795,0.38888888888888884,11
KR_7527584729,8,200,G_6vF-royqpk19wALOaAeg0nw6jXr038ux4qsRadv3gVfmWHQiuxAEKwlEVPrg--A9rLhHUbycKXhA,Akali,MIDDLE,-1821,-14,-14,0,-1094,0,-0.09727891798375013,-9394,-0.46101265922725887,-3795,-0.38888888888888884,-11
KR_7527584729,1,100,qscSl8tOIxsoj8O6BzsSL9xypFkFsHC8HlvUewb5XpU-6GqF3cGZwc8T_-hBIBgioqubW9hkUAT_nA,Jax,TOP,1233,23,23,0,756,0,0.03593061004923839,6360,0.3967969540058882,2761,0.07222222222222219,6
KR_7527584729,6,200,4OF9EdKMqIUCNeUkVv6W_sJZkv3P766WAgRKGoSzIPy26poJWM2BUgUKK-6plHygR2JhnGoWQaxwdw,Ambessa,TOP,-1233,-23,-23,0,-756,0,-0.03593061004923839,-6360,-0.3967969540058882,-2761,-0.07222222222222219,-6
KR_7527681706,2,100,anNha1PZ-kAjr77fK8xqrAGWPGB-FKwrZ7YtSvUwejSSDnUk8nzQkkVOfasGOTu2skKn6lN-zpipBw,Nidalee,JUNGLE,289,-3,-3,-3,-58,0,0.0818158873282135,-2953,-0.2606770745786827,6431,0.2724867724867726,1
KR_7527681706,7,200,yDCRIpVK_Lnmd3a_bv6TudkNuUsdtZbQUa6Pa1WGlaYsZ9dr6k7dMkEREld5vXAI-MJnYx_CapGxow,Vi,JUNGLE,-289,3,3,3,58,0,-0.0818158873282135,2953,0.2606770745786827,-6431,-0.2724867724867726,-1
KR_7527681706,1,100,UP8FIlGgLikTK_pOn6drreCKhzJtdGvTYexrJtBbMr90iS9XZ3_4s70gcB8Z8Lmwh74OzVi3GVd55g,Renekton,TOP,232,-7,-7,0,487,0,0.10016328920897077,-199,-0.10849282829876916,15681,0.2857142857142858,5
KR_7527681706,3,100,UwFFsP7n3utescnYIoqkomoP5bWYdg-ix4IEdtys38QnnaLVgO3LXQBblLCIVkbgJOrwlMxbhorddA,Hwei,TOP,-232,7,7,0,-487,0,-0.10016328920897077,199,0.10849282829876916,-15681,-0.2857142857142858,-5
KR_7527788876,2,100,5lW6xnefWpI-0yAgxFDJyJSbZ6Dzk5w4KNlvl9aFIqijngtWX_3UruPLYahDUu6bDHA5WeweL_PpBA,Belveth,JUNGLE,270,3,3,14,319,0,-0.00803814877151468,2571,0.549136255544317,-5817,0.23809523809523814,7
KR_7527788876,7,200,4_XiAWFgYDLwV1w1tRpCYA-jg6foAw9kiF1OIhv2mFynExn5P9nUmde4_FBZo0eIGGXXDZbHNBtvMw,Zac,JUNGLE,-270,-3,-3,-14,-319,0,0.00803814877151468,-2571,-0.549136255544317,5817,-0.23809523809523814,-7
KR_7527788876,3,100,93VhhPTyUR-dcK3rljbTWutakxGllcKlxsa-WEhMk9i1sIC4pgmj7ZV2qww1WT3LecYOA6lohTUJ1Q,Karma,MIDDLE,-1002,-17,-17,0,-476,0,0.0037654605426062915,-1548,-0.4987571925695655,-8934,0.11688311688311692,2
KR_7527788876,8,200,x0h7xFKtrsBodAiTMn0aJ32UtKHXQO1_wE2z_D7oqzx1VwWtUkjC0UIr5_mj03mwmMzGVbIzFny6_w,Ambessa,MIDDLE,1002,17,17,0,476,0,-0.0037654605426062915,1548,0.4987571925695655,8934,-0.11688311688311692,-2
KR_7527788876,1,100,5e6_hOznQ3QLNBkfIU1K-acLiOU8cjv1CLWpsMEUW86MA8WlnhoQxr39Av8V57__2T887OY3tgEFxw,Rumble,TOP,-141,-1,-1,0,138,0,0.0026861964467624067,3926,0.2971421950429244,-22873,0.3203463203463204,7
KR_7527788876,6,200,v2hqivnktUOEXlaNZPcpdyBZjg1IL1eRaKDp-E8K0tw2hLuwzkStQWFcD-0UrY5ldXupi_OD-2YFnw,Aatrox,TOP,141,1,1,0,-138,0,-0.0026861964467624067,-3926,-0.2971421950429244,22873,-0.3203463203463204,-7
KR_7527911410,1,100,BpIP-EmJoEh9sk921S6laQc-0fvfb64_k7aOGDuf8WRs2sGXSMiGORSA6SVP5W1XlFHgz7P0SIZS0g,Gnar,TOP,-396,-30,-30,0,-352,0,-0.1263965044156178,3119,-0.310644856314079,-4069,0.041666666666666685,0
KR_7527911410,6,200,uJLXQr3VChadoWRqF0fKGKMKZgfuHJmfmPGy4pV24FGxcEF2gzhWsm-E7eZNEjE21au5eL18v4nBzw,Teemo,TOP,396,30,30,0,352,0,0.1263965044156178,-3119,0.310644856314079,4069,-0.041666666666666685,0
KR_7528035998,2,100,u_Jf_pMIwb1vhE5dU7AcK3xCrIcwgAygGNdQzoYxYoAiuU6Qlo_St9hGWyFhRguGSMUKpJaEgDvvqA,Khazix,JUNGLE,156,1,1,-6,-110,0,0.04664531524076959,2675,-0.14784136251601643,-3607,0.05769230769230771,2
KR_7528035998,7,200,JRoyw2RQS7vxG2-XdtEv441PMwL2fNqA6honmfHOdi-2o8U2jMGyQYowGQ1-iNftSID8st6cFF8svw,Kindred,JUNGLE,-156,-1,-1,6,110,0,-0.04664531524076959,-2675,0.14784136251601643,3607,-0.05769230769230771,-2
KR_7528035998,3,100,6yFpzPNI2bZIhwsf49wnMRdy6-lcGtu1xpTkFz63xu8XXuZA4vRpHgyWTgo6iPTY6uoitEqVvFJV4g,AurelionSol,MIDDLE,1370,71,71,0,2184,0,0.3061367276381602,1922,-2.485686351478453,-16169,0.23076923076923084,19
KR_7528035998,5,100,_jUsbv9enYWgjPZZsSNVYj5G701RCMzC1nVB8gaFcVFDXHzjOCfqts5-1CQfCL2mqpbnJSlzZmhdeg,Rell,MIDDLE,-1370,-71,-71,0,-2184,0,-0.3061367276381602,-1922,2.485686351478453,16169,-0.23076923076923084,-19
KR_7528035998,1,100,FSPZbTHSGsNpdB0WQKkdM3AzVo00K9BftZYjWSRYFofwOExZwYh9hE_e19MTmd_FDtLfLifji33DNA,Jayce,TOP,350,-18,-18,0,-508,0,-0.014900678814332297,-322,0.2038068758642514,2564,0.17307692307692307,-1
KR_7528035998,6,200,oajIfY2cV8cLXD0ItzURaYDhD-Jr9zZHw3NhwYLY-lcIYBlFi3fIN-07feYAcKs9evX7mLcyi8VMvQ,Irelia,TOP,-350,18,18,0,508,0,0.014900678814332297,322,-0.2038068758642514,-2564,-0.17307692307692307,1
KR_7528187821,1,100,x0h7xFKtrsBodAiTMn0aJ32UtKHXQO1_wE2z_D7oqzx1VwWtUkjC0UIr5_mj03mwmMzGVbIzFny6_w,Jayce,TOP,-181,12,12,2,434,0,0.05376580253004301,2050,0.04210533535219296,97,-0.3190476190476191,-9
KR_7528187821,6,200,w6CbUENZw6X8prWwxeBN3mEZyu2FkQqPnfSBaKHSjtHJF81rOZt7fpQDpu62dt5zBsCIewxJ45W8qg,Ambessa,TOP,181,-12,-12,-2,-434,0,-0.05376580253004301,-2050,-0.04210533535219296,-97,0.3190476190476191,9
KR_7528313873,1,100,ZzYHgbz0ENz5MC7ceqqX_4Yz3i2lnZJzUS4wFzN3g0p9ploeQtjTI9AuVBzuKRIH-lFk7JgGL_ZiTw,Tryndamere,TOP,1275,22,22,0,1445,0,0.12017673735677953,22061,-0.1729893810559615,26261,0.2962962962962963,10
KR_7528313873,6,200,A-Z_AaM67jCgwIpr3e54SvbqnxJ2uTAqwGKTd7eogC6otN3xTfkhCiT_2Z_y6dzyAdx6PsNibpJ0AQ,Ambessa,TOP,-1275,-22,-22,0,-1445,0,-0.12017673735677953,-22061,0.1729893810559615,-26261,-0.2962962962962963,-10
KR_7528416166,1,100,OU58kHnN8Maf-u8yr-UZMT3zKyFqw61CZawCXdfiV_J_kumU5FxqSKiLVT4t7i0_N-FzHWFPCmSVQQ,MonkeyKing,TOP,581,68,68,-64,1294,0,0.00840977629424089,6132,-0.5508186192152013,-490,-0.10476190476190483,-5
KR_7528416166,7,200,d2zC8OEgWb4ysKl5zLUMMfq9m1k_BKdzOFHfzqFtK1IpSggKYTucaSARlT23tzHiLOScwITssqhBsA,LeeSin,TOP,-581,-68,-68,64,-1294,0,-0.00840977629424089,-6132,0.5508186192152013,490,0.10476190476190483,5
KR_7528495146,9,200,IemifPcNZeVJ84uCu5J2nbIHxR6BZn4nZBnS3FLzIb8q6wmzcvNDe8xcu44dU6JWRuKi4HjlY42uwg,Jinx,BOTTOM,354,47,47,0,199,0,0.1694343564427472,2367,-1.3074079116879502,8797,-0.22857142857142865,10
KR_7528495146,10,200,QM4r-i_tcQURFAS4V5AmOoH1II0Bxn6AsLMuPZQmV2Pv734hBYMKt8n003u2YohxXnhhpELb2ymPew,Lulu,BOTTOM,-354,-47,-47,0,-199,0,-0.1694343564427472,-2367,1.3074079116879502,-8797,0.22857142857142865,-10
KR_7528495146,2,100,VEWJoVHKLBUiEG7LyCyxd3Qw_PGVOEuEceDbv0hOxAFtjxWebqFyc1q2H90OBGQ4n3y8o6hQESypWg,Zyra,JUNGLE,1628,-6,-6,14,832,0,0.1003851516979192,-808,-0.20946809880106432,-13847,0.09523809523809523,4
KR_7528495146,7,200,IRW8RlRkoFoTor5A-L9BUB1XdFQvCkWlI4cAxJISqY7sHR2_nPAod4cyy8vsBaiEIydVebMUhQeCjA,Hecarim,JUNGLE,-1628,6,6,-14,-832,0,-0.1003851516979192,808,0.20946809880106432,13847,-0.09523809523809523,-4
KR_7528495146,1,100,qWxfzJONKU02DjfGo91jaBBPIUx75IhklOj9-Zih6TJnrVi422NWJinMpmgY3KHpjQ_tMn3rhli0Ng,Jayce,TOP,32,32,32,0,-434,0,-0.04798643768727173,-4274,0.34848421099032656,-124,0.07619047619047609,-7
KR_7528495146,6,200,qDtHds-4bEYmINTXKCIlJFlHlrX8kwnkHnNqplMUzzD9QLBzo9yeTyka5xZesrw33KhPODW-6M2cAw,Ambessa,TOP,-32,-32,-32,0,434,0,0.04798643768727173,4274,-0.34848421099032656,124,-0.07619047619047609,7
KR_7528555588,3,100,3PV0N1WhJB_IY1yxcOAVIHy_k2WlgszjIeRzR0HVmQiuv-QOzx1B-w0jaBidjgOrYLNw8acjU53YQg,Renekton,MIDDLE,-274,46,46,-54,739,0,-0.02826896411155272,9646,0.21614401510651993,15364,0.012820512820512775,5
KR_7528555588,7,200,DA8-N6ZT7Z_K5DfIh9fsLLIL2ZHbgYS7B6MPpRMTlbt8E_wQPeVI-QGqzNBlwcysV4U5sQZYs3wI1w,Taliyah,MIDDLE,274,-46,-46,54,-739,0,0.02826896411155272,-9646,-0.21614401510651993,-15364,-0.012820512820512775,-5
KR_7528614324,1,100,uupOHdCkmdYB-1W3fVeOB7wQ6YXGlFbfdYPqdPG5tLFhxDZEc0DsR4BOutfnO3S4Re76A9Ouv8rGTg,Jax,BOTTOM,-2106,-9,-9,-4,721,0,-0.04604968188522063,5330,0.024465622893862227,12039,-0.058823529411764774,0
KR_7528614324,9,200,eJAP2TUzEz8lXnBHthfIvilxFPL0ZVtWSl1df_7b33-jkOTGDcato6NSBAcxVDWe2y5t7yB_wrwI1A,Zeri,BOTTOM,2106,9,9,4,-721,0,0.04604968188522063,-5330,-0.024465622893862227,-12039,0.058823529411764774,0
KR_7528614324,2,100,zrUGacStMNPU0fwhLwPVNr53aVBfmT4dsoM6e1j2IFUrhD0didwtf2BoZh13moPIRArzoWLn1AXtOQ,Diana,JUNGLE,565,0,0,6,329,0,-0.021377444028850084,4028,0.0731181032830358,-6564,0.029411764705882415,-5
KR_7528614324,7,200,FQGLxSd2vcM4YCHs8Lvalof82tCrJfuZB_nnQKCyP3SMewX7yzm9tpHi1N-fdT8xIpDpELaq7SIW1A,Viego,JUNGLE,-565,0,0,-6,-329,0,0.021377444028850084,-4028,-0.0731181032830358,6564,-0.029411764705882415,5
KR_7528695221,8,200,Ny-kFH4hgvnieJvj1UedYZPE5Ph2gichFhwWP82HJDrfQX37gBmFCZ7kc5CsyDyuw_Se_YSaeftWSA,Pantheon,BOTTOM,63,-2,-2,0,523,0,-0.0280536171581795,384,0.07458391106661355,631,0.13043478260869562,0
KR_7528695221,9,200,j0d1Vpc8Q3nt1RgmRvL7NnMcmhZngZ8a8LXKjdIwRQ4NN9-ehSWlE7caAvoc586JErWO7QAOLXpRzw,Ezreal,BOTTOM,-63,2,2,0,-523,0,0.0280536171581795,-384,-0.07458391106661355,-631,-0.13043478260869562,0
KR_7528695221,1,100,mlKPPKejWYp7C9cvLQ7FGo2-5eEIgnt64pDbbje4RyF8dzBtlN0ZXEtlTDjrMKL6RZSvdoNDHz4mIQ,Yone,MIDDLE,-625,5,5,0,67,0,-0.1306626566530511,3338,0.300517955338433,7,-0.2347826086956521,-1
KR_7528695221,6,200,pbif0mDHFRngf41w09N5gdsVKjvVF91STM1o77O1Iw8fPkHg8PkOVZmiFAkA1ijGNx3vqp9QhupwyA,Draven,MIDDLE,625,-5,-5,0,-67,0,0.1306626566530511,-3338,-0.300517955338433,-7,0.2347826086956521,1
KR_7528827687,2,100,8WOF8T96LSg85-oByK60EPKZbNR6k261h8ks1iQCfsNNtd5wX7Tg6U8YCjUZdr3vXouKy0MNNeqqhg,Belveth,JUNGLE,786,-1,-1,22,815,0,0.07435143120787999,5163,0.3604481215442017,-6094,0.33333333333333337,12
KR_7528827687,7,200,iZPeK_sQivqi7oUO9UToMvkKmcQfBcZUW6V2iAQ1Ck1gF8UFdZeP54XCghOLSa5X89IJvuxFoEABhQ,Hecarim,JUNGLE,-786,1,1,-22,-815,0,-0.07435143120787999,-5163,-0.3604481215442017,6094,-0.33333333333333337,-12
KR_7528827687,3,100,a4n32rk88iScxtmUVOdSVra0Y3w3uOyJvnmOwe3hwwTPj9C3vlje6bXQgZ9ZUEOjSuyZl4OYYS-_2w,Hwei,MIDDLE,-57,-7,-7,0,-151,0,-0.04940059105745681,7019,0.2028973583238397,-17904,-0.19999999999999996,-7
KR_7528827687,8,200,S_9FEiacinl4AeHEO7O59cwKu_3khA0X1wZkIXaLuBsZDUPzNRtMh0ZYncBGTFsWtFPj5uRYUBpTVQ,Sylas,MIDDLE,57,7,7,0,151,0,0.04940059105745681,-7019,-0.2028973583238397,17904,0.19999999999999996,7
KR_7528827687,1,100,88g5Uo3KJNLWCUo6rkdC2L0f9K252Q8HbDzRbqcDOq-I5HELNSMQaGfjk9P4Z-QTXyOD6BeVXT6cww,Zed,TOP,47,-20,-20,2,-101,0,-0.024104532395370193,3476,0.367692091394599,1321,0.06666666666666665,1
KR_7528827687,6,200,bPmmqh3mEhtyv-cVouvkOfbUsFPp229wSd6pfCJofB_gWVsvzqLrvCZqbZN9uFtIAiXyuK4Z5iKwVg,Corki,TOP,-47,20,20,-2,101,0,0.024104532395370193,-3476,-0.367692091394599,-1321,-0.06666666666666665,-1
KR_7528952813,1,100,hx8USDJg3vM_9BAvtnHDKgqksm3USmYJ74QjcloiiGL-qY6GzldWbvyXCpjoML-smccx3fqFfug8Nw,Swain,TOP,-149,10,10,0,48,0,-0.06581638137478679,-240,0.1420673924069853,7092,0.08181818181818185,-1
KR_7528952813,6,200,Mm8W4a1RYTC6dy1Zq8WOXdk-N5McMfFl5GHS4eemewMXuMeACp5WHmawsFR19IPZDojj7kGboi13zw,Kennen,TOP,149,-10,-10,0,-48,0,0.06581638137478679,240,-0.1420673924069853,-7092,-0.08181818181818185,1
KR_7529065519,1,100,yWe4CWdVMz6EY31xxjwkX0CwqBEe8k0wtt8wNUUvo6Rtx4YsS2QXk6fXlXMBCNUodOTbzwjhUYsC2Q,Jayce,TOP,484,-4,-4,0,-687,0,0.053386276743528416,2195,0.5962880725017695,7947,0.3392857142857143,0
KR_7529065519,6,200,GUsCLCkUbsNSksq0uLh56W98Lenay8U3Xj2numkvwt-pabmbrAIrIboWXqiQNHaZQ_sKlT0xpMWLtQ,Ambessa,TOP,-484,4,4,0,687,0,-0.053386276743528416,-2195,-0.5962880725017695,-7947,-0.3392857142857143,0
KR_7529174477,9,200,b7J8avtDzmSPnmhLFnq-KHCQ9O8KiLVTn1geOFunJCYbdAh91tp4kiq1-cWDIdtvipAg3fnXSyMcag,Corki,BOTTOM,323,74,74,0,2236,0,0.03832776275237121,4671,-2.5244125907640758,-284,-0.10344827586206895,-2
KR_7529174477,10,200,JAbOgJqud3MLKTJGEC1NLBXFmb1BBT7mwrxge2YzG1TjukuLEJQPt1LPl5pXR_jNcSnBgrsZYGW2jQ,Elise,BOTTOM,-323,-74,-74,0,-2236,0,-0.03832776275237121,-4671,2.5244125907640758,284,0.10344827586206895,2
KR_7529174477,1,100,-D5DqRYaRA4pKtpxtnOg_5isyzu418GH_jZLtTB8aSwJCisN--TcKYSkavqJQuZcqRgEUMOIRqUf6g,Maokai,TOP,-244,-27,-27,2,-483,0,0.035206353529031204,-849,-0.11317355940461032,6866,0.33756805807622503,0
KR_7529174477,6,200,1xgbOOKvrmiVGxdyjO3uv-YrLravOiEz1yUuR_XhTcTB-4Y68ZGpaDBM95Eqoxwjiq_G8dcrX6tk_w,KSante,TOP,244,27,27,-2,483,0,-0.035206353529031204,849,0.11317355940461032,-6866,-0.33756805807622503,0
KR_7529300720,4,100,DM3MyIx8w6r6B2odV70tKF5_job4ulwbjs81bBCaCSpNWm0G75VkoZrFAIZw77SjZox_Sf3vwXnrVA,KogMaw,BOTTOM,1177,72,72,0,1176,0,0.22143607760529818,1540,-2.0625823161588914,10147,-0.0625,1
KR_7529300720,5,100,HHmNFCs7lweCjho0OJCbJ6KRQEvdKlQ0N-0a5GH0krgUfMgKUI6qUQKWlKXhjFMh_nN0ooPHDYuIpA,Lulu,BOTTOM,-1177,-72,-72,0,-1176,0,-0.22143607760529818,-1540,2.0625823161588914,-10147,0.0625,-1
KR_7529300720,1,100,0YTgaND915GGlWgHnhGIXDFbHOzbNAztFVkB8IeR6VIIVkm4mfFV_-YeGsvmzrNDBW5yfpcOOr5_YQ,Viego,TOP,53,-7,-7,0,-351,0,-0.098982092179663,3619,0.29129360276520067,-10026,0.14500000000000002,-2
KR_7529300720,6,200,_NPmcnxJmF6a6sAcSIeZn4cAEJymo5b6sJ6qPSqQXzcLq7GWJTdSwvOoCIuV3MRXIF_S1B12mTIOLw,Aatrox,TOP,-53,7,7,0,351,0,0.098982092179663,-3619,-0.29129360276520067,10026,-0.14500000000000002,2
KR_7529447110,2,100,1GOTQF0wwNJEUNhIGRvpFp9A-Rv-nfS9CeSwtfMTXRd5DJsYPAgtJm8r8xvZ9m_a_9C5cT6UagcpDg,Elise,JUNGLE,204,0,0,-4,28,0,0.08273589963857769,-392,-1.200744951132041,-914,0.1642512077294686,3
KR_7529447110,7,200,VOcw9CP2rX4UF8Jxew8XhwAOB06VSlyCwpMjR8JyjXnHstndKL789ME14lgG10WCPE27XCfTVqmFxg,FiddleSticks,JUNGLE,-204,0,0,4,-28,0,-0.08273589963857769,392,1.200744951132041,914,-0.1642512077294686,-3
KR_7529447110,1,100,uvPW0K_PMb__v5RtvtFNQCktFLBt1c57Yz1oU-LsIFpefRFwWlNnMVA4i5hrjY8nU7y8cWSCKYm7sQ,Rumble,TOP,-963,-20,-20,0,-1286,0,-0.027217042485619347,-786,-0.1855263468853139,-1945,-0.16908212560386476,-5
KR_7529447110,6,200,qWxfzJONKU02DjfGo91jaBBPIUx75IhklOj9-Zih6TJnrVi422NWJinMpmgY3KHpjQ_tMn3rhli0Ng,KSante,TOP,963,20,20,0,1286,0,0.027217042485619347,786,0.1855263468853139,1945,0.16908212560386476,5
KR_7529579288,9,200,-9KQTaVqoPT6s1ZOtbl9Xs9V8r00nc5mDjY_zvTvPy8jSYc14X1yyxamW4k3LNefjZi3pZikTqYAdw,Jhin,BOTTOM,978,68,68,1,1445,0,0.1430516228896858,4715,-1.4438243440164167,-1060,-0.27586206896551724,6
KR_7529579288,10,200,9XQlVDJQ8aS3vfE2S0qcWO2dyCIPVqvjg4qy_BvKHYO2tKsTtgcf-D08JFZRMFbD48Ni_gcCZ8trbQ,Zilean,BOTTOM,-978,-68,-68,-1,-1445,0,-0.1430516228896858,-4715,1.4438243440164167,1060,0.27586206896551724,-6
KR_7529579288,2,100,4EXcPdla87nVFJnrtiI7cUvapw7-AzRMcXOeZ6YhxMjTIIINRXq_x4iNevTKTYjfNYnqJQWy1mX59Q,Lillia,JUNGLE,-1468,1,1,-26,-1209,0,-0.13185495270473752,-2077,-0.08531800018925373,17626,-0.36699507389162567,-10
KR_7529579288,7,200,f4Iat8JWeiAwN-VxIf8jvX4Qb8GydWmmbJOI-fCzLG6gvSHyhlrVf1LRnCkcW8lBCN-bCPAkMtqMtQ,Zyra,JUNGLE,1468,-1,-1,26,1209,0,0.13185495270473752,2077,0.08531800018925373,-17626,0.36699507389162567,10
KR_7529706707,2,100,2aok56wx8iKTObec2KJg-qHPEcL2Z42wen54usy8N_Z6ZwWF__VRB29QpDO7y7wiEJf91DQNhQasTA,Warwick,JUNGLE,767,0,0,18,683,0,0.0493434923552398,3470,-0.9435638308863347,9029,-0.1696712619300107,8
KR_7529706707,7,200,5FZZLkzuM5aDJWhbiw6dpBAJR1tPJZxPX995JN6HrEl0AAGLr1uPANvBp5IUXoXHKlBxijP0X4UHTA,JarvanIV,JUNGLE,-767,0,0,-18,-683,0,-0.0493434923552398,-3470,0.9435638308863347,-9029,0.1696712619300107,-8
KR_7529792207,2,100,ynodGuRyk9qyqjfjk8XlL8nluWQmUOB4DLo-tGDWxG0383XPBT8Otd5dImyIcAqzlWBPSluKNS7E5A,Belveth,JUNGLE,357,3,3,21,1019,0,0.1014800116675339,330,-0.09319603460825854,10045,0.46035805626598464,2
KR_7529792207,7,200,F1CKrCODCnxZSuKwk8ntHh3_Hgm-LKxzJY2HFCcphFdAsyjqju6oKczUAwzXBlVn9vz7feZvR0wflg,Poppy,JUNGLE,-357,-3,-3,-21,-1019,0,-0.1014800116675339,-330,0.09319603460825854,-10045,-0.46035805626598464,-2
KR_7529857275,4,100,pwuF4_t8D_7eMK9wa1HplcCIq2iuQqtcHyZyRAktW8kXLYF_Bt4QTRJI65F7F9p4SAsciIVj-UIbEA,Varus,BOTTOM,233,67,67,0,2135,0,0.043818842739459185,0,-2.4878399133139983,-4260,-0.25000000000000006,-2
KR_7529857275,5,100,TEkQ9S42fJakv8m4N7qFC6nE3PyJBodRG9h1fomI5rwWgO2Kr96f5WUBiZOB1pB4_-CLFGYR3z9EIQ,Elise,BOTTOM,-233,-67,-67,0,-2135,0,-0.043818842739459185,0,2.4878399133139983,4260,0.25000000000000006,2
KR_7529857275,7,200,FBtxiFuWrOtJUbciefgXw4sI3srIuHaa3hiGTCs_L8uo1YTFQHGww-UvIO8q2WNgOUt8BZlv5946sA,Pantheon,TOP,799,-7,-7,62,1583,0,0.074746112625972,-4168,-2.542525665329576,4524,-0.14814814814814814,6
KR_7529857275,10,200,_8UujuP8pAHZCeAP3lrE6OqGXU1BQ04YPncScgLnsuBb0Ty2cSL8fi5vyPCjH0AZM5fiRvRmQEpCng,Galio,TOP,-799,7,7,-62,-1583,0,-0.074746112625972,4168,2.542525665329576,-4524,0.14814814814814814,-6
KR_7529913478,1,100,Xi1_F6Gto98WJGc9Zjl2pWFtglMgM68LieCtn2qII44f4rieyjCnyV9EDSVXhW09fNRcodBROeKJHA,Fiora,JUNGLE,-715,62,62,-73,-31,0,0.005939124084860803,7174,-0.39899677171320014,6114,-0.5,-5
KR_7529913478,2,100,4pyn9fEih9sHD0MKt3FBYcg7hj-vvaY5_JmYhQAgdFf2Vf4vMbNoHQ4n6rinf5tu2OLju0o07ea6zQ,Zyra,JUNGLE,715,-62,-62,73,31,0,-0.005939124084860803,-7174,0.39899677171320014,-6114,0.5,5
KR_7530065030,1,100,MIDCm22qFa1YuFcxFLaBkIs7KblaOevw8hA-tox8aDzf66TKnDvGEm2XJdQpVXBOGoBHqHLvp1nJmw,KSante,TOP,-780,-6,-6,0,-873,0,0.06001011053635358,-5149,0.00561036818393118,12398,0.002155172413793094,0
KR_7530065030,6,200,nAcxYyaM5Q6CFC4PECgvpnruO0Q8hPfSbn2pBEFvs_LaUzQsX_k8oN8XaiTujv6JOT159iM4OAqKrQ,Gangplank,TOP,780,6,6,0,873,0,-0.06001011053635358,5149,-0.00561036818393118,-12398,-0.002155172413793094,0
KR_7530175058,1,100,w9ASupfQ6swln0x04OUavLNlT_z7Bdfc8F49bmXSxnfoNmi1f8_aMCWg-baU2O-5j62uLHJteJiA4w,Jayce,TOP,226,20,20,0,376,0,-0.01885263054931069,7994,-0.2305872996799193,6139,-0.34375,-7
KR_7530175058,6,200,88g5Uo3KJNLWCUo6rkdC2L0f9K252Q8HbDzRbqcDOq-I5HELNSMQaGfjk9P4Z-QTXyOD6BeVXT6cww,Zed,TOP,-226,-20,-20,0,-376,0,0.01885263054931069,-7994,0.2305872996799193,-6139,0.34375,7
KR_7530258775,2,100,sVkBFHreREipk02-JalH4ZheSmyOlrpYVrDMIY8s5DQVA3WcG_xCZMxHOIwKvmsxjmGrcUs3AOAJuw,Graves,JUNGLE,-335,6,6,3,-161,0,0.1566473765358895,-3066,0.485874023518427,-8858,-0.03703703703703698,-3
KR_7530258775,7,200,oDMN9DIm-xW5Uza0VDbNoVtM_ybc3IVmvhfVjRjcN0I2Q2zIyMkAjUB2Md3ctwqHnpNag5ugSriHpA,Zac,JUNGLE,335,-6,-6,-3,161,0,-0.1566473765358895,3066,-0.485874023518427,8858,0.03703703703703698,3
KR_7530258775,3,100,ukI21XMPM9Rxx4W7bfq2LBLwDmuQ2a2pFHVh8JUHPwg8h3IDWTowKQOinfSVzlE1bDhA2vEQ5YRb8Q,Galio,MIDDLE,-1161,-22,-22,0,-680,0,-0.057151370967468806,-4885,-0.30033463756870205,7228,-0.03703703703703698,-5
KR_7530258775,8,200,1xkVX_knbVXNLKV4IA6FHWjQfPHdDxSsbJgUA3BTKC8PuFqOhhvIcIxN6-EeYgpH3kbXI9cRb0afKg,Leblanc,MIDDLE,1161,22,22,0,680,0,0.057151370967468806,4885,0.30033463756870205,-7228,0.03703703703703698,5
KR_7530258775,1,100,vocYUiUtt7P-Qk5xFa7WYjXlCJuDZYs_WB17-AOfzpahjQ2IsvXU5iTqXNsmNxBJJItr5aftUP0B4g,Ivern,TOP,606,-3,-3,0,331,0,0.13618677461127288,-2799,-0.49431394474653245,-7924,0.18518518518518529,1
KR_7530258775,6,200,jxv7ZRY2ekH0EhWH2OnWsWpgHF6_JhSz6gTdR-eoRpsBJDqMNiyhJ4sIz_LUrzRcnPd0Ug-tyDZIAQ,Irelia,TOP,-606,3,3,0,-331,0,-0.13618677461127288,2799,0.49431394474653245,7924,-0.18518518518518529,-1
KR_7530371440,3,100,-2-vwO3FCVEM4JBqDZZsc7KEpmx1hhf2CFi0cTl1GajBg3NP7ydBOLoAcdpci9XfxnFvKUaFvqcUKA,Viego,JUNGLE,-1111,-1,-1,-12,-611,0,0.043549679303448385,-1864,-0.16122913389704263,-6887,-0.03819444444444442,-6
KR_7530371440,7,200,SbeBWqC3xlh-42Dx6GFtyqMO6VzKOrNXX2-JN_ETs9B1CtNQ_lz6COTITXyYkvMb7scpVGXbUNuX3Q,LeeSin,JUNGLE,1111,1,1,12,611,0,-0.043549679303448385,1864,0.16122913389704263,6887,0.03819444444444442,6
KR_7530371440,2,100,T9uvQ6NOQfD2rICW0JcxayJ7xSa6-lkxE7-UozscY-NO1CBEMkhWpM9qLHV9zQdjwENfjSQzJRYA-A,Syndra,MIDDLE,-335,5,5,0,-227,0,0.09996895469668018,-1139,-0.4467592912536037,-6347,-0.017361111111111105,-1
KR_7530371440,6,200,1pp9VewFlomXur4t6_EsyhNshqwRBQ0oCFartRhkC2TqXFeLvVIsjqnpG_cPd_le2O6hTqgMHPCedQ,Galio,MIDDLE,335,-5,-5,0,227,0,-0.09996895469668018,1139,0.4467592912536037,6347,0.017361111111111105,1
KR_7530371440,1,100,45FTXK4jpVFtMjemwUPT8-ocyU5ws3dkz4eJhclwGufpkKDcoVtkvbnXMmw2y6hxYwYZ-QjKLEsA_w,Ambessa,TOP,-773,-29,-29,0,-308,0,-0.002832543121528003,-9502,-0.2811733471019525,11682,-0.10416666666666669,-1
KR_7530371440,8,200,oHGFq7JAA_WpC2I79u0qiQLtyAp05KUV9wVzKHVaQYYBtpRbJkybOOiP7217vQ4u31jNySD8ILiEPA,Jayce,TOP,773,29,29,0,308,0,0.002832543121528003,9502,0.2811733471019525,-11682,0.10416666666666669,1
KR_7530476294,2,100,h441MHT8F8EHW-J-e6tLRU5bVX5iWkjMy23Xc4j-18fyhZpaIsbTUatgto7Q0NzvNKiXfMygzoy66w,Ambessa,JUNGLE,143,3,3,2,-10,0,-0.0008300675761114817,-4472,1.0734662268655737,4944,0.020697167755991286,-1
KR_7530476294,7,200,j5N0X3S7Ro7mayM4i72Kov4hv9RXsxQamkpuzmhkkacEhwU-C5deCvEGj57Jb4q8x7CTJAlYbMhXnA,Vi,JUNGLE,-143,-3,-3,-2,10,0,0.0008300675761114817,4472,-1.0734662268655737,-4944,-0.020697167755991286,1
KR_7530476294,3,100,Mu-t7fC1a0-ztSi7VGyjw0TI_B1vCFMWxSyaVjk9WeeL2efDuuSsGBj0a0JC2iOFfuiRiBpQoVVFXA,Galio,MIDDLE,-497,0,0,0,67,0,-0.009940075692751321,-838,-0.17929271146578396,25392,0.09259259259259256,-2
KR_7530476294,8,200,CvTAlWpaMT5CRvoyPtFmbflSG3UYYnlXJ2O1e_Uynkd3DUr_marBtKboJuF8Sqbs7UCmemH_d2LjIQ,Viktor,MIDDLE,497,0,0,0,-67,0,0.009940075692751321,838,0.17929271146578396,-25392,-0.09259259259259256,2
KR_7530476294,1,100,N__WeIQ-xCxWSWpoLj1jhrnNzg5VU7l_Wo-Jo0RM_IICvJWEUNJJTMG7YVUK5taKVAl2jTA2_c2Krw,KSante,TOP,-1692,-25,-25,0,-1891,0,0.011519178554724396,-2455,0.02440983279538811,6039,0.03921568627450983,0
KR_7530476294,6,200,-MYOxGoS21BZViT48cXmOVwsv08QRfD9WRnphf7i-gh70YDdn0b8pOK-ehsjGVItRpTf4g360Pqo6A,Rumble,TOP,1692,25,25,0,1891,0,-0.011519178554724396,2455,-0.02440983279538811,-6039,-0.03921568627450983,0
KR_7530605473,2,100,_yTEsnNaBSOEXK75Tm4Iq4pKM8w157PWeMfcYpsCbnd4j85nQB5JSeYcsrXPVjndrdlYVLJWchb5ig,MonkeyKing,JUNGLE,311,-6,-6,9,-61,0,-0.029763588974520194,2504,-0.46829586921425514,7791,0.16163793103448276,1
KR_7530605473,7,200,2iG6QV0paIkYpuLYsBfB9EufJLach0FPJYBWLrk0Ca2E8ybP0AnwXbr7LfEkJPBBNuSsqmn-43gvEA,Evelynn,JUNGLE,-311,6,6,-9,61,0,0.029763588974520194,-2504,0.46829586921425514,-7791,-0.16163793103448276,-1
KR_7530605473,3,100,wc1Gf1cSJl6WS2bvd-MODCh42u1R_Spr_G3I8JeT-ZxqSDKcZxpEZ1PezCUc0cQakWB1DG7aNkRKvA,Katarina,MIDDLE,-311,-14,-14,2,-736,0,-0.011093726358260891,-403,0.36657444634208514,-13923,0.31465517241379315,-1
KR_7530605473,8,200,-5c492dzk9DfFuTiGHUIvLtGsij25IVEZcRhCPhXNN1NpvbJv39EjLTQbgGe6ZeJlPBtvKkBsJz_wQ,Yone,MIDDLE,311,14,14,-2,736,0,0.011093726358260891,403,-0.36657444634208514,13923,-0.31465517241379315,1
KR_7530605473,1,100,cJxlXno0fXa9REPfK8P0GIxFIrmEZVmgvb4hpztpbEVzrsUmgN-2OC9ELUhylyHsyWOdB4pXXdcxHw,Aatrox,TOP,-746,-23,-23,0,-473,0,0.013882472789259415,-726,0.19298125791525345,14007,-0.08297413793103448,-1
KR_7530605473,6,200,J1SypmCwDYqoEa-PZyNr481viyHME-X3GwfIUocxqpg27ZWLzHU74c1fklvAC4NFzQoZiMLMtoeA3Q,KSante,TOP,746,23,23,0,473,0,-0.013882472789259415,726,-0.19298125791525345,-14007,0.08297413793103448,1
KR_7530726020,2,100,tuNSxe4fqfFgcrwo1my1cSc7l3eL4uudPpeiUk3DfvAOB66V3P7c8oc01qbk-UDM1egOaS2SsRVDlA,Vi,JUNGLE,-380,-3,-3,4,-422,0,-0.038605858917041824,7353,0.1533668279765028,-8793,-0.08333333333333326,0
KR_7530726020,7,200,J0tBJu96_Lbgwy9-Yo6ke2EiuVCuVMsfVR_LNfkvLmgd3Uxazf-PcyxDw6VUdMKRX5PEkYvN6DHZqw,Viego,JUNGLE,380,3,3,-4,422,0,0.038605858917041824,-7353,-0.1533668279765028,8793,0.08333333333333326,0
KR_7530726020,6,200,nK0hubSFqdLDvnLLvEL4L8X26YM1QDZPvafOYsCFbhYMVWwQya60vtQptnuHerCGOzPEwfXoqMzaLg,KSante,TOP,249,42,42,0,1712,0,0.031848114132536395,184,-1.9042572650857914,46,-0.16666666666666663,2
KR_7530726020,10,200,fuLZOlEoYDtJ8lOnsLymNaAn95sccl2sB7H_uiaIrHbdM31ZdiWDP0tln3lC3lbSVdLqhHVCDf2aVA,Nautilus,TOP,-249,-42,-42,0,-1712,0,-0.031848114132536395,-184,1.9042572650857914,-46,0.16666666666666663,-2
KR_7530875544,2,100,8k0xPrRgny34SX0o2S-S8jGR5UYKDi32Urrm0TmtVj9D9TuCx_-gCSpuR-SRAhp9CsLg93btEbabHA,Darius,JUNGLE,-983,3,3,1,-59,0,0.01749782459511509,-1064,-0.16088704160064804,4789,-0.06907894736842102,-6
KR_7530875544,7,200,TC9ip57j84E461uMaffxqd873Qq66Y20W_18mCSR3UyXILOUhez9mksReNfYRP-SfQHeKmf5lf2r7w,Vi,JUNGLE,983,-3,-3,-1,59,0,-0.01749782459511509,1064,0.16088704160064804,-4789,0.06907894736842102,6
KR_7530875544,3,100,-2-vwO3FCVEM4JBqDZZsc7KEpmx1hhf2CFi0cTl1GajBg3NP7ydBOLoAcdpci9XfxnFvKUaFvqcUKA,Azir,MIDDLE,-1064,-21,-21,0,-700,0,-0.029425812831827103,-3127,-0.529412921577592,2104,-0.14802631578947367,-1
KR_7530875544,8,200,Re2k97yK9Tr1yOH6FAHcK7za-cP8L7BMXVbJ1HAhixpxRdmRCBVjtVaOYFCIrSGw3zN6dL1NFBhj7g,Leblanc,MIDDLE,1064,21,21,0,700,0,0.029425812831827103,3127,0.529412921577592,-2104,0.14802631578947367,1
KR_7530875544,1,100,SUC-_TVeNFq7J2hGuUmmxZ4lAP0KZp6mjLNjJ7yq1PtN9zKU3N5UAV6VNDKrjtQCcLzxZujpSSqJfQ,Ambessa,TOP,-224,-6,-6,0,-74,0,-0.019201869901229185,-11388,-0.23785297813105433,9536,-0.11842105263157893,-2
KR_7530875544,6,200,FfCcoh7b2HcRnA6xUm0gwedCoSIndbowdOIF4PaNclDJs1zY0wlzMiYOhDfZq5FVtpzjVgL4Detp1Q,Jayce,TOP,224,6,6,0,74,0,0.019201869901229185,11388,0.23785297813105433,-9536,0.11842105263157893,2
KR_7530995998,2,100,VFQYUHgATnnnk4eKHMC_a603BhtR-V51DktZMA-TgvF0eACWq2Co6pu9xzaG1XOl569kGWUNnGfnTw,Darius,JUNGLE,845,0,0,26,613,0,0.0498593978774686,5103,0.8300198606357694,-579,-0.028571428571428636,4
KR_7530995998,10,200,fAEZTDGcRvXKmE4od4bVdtV1lXjs8sQJvIaOEOiYAZQ1FZuc0wJEcPEiNN0jNooWDwInTSG4LEAvkw,Skarner,JUNGLE,-845,0,0,-26,-613,0,-0.0498593978774686,-5103,-0.8300198606357694,579,0.028571428571428636,-4
KR_7530995998,3,100,pRL_id5670vnvL1Xx6DNqgEKUWyvH4Pm8PD2gsIu-oyjHb9lMqS7wQxkgd_kvcJGTLT2R_SZsicX6Q,Hwei,MIDDLE,1338,23,23,0,1647,0,0.10563315873240411,10934,0.028825719568488783,-11519,0.05714285714285716,4
KR_7530995998,8,200,cfzwY3LH5Pu1mYL6yUXWDd14GyCm2aa9MXG4xnnDWlwk9JLZtdOVvsePimQjPsP1QuGyA58YI6Sz0Q,Ahri,MIDDLE,-1338,-23,-23,0,-1647,0,-0.10563315873240411,-10934,-0.028825719568488783,11519,-0.05714285714285716,-4
KR_7530995998,5,100,b6tTIZnA6Ft_UEHFcijLy4XPvwEQTR2Y2TaHIcY509BJjlA9_G19CKtH1jYnLVJsr0t0JMK1fdeqaA,Volibear,TOP,1027,7,7,0,275,0,-0.030465575527031497,7117,-0.06154288415661824,20080,-0.1428571428571429,-2
KR_7530995998,6,200,D5ug8m_LcAuwQKfs6ARAUyb4CBP5iHbZPcgL5-Xf8ZFctBtDNoG8ZJTk9uPYBYnmnzL_gKg6OmNgFg,Jayce,TOP,-1027,-7,-7,0,-275,0,0.030465575527031497,-7117,0.06154288415661824,-20080,0.1428571428571429,2
KR_7531076884,4,100,YGptVtf2AefP8yAQllaPRj3O7JNZxXVuEdJ19w7wBmolIAmQq5aPssUtSpZ8qh0uneIQpt1t7gpn8w,Ashe,BOTTOM,259,49,49,0,958,0,0.14385623483291082,4269,-2.4076921296058926,1601,-0.042229729729729715,8
KR_7531076884,10,200,m3B40bKiY4qHtAl_ZRxupH3AFtWqh0uWGp7PaPdhovUIdlMcK77fa0CcXBIVLesQTwmZRbqwDXVlrQ,Bard,BOTTOM,-259,-49,-49,0,-958,0,-0.14385623483291082,-4269,2.4076921296058926,-1601,0.042229729729729715,-8
KR_7531137864,2,100,EtsneL9NHGA1jc4i6TWI0hzv8nhtGoaWf4sREMwOABt2GQMd1pUjW2g0NC91pZUxMEj7uGvSL7PHYQ,Vi,JUNGLE,-29,-62,-62,67,-564,0,-0.1186881280392133,-1494,0.08995142169485626,-8963,0.048534798534798584,-1
KR_7531137864,6,200,SUC-_TVeNFq7J2hGuUmmxZ4lAP0KZp6mjLNjJ7yq1PtN9zKU3N5UAV6VNDKrjtQCcLzxZujpSSqJfQ,Renekton,JUNGLE,29,62,62,-67,564,0,0.1186881280392133,1494,-0.08995142169485626,8963,-0.048534798534798584,1
KR_7531197397,1,100,m3EKB0iH-S345YGKzz0V1hnCHOhj3sRD9cAlC7ffu06HA3eAYoxo8qYiyv17RiHmjy2GgNl58xWUcg,Gnar,TOP,-1013,61,61,-66,984,0,0.016567089340802116,4226,0.10742111529052556,3808,-0.1473214285714286,-6
KR_7531197397,7,200,1PJZ_1Jw3iwINLFTrhAxt3edJXOHx3c2y9ML80ylYf5yTazZc1YuQpzFt2ecj1bvvXvoFHDNtpiW2w,Graves,TOP,1013,-61,-61,66,-984,0,-0.016567089340802116,-4226,-0.10742111529052556,-3808,0.1473214285714286,6
KR_7531337476,3,100,775n-v7VZXb1yaqYS6F39USG2pYy3oa7ZOd8DKoZPl2TV6mJypSAUZnHfs4MUZRp5sfK01njZjsbGA,Veigar,MIDDLE,-577,51,51,0,1332,0,0.006877929539504474,8092,-2.6049798082589386,-6196,-0.18750000000000006,3
KR_7531337476,5,100,H44mc1mskJjfMjLVSmRJ0_C8cO_HB_mE6EPxuHUnVmSxndP999sGtd0xWdeL8oFbRQcEkp-8hQ7Sfg,Camille,MIDDLE,577,-51,-51,0,-1332,0,-0.006877929539504474,-8092,2.6049798082589386,6196,0.18750000000000006,-3
KR_7531337476,1,100,Jgq44nzeCJ591f8EkcrX4g44iCYbH2mOQAtZDsfKJAjVnnV6dprxHkRculCA1MHbBWvH5CqqYF5qmg,KSante,TOP,1239,30,30,0,2220,0,-0.073198955831251,-2747,-0.41622801079719307,3018,-0.21130952380952378,-1
KR_7531337476,6,200,kl-tGf8jx3FpGALjv-__zuQqyskkHtvuzAjLO4lIb-kL5LNicgJnMtrg8wA7uR1B6bArAy96d0nSHw,Quinn,TOP,-1239,-30,-30,0,-2220,0,0.073198955831251,2747,0.41622801079719307,-3018,0.21130952380952378,1
KR_7531437993,2,100,YUhI_nVpQzqp8lTnd6Fzs2_FWc5Vs8eemdP1EwYTy4VqTwuF-Na0WEhlCxmF3kE344wc1Y-VT1D89g,Nidalee,JUNGLE,783,0,0,2,536,0,-0.047411717224009914,-43,-0.1996187006608292,602,-0.19659442724458215,-5
KR_7531437993,7,200,jbU5_tg58YSmtiUxnp55sDhcb2088nFhG0lmXU5hrW2qFe82V6wg5qwV53PjPXOhfP16d4MX0BbywA,Graves,JUNGLE,-783,0,0,-2,-536,0,0.047411717224009914,43,0.1996187006608292,-602,0.19659442724458215,5
KR_7531437993,3,100,M-uk23U9KoKUFPjEccuoQGEBWrU8pulXPcL0Ks0VBY9P9u__8KnjoPEFnMbj9HYeIDS3M9W1sEC7XA,Xerath,MIDDLE,-321,-3,-3,0,331,0,-0.029546010137849216,-6172,-0.09361384566509157,-723,-0.03250773993808054,-5
KR_7531437993,8,200,laSzzsfgrAPp3NIO4b4P1kKvNwwd9wxmwNBgXTXBFc_zA7YixSr1Pm7y6_l2Hj23vh76DLKOApEWdQ,Veigar,MIDDLE,321,3,3,0,-331,0,0.029546010137849216,6172,0.09361384566509157,723,0.03250773993808054,5
KR_7531437993,1,100,V_5AzMpuEDbZcQ2PIEHDxMrUVV1WOEc-wPqr32aGR1XaLpxTtFtztTq-Io-D-euDuGhG0f2X1qwDSw,Jayce,TOP,-570,-15,-15,0,-176,0,0.001479169336767172,-8980,0.3444990591102427,-9257,-0.02012383900928799,-3
KR_7531437993,6,200,uupOHdCkmdYB-1W3fVeOB7wQ6YXGlFbfdYPqdPG5tLFhxDZEc0DsR4BOutfnO3S4Re76A9Ouv8rGTg,Tryndamere,TOP,570,15,15,0,176,0,-0.001479169336767172,8980,-0.3444990591102427,9257,0.02012383900928799,3
KR_7531540334,1,100,H810SeOYUwgGaXwPPgVfzpjR7ss0hRFvP5-8idgocCOFk7r7-FWOPLtvWsm9-fk6fCon6O_Jv-YF4g,Ambessa,TOP,-354,52,52,0,1389,0,0.10837005229043867,865,-1.5478228627715012,-1694,-0.2785714285714286,-1
KR_7531540334,10,200,U9CEInB_kvuuCdixnSas5XLhBwmv3YWTdz3fr6aYbMI2jBS3-90NgGUo4J-Y7FGgJ9mBZBi6Qnpe2Q,Pantheon,TOP,354,-52,-52,0,-1389,0,-0.10837005229043867,-865,1.5478228627715012,1694,0.2785714285714286,1
KR_7531706583,3,100,_2Ode_9zHgOVnKQjQvSGjTZe88nLATjVhNVSkPhOKmN1znYudOfrQsgF8yoVJDdlB8vJJyHut5EwXQ,Galio,MIDDLE,-585,-15,-15,0,-586,0,-0.012368729004277712,8085,-0.12191863901558708,1990,0.06993006993007,5
KR_7531706583,8,200,wOWWUB2EsvUXtXcpzq-N75HFdpC_uBJMiBV-3e7YTIzXqfJL1Dz2omZy3RW1LM8plHQIE8G4HDlDvg,MissFortune,MIDDLE,585,15,15,0,586,0,0.012368729004277712,-8085,0.12191863901558708,-1990,-0.06993006993007,-5
KR_7531790241,2,100,fAEZTDGcRvXKmE4od4bVdtV1lXjs8sQJvIaOEOiYAZQ1FZuc0wJEcPEiNN0jNooWDwInTSG4LEAvkw,Nidalee,JUNGLE,121,1,1,-6,40,0,0.06197579859286159,-56,-0.268732524430513,-499,0.12612612612612606,-4
KR_7531790241,7,200,_NPmcnxJmF6a6sAcSIeZn4cAEJymo5b6sJ6qPSqQXzcLq7GWJTdSwvOoCIuV3MRXIF_S1B12mTIOLw,LeeSin,JUNGLE,-121,-1,-1,6,-40,0,-0.06197579859286159,56,0.268732524430513,499,-0.12612612612612606,4
KR_7531896061,1,100,8na7Cuwz0mupL23w52aq5RFmkLRGF2L3Kj2ESlxfkIvagjNb0UdI4mSnyG5O2tXTdkoN5C_5hrFRxw,Kled,JUNGLE,-223,55,55,-61,1162,0,0.08058354261919529,2652,-0.5813658615217567,3347,0.2142857142857144,6
KR_7531896061,2,100,-8YlzIhTEdyy_6jjnod65Wp4rZTNaYMl2EzzH5UEQP09gdtkMFos51NCea4k7WWp_rfr47oFM5vLMA,Kindred,JUNGLE,223,-55,-55,61,-1162,0,-0.08058354261919529,-2652,0.5813658615217567,-3347,-0.2142857142857144,-6
KR_7532004958,1,100,9FrJ39-n3IJwtjlfHeSRxLQYJFUi65Yog8reCLUcuILClU4-rdVvbLMy7FFQcjjy0vCHiHPDpIFRuw,Karma,TOP,652,12,12,0,698,0,-0.006092593722518691,-3223,0.5030823141968469,-21349,0.10129310344827591,1
KR_7532004958,6,200,1pp9VewFlomXur4t6_EsyhNshqwRBQ0oCFartRhkC2TqXFeLvVIsjqnpG_cPd_le2O6hTqgMHPCedQ,Olaf,TOP,-652,-12,-12,0,-698,0,0.006092593722518691,3223,-0.5030823141968469,21349,-0.10129310344827591,-1
KR_7532265250,1,100,Ub1VHsM1B0m1ctinxNljs2OZOvOXjP-fyZSQ3KxVgR_U1FnmEC1wzHDCP5JM4Vs6vuavFGta0WvxBw,Sett,JUNGLE,-929,64,64,-62,318,0,-0.054949837747793995,11129,-0.24183221695100898,1028,-0.30000000000000004,-4
KR_7532265250,2,100,lYjiL4zWXVmePQAy9bnNRcA8MNkKJf-taUO4yTA8NNmWFJ5QqkYMPgZuafRl68OYBEI75jye2fXVCQ,Rumble,JUNGLE,929,-64,-64,62,-318,0,0.054949837747793995,-11129,0.24183221695100898,-1028,0.30000000000000004,4
KR_7532265250,3,100,f7zP2MPZbrBcdNEI_Y0bYiPb-HAGcpDVFWjZmpoPAG54cPBDR3dKzc_1EkbTxV8Zucyyzm1N3_XlNw,Irelia,MIDDLE,1089,7,7,0,58,0,-0.02396473439907859,1576,0.07404333542571917,5666,-0.3,0
KR_7532265250,8,200,f1_Vpw7ZXTsYHv9BlpQ-mF9VwGZmtaPLICcFqbAzLKVT3ITFgJ0HMCNDqBNPkIopAtD61omFsvpupQ,Akali,MIDDLE,-1089,-7,-7,0,-58,0,0.02396473439907859,-1576,-0.07404333542571917,-5666,0.3,0
KR_7532265250,6,200,3FgzhS6joM3KGGc9w64RN3aY1Kue3GjAaBRw0NS6IpGfpGXFaEi9QhJwEjuXiHUYn3z9c1mX-tbQvw,Riven,TOP,-1335,48,48,-59,575,0,-0.12040014015040892,577,0.032252522190879596,2844,-0.44999999999999996,-8
KR_7532265250,7,200,1kdwoLfx-o9kGul7m-wdP-jifihLRz0-qptu-7ti0VrDaW_AaOKJ0vavUKGoFwQ2AKEg2j3dr-qWZg,Taliyah,TOP,1335,-48,-48,59,-575,0,0.12040014015040892,-577,-0.032252522190879596,-2844,0.44999999999999996,8
KR_7532404428,2,100,v9i-vVA86e3YH6sWEvSc3pISXi9_wExo-USZd4MEiiAcsZu_dioqn5NxwnH6hty0BEc77qoFg4eINg,Vi,JUNGLE,-316,-83,-83,52,-1781,0,-0.0625371820224426,-8483,0.26898268758410127,5959,0.28823529411764703,-1
KR_7532404428,6,200,1VJbF67fK5x3G5aiG72c9BrJTDjnOsIe4_OArCQG5bTxwRwOROm4vT2N-NVKm_kz131hzlfGhZskSw,Gwen,JUNGLE,316,83,83,-52,1781,0,0.0625371820224426,8483,-0.26898268758410127,-5959,-0.28823529411764703,1
KR_7532529544,3,100,oGXiQYR-Bbc5hdzEDSI2NkKKj_UAsM0Zv4BNlkTQKu91QSMIijW4bRzwwgwBc1I-tD0ubPXUCHj6Hg,Ekko,MIDDLE,333,62,62,-46,1394,0,-0.012753344161233221,-544,-0.5748494553004293,-1402,-0.09333333333333338,-3
KR_7532529544,7,200,FBtxiFuWrOtJUbciefgXw4sI3srIuHaa3hiGTCs_L8uo1YTFQHGww-UvIO8q2WNgOUt8BZlv5946sA,Pantheon,MIDDLE,-333,-62,-62,46,-1394,0,0.012753344161233221,544,0.5748494553004293,1402,0.09333333333333338,3
KR_7532631678,2,100,FBtxiFuWrOtJUbciefgXw4sI3srIuHaa3hiGTCs_L8uo1YTFQHGww-UvIO8q2WNgOUt8BZlv5946sA,Pantheon,JUNGLE,-27,3,3,-3,-71,0,-0.004868035803957782,2184,-0.697265467848756,-2549,-0.11494252873563215,4
KR_7532631678,7,200,bQAqfDa1TJT28ZpNCM68S6ujvheTNGVDEOcdL2rWuI47XTlzWytzFwJie9V5vhmbKzXvLdUZYmxIXA,Nidalee,JUNGLE,27,-3,-3,3,71,0,0.004868035803957782,-2184,0.697265467848756,2549,0.11494252873563215,-4
KR_7532631678,4,100,FiqtrFPZoDDaexpfe-h_S9kOH77-HDSkwltEX0zbRXbyfLxkV4QIso_BdcIqbjSwcJo4e6G7xtlM7A,Aurora,MIDDLE,358,6,6,0,235,0,0.016854709473525964,1786,0.6290195798413455,-5641,0.15172413793103445,4
KR_7532631678,8,200,FfCcoh7b2HcRnA6xUm0gwedCoSIndbowdOIF4PaNclDJs1zY0wlzMiYOhDfZq5FVtpzjVgL4Detp1Q,Annie,MIDDLE,-358,-6,-6,0,-235,0,-0.016854709473525964,-1786,-0.6290195798413455,5641,-0.15172413793103445,-4
KR_7532631678,1,100,RGGd1J5sza89QFznhdu7ZnjYtOWnpl4nrej9OL48Vyh3fySZDEZ5a_LmTXH2Ewmr7v5kumCqRvTF9g,Irelia,TOP,362,8,8,0,544,0,-0.013639491999337783,9488,-0.41624141280992516,14538,0.01149425287356326,3
KR_7532631678,6,200,LzI6XJWK1Zm8_YkQSFOjhRB1KbSgFYX9Nb6mLUMoh9OO9jjnggGiC-kisY6asURaDd0mA8KVIm0TYg,Gangplank,TOP,-362,-8,-8,0,-544,0,0.013639491999337783,-9488,0.41624141280992516,-14538,-0.01149425287356326,-3
KR_7532718296,2,100,Bl56JSEuA_lG0t1uxnI1x--Q79YwJ5Yj6j1YcWtNdrrBsqp00dnYNJHaE5Mx2_iGAtp8WEnFmGSLaQ,Vi,JUNGLE,-1259,-1,-1,-28,-1145,0,-0.0934448127085811,-3450,-0.32483396642272866,30201,-0.2645811240721104,-6
KR_7532718296,7,200,xB-a9PvFmxU_vdqvfbBy5PzgGD3FY1tsz9ZnqJXE_UG1eVZWdPngxxRhs_PKdrKhPyLAvaWgx2dnBQ,Zyra,JUNGLE,1259,1,1,28,1145,0,0.0934448127085811,3450,0.32483396642272866,-30201,0.2645811240721104,6
KR_7532718296,3,100,LzI6XJWK1Zm8_YkQSFOjhRB1KbSgFYX9Nb6mLUMoh9OO9jjnggGiC-kisY6asURaDd0mA8KVIm0TYg,Galio,MIDDLE,-443,-18,-18,-1,-688,0,-0.117834025919143,-1763,-0.15532078654583936,-19090,-0.13944856839872738,-7
KR_7532718296,8,200,7SLto2ICAtmuNjC0Ug86-krsMRdTMplkRO-oKZlfCxilJzO5EpOWHpdpGOG4cwd19ySaCmhEaSifzA,Sett,MIDDLE,443,18,18,1,688,0,0.117834025919143,1763,0.15532078654583936,19090,0.13944856839872738,7
KR_7532718296,1,100,Xi1_F6Gto98WJGc9Zjl2pWFtglMgM68LieCtn2qII44f4rieyjCnyV9EDSVXhW09fNRcodBROeKJHA,Fiora,TOP,45,0,0,0,-125,0,-0.08203745259249931,9527,-0.2198586160755791,16448,-0.20201484623541888,-6
KR_7532718296,6,200,SUC-_TVeNFq7J2hGuUmmxZ4lAP0KZp6mjLNjJ7yq1PtN9zKU3N5UAV6VNDKrjtQCcLzxZujpSSqJfQ,Ambessa,TOP,-45,0,0,0,125,0,0.08203745259249931,-9527,0.2198586160755791,-16448,0.20201484623541888,6
KR_7532781570,1,100,0yv03mx4EZK5_Ra0CH_Z5IENDKo8UgzQqoIz3D24jaGlmBNNlRoM_-qwqavQ_wezW3HkgOknqLTerg,Urgot,TOP,-671,-33,-33,0,-701,0,-0.0028084406814342933,-12508,0.025185902518775838,-8223,0.1095238095238095,2
KR_7532781570,6,200,Xi1_F6Gto98WJGc9Zjl2pWFtglMgM68LieCtn2qII44f4rieyjCnyV9EDSVXhW09fNRcodBROeKJHA,Fiora,TOP,671,33,33,0,701,0,0.0028084406814342933,12508,-0.025185902518775838,8223,-0.1095238095238095,-2
KR_7532860533,1,100,89HdGd_BC4o2sfAWV6Ua8L8nNXCnCXA4XYU8sEoIdsEqyPI4qKWSn9MD3TM01IFjD39_hqg23dzU1w,Kennen,TOP,856,19,19,0,718,0,0.002397624030677087,-7321,-0.16141035894060085,-13387,0.09243697478991592,-4
KR_7532860533,6,200,rZEHhJ0MKCVzQnpp47P0u5bLs5E5DGGA2JP3q7Bp9fG_nyo6Q-cywKDsLjbPHLSu4644wXPrifzUNA,Nasus,TOP,-856,-19,-19,0,-718,0,-0.002397624030677087,7321,0.16141035894060085,13387,-0.09243697478991592,4
KR_7533013770,2,100,B_wpu2Rfpfdc6YMRGCQXkiOSj8O57joLtlmsPwJ5LhXZHXoeYpXaWOwmef1ZJMd_EuPegDfwuGC8ig,XinZhao,JUNGLE,587,-1,-1,12,567,0,0.010375391800183514,3226,-0.43766880467151703,9280,0.05357142857142849,1
KR_7533013770,7,200,WTfyqipJlepwWsAozB2lg5rzjlPzLHKRNhKEEcFTiIAJvO0OmI6zMD5m9OxyK24KgrqVmk2LJHTRVA,Zed,JUNGLE,-587,1,1,-12,-567,0,-0.010375391800183514,-3226,0.43766880467151703,-9280,-0.05357142857142849,-1
KR_7533013770,3,100,rG5ESmkpudQ6q3k22n7lK_KzxeHKev4d8XO7gIN_fzzMdI3mWZijd1c75NOUS1VFbqQnEOpt_mAP5g,Talon,MIDDLE,-17,11,11,0,661,0,0.052978224845583205,746,-0.33599511550793937,3670,-0.0892857142857143,-2
KR_7533013770,8,200,bw3NQ1E4PpEJTBBFqcL3qDOipWiH7itOhXIkJY8uIRSQePpQE3TPbvc3oYAwBwmzq_xdTTQs0UxXBQ,Fizz,MIDDLE,17,-11,-11,0,-661,0,-0.052978224845583205,-746,0.33599511550793937,-3670,0.0892857142857143,2
KR_7533013770,1,100,PWqGU2vw-Fk452S1cRnChzIoBpwqK4vezqgUc1SMfNEMSycVU65zo-5zvQr0Fyrz06Bhh5ZoelXCuA,Jayce,TOP,-369,-4,-4,0,-138,0,0.032837033692357936,3463,0.1360012807284674,-645,0.05952380952380942,0
KR_7533013770,6,200,rgjMFrIld291G5Org4J8YXtN916kxgbIAJU4Zsm1QjhhOPj6uoiF_VZglM4ElahD6CgNaXpo6sXcrA,Aurora,TOP,369,4,4,0,138,0,-0.032837033692357936,-3463,-0.1360012807284674,645,-0.05952380952380942,0
KR_7533188939,1,100,5OPJrxkmRZbJFjiNFl9d9ImIox03KLAOXYeOE7IHInab-j6XVO9Ykh97MvoViDKa6pz7MjvRW7w08A,Chogath,TOP,-1124,-15,-15,0,-1306,0,-0.1032180941294536,-16283,-0.20357929248323914,20338,-0.16666666666666669,-5
KR_7533188939,6,200,T8tLvTlFi379ZYVL8ZDM8BYF9GRQcvQqevn8Zs3Qqdvj4bdkG0u2M0FnmEPVfw-YZPW7We6vQeH1Qw,Jayce,TOP,1124,15,15,0,1306,0,0.1032180941294536,16283,0.20357929248323914,-20338,0.16666666666666669,5
KR_7533329985,1,100,r2T_aiVqEs1JIVZSH5106vG1VDr7qwvcAaYz_1NQd8PYXCm3GQ7_6JpuVLjDUsq56bkDdpSjgUQu8A,Aatrox,TOP,349,12,12,0,885,0,-0.014225645781804491,281,-0.34756837608882263,2661,-0.06552706552706558,-2
KR_7533329985,7,200,ZsKl0bkB9lFx-tdYvLLN_VfHmwThI3SuAVuIZOPviYzPrigw7QVpO5cktaOiS3bUszw--Ag5KIhVHQ,Olaf,TOP,-349,-12,-12,0,-885,0,0.014225645781804491,-281,0.34756837608882263,-2661,0.06552706552706558,2
KR_7533470622,2,100,9QP6aVJNgEP4-0RyvoKZ05124OUWJJmDsu-Nf3NLywSLIHK0pbHI7Ou7aNhKt8LYMyaXXhUOUlftag,LeeSin,JUNGLE,-467,-1,-1,14,372,0,-0.029279920344739807,894,-0.06847437076856067,7094,0.04179566563467496,-2
KR_7533470622,7,200,iTUdCvtLLqXeuASxOCgsKW1Z72qvJWiSfN3GUAxz6JRSCISTA4UaDzAOhVhKsiN8AO6KjuYZZU4qPw,Skarner,JUNGLE,467,1,1,-14,-372,0,0.029279920344739807,-894,0.06847437076856067,-7094,-0.04179566563467496,2
KR_7533607975,2,100,CMQh_Zinw2JVOobJ47NU7BtGbsrUTNykkrvRikOPwxLNwvGd-le2MeSJhUpucur3A-z3Xr6LpLytYw,Kindred,JUNGLE,1329,2,2,0,349,0,0.2083201627434237,9893,0.16288067342637458,-3753,0.2582582582582583,14
KR_7533607975,7,200,9dmwwwTsAkU2RoNdufze-rKHNk4Hio81w5LjIfN8B9JBMpfECm1GKciXv1voE42JJiKCcInwjKi1qg,Viego,JUNGLE,-1329,-2,-2,0,-349,0,-0.2083201627434237,-9893,-0.16288067342637458,3753,-0.2582582582582583,-14
KR_7533607975,3,100,xFsE2ElpwU_tAcdxz6Mz6_11iJ56VipbJ0i_SJQosYGVIWxaYks7Rclsg-iEXijlp4lMkxwhoBISBg,Sylas,MIDDLE,852,-9,-9,0,-220,0,0.05789623771202482,4781,0.6600734810937335,2693,0.23423423423423423,8
KR_7533607975,8,200,eE9YQM8Z62v7hhajjHt9pnIbLdWsRmOhLhK9juipN56FVmdAmmypZ1sJ5uG2DdFiINwnER-RWPwnJA,Galio,MIDDLE,-852,9,9,0,220,0,-0.05789623771202482,-4781,-0.6600734810937335,-2693,-0.23423423423423423,-8
KR_7533607975,1,100,5zgpLh4rkHniikZaDzVt9pN5VF8OQVtP1p9PAf4tEbXJ98cO2Qkl08XZDinLIi5t2VlATd851JMwbA,KSante,TOP,-361,-6,-6,0,-305,0,-0.09989965202303122,-3016,-0.17638662072727118,-3549,-0.009009009009009028,-2
KR_7533607975,6,200,yWe4CWdVMz6EY31xxjwkX0CwqBEe8k0wtt8wNUUvo6Rtx4YsS2QXk6fXlXMBCNUodOTbzwjhUYsC2Q,Ambessa,TOP,361,6,6,0,305,0,0.09989965202303122,3016,0.17638662072727118,3549,0.009009009009009028,2
KR_7533756581,2,100,I9iXx2ebbhnfei1OEDCkjc1NtCOAT_bi6j5nADaxxoJroUTBe-16_wH_6hl6LGmye4Vabss35Mw3PA,Hecarim,JUNGLE,1562,2,2,-3,637,0,-0.1438942317228192,6482,-0.5062051362545635,-11573,-0.06428571428571428,-1
KR_7533756581,7,200,EtsneL9NHGA1jc4i6TWI0hzv8nhtGoaWf4sREMwOABt2GQMd1pUjW2g0NC91pZUxMEj7uGvSL7PHYQ,Sejuani,JUNGLE,-1562,-2,-2,3,-637,0,0.1438942317228192,-6482,0.5062051362545635,11573,0.06428571428571428,1
KR_7533756581,3,100,7V2RNguHCy1dNaOx63_DQUrHQ0yrIP6HQjgFkCshWXnhl42fg223_O0Znq8Yf_9D4OHH832x_iQ0qQ,Orianna,MIDDLE,1168,26,26,0,1160,0,0.07199142294469271,5578,0.38852972720704937,-20974,0.3419642857142857,4
KR_7533756581,8,200,eUZqfnP3XP3-DlRscpXJzXPj4aXI-oCJdd5InixEPsvvY-RvGTFmPdQNFcq8_ZibmFQ0IKHEXAjwNA,Yone,MIDDLE,-1168,-26,-26,0,-1160,0,-0.07199142294469271,-5578,-0.38852972720704937,20974,-0.3419642857142857,-4
KR_7533756581,1,100,yGrbzwT0U55q8EgDMBk_zvle7ALYh-ToZGlAv1S1e_aMfHCc29BsLvjyBAH2WgUuqT79-LW02MeArw,Rumble,TOP,1200,23,23,0,493,0,0.062295186241005884,379,0.17920788235414514,-27565,-0.025000000000000022,2
KR_7533756581,6,200,XSENFzSacOWiyWy5fcg959UAcCho-0g8wJ-C3g1_yleFLqAQhKQP1t7VMjqUObWeI6fSEPc5Q2hD1Q,Ornn,TOP,-1200,-23,-23,0,-493,0,-0.062295186241005884,-379,-0.17920788235414514,27565,0.025000000000000022,-2
KR_7533899833,5,100,2aXB-QZaz0rIw_PwXnCZwZdyAGovuA2aLys6QRVnHSNL70BaM-6czLKrlWQSgcmAlfW082evfYZEGQ,Vladimir,TOP,-291,-3,-3,0,-465,0,-0.14594219299821337,-3569,-0.3895968819936535,6644,-0.26094276094276103,-5
KR_7533899833,6,200,ZJ73TuyurEawfD2OswxvMhUsxePokstsQbrHPdHg2XDJxyErS7yik45SPTmWtjZPA1ZF4xjocCE82Q,Aurora,TOP,291,3,3,0,465,0,0.14594219299821337,3569,0.3895968819936535,-6644,0.26094276094276103,5
KR_7534091677,5,100,E42u65eNMkDtSpxhBnP8ZxEBG4JEpWDfhKhR8jNd7gJ63VoA7e-TQgKMDB1_vjiHlIu9u2fZi1E-Xg,Seraphine,BOTTOM,-261,-44,-44,0,-1561,0,-0.012850770766204084,-1882,2.0681696262836087,-8213,0.49777777777777776,0
KR_7534091677,6,200,uupOHdCkmdYB-1W3fVeOB7wQ6YXGlFbfdYPqdPG5tLFhxDZEc0DsR4BOutfnO3S4Re76A9Ouv8rGTg,KSante,BOTTOM,261,44,44,0,1561,0,0.012850770766204084,1882,-2.0681696262836087,8213,-0.49777777777777776,0
KR_7534236687,1,100,IDohDRdLRSKC2GlLpCgFCRZUElPVlVeiw5by0z4vmEwOif66BKfVTQoA_e3Kp8hMRG4vHx3e-lrLHQ,Vladimir,TOP,199,17,17,0,348,0,0.0890731953357975,-2498,-0.3467622221117038,-7747,-0.15151515151515152,-2
KR_7534236687,6,200,T1ItW2ozSiVTBGyaXxYTVlIblTfF9NrDPAvP8CS7mGF0eMIJdC4Nfe5n8n9QkI8BUZmGlwnlvzaoCA,DrMundo,TOP,-199,-17,-17,0,-348,0,-0.0890731953357975,2498,0.3467622221117038,7747,0.15151515151515152,2
KR_7534354753,1,100,-3DyG3Y_jyCyLFjuKfLZr8RLWVc8kY_9nyR4ws_v1qjuVlw5NLl45CkVOqd6NLMRFt1jb0DI3rjsAw,Jayce,TOP,261,23,23,0,371,0,0.1057389080391809,9947,0.08918689047287953,-7556,0.1411764705882353,5
KR_7534354753,6,200,2GQfZ7sTy05_qGqxW54GMwscX9w01vsNtNZVLXw36rU-sB83aa147gBqj0YvF5kyAnTZdajMLz56ig,KSante,TOP,-261,-23,-23,0,-371,0,-0.1057389080391809,-9947,-0.08918689047287953,7556,-0.1411764705882353,-5
KR_7534522411,9,200,MTgJQCoiA5gniK3QcgW2M74K3xB-6L_qIqqutFJTUUBftjyY6ORue0u7ga0g_ZfsDRcTndkLzH2ddA,Vayne,BOTTOM,528,69,69,0,1725,0,0.13210084994607046,9085,-2.0833638837654744,-9560,-0.08163265306122447,12
KR_7534522411,10,200,sk3DrY9SQOQpqUwygmghzKcGyRGu7iaFSakNu6QLpP6PtqXKcpcwUTQQ4taZHFXdqxPdpsUCTrSpRw,Maokai,BOTTOM,-528,-69,-69,0,-1725,0,-0.13210084994607046,-9085,2.0833638837654744,9560,0.08163265306122447,-12
KR_7534522411,2,100,_1wff3Pjs-JEiR1BAI3lNlgHeFXu3zJiPcv3Fl_s3SnH-RdtvovVChrinXpCg9gn9x8qOCipTagOWQ,Khazix,JUNGLE,246,-9,-9,13,774,0,-0.02725975569140429,-3644,0.41463717859650573,12114,-0.07755102040816331,5
KR_7534522411,7,200,rQWMkZ5AizWYF0Hot4JU8q9HEbEtkykUln7W2zP9sODqDxAfM7GrkBB6mvpMtc6hl718qi_TAe_haA,Zyra,JUNGLE,-246,9,9,-13,-774,0,0.02725975569140429,3644,-0.41463717859650573,-12114,0.07755102040816331,-5
KR_7534606708,2,100,UrfQEBsXA1UT1iAi3WCBc0V5LJaFFvijwwuoBMnrkJJk8MAANn7fAdg8j-e4C8GP6-nkBRH0opNymg,Vi,JUNGLE,465,-3,-3,16,824,0,0.03666806133420422,1451,-0.033761198793707536,-6747,0.4642857142857143,10
KR_7534606708,7,200,MIx2xMIvExdaeq2chIWbkIELH3diUzOdAfT1V7db0k_CfyZpdOGCPvdUOOXVrddP3z7sfCOKDFY7Dw,XinZhao,JUNGLE,-465,3,3,-16,-824,0,-0.03666806133420422,-1451,0.033761198793707536,6747,-0.4642857142857143,-10
KR_7534606708,3,100,fGWvzafJ99sDftxQ0-eGCPkyedsGZS96gvkwJj_nKnxN02R1b_OvClpqr3mtv4Al-IfQlJ4i5Qcvkw,Galio,MIDDLE,180,6,6,0,-7,0,0.016957530923154607,3782,0.18432086849990853,4641,-0.0714285714285714,1
KR_7534606708,8,200,aVD0JkKwT5WOuRJuYucwyYPdD3baGEZAGqTCmkVdfTpBtfV-N9YpK64fr-qVXqmZxOxqn2Dkslp3FA,Katarina,MIDDLE,-180,-6,-6,0,7,0,-0.016957530923154607,-3782,-0.18432086849990853,-4641,0.0714285714285714,-1
KR_7534606708,1,100,FdJbZkeBxUzrwwTiQFWJP2qeVD1FfM12X7EypXZaZOZzr3S-Q2PBIXxiItPurdF3uEIVEDStTTHB3g,Kennen,TOP,-723,-15,-15,-2,-1257,0,-0.032967833195304885,-410,-0.09148066460800053,-3849,-0.1785714285714286,1
KR_7534606708,6,200,lKxuOZcFe4H0bjBOrBaZDbY8cvF5yJN-2D2FrF-VkzglOrGmn-XR7YbQFeHUTnyLvmUlU9wUK_Zppg,Lulu,TOP,723,15,15,2,1257,0,0.032967833195304885,410,0.09148066460800053,3849,0.1785714285714286,-1
KR_7534828633,2,100,8rAjYoa_nSx3wXyVxYCA_A9MMtp3xdgYzfsLi-it9iJYQ2zgbzORQjoCqCY1sKOWujmnS5jEBFwS_g,Vi,JUNGLE,374,0,0,-1,-232,0,-0.009870861504150702,-1887,-1.1305373333152504,-1692,0.006993006993006978,-2
KR_7534828633,7,200,VY0JmNK4wsph8yq62tH99OuvaCxRGV_WkarlG4g8c995FCv0xPXndQL2bD1psq6TtDh2G6rOAzueLg,Pantheon,JUNGLE,-374,0,0,1,232,0,0.009870861504150702,1887,1.1305373333152504,1692,-0.006993006993006978,2
KR_7535009231,3,100,eQSLeTgXSWK_3knZMCaUM1s5PwuSVIjR7WMKnUveN7Xh_IGCr83I15uMEwQWjueo_DydxRU-yS_-4Q,Mordekaiser,MIDDLE,-664,-28,-28,0,-215,0,-0.10171097445902871,-450,-0.43906293408943375,20950,-0.04129129129129128,3
KR_7535009231,8,200,RZGW5IOGF6l_HFf2WGSJHNah6v1Fv3A9nz7-V5IQNg_JBBfs_UuGeTOU4Nk_E9lvxT5KIQ-RxnqzoQ,Hwei,MIDDLE,664,28,28,0,215,0,0.10171097445902871,450,0.43906293408943375,-20950,0.04129129129129128,-3
KR_7535186986,5,100,1Kl8ev9wZUy--N2ZEwkxqOhkyk9mQeTOonqYFDpoMnlw4k61oyZcTSHj0pX8oSclpcLtKTB1yzRF-A,Rakan,BOTTOM,-47,-37,-37,0,-1370,0,-0.0596404602183503,418,3.267146908817413,-9756,0.14770797962648552,-3
KR_7535186986,6,200,NzZMPn-HBIKnXjd7yke4w97upCu9Wn7UggR3MkThh-wuItPTB8bZulPCsb8N8I16BRxIwlYt13zAmg,KSante,BOTTOM,47,37,37,0,1370,0,0.0596404602183503,-418,-3.267146908817413,9756,-0.14770797962648552,3
KR_7535186986,2,100,sb6k7M3EFNMh_mU3Y9khspqnjRKtpjueacenfNDTVogF-alZ_xGWcvbCbMQHwBKZaPLLq9Y-gDhScA,RekSai,JUNGLE,-580,4,4,-28,-1032,0,-0.028183640212524397,4783,0.20538324326520607,6269,-0.0747028862478778,-1
KR_7535186986,7,200,9QP6aVJNgEP4-0RyvoKZ05124OUWJJmDsu-Nf3NLywSLIHK0pbHI7Ou7aNhKt8LYMyaXXhUOUlftag,Viego,JUNGLE,580,-4,-4,28,1032,0,0.028183640212524397,-4783,-0.20538324326520607,-6269,0.0747028862478778,1
KR_7535395362,2,100,JZ_EupCAdg4A2tFMAj_5VbszWop97hqpLwjBCkZxXAg1ZKDhrzW8D7h3gzBy6GnFqTtM50eZdP6mEQ,MasterYi,JUNGLE,630,-70,-70,62,-782,0,-0.097263488276157,4945,-0.3521771868638086,3721,0.18382352941176472,7
KR_7535395362,6,200,QbCOF68P5kL3DcBPhd9J6I1wu13LCWCKPo8OHWemcRPNDbRS5k_Q5KIoBpMS7TxR2hchdFKud3DrpA,Heimerdinger,JUNGLE,-630,70,70,-62,782,0,0.097263488276157,-4945,0.3521771868638086,-3721,-0.18382352941176472,-7
KR_7535601609,2,100,JRoyw2RQS7vxG2-XdtEv441PMwL2fNqA6honmfHOdi-2o8U2jMGyQYowGQ1-iNftSID8st6cFF8svw,Vi,JUNGLE,1262,-1,-1,8,497,0,0.057600312856361,3437,-0.1911938185948161,-11187,0.2956521739130435,4
KR_7535601609,7,200,aVmbBxTSBGDeNQaAz08_sg0LtAaJAWqHzgJIzp7DErR5Psm4z1QaPwIuMi5qDSOBT_pKeLkRE2aEcw,Viego,JUNGLE,-1262,1,1,-8,-497,0,-0.057600312856361,-3437,0.1911938185948161,11187,-0.2956521739130435,-4
KR_7535786739,4,100,GQGJxQYZNW94DwVY6sf08PzH-zuhlm1ntGbhT41Tl_W0mRiTgOeAwUwbPvOJ1quxjx3DH-oU_RtDmQ,Ziggs,BOTTOM,629,57,57,0,956,0,0.03126710269998911,8442,-1.9316837675183955,-2247,-0.03252032520325199,-3
KR_7535786739,10,200,WDPk5QJvz-7Cvpf8o0Nb31rSg8jJGNWkVVYXMtRVkfRCtH1qzIb5l9E9p1rWKBgi8VPsamWBpRzyqQ,Elise,BOTTOM,-629,-57,-57,0,-956,0,-0.03126710269998911,-8442,1.9316837675183955,2247,0.03252032520325199,3
KR_7535937159,2,100,v1xOaVY-fPOWsor9FUURtQFZETQn-tgsFNJYlhqYCSWMt4fhq7zmRvPswsAnuD43_7z-Z-ufO38cTA,Zyra,JUNGLE,-1483,-1,-1,-14,-970,0,0.0766068513639171,-1746,0.28078828494969144,-32012,-0.04656319290465638,-7
KR_7535937159,7,200,kKSB7A-qi4nYL9MPz-YWEC3m-IC3-gZvPnGcwQmNFBeS-d7UX6eIf-vlVJr7ABIRDQ0NIFwFBBi58g,Viego,JUNGLE,1483,1,1,14,970,0,-0.0766068513639171,1746,-0.28078828494969144,32012,0.04656319290465638,7
KR_7535937159,3,100,E9tZ6G_LXJC3ufFhRGdfirU2kmJ_bKxmaEJ__2dNTpOvqN602xOQ7C11YwhesQpPkYRQXDN1C_HlqQ,Corki,MIDDLE,-831,2,2,0,-467,0,-0.0911577553410276,4751,-0.3452167375968912,3075,-0.24944567627494457,-12
KR_7535937159,8,200,oGXiQYR-Bbc5hdzEDSI2NkKKj_UAsM0Zv4BNlkTQKu91QSMIijW4bRzwwgwBc1I-tD0ubPXUCHj6Hg,Katarina,MIDDLE,831,-2,-2,0,467,0,0.0911577553410276,-4751,0.3452167375968912,-3075,0.24944567627494457,12
KR_7535937159,1,100,R99NBVTiVdzmJ2s-vW-RjG5EPg6AH5BnmctgTwoyFpN1hG9jhCJm4-MVyoLv7jY8G5Q6fKJCjdgySw,KSante,TOP,954,17,17,0,853,0,0.013687846257488395,-9291,0.15057104355212103,2064,0.3436807095343681,3
KR_7535937159,6,200,9hmqRemwitzcQFyD-FFnzOHWj4Ovt6oIIQoAfSH3mW3poVoTSolkdKAr9IDO_TgKv_GQl1DRsv5sRQ,Ambessa,TOP,-954,-17,-17,0,-853,0,-0.013687846257488395,9291,-0.15057104355212103,-2064,-0.3436807095343681,-3
KR_7536118246,4,100,l5DWMi-yxeZGSsp8n_S5Tcvjt8cDdbpREMHHBN5fbgP4c_u2hLfYTLQq6hFAkyfdLxwW6-lmPDRlHg,Draven,BOTTOM,1476,41,41,0,646,0,0.04410901016239549,-3003,-2.1200492281110055,-5350,-0.06666666666666665,7
KR_7536118246,5,100,2xFItuNWUS8DBOVX13KuMaU4TwdmKZqy4n5ZxBiuXVgutpxgPIgNI9itNjZ38KMJHYiOxwSuiQaNmg,Pantheon,BOTTOM,-1476,-41,-41,0,-646,0,-0.04410901016239549,3003,2.1200492281110055,5350,0.06666666666666665,-7
KR_7536174874,2,100,-hZyPB8eQM0Jt7hYlQXTnafZjqDU8WB7jNcsAD-LgYAfwd_v_Dsn1_k9xFFHN6ewb4mm6ZTi85n_Hg,Hecarim,JUNGLE,343,-2,-2,20,785,0,-0.0030281412739046054,-6296,-0.09491708567780255,5759,-0.1866666666666667,-5
KR_7536174874,7,200,-zX_vSMCfKH8Qts9FiY3e8WegjYJGZ8fn2iPmglwBmmSkYXMU9vxxVhm5F9sxLhay_o-hInOnOMhbA,Belveth,JUNGLE,-343,2,2,-20,-785,0,0.0030281412739046054,6296,0.09491708567780255,-5759,0.1866666666666667,5
KR_7536174874,1,100,ReDR7l3MfyO83PTpyBFbtGuJQQmpVhYI3vbGqp_BgwD2ZelpoidZ-kEt_7HxlnwNsl9pew3nRpO2ZA,Tristana,TOP,-1353,-32,-32,-2,-1261,0,-0.093658499727335,-8658,-0.2637803265816411,1140,-0.52,-4
KR_7536174874,6,200,2U7M9XDUOeG2NQjP5Xiwv6PxYdiRM0TNZU9Dop0XxuVjX7fYYZI0S5BpJ8UgR4uBRKO-fQAD7huCTA,Jayce,TOP,1353,32,32,2,1261,0,0.093658499727335,8658,0.2637803265816411,-1140,0.52,4
KR_7536312668,1,100,ZA2U0knRhXzSezy5q26cbNxBilm61dyntNwL1-mOAh9Hwfxpuxd94dsshVLmZ7TT-ZK1HPErXB9e1Q,KSante,TOP,1017,-2,-2,0,358,0,0.08179686004184389,1805,0.15982360860084321,9585,0.20833333333333331,4
KR_7536312668,6,200,z6GTsMQYqrBXp_OBqhrMZwZM-0MDW4FZiwXg6Z_--Fzx76aQFaycSJpuJax2hnQsFyyd1d7i4E9S6w,Yone,TOP,-1017,2,2,0,-358,0,-0.08179686004184389,-1805,-0.15982360860084321,-9585,-0.20833333333333331,-4
KR_7536434620,2,100,MMIeQmfIiyT-2B2FGei3YyxcsHFCYDX29LhsSV0pYA1QT0ZceRC3L52rMhayEQ_YIygqCzxYTAZUow,Kindred,TOP,-18,-72,-72,52,-586,0,-0.030571041345745092,1668,0.793074585452189,12031,-0.10631229235880402,-2
KR_7536434620,9,200,1gxIVrsa1zIFM-DsrGI2LzaIVqlwIA39hKi0TEyG7rJlGzMRm_KaQGH1FuRm76UIYh8dA93BSapr-A,Kaisa,TOP,18,72,72,-52,586,0,0.030571041345745092,-1668,-0.793074585452189,-12031,0.10631229235880402,2
KR_7536537520,2,100,-KQVNHZ1C4LOQU2Mkk2Np-01yyTyJqKPM_fO56okUn4bcxbsEpC6zYvpB8klx5qcMrgWHuD9fgchKA,Elise,JUNGLE,495,0,0,-7,-337,0,-0.0233841618040522,519,0.5617845565494057,-11231,0.06000000000000005,1
KR_7536537520,7,200,jQ_KXXK0Vifm9q7rnk0jll424HBOVDH1MaFel7Ofp5qe9iNOQl9sBcZ4ZveAcP_0WKTZsMwc9ZdhyQ,Lillia,JUNGLE,-495,0,0,7,337,0,0.0233841618040522,-519,-0.5617845565494057,11231,-0.06000000000000005,-1
KR_7536537520,3,100,mGjn-0uT2gwpueOzwXbchId3nsU--ZuCTn5ng63s2nKzVhx5dvWJnM9zhKoDnj2QygS3_xk4uSNE3Q,Pantheon,MIDDLE,-573,-29,-29,0,-691,0,-0.1811365064939117,-2029,-0.5477276499738831,-9344,-0.0755555555555556,-4
KR_7536537520,8,200,qROdUVZVi-v5JqAie--L_-WMW6i9z6T7ynv8c76CvaRtAlAQe-hHtx2M49O_YQzInGLkMqOucq6ufQ,Vladimir,MIDDLE,573,29,29,0,691,0,0.1811365064939117,2029,0.5477276499738831,9344,0.0755555555555556,4
KR_7536537520,1,100,eonBxHrST6XcawuA0QjNLF4U4X4Gj2ESWf2LfYlnPwRzzXA5UGlYmyrQDQRDtyRI7nDxIIGK9_XP6A,KSante,TOP,-856,-10,-10,0,-577,0,0.052912190885208016,-1292,-0.24809002915413425,-2544,-0.013333333333333308,0
KR_7536537520,6,200,92YtX36fB9QUQwPXaMkENOneL2nDw8UwrcvSuq4Gf9fHnbX8sJ9053WAmYDZOvJLCmgOmrtBEkfObA,Aatrox,TOP,856,10,10,0,577,0,-0.052912190885208016,1292,0.24809002915413425,2544,0.013333333333333308,0
KR_7536769903,2,100,4_XiAWFgYDLwV1w1tRpCYA-jg6foAw9kiF1OIhv2mFynExn5P9nUmde4_FBZo0eIGGXXDZbHNBtvMw,Lillia,JUNGLE,1047,0,0,-1,63,0,0.1267653616769875,-4262,-0.5608812863567346,14240,0.11347517730496448,2
KR_7536769903,7,200,Ks6pHi953aotpFBKip5jUeVvT3ynA-I8ekhGAO7W_Mnqh28pRhnojOfuH0As1ZD8klYqDZtyoCsK0Q,Zac,JUNGLE,-1047,0,0,1,-63,0,-0.1267653616769875,4262,0.5608812863567346,-14240,-0.11347517730496448,-2
KR_7536882891,2,100,0FZu9l2IfMlkB3zw2flNxZQbZL6An6N8xnNOuojxe7HONo6x7woVter4mwCPS1YbXG39CC9KRtcZrg,Zyra,JUNGLE,204,8,8,-22,-979,0,0.0166247204605863,-2307,-0.16961318063967035,-18244,0.07407407407407418,-4
KR_7536882891,7,200,YC5fatCdHOgo9LlnaDliBR0MrGK_8QIFFdPhUMj2fHGMf2ZSgslFoU5sQG_oqVDuBpJS8jK1iHzvEw,Lillia,JUNGLE,-204,-8,-8,22,979,0,-0.0166247204605863,2307,0.16961318063967035,18244,-0.07407407407407418,4
KR_7536882891,3,100,H2MWpzaLXds-HjWws_BiuKyP4yQWa7hc0gNX98WO1_gPriTFYRu9kU5JRMr8MalU8-VnBXNq0bdRaQ,Vladimir,MIDDLE,-1332,-21,-21,0,-946,0,-0.03091634734296067,-1796,-0.42077638719291793,-5758,0.11111111111111116,0
KR_7536882891,8,200,QvTqsI6qo-PKprR1KKP6gpD6viQLnGmrZrg0TRTG1g9piDb-a6uSh5GLjeYgfuldiv8ag_ZOYFBBPw,Irelia,MIDDLE,1332,21,21,0,946,0,0.03091634734296067,1796,0.42077638719291793,5758,-0.11111111111111116,0
KR_7536882891,1,100,prAwtT8Vw4pDE4c3z5OGTgcEUK1fFi8ZbCIeLOS1vI8q0qz9PXHXGonNamBlNEmmv4igr_4JQSnjMQ,KSante,TOP,-825,-23,-23,0,116,0,-0.039918639480815865,-11057,-0.23940898187631166,10340,0.2407407407407408,1
KR_7536882891,6,200,JP9ZLtNNoHu5ezFSOlmynLdAWWztXnTispHDNWr76qsJ6fvWFb3BRigPuuMM8dNsM-qruIKX8S3yxw,Gnar,TOP,825,23,23,0,-116,0,0.039918639480815865,11057,0.23940898187631166,-10340,-0.2407407407407408,-1
KR_7537035383,9,200,gyROGkajuWN8H2OYFA6viPGnzFxp8HDSvCsbpAKKl_7beVo0QykqFB-rsYs7KxxM9-APk-tVh9KsuA,Jhin,BOTTOM,1468,58,58,4,829,0,0.12478966842448219,1936,-2.151929800989096,-19818,0.1333333333333333,6
KR_7537035383,10,200,bq0SSclzFpQxzRyLrZy9nBkugiTUl_KuFqSHTpz49tB11mgEeSEOUTLvAz-E_FaFaPqiEpzQDjq-Eg,Maokai,BOTTOM,-1468,-58,-58,-4,-829,0,-0.12478966842448219,-1936,2.151929800989096,19818,-0.1333333333333333,-6
KR_7537035383,2,100,G64V9jXL3_J3XT74tawweT3REu9WeUSWPfg01RalEBxXKGSG-pOZqPyXBP2d4X0R4UQASDTHZlM55Q,Zyra,JUNGLE,1361,5,5,11,1014,0,0.08277398795448851,5317,0.5888906141759953,-10939,0.3440860215053763,6
KR_7537035383,7,200,E_0ocUw1VdSrnK_zhgYzJNzq99LeVEbd4uZW3rAX-vvHBMskQgfjy8YoAKd4UxkULbFzMgfWY6CKpA,Talon,JUNGLE,-1361,-5,-5,-11,-1014,0,-0.08277398795448851,-5317,-0.5888906141759953,10939,-0.3440860215053763,-6
KR_7537035383,1,100,q8rv6I77zffjRSEDZ6UV5kd3f2L3bbUy8b9aQwgHOoIawxuRAqHhbaL-4zPz7QfSQtrYkWrz7zgtJA,Ambessa,TOP,209,-2,-2,0,213,0,-0.05283210582821729,-884,0.2224552137178475,-4424,0.2494623655913979,6
KR_7537035383,6,200,ueG9TZ-ilma9v4Qc1N8LuogTTwFS7jsTsiHbvh3hD7flSV9nJKeyyZMHnN0T3dBGcBs0xfpLpIrG9Q,Jayce,TOP,-209,2,2,0,-213,0,0.05283210582821729,884,-0.2224552137178475,4424,-0.2494623655913979,-6
KR_7537318205,3,100,UtYJFvrLhf1GjUxivkn1vDCe9OOzgVNs323BVcvnkUHqCaoY69vD7JwVgvopEQyFCg9mTjq_fL8fiw,Galio,MIDDLE,680,-5,-5,0,309,0,0.0524753881969989,83,-0.4531952434423675,8515,0.1111111111111111,1
KR_7537318205,8,200,FKvfSk2cshAQns7zqtgxRP3tsBo_rzM_XmG8HoZOq6syWoMTaABAE8RRM1OcZqB_R5iAh5ECRy-ufQ,Velkoz,MIDDLE,-680,5,5,0,-309,0,-0.0524753881969989,-83,0.4531952434423675,-8515,-0.1111111111111111,-1
KR_7537399752,2,100,ynodGuRyk9qyqjfjk8XlL8nluWQmUOB4DLo-tGDWxG0383XPBT8Otd5dImyIcAqzlWBPSluKNS7E5A,Belveth,JUNGLE,374,-70,-70,62,251,0,-0.10270954078915781,-2405,0.30666470475651386,18838,0.18478260869565222,3
KR_7537399752,9,200,AZol5XTZmP7NYcw1xIYCTyEBZWbZJyxxyXrZMSpWwPr5A-b67kscvZwBalnzxLifDJ_i-kUtWSqbIg,Ezreal,JUNGLE,-374,70,70,-62,-251,0,0.10270954078915781,2405,-0.30666470475651386,-18838,-0.18478260869565222,-3
KR_7537459882,9,200,s8I4VU18j-9pR_kPiF30pgvF8zppxn0_T3qJhWw6jEzEPanMx4dQ7YQIVWD3k8v1lXerZgtBDIo6QQ,Ezreal,BOTTOM,1471,82,82,0,1659,0,0.0845603523809674,3428,-2.1037700533244097,1410,0.13793103448275867,7
KR_7537459882,10,200,gMUb0wU8BYDts08M30-RT8MTZsIbl47pEABg9lgJujpRdCD6A55sUYB7Kof8B3e_P5DNJaPzqV3hXA,Leblanc,BOTTOM,-1471,-82,-82,0,-1659,0,-0.0845603523809674,-3428,2.1037700533244097,-1410,-0.13793103448275867,-7
KR_7537459882,1,100,fuLZOlEoYDtJ8lOnsLymNaAn95sccl2sB7H_uiaIrHbdM31ZdiWDP0tln3lC3lbSVdLqhHVCDf2aVA,Singed,TOP,-987,-32,-32,0,-584,0,-0.014354697390703386,-1331,-0.11264434489652686,-2370,0.11671087533156493,-1
KR_7537459882,6,200,llYZ1KIM7CxXuaD1gN7tgtSY1PBxQeIQrVXX9g_auFAmCbMmOx3xgSZL-DjnqA8TIlhWhDW3G4pDGA,Corki,TOP,987,32,32,0,584,0,0.014354697390703386,1331,0.11264434489652686,2370,-0.11671087533156493,1
KR_7537510957,2,100,0h_0AffR5Nl9Mh990A4qL3bwoztkPv5xEdFd5hpJbXEZsKQUnYU4V9xBZI2cGP-s8iWWTMs1kQO85A,Viego,JUNGLE,-1002,1,1,-2,-521,0,-0.08932697828600791,-1447,0.22337937506739858,4230,0.0,-7
KR_7537510957,7,200,7oE3sk18qtqB_dtUi2g7e0NvS16zeiJp8TJHwIj7wSnHZHzp3pZptVpLu1UhiPhHXLpwnJ6Yyem1EA,Qiyana,JUNGLE,1002,-1,-1,2,521,0,0.08932697828600791,1447,-0.22337937506739858,-4230,-0.0,7
KR_7537599363,3,100,DM3MyIx8w6r6B2odV70tKF5_job4ulwbjs81bBCaCSpNWm0G75VkoZrFAIZw77SjZox_Sf3vwXnrVA,Tristana,MIDDLE,-1162,55,55,-60,595,0,-0.017391180348786922,-6585,-0.7018760500678709,-4790,-0.2727272727272727,-9
KR_7537599363,7,200,0pG5rLL2ho3Ylh3cR94D380mwkRgYQ3e-GWcHIcH61yl0h2qeeP3j2A88evXvM06FsH2wIFQgEkbYQ,Shaco,MIDDLE,1162,-55,-55,60,-595,0,0.017391180348786922,6585,0.7018760500678709,4790,0.2727272727272727,9
KR_7537745681,2,100,6KAITHM4y1UvaDYoXP5ALa5xm7SxOw4_GE5nk57wSxflDe9H25SRLiry9RXesNDVLBsJd49dHVxOtQ,Nunu,JUNGLE,236,9,9,-9,-236,0,0.09177435831755529,-854,-0.3379254672057005,9423,0.03320683111954459,2
KR_7537745681,7,200,l-L7khgboKZwU0234gCaVBxUPNfj7ifXH2jkmQUqoorK1XNmMcvNVF4NVGGZH2NOV1cERbiELkpaxw,Nidalee,JUNGLE,-236,-9,-9,9,236,0,-0.09177435831755529,854,0.3379254672057005,-9423,-0.03320683111954459,-2
KR_7537745681,3,100,cEPHryS9u5tY7QsFwdEYdV22Q9NiFvXVFoU7dwg_PViloFzbd8Q2fiFzMSk3cyNAlcmcLiGtIy1E9w,Talon,MIDDLE,-483,0,0,0,458,0,0.050346234580491867,1184,0.12494898636550833,-4442,-0.00189753320683117,1
KR_7537745681,8,200,7_PXdQZgpd9Uv9PbJRpB1oe6k9qkW--ZJjJ19Ax5CyuBGJr2uHnZYT9pgFe5t0LA7jVqkuaL47vuuw,Pantheon,MIDDLE,483,0,0,0,-458,0,-0.050346234580491867,-1184,-0.12494898636550833,4442,0.00189753320683117,-1
KR_7537745681,1,100,2MgF6vZttd97Ee41blyiNn6hkqFB6mZ-DSNHCAuJWVN30SLSdObbgV-z69GUzr8-x3nHxQM_2yox5Q,Maokai,TOP,-438,-19,-19,0,-180,0,-0.0411421362164143,-5239,-0.38588951603435856,6311,0.1223908918406072,-5
KR_7537745681,6,200,QCSpl7UPCpN7v-k9TO59nVxipbDsP2FtxGgbOlgp3371aetgq7agOH9NNjDXbjF-2JLwtjL-3xt02Q,Vladimir,TOP,438,19,19,0,180,0,0.0411421362164143,5239,0.38588951603435856,-6311,-0.1223908918406072,5
KR_7537842223,1,100,mx3ns8X8hqZBFOxFRA3SsfY4PIlD6JkjfKlilgIFvJPdOLbOrstO6yGUKBUNbDlik3cpx3VEmlr4MA,KSante,TOP,375,0,0,2,261,0,-0.0981256795095139,-88,-0.3998867290561917,21371,-0.027649769585253503,-1
KR_7537842223,6,200,rz6sZmQJdDx7ad9hwGQGAbSstRM0LjUiqom1U53r4CRKCMV7GujKlrU1sa8uwnyRjZWGnkeI6FTo7g,Jayce,TOP,-375,0,0,-2,-261,0,0.0981256795095139,88,0.3998867290561917,-21371,0.027649769585253503,1
KR_7537922931,1,100,_-GIcSLcQgrBj8GlRBfaCTHVMeRqb5Xf7nCLduBXXeySCKnZZnrn5YzWHgKD0KVisCYs9Kro8BP4QQ,Renekton,TOP,190,4,4,0,4,0,-0.005742310725976585,617,0.16198360949021695,3776,0.16935483870967738,1
KR_7537922931,6,200,pw7dJg0L8H9oRc-tj0_DW5Z99L3_wAQ0uGCnrwzSJwC7qmwoKFs-DpRjk__I5wVI84dHE6VPeeyofA,Ambessa,TOP,-190,-4,-4,0,-4,0,0.005742310725976585,-617,-0.16198360949021695,-3776,-0.16935483870967738,-1
KR_7538012095,2,100,sDDcwvSiKpCD9sKmeXhZZOEU2vKC4PBgEjESVlDpnFZYzo5GqvkBrxm3lzY40ie4YcOR76HO15WZEQ,Viego,JUNGLE,887,-5,-5,9,-173,0,-0.02538728309975659,-2093,0.5808938792634822,1354,0.041666666666666685,1
KR_7538012095,7,200,lHhu-AdtIAuWdqDcMTC57z9u4VDNBQPrJGfLdWduiMT0wOMCCt9NJLVEy3vD6Tm4Mjvpz7ZYL9jnOw,Pantheon,JUNGLE,-887,5,5,-9,173,0,0.02538728309975659,2093,-0.5808938792634822,-1354,-0.041666666666666685,-1
KR_7538012095,3,100,RY1f-kqTEUPiG-FY3zHTa3sObCrHJhRaOY-V2NqMGVgbwd2BjxTDa_tE1Dbup_XvzmODVSfOJ2yqCg,Yone,MIDDLE,681,19,19,0,745,0,0.02961677264944662,1470,-0.4296069297843299,5036,0.1547619047619047,-3
KR_7538012095,8,200,rPjAsdVa6EzA9Occd3wrlvESjBtdcNJ2P8VnyGXAZFX5LF7-0EAr3et2o7-rmIpi2EBty7q4LmF5Tw,Akali,MIDDLE,-681,-19,-19,0,-745,0,-0.02961677264944662,-1470,0.4296069297843299,-5036,-0.1547619047619047,3
KR_7538012095,1,100,sXxfK8hrAJ78FapTHheKIZUuQe_VrSzwHI58huh_SskDpjwuhf4IS5sxT_rQwmj8wD_sq7_BYbHusw,Yasuo,TOP,241,21,21,0,31,0,-0.005802747289968296,-3089,-0.20376839512379358,9329,-0.2321428571428572,-4
KR_7538012095,6,200,yBhULJXCgoH8GzQhkV2kG31xuk44pN8PtVFyfYOT2fXBRYsht-O5sJp7D_oxrvdtfwvzApoUYipZ7w,Gangplank,TOP,-241,-21,-21,0,-31,0,0.005802747289968296,3089,0.20376839512379358,-9329,0.2321428571428572,4
KR_7538111079,2,100,MMIeQmfIiyT-2B2FGei3YyxcsHFCYDX29LhsSV0pYA1QT0ZceRC3L52rMhayEQ_YIygqCzxYTAZUow,Kindred,JUNGLE,-379,-94,-94,63,-198,0,-0.01328013852154919,-6332,0.13495390106151528,10333,0.071301247771836,-3
KR_7538111079,9,200,fJG5cjLrYeUIsZG7w9ifbEhPyaznMOxcRZV74u7EORUO5wYDHjkMmFW8StD4vXvXkYgbBx49QQy4_Q,Varus,JUNGLE,379,94,94,-63,198,0,0.01328013852154919,6332,-0.13495390106151528,-10333,-0.071301247771836,3
KR_7538111079,1,100,UUsZjYk2wPD4BkMfRhgfamQBp6lJndsS0C8q5TCHDXp5Ko36he5L3chD2VP9Rqi6DVPsbaute3gICg,KSante,TOP,-496,28,28,0,395,0,-0.11442059179811301,-2808,-0.5495294925883507,6153,-0.2549019607843137,-9
KR_7538111079,6,200,qf1MGCvqlFub2YI93ONohu6_dIPO-h2xFmUoz_UNF1Rm4beK434-hRWmLNqnRqiyHOurAdnqRfrsHA,Quinn,TOP,496,-28,-28,0,-395,0,0.11442059179811301,2808,0.5495294925883507,-6153,0.2549019607843137,9
KR_7538227559,2,100,f0FYuztG3TU1P6SWa2MdqBbpioVO23afi7ZbjaZXGydJa5B-X0CjsqZohh1jK0uJUTlvDk2epcqEXw,Zac,JUNGLE,-1621,-94,-94,48,-561,0,-0.14877391628356262,-11416,-0.007722177884035952,26509,0.0714285714285714,-14
KR_7538227559,9,200,s8I4VU18j-9pR_kPiF30pgvF8zppxn0_T3qJhWw6jEzEPanMx4dQ7YQIVWD3k8v1lXerZgtBDIo6QQ,Corki,JUNGLE,1621,94,94,-48,561,0,0.14877391628356262,11416,0.007722177884035952,-26509,-0.0714285714285714,14
KR_7538227559,1,100,_-GIcSLcQgrBj8GlRBfaCTHVMeRqb5Xf7nCLduBXXeySCKnZZnrn5YzWHgKD0KVisCYs9Kro8BP4QQ,Jayce,TOP,272,4,4,1,266,0,0.05026370279827022,-2645,0.7838188004207916,-11801,0.03928571428571431,-3
KR_7538227559,6,200,spk6YkGyrd4_5TbHRlVVFvDF1zmpYg2RxWlP6SUjSe11xy6yagLrLdIEn136N9wdTahpMrN_xk5N-g,Ambessa,TOP,-272,-4,-4,-1,-266,0,-0.05026370279827022,2645,-0.7838188004207916,11801,-0.03928571428571431,3
KR_7538379018,2,100,I9iXx2ebbhnfei1OEDCkjc1NtCOAT_bi6j5nADaxxoJroUTBe-16_wH_6hl6LGmye4Vabss35Mw3PA,Hecarim,JUNGLE,480,2,2,11,501,0,0.04635310342120211,121,-0.03490918659961184,-956,-0.06857142857142862,1
KR_7538379018,7,200,f0FYuztG3TU1P6SWa2MdqBbpioVO23afi7ZbjaZXGydJa5B-X0CjsqZohh1jK0uJUTlvDk2epcqEXw,Zac,JUNGLE,-480,-2,-2,-11,-501,0,-0.04635310342120211,-121,0.03490918659961184,956,0.06857142857142862,-1
KR_7538557289,4,100,16i--Ar4wCjBfEXJkOTi11AFslj3Fv6g3mGapHQBHYsJLHXmZIqsBvISfsKKUpZi-GtkD38gbaOABw,Heimerdinger,BOTTOM,400,-1,-1,0,967,0,0.037254679696541004,6230,-0.5055260011210447,-8031,0.04174228675136116,1
KR_7538557289,9,200,q_kf4ZZTqcK7moh2trOZR_NkWcTzcRdi3I46eLf4gkR7Nm_FbCAYJXCTsGd_2DCGAnkR5c9bWoCs-w,MissFortune,BOTTOM,-400,1,1,0,-967,0,-0.037254679696541004,-6230,0.5055260011210447,8031,-0.04174228675136116,-1
KR_7538557289,2,100,uS-Ks5VMnCZUWtfT249wLPe1ktH2WM_bq5tZeuohEp9NobeESdrgRC67tfBAIsEksjivR0dVFFx8lQ,Hecarim,JUNGLE,601,0,0,34,1108,0,0.039592606351972995,174,-0.07125188278659622,17797,0.07803992740471877,3
KR_7538557289,7,200,VUyavrfzCrBiCu9IrXEMRMHxzLTVZn3Ky26aYfDQ0feO2oaOlygoOUxddW8aiBMy8oR-gJRpUxA5Dg,Ivern,JUNGLE,-601,0,0,-34,-1108,0,-0.039592606351972995,-174,0.07125188278659622,-17797,-0.07803992740471877,-3
KR_7538557289,3,100,cfzwY3LH5Pu1mYL6yUXWDd14GyCm2aa9MXG4xnnDWlwk9JLZtdOVvsePimQjPsP1QuGyA58YI6Sz0Q,Zeri,TOP,1055,4,4,0,-385,0,-0.0577886996583801,4351,0.04063561511831315,2009,-0.007259528130671489,-1
KR_7538557289,6,200,qGPhsDm0NyrNjZ_XSPY58DcHZZTA0E83-ux5u3XjlzaemcB9G3BYUuwYt-trcyxbqk3X67ZmEF-77A,Ambessa,TOP,-1055,-4,-4,0,385,0,0.0577886996583801,-4351,-0.04063561511831315,-2009,0.007259528130671489,1
KR_7538665617,3,100,ZdZjxckwWRgLT861xcApjHrQCg0GmvalxAY-2uERUZMP-v38Y2HHOvxYKADRSR5QRd9xDwlcvTcNEw,Sylas,MIDDLE,-669,80,80,-68,1098,0,0.16103720185203727,11524,-0.8947239858537512,-9949,-0.11428571428571432,3
KR_7538665617,7,200,M0VJQT_edfkRXsCMIlrNA1RRaJbdqCWm1gDn0cZd4OSRa6WNsmJasN2lkGtNfdur2rYLsdTsXvrj8Q,Viego,MIDDLE,669,-80,-80,68,-1098,0,-0.16103720185203727,-11524,0.8947239858537512,9949,0.11428571428571432,-3
KR_7538752330,2,100,CUVK0jqFghK4Xd1DiSu0f8wwYD2BmohVP7gW2eytpbi9vlboC-BX64ET54ufBxUV6JXadBEDIR2WWg,Viego,JUNGLE,656,1,1,6,54,0,0.015173863993627995,729,0.20042105919656028,8873,0.17663043478260865,7
KR_7538752330,7,200,iWAVcWVZ9CxzQjTP-Skd6aBWqLLplk2U5CAUolqeW0mgIz0fbCa7i2AdePnirb46BpDI668Ny6nw5Q,Qiyana,JUNGLE,-656,-1,-1,-6,-54,0,-0.015173863993627995,-729,-0.20042105919656028,-8873,-0.17663043478260865,-7
KR_7538752330,3,100,YrbUHpUcVloKuUfkWbUYKXdSNZZuwDUrwqSC1YU4iS-5vkf9gdJmLSKndL78b8t1hTIwX-WFlY3r3A,Sion,MIDDLE,314,10,10,0,603,0,0.08975321993838953,2758,-0.6442855151403064,15848,0.12771739130434778,1
KR_7538752330,8,200,Nj8f0mxRJpxE1DuKdpXXUvcWTgGlHtKmBWXl-aRerJBbpCNz-YC-2BPzG8eFO78tVvD4ZKoCClisew,Vex,MIDDLE,-314,-10,-10,0,-603,0,-0.08975321993838953,-2758,0.6442855151403064,-15848,-0.12771739130434778,-1
KR_7538886758,9,200,_jUsbv9enYWgjPZZsSNVYj5G701RCMzC1nVB8gaFcVFDXHzjOCfqts5-1CQfCL2mqpbnJSlzZmhdeg,Ashe,BOTTOM,886,61,61,0,155,0,0.0512581276610235,-267,-1.9815270935367275,-7608,0.06451612903225812,5
KR_7538886758,10,200,qMn-RlPY-Xq-FD5uyrlQldTt40NmSfLh9FXIVziJZWvM2qIkQ4sNPV-eQ94TyRz7DyWRQiqBC1jb1Q,Neeko,BOTTOM,-886,-61,-61,0,-155,0,-0.0512581276610235,267,1.9815270935367275,7608,-0.06451612903225812,-5
KR_7539084148,2,100,0jLdMuY1clmQxiSIoTaunTBkMQKUwCMjDS1xC3dcr-3UvzEzabogMfFyITuXkCpIXjau_DwD5jSr7w,Skarner,JUNGLE,-93,-80,-80,62,480,0,-0.1273307473841612,-6535,0.012926434441053125,7836,-0.29166666666666663,-6
KR_7539084148,9,200,xe3DfnRJeqDhqEY2OpUG1z7IinKd-TpFbF-eoLqd7IE4zcXqPAc0YMdzUI6DTqFW8-x97YgpeeD2sA,Kaisa,JUNGLE,93,80,80,-62,-480,0,0.1273307473841612,6535,-0.012926434441053125,-7836,0.29166666666666663,6
KR_7539084148,1,100,NeHzymY0ba7MU2H1MU8T7QA6SNw2aCIlDrSWb_BlEFJVxrRelc2xSEG_Z7hMdl-7Tv5cu6tpdbWQXw,Darius,TOP,1932,15,15,0,1149,0,0.1228305891631711,9849,0.2322412662015415,227,0.20833333333333331,8
KR_7539084148,6,200,Jb0dsvR1HUVfx8UM5jmyxoqgSlsiwR_wH2FQJ_TZBOXXfCtKl0oH5VcPn_o2ds-G4pDnHuY3CQDfPA,Rumble,TOP,-1932,-15,-15,0,-1149,0,-0.1228305891631711,-9849,-0.2322412662015415,-227,-0.20833333333333331,-8
KR_7539176768,2,100,TzbIETopQJ43l0w6Tha67XLyPl-vFiTqRh5Nki0d1N5gXTku17DISg2aZlDYFGuC1z4OPrqMzkGMcQ,Taliyah,JUNGLE,1634,5,5,18,860,0,0.009264785016822291,7008,0.3640705814932418,-22422,0.11224489795918369,12
KR_7539176768,7,200,Ir58Bi6Pmhg_a9vzepGMV9HtLNpoKxE_B6VNafQD9_cNSZ-WTLx4S5YNXJQNXbThY93SxiMxGpH2Zw,Lillia,JUNGLE,-1634,-5,-5,-18,-860,0,-0.009264785016822291,-7008,-0.3640705814932418,22422,-0.11224489795918369,-12
KR_7539176768,3,100,WcKLmJvcMaDBexroFJCxk9RYvLHhq-zSjo-wcfb82flhDAoAZ-UYmtmDy-1G6I6dID75M4GtDVvtiw,Ambessa,MIDDLE,214,5,5,0,123,0,-0.047276807643813784,2625,0.1632994044270129,2843,-0.07142857142857151,2
KR_7539176768,8,200,k6jnvniJjC-4nF4gXQoVD9lKh-yKGBp60v4LpKlG-A588hyVTWmkAlrYpj_C-og7hFIcO9k6GR1Zxw,Qiyana,MIDDLE,-214,-5,-5,0,-123,0,0.047276807643813784,-2625,-0.1632994044270129,-2843,0.07142857142857151,-2
KR_7539279010,1,100,_JTnxN2VGSegk0O3peViABRpmPKWUJW9RAp714kpU7RwO3RWGkfITteq6O4CBpltNyifdyUpgA0RCQ,Ambessa,TOP,212,-10,-10,0,-63,0,0.008715273392053496,56,-0.17893666076818282,-2725,0.05555555555555558,-2
KR_7539279010,6,200,ZBb9VnMpUoRJkKNsv-C6h38VwDXrC8dcwA2aFMvah6fPIxDud-a0_-rO4sofIQIpbahOmsAU2LeXew,KSante,TOP,-212,10,10,0,63,0,-0.008715273392053496,-56,0.17893666076818282,2725,-0.05555555555555558,2
KR_7539377454,2,100,zRAe3foXUYzFI6BZkYYSF6VzpgUqxtzWmTYLyvK8aQZlji7IFDEVR-upmMOo4kr9RNwY_lkzwKG3XQ,Belveth,JUNGLE,815,-64,-64,66,-472,0,-0.09612153526172282,7938,0.59605619439109,-4377,-0.17801857585139313,1
KR_7539377454,6,200,MPG8BbO84V5wmVkSRa8AskSYCMYtsK4m-Dw6mQeHjOvwybSgrium-tN72PyBRO68XKf6xNrJ3COqog,Pantheon,JUNGLE,-815,64,64,-66,472,0,0.09612153526172282,-7938,-0.59605619439109,4377,0.17801857585139313,-1
KR_7539469855,2,100,ijYSwdWpKAyf3cEryrQiRcbO2fwx3PoGH64HC55vf5NhMNnDDB_7dAhKan5Sj0QGJpJhz48z52EGzw,LeeSin,JUNGLE,-497,-6,-6,-14,-761,0,0.006374491520550196,1012,0.012731930642285283,15996,-0.04166666666666663,-3
KR_7539469855,7,200,E8TgLlbpXNBPTIMDTNc1hffWQ3UVMB1kI9Hs3IWeJSEX_DzidaId0OnhMkvEysZTQCyyjLAo0t2KlQ,Graves,JUNGLE,497,6,6,14,761,0,-0.006374491520550196,-1012,-0.012731930642285283,-15996,0.04166666666666663,3
KR_7539469855,1,100,Ub1VHsM1B0m1ctinxNljs2OZOvOXjP-fyZSQ3KxVgR_U1FnmEC1wzHDCP5JM4Vs6vuavFGta0WvxBw,Aurora,TOP,601,12,12,0,449,0,0.08347327121785802,900,-0.4343620805648356,-4001,0.25000000000000006,9
KR_7539469855,6,200,dZwc7FkzA7w_DvMf2nO_Tn17izmdoly_B1Xl6rWwBp7gZUiCX5wTcGaGVB7FdaIX93lic1crkwhxrQ,Heimerdinger,TOP,-601,-12,-12,0,-449,0,-0.08347327121785802,-900,0.4343620805648356,4001,-0.25000000000000006,-9
KR_7539560082,1,100,spk6YkGyrd4_5TbHRlVVFvDF1zmpYg2RxWlP6SUjSe11xy6yagLrLdIEn136N9wdTahpMrN_xk5N-g,KSante,TOP,52,1,1,0,8,0,-0.05060722725649239,-1812,0.06690403296697489,8903,0.033333333333333326,1
KR_7539560082,6,200,A-Z_AaM67jCgwIpr3e54SvbqnxJ2uTAqwGKTd7eogC6otN3xTfkhCiT_2Z_y6dzyAdx6PsNibpJ0AQ,Jayce,TOP,-52,-1,-1,0,-8,0,0.05060722725649239,1812,-0.06690403296697489,-8903,-0.033333333333333326,-1
KR_7539692033,2,100,svoSA5_6K6jNQXtqudrqzZe0JkkIq9b_YiiGyLc1ujwTisG8kyVHEzjlJFvMF7tRqtjnxFt3bb0HtQ,Elise,JUNGLE,768,-72,-72,48,-925,0,0.0639059230910875,-6119,0.275903692899817,-13473,0.06643356643356635,8
KR_7539692033,8,200,jWhjGAcj-FjwSPY95SXOJN6Nj-yl6WZsK2hj0T1O4SVp1NKw2DwTCJjvVVqjqUM07XDKw5lEeUKZzQ,Kled,JUNGLE,-768,72,72,-48,925,0,-0.0639059230910875,6119,-0.275903692899817,13473,-0.06643356643356635,-8
KR_7539837801,1,100,XwixmilDwR86pz1qqcr5a9_Z1fZpkymaUK2iNRvMwjOg_bYLXHYsF49UsnIcZFyEkBfYH6swuuyOZQ,Renekton,TOP,462,0,0,0,-328,0,0.028103005467036007,-3848,0.019594660052674517,5543,0.008190008190008258,-3
KR_7539837801,6,200,TWNdf7qd_JC30FaOTkkWSEp5r9KEW-4bpwmZ8mSLr5mX-uBfSvpxLG95DOqPXcpwNULrYHcN7stTMQ,Ambessa,TOP,-462,0,0,0,328,0,-0.028103005467036007,3848,-0.019594660052674517,-5543,-0.008190008190008258,3
KR_7539973126,2,100,ZjhtrG2gWS3YYicBbJGf0KQznTqbcQ0AoEEOMX7zjR_oryB-1ZV_1oZp3fsvS57ddPreIkHQ5lkJ2Q,Viego,JUNGLE,1061,-69,-69,80,475,0,-0.08839206992408438,-12012,0.20400745339903448,3767,-0.006944444444444531,-3
KR_7539973126,6,200,OU58kHnN8Maf-u8yr-UZMT3zKyFqw61CZawCXdfiV_J_kumU5FxqSKiLVT4t7i0_N-FzHWFPCmSVQQ,Irelia,JUNGLE,-1061,69,69,-80,-475,0,0.08839206992408438,12012,-0.20400745339903448,-3767,0.006944444444444531,3
KR_7540062244,2,100,9hJA5KMfwEiYIMS3nz6haQwh2OmWjXhNRcoLR2DL-ot9ELGrQRBuRDV3wHV5f2rKp03PeYLIifntJA,LeeSin,JUNGLE,79,0,0,14,760,0,0.006247225041679794,1161,0.3286150793321444,3612,0.02614379084967322,8
KR_7540062244,7,200,0CDX1sFEXSMtcMUlLR-5tZenQgujPYYqBRH0zDkrdeaOVNRK35rliboQG_Q4jpzF5JCDFxaupDU9Sw,Pantheon,JUNGLE,-79,0,0,-14,-760,0,-0.006247225041679794,-1161,-0.3286150793321444,-3612,-0.02614379084967322,-8
KR_7540062244,3,100,MBUzVjn0AR72yp6kkRKtuUT8_ZXGohVgDaBHYBkR6qlIE6XJxReJhclrcYu5j5b57_wcpCbn16Mzeg,Azir,MIDDLE,47,-6,-6,0,306,0,-0.002014911937364583,-1348,-0.090219664712479,4807,-0.003921568627450911,6
KR_7540062244,8,200,TlIvxTJRBWnADKk7rXZC9ZsrTPIvR1eJqVx3InLWMN-ogTp1AWAlV4Hvrr_gqz0EduiXAmGqWArqIQ,Syndra,MIDDLE,-47,6,6,0,-306,0,0.002014911937364583,1348,0.090219664712479,-4807,0.003921568627450911,-6
KR_7540062244,1,100,ZJ73TuyurEawfD2OswxvMhUsxePokstsQbrHPdHg2XDJxyErS7yik45SPTmWtjZPA1ZF4xjocCE82Q,Aurora,TOP,43,9,9,0,334,0,-0.033604650965346095,11238,0.049471875438503066,-8003,-0.1006535947712418,2
KR_7540062244,6,200,50t33MNnK1amyWv5uZv1B3jZ3442iYS8BE2G6a_IJqCpvVR46luEyGOmt-hl_LUdwaqhME9dSw3iAw,Vladimir,TOP,-43,-9,-9,0,-334,0,0.033604650965346095,-11238,-0.049471875438503066,8003,0.1006535947712418,-2
KR_7540136498,2,100,wn-Y1K32_NkI3pU8930tSSHEsTBqUctON4l5owh7kjzg2QBtmI6Kr3choF9gobpHi0iqQGJjteOy3A,Elise,JUNGLE,895,-5,-5,-4,58,0,-0.05758264074121408,-307,-0.11196226696810818,-490,-0.08842105263157896,5
KR_7540136498,7,200,koasl7wnS-PjVfxU8MDkXhpgzVADsP3cDpHAbUM6hL5XFFkUiYxfftN-iuelNjgxLebgJRge5N9ZZw,Kindred,JUNGLE,-895,5,5,4,-58,0,0.05758264074121408,307,0.11196226696810818,490,0.08842105263157896,-5
KR_7540136498,3,100,RpfgaSJMUK_WXacjFMN2Jw07IPONubosibIrVZc8rdyAsZte53n5Pxh50nTvkFkvy0eg1XWtCX3sFw,Yone,MIDDLE,-149,11,11,0,-155,0,-0.029344079135144002,3703,-0.0672039893133215,5624,-0.11157894736842106,-7
KR_7540136498,8,200,x1PJVaR7Tp6Q0zy-HTxE_U_HVsQAgmCcHqjJ1Avnbjy-ujMAXD15ySO-DVTCoDUylEimjod4D11BPw,Akali,MIDDLE,149,-11,-11,0,155,0,0.029344079135144002,-3703,0.0672039893133215,-5624,0.11157894736842106,7
KR_7540136498,1,100,yGrbzwT0U55q8EgDMBk_zvle7ALYh-ToZGlAv1S1e_aMfHCc29BsLvjyBAH2WgUuqT79-LW02MeArw,Gwen,TOP,300,-2,-2,0,701,0,0.07318187455740441,3257,-0.190903361014369,-11183,-0.016842105263157936,4
KR_7540136498,6,200,Xi1_F6Gto98WJGc9Zjl2pWFtglMgM68LieCtn2qII44f4rieyjCnyV9EDSVXhW09fNRcodBROeKJHA,Fiora,TOP,-300,2,2,0,-701,0,-0.07318187455740441,-3257,0.190903361014369,11183,0.016842105263157936,-4
KR_7540202153,2,100,FfvKgQte87INoNPxraJPPos3oxTPbEBqgsv6cbVBqq4ERS83yodeaLPzRVgz77dylS-POTg-SG_hLw,Karthus,JUNGLE,64,2,2,-3,-129,0,0.097724132393812,831,-0.24973876257526317,-3772,0.12111801242236031,-8
KR_7540202153,7,200,ZJ73TuyurEawfD2OswxvMhUsxePokstsQbrHPdHg2XDJxyErS7yik45SPTmWtjZPA1ZF4xjocCE82Q,Viego,JUNGLE,-64,-2,-2,3,129,0,-0.097724132393812,-831,0.24973876257526317,3772,-0.12111801242236031,8
KR_7540202153,3,100,QGt1mrMfZNNcJEswfQkwDqqW7yyAHIGGfJOn_V3aApXyAj3s_IbVIvoHIrRnlP8zTcBk0rYX7zJK9Q,Katarina,MIDDLE,979,8,8,0,966,0,-0.023813115878610902,4708,0.3054056063590962,16364,-0.045548654244306486,8
KR_7540202153,8,200,_Rk9DztOxqkLO06w_cDz9AlHJ1uBbC8_Sv-zidSC2EuDuqIJ3_xClKKXZlAq_FBQR8IY3fqFBpQeag,Xerath,MIDDLE,-979,-8,-8,0,-966,0,0.023813115878610902,-4708,-0.3054056063590962,-16364,0.045548654244306486,-8
KR_7540202153,1,100,LzI6XJWK1Zm8_YkQSFOjhRB1KbSgFYX9Nb6mLUMoh9OO9jjnggGiC-kisY6asURaDd0mA8KVIm0TYg,Gangplank,TOP,179,-1,-1,0,33,0,-0.04133934144392079,-2157,-0.11443518595255042,-11025,0.06935817805383027,4
KR_7540202153,6,200,4pAcnYzDn2fxDWfkJzJVxXOmMC-aOOE2Go9aGKs75njiw8E_JOY9HmRYGrM7dwdnztB_v-RhPi9Y-w,Ambessa,TOP,-179,1,1,0,-33,0,0.04133934144392079,2157,0.11443518595255042,11025,-0.06935817805383027,-4
KR_7540281356,7,200,XK1TL4q868hrrsK-8qAf_0oNx0zsyoXB4wqocZgrEvvx3ItoCvB1tNvQQCFuKJ28NHDtZXUWn8jQhw,Nidalee,MIDDLE,524,-68,-68,69,-40,0,0.0637791149013541,-160,0.4756966028831715,17346,0.4583333333333333,4
KR_7540281356,8,200,g9b1xv2mpxAf7DfM-7nS3DLxPErIQigwWpJnJ4BIQJMYZScobIqaHIV6xBFP55Yu9DvV6iH9i0w8jA,Pantheon,MIDDLE,-524,68,68,-69,40,0,-0.0637791149013541,160,-0.4756966028831715,-17346,-0.4583333333333333,-4
KR_7540449667,1,100,66DCPcBxZIO7lllEiwHfq6oO-rv4sIAQh359QrXgMeis-uHVfh7S1uwxqHu5w-QsJe32b1lsAzI-Kw,Karma,TOP,-220,14,14,0,538,0,-0.0756897859356094,322,0.13929958453071556,-8328,0.1457586618876942,-8
KR_7540449667,6,200,Vay0gTKGSln69joPoJVgtWiIHbvqdlO3tgxHryDNLBpOf6mCJVgHwox5XB_e6NqAGenNez8sKPpbAQ,Darius,TOP,220,-14,-14,0,-538,0,0.0756897859356094,-322,-0.13929958453071556,8328,-0.1457586618876942,8
KR_7540538484,2,100,GXK1x-l9HEndpx26lh6ztWYyWYYZC0wKAA9wpcffjOIeTNuT_PEAZuGYfBEWuowj7Km-MyFZrhye-Q,Nocturne,JUNGLE,-94,0,0,8,655,0,0.056119634469168705,-279,-0.4790544028846002,-3474,0.05745341614906829,0
KR_7540538484,7,200,DMGtxcbjyBIjS8KMkEawMApRTPa0O5X3JdX2rTyddl05DCqms4ZA7Hhm5MRZTH96PEkw0npazlvQKw,Talon,JUNGLE,94,0,0,-8,-655,0,-0.056119634469168705,279,0.4790544028846002,3474,-0.05745341614906829,0
KR_7540621444,2,100,ij0IY85TX_3xZ4NwaovGj2UjKG5kF4SPuTNklcVFBKtrIkx14sF1WDEe4I_-t72bPIPCaO-sgFV4Dg,LeeSin,JUNGLE,2170,-1,-1,3,952,0,0.13540850736514543,8259,-0.22731235179234477,928,0.1444444444444445,8
KR_7540621444,7,200,Qj5D-krPhKBUIELQ21zlDUAunjd996Z_Ia3nTT6vFSI84iLpgPWjFRy6CgM5h7XYYHA0s-xoEsXTnQ,Vi,JUNGLE,-2170,1,1,-3,-952,0,-0.13540850736514543,-8259,0.22731235179234477,-928,-0.1444444444444445,-8
KR_7540713577,1,100,abcXImUS5_TGuWRJpVoSroMMU06qORFTXQmSAt5BQV59-bqkCQsK_R7t9e7ACo5WJZO5x3iRCKrGCg,Irelia,JUNGLE,475,74,74,-78,285,0,-0.0484804845837698,10884,-0.3292012494083082,3374,-0.16666666666666663,3
KR_7540713577,2,100,wLzxxsYf8ToOLE6IOMsO_FEssMXOxtQXvV-04f7-pm5XwVFs50JERL6aPxCHbiQwLfdzkihl4zMBmg,Karthus,JUNGLE,-475,-74,-74,78,-285,0,0.0484804845837698,-10884,0.3292012494083082,-3374,0.16666666666666663,-3
KR_7540713577,3,100,WTfyqipJlepwWsAozB2lg5rzjlPzLHKRNhKEEcFTiIAJvO0OmI6zMD5m9OxyK24KgrqVmk2LJHTRVA,Zed,MIDDLE,-399,73,73,-64,354,0,0.05215929851018769,1899,-0.01025711097646198,-14937,-0.011363636363636354,3
KR_7540713577,7,200,guLhrex7LxEgoHxt2IWY5ia_9C-LPu_k_iI3hCexMWVdNillNIFlgWcyA09A1dtD_NFGX_0dM5TiIA,LeeSin,MIDDLE,399,-73,-73,64,-354,0,-0.05215929851018769,-1899,0.01025711097646198,14937,0.011363636363636354,-3
KR_7540713577,6,200,lzCaAyD2hbmZq7Sst61KC7pTPsf4d5naWhqxpyruasxEAOW8J67hkZS-veBuLkzuRezQJmXCGjLCoA,Rumble,TOP,431,-8,-8,0,-381,0,0.021055284599126284,1765,0.00524478651051985,-7882,0.0,3
KR_7540713577,8,200,cbmO41fSjzSFmNRP5dwXgsGhW8GBebJx1zETbswOEw-kAuEAjTXReX3KoUF65lWwzIOOusEidzPV8g,Galio,TOP,-431,8,8,0,381,0,-0.021055284599126284,-1765,-0.00524478651051985,7882,-0.0,-3
KR_7540826341,1,100,tLDTaYr8ttjx3CUpCTp8Mm1Wwni4vIk11qNiE6o7-wnxlMSbCZbtOYLwIuvFFYiLTGo0xTTpzaCxxg,Shaco,TOP,724,9,9,0,651,0,0.0498709870825044,3044,-0.2626616889338236,-21888,-0.12236842105263157,-4
KR_7540826341,6,200,Vr3fdjIXlpNJzWp8VQ8GZvzu3vzqfAxkZtvvvWTixWEm86W-Te13_8JkV9BuHCsZibBmhK8WU2yV8w,Gragas,TOP,-724,-9,-9,0,-651,0,-0.0498709870825044,-3044,0.2626616889338236,21888,0.12236842105263157,4
KR_7541103371,2,100,j-0pHI_nMhtveNkDQcDLOX1Q7yRsgnv5YSX6nZZhPoLKVgckIJ_HgklVCdAeSgveIM9cNMhkgNuq0A,FiddleSticks,JUNGLE,-1157,2,2,-30,-1196,0,0.06365625945532859,-2696,1.1833994854096925,4973,0.14202898550724635,-2
KR_7541103371,7,200,3O-U1x5MSPzwbzykrsJx6LEIwna0tHRAoHWz1lmHnVzt5tdecDIQsjAZwvWEy_8AgpVtUYFFLXxL1A,Vi,JUNGLE,1157,-2,-2,30,1196,0,-0.06365625945532859,2696,-1.1833994854096925,-4973,-0.14202898550724635,2
KR_7541103371,3,100,_cd7vtJcVki6B2RP0EckbS1KaLeVXuITBYgUZv9__GkAV-AupmEV9DuvSjluGxhFTN1u2Ende50SsQ,Yone,MIDDLE,-286,-12,-12,0,-382,0,0.018822082098873788,4719,-0.07223624916493576,-441,0.02898550724637683,-2
KR_7541103371,8,200,innqHV8xKfeIdJYba7W0BU_75gJ-QCPMLrDgc78DQP2066sXcaaVHQHOIiXutLySoTRbKlriwBvbLA,Sylas,MIDDLE,286,12,12,0,382,0,-0.018822082098873788,-4719,0.07223624916493576,441,-0.02898550724637683,2
KR_7541103371,1,100,abcXImUS5_TGuWRJpVoSroMMU06qORFTXQmSAt5BQV59-bqkCQsK_R7t9e7ACo5WJZO5x3iRCKrGCg,Irelia,TOP,747,16,16,0,-412,0,-0.03594017128059229,-12291,-0.6381673197618901,1868,-0.07826086956521738,-3
KR_7541103371,6,200,t13dwJyw_2TEJeiLPW34eQqm9wY5Y3zR7TZU8y32B3vc-jcPkIyuF75_THkOOD0ueAiHNZxK5sJRoQ,Nasus,TOP,-747,-16,-16,0,412,0,0.03594017128059229,12291,0.6381673197618901,-1868,0.07826086956521738,3
KR_7541226902,2,100,MdoLagvFpt1j_lQLx0JNny_e4X0o4rmmS7nmwKP4K6ozAPMfstyMmxwCRJ0P9sxYNhWaVGQTFB_Mjg,Viego,JUNGLE,-299,4,4,-2,243,0,-0.027361777292617087,-3807,0.3085943391847571,-2550,-0.4125,-5
KR_7541226902,7,200,Bm769S9hR8qt1QlMVaUtW1eT7HCgnVigVaSMCb3yyzwmvNHtAKsJ8i2yCz2qTjmz0ECmLWhX90koSw,JarvanIV,JUNGLE,299,-4,-4,2,-243,0,0.027361777292617087,3807,-0.3085943391847571,2550,0.4125,5
KR_7541226902,1,100,5jucZWaSwKOeeKyz7Xq-ndM-JZr5dJuO-CfFx_o8W6xnarOP_dIDVYb86yJ1HG8rkL5xFrGDibnrcA,Vladimir,TOP,-744,-33,-33,0,-845,0,-0.02223021413478743,-5784,-0.23495316064913985,-1036,-0.041666666666666685,-6
KR_7541226902,6,200,abcXImUS5_TGuWRJpVoSroMMU06qORFTXQmSAt5BQV59-bqkCQsK_R7t9e7ACo5WJZO5x3iRCKrGCg,Irelia,TOP,744,33,33,0,845,0,0.02223021413478743,5784,0.23495316064913985,1036,0.041666666666666685,6
KR_7541346432,2,100,ZCfuj32nQ8pzEQjFuZxCFfEBI7_YSrLuPAoyiCJ3u6hMdgES1UTlqGKxdm4z6VN8QFuk2oBSmAazxw,Viego,JUNGLE,748,-11,-11,42,1521,0,-0.056639973139832905,9041,0.5880592395865749,1890,-0.12631578947368416,2
KR_7541346432,7,200,Fu5A5KbBDvmEG-dSy0Zr9_ginb_tSnWUX-onwgWqnVFaoKViVAgXWR04RPAtu_ZwS0Zk-G67zXacGg,Lillia,JUNGLE,-748,11,11,-42,-1521,0,0.056639973139832905,-9041,-0.5880592395865749,-1890,0.12631578947368416,-2
KR_7541346432,3,100,D-5OlAf4dhclsS-XrU0kgytW-jS7mp4wWYFOE-lA61UKR2edGaqfmlgQobkrXE2IMGZ2ML4_ZNq7iQ,Vex,MIDDLE,1174,18,18,0,1404,0,0.06923233403445422,5728,0.9011132647024607,-6901,0.1494736842105264,6
KR_7541346432,8,200,E96c_zm7RZjg589g23qPwcZWKutB8VGW9Baim5O4flKVMtoZ7mlLMEaRgryrjqgP3CDYilibCRvaoQ,Kennen,MIDDLE,-1174,-18,-18,0,-1404,0,-0.06923233403445422,-5728,-0.9011132647024607,6901,-0.1494736842105264,-6
KR_7541346432,1,100,VVZTAGbip8j001spNaWnW_79YsW7hQr6L1q-U3cemWCaSrh25bqDSLhFEFizA-UWTPczXr5wjhEnCQ,Yasuo,TOP,-289,10,10,0,-675,0,-0.014940774637905385,7357,0.16462170099998552,-4213,-0.07578947368421052,-1
KR_7541346432,6,200,baBRiRvUEzGDnI5kF5eo2rvAsVLcTv5O3xEqbCSu8Pb9KsrFc8tXf413m5EDoOg3UIdDsT_5PxQhZQ,Illaoi,TOP,289,-10,-10,0,675,0,0.014940774637905385,-7357,-0.16462170099998552,4213,0.07578947368421052,1
KR_7541439998,3,100,TlIvxTJRBWnADKk7rXZC9ZsrTPIvR1eJqVx3InLWMN-ogTp1AWAlV4Hvrr_gqz0EduiXAmGqWArqIQ,Yone,MIDDLE,319,7,7,0,906,0,-0.08158324504870948,-866,-0.2236719753194184,8705,-0.3163418290854573,2
KR_7541439998,8,200,miM4Fr_cY1MZLmPRnsFhWjyvggBj5DC4Th1NoF5v3vSg47FeZxIa8DS25am0RCN9IuBt-l6xzDSM8Q,Vex,MIDDLE,-319,-7,-7,0,-906,0,0.08158324504870948,866,0.2236719753194184,-8705,0.3163418290854573,-2
KR_7541572520,1,100,jBA0fZaqQpvhbtX9vkyIoWD3WhGTm39l8YzprvhxhVdbzW9qLCQHMPnL_6-G2y_Y-Fl4DDhpFYHIqQ,Yone,TOP,-1226,-10,-10,0,-225,0,-0.03344292041956465,-13897,-0.17292193043457948,-9281,-0.10075757575757582,-9
KR_7541572520,6,200,Xi1_F6Gto98WJGc9Zjl2pWFtglMgM68LieCtn2qII44f4rieyjCnyV9EDSVXhW09fNRcodBROeKJHA,Fiora,TOP,1226,10,10,0,225,0,0.03344292041956465,13897,0.17292193043457948,9281,0.10075757575757582,9
KR_7541785394,2,100,L6Sc_Cz8OXgA9BYP7ieRva3gE6_RPQ-K112LPvo-EDszQanlepoSX4O-2Efs_SYOu5mfksynH_TgZA,LeeSin,JUNGLE,-5,-1,-1,7,-78,0,-0.00034305713890761536,-377,-0.24741069907050117,-2498,-0.125,-4
KR_7541785394,7,200,lo8TGOlVrYpAS5bDbBs4EQke5aLuvrxD9dz7pAORw7vwe4_r-dsrvX5UNt-hh5dunOegAnT9A5riwA,Viego,JUNGLE,5,1,1,-7,78,0,0.00034305713890761536,377,0.24741069907050117,2498,0.125,4
KR_7541785394,3,100,n0mmWdNHd5AxRmw7eJ_hijJQQSySkOrYRgsKBteqWpvoAhvjvoUodbtWiUc4pUXrszcArZVZEq_iqA,Akali,MIDDLE,-399,20,20,0,-367,0,0.049163548089768194,1139,-0.12663877426508263,893,0.004807692307692291,0
KR_7541785394,8,200,R15sWTsy9gbZZ4HRRN-OFw0SJkPStIlqu5bmduDveUe_g-R7JjyzdWlV3FBrWX7jfT4Go9Xvd5_F4Q,Sylas,MIDDLE,399,-20,-20,0,367,0,-0.049163548089768194,-1139,0.12663877426508263,-893,-0.004807692307692291,0
KR_7541900972,2,100,38Db75G7ofXFROvvTIOo2hp6a1CRSZmv9cQG5M2wcLVCBMdXx8C5qLBj2ngQ1lch4VZTwTMiH8UFqg,Zyra,JUNGLE,155,5,5,-2,206,0,0.01911810312517198,-4093,-0.9139377104915052,-14474,0.04179566563467496,-11
KR_7541900972,7,200,MMIeQmfIiyT-2B2FGei3YyxcsHFCYDX29LhsSV0pYA1QT0ZceRC3L52rMhayEQ_YIygqCzxYTAZUow,Kindred,JUNGLE,-155,-5,-5,2,-206,0,-0.01911810312517198,4093,0.9139377104915052,14474,-0.04179566563467496,11
KR_7541900972,3,100,z6GTsMQYqrBXp_OBqhrMZwZM-0MDW4FZiwXg6Z_--Fzx76aQFaycSJpuJax2hnQsFyyd1d7i4E9S6w,Qiyana,MIDDLE,664,-13,-13,0,-171,0,-0.07875335740073611,284,-0.05465509357904108,-1438,0.2321981424148608,2
KR_7541900972,8,200,Re2k97yK9Tr1yOH6FAHcK7za-cP8L7BMXVbJ1HAhixpxRdmRCBVjtVaOYFCIrSGw3zN6dL1NFBhj7g,Aurora,MIDDLE,-664,13,13,0,171,0,0.07875335740073611,-284,0.05465509357904108,1438,-0.2321981424148608,-2
KR_7541900972,1,100,oajIfY2cV8cLXD0ItzURaYDhD-Jr9zZHw3NhwYLY-lcIYBlFi3fIN-07feYAcKs9evX7mLcyi8VMvQ,Ryze,TOP,272,39,39,0,74,0,0.16108472774067478,-900,0.26842551325016706,-9294,0.07585139318885448,5
KR_7541900972,6,200,fuLZOlEoYDtJ8lOnsLymNaAn95sccl2sB7H_uiaIrHbdM31ZdiWDP0tln3lC3lbSVdLqhHVCDf2aVA,Singed,TOP,-272,-39,-39,0,-74,0,-0.16108472774067478,900,-0.26842551325016706,9294,-0.07585139318885448,-5
KR_7542000613,9,200,6uiiWiKe2NQvrJKnBRxibfqve6C8liBwT7pGuT5q5z0zGETKChIfWRIy9Cas42siHP6S7swpQv2UFA,Ezreal,BOTTOM,576,68,68,0,1287,0,0.1368950176292582,5747,-2.3033434341059267,9124,-0.13793103448275867,6
KR_7542000613,10,200,XEOMbXvuQbkGuG0L7shFIzYKyoBYJttuAYCy5vpzXSrGDBMhhEP-SYq_AOcH8FoxSjLEpWTn4y5eOg,Neeko,BOTTOM,-576,-68,-68,0,-1287,0,-0.1368950176292582,-5747,2.3033434341059267,-9124,0.13793103448275867,-6
KR_7542000613,2,100,O8F-rTXvkSvIVAY_pLGrZf3hxtIJQ6_ZArN68bOWlnNsYnb3khmxGhJB_fCd22oFAzfq3MXyX-1Jbw,Vi,JUNGLE,-543,-3,-3,-4,-31,0,0.03194796117381998,1067,-0.11125916156702331,-14321,0.0063856960408684715,0
KR_7542000613,7,200,A9ZO50sizLWNMsx8GO7AeZRTeuQbJQfF0X-DltkyyZ9eqpC301Z4uNBdzOp1-jC1-LkrTN6cyYGdPw,Zac,JUNGLE,543,3,3,4,31,0,-0.03194796117381998,-1067,0.11125916156702331,14321,-0.0063856960408684715,0
KR_7542101077,2,100,2ErjjqG1lBFLhhQmHFavGAK8h0qpAu_aDiDSielWCGZi_BAOIJb8daFwrbPzsNpvAnI42CyC7N7lOg,Vi,JUNGLE,458,2,2,6,938,0,-0.03962056452824679,1546,0.7551185250358143,-8694,-0.5625,-1
KR_7542101077,7,200,LdrNKaUV_8v_e_CQSlusGrLvS6cZi4shR6ycwUmFcfKVkZKb9HUmjzh00mUBy2qFiT00oZvWaTl4WA,MasterYi,JUNGLE,-458,-2,-2,-6,-938,0,0.03962056452824679,-1546,-0.7551185250358143,8694,0.5625,1
KR_7542219489,2,100,UrfQEBsXA1UT1iAi3WCBc0V5LJaFFvijwwuoBMnrkJJk8MAANn7fAdg8j-e4C8GP6-nkBRH0opNymg,LeeSin,JUNGLE,-552,1,1,18,682,0,-0.027473556551103506,-393,-0.45197404277556075,-624,-0.24183006535947704,1
KR_7542219489,7,200,_p2_YeH0rJo_Kh8420wg6A_AVlao3YzFVyQJFBPOythY4FoYLKD43AQVtaQj0GMyX6TbWLfqxs5vlA,Nidalee,JUNGLE,552,-1,-1,-18,-682,0,0.027473556551103506,393,0.45197404277556075,624,0.24183006535947704,-1
KR_7542219489,1,100,uSwfkCgdg8y_rkWo6Crs5HGsLDSGX0LoP7lLv2aS0GxOCXljiJVWt0YVf3If6MenQsZ_LagRzjLT3g,Aurora,TOP,1855,67,67,0,3558,0,0.24017780656716817,6101,-1.5317629564011757,4766,-0.02614379084967322,4
KR_7542219489,10,200,U5yAz3vqaLWzAk6K6DDtr9NpsAGJBikpqymDUVDXXJ_1xHGhb_vqvlPbJrz8H7kD8CFSrR65vd1Pww,Lulu,TOP,-1855,-67,-67,0,-3558,0,-0.24017780656716817,-6101,1.5317629564011757,-4766,0.02614379084967322,-4
KR_7542339693,2,100,ij0IY85TX_3xZ4NwaovGj2UjKG5kF4SPuTNklcVFBKtrIkx14sF1WDEe4I_-t72bPIPCaO-sgFV4Dg,LeeSin,JUNGLE,-204,-13,-13,7,-239,0,-0.016567874083183415,-1298,0.3292321417437414,6036,-0.07196969696969702,-2
KR_7542339693,7,200,JFfqh98Xjn9NT7JmUnWayvCa_MothKkgXsg12tl5vN7WqLQ29UqWTxBJfKINbWF2sloGweI0hrP5aw,Viego,JUNGLE,204,13,13,-7,239,0,0.016567874083183415,1298,-0.3292321417437414,-6036,0.07196969696969702,2
KR_7542339693,3,100,EJSFcv9ED7Ah8G7-r89F3u4jf-MqymgLFytv-gaPzyjM2XwipgotAa2Zg57AsgpuQMCY3W193AXGNQ,Hwei,MIDDLE,-606,-2,-2,0,-563,0,-0.09306231391964737,-9105,0.35321657862832045,3883,-0.32386363636363635,-5
KR_7542339693,8,200,GspU5SfDiE0oK5j3Mm8K_-8lvoEDWN6QtjpCeZ3uW-Tx3cvWYUj5sV2AuKJ0CzOeqy8r_zzf_YGcfg,Karma,MIDDLE,606,2,2,0,563,0,0.09306231391964737,9105,-0.35321657862832045,-3883,0.32386363636363635,5
KR_7542339693,1,100,Z6KxQo3Rm_WVRa2XVb5VZpGyhARTVUraTCF8ofGov0h4K35eoXASFgwe6eow0oBCiR5EHlfxZHmjow,Zilean,TOP,-499,-11,-11,0,-267,0,0.026121950243894687,-2284,0.4740951623046419,2787,-0.2007575757575758,-5
KR_7542339693,6,200,MhzzndPHLDWpnaKaFJuzzKcm1U9X74V1K98LrKXrtfuIANZRrxf-oBf-0lwm8DW-skqu60FTcYRXzw,KSante,TOP,499,11,11,0,267,0,-0.026121950243894687,2284,-0.4740951623046419,-2787,0.2007575757575758,5
KR_7542478118,2,100,Aw58G59GsNLUTBg1rMiTWihs73nCL_FmXb52LGwH6LWhRpEfREOY2SqBrq6gzZ-UnGt_y8LTh1fcqg,Talon,JUNGLE,1131,-5,-5,29,1093,0,0.039162716134203995,-1168,-0.16340696765884555,5302,0.21305595408895267,7
KR_7542478118,7,200,Z95-b3Nm-yPd8g-Bl6LhxFZ2ebSeqJmMpj9oDBp0ATm4VMvwszqloPWU0FzOfEqjeQHJxbU9RPFohw,Poppy,JUNGLE,-1131,5,5,-29,-1093,0,-0.039162716134203995,1168,0.16340696765884555,-5302,-0.21305595408895267,-7
KR_7542478118,3,100,UOidwoQ1ckkgKf6cnZuQYrTzQz5FYLrnBBmGy6nubIlDtTRvf1pICqcdphmPhEBjaZ3l-z4a9FtFnw,Yasuo,MIDDLE,716,23,23,0,364,0,-0.11112978225726422,-19039,0.15588821677410092,-18240,-0.012195121951219523,-3
KR_7542478118,6,200,Ub1VHsM1B0m1ctinxNljs2OZOvOXjP-fyZSQ3KxVgR_U1FnmEC1wzHDCP5JM4Vs6vuavFGta0WvxBw,Sett,MIDDLE,-716,-23,-23,0,-364,0,0.11112978225726422,19039,-0.15588821677410092,18240,0.012195121951219523,3
KR_7542478118,1,100,_3Cl7e-mj_Y8HZ9S0agjifyK1f7fEuhXlxwZzVp3yEBnxczA615SpzfNeuE13Uj_LWZcVB_i1Ky40Q,Ornn,TOP,-1028,-8,-8,0,-447,0,-0.12117910900933418,-5292,-0.30255299717014567,-2238,-0.03658536585365857,-12
KR_7542478118,8,200,Acbso3farZKZMNGdkFDTjt9_94CrxHe6Wipdnr-zZktV2olqUWSx6UAE6CSGhbqyZrzKvf4K0S0uQg,Kassadin,TOP,1028,8,8,0,447,0,0.12117910900933418,5292,0.30255299717014567,2238,0.03658536585365857,12
KR_7542635152,1,100,_-GIcSLcQgrBj8GlRBfaCTHVMeRqb5Xf7nCLduBXXeySCKnZZnrn5YzWHgKD0KVisCYs9Kro8BP4QQ,Jayce,TOP,44,19,19,0,-419,0,0.07526195643658101,-2075,0.39037506824693513,-5310,0.09999999999999998,2
KR_7542635152,6,200,FdJbZkeBxUzrwwTiQFWJP2qeVD1FfM12X7EypXZaZOZzr3S-Q2PBIXxiItPurdF3uEIVEDStTTHB3g,Gragas,TOP,-44,-19,-19,0,419,0,-0.07526195643658101,2075,-0.39037506824693513,5310,-0.09999999999999998,-2
KR_7542952147,4,100,V5Tkm8gKacZda664gtunDuNexwHWeTgcek8oSmMX5hpO9OFKlT9SE8FVSWaU4Re9yORa3jZxnLDq6Q,Mel,BOTTOM,1652,82,82,0,1773,0,0.2828452660887085,1857,-1.6758631706332494,-998,0.1875,7
KR_7542952147,5,100,VpeKD5-_0q2Q_VxC2m-KL9ZcUP3VSc3gEv87z296DtksymCzpEAthxuv4ljIPontR9-1nIMf2JSMgA,Rakan,BOTTOM,-1652,-82,-82,0,-1773,0,-0.2828452660887085,-1857,1.6758631706332494,998,-0.1875,-7
KR_7543016270,2,100,XK1TL4q868hrrsK-8qAf_0oNx0zsyoXB4wqocZgrEvvx3ItoCvB1tNvQQCFuKJ28NHDtZXUWn8jQhw,Nidalee,JUNGLE,459,-2,-2,9,235,0,0.0223329277514544,-570,-0.2602409353857772,12569,0.22499999999999998,-2
KR_7543016270,7,200,xqhQ6CKhrH_bTOTl_1YGHR7NgjM1Vka4SgmJMlFj9alUJ-gnHu6Gpb_OCzIK8VKyah9Q4HUZXf9NTQ,Graves,JUNGLE,-459,2,2,-9,-235,0,-0.0223329277514544,570,0.2602409353857772,-12569,-0.22499999999999998,2
KR_7543016270,3,100,W-2qKUa1ZpZC9-9zYr7yhBsEQXZZhq7rf0Px3vYbVb_KTYtRHZ60utL-p1XqeHB7XnMWT0Q01O-R8w,Galio,MIDDLE,-1236,-28,-28,0,-510,0,-0.12807418817016192,2032,0.769095614283807,-1956,0.03749999999999998,-5
KR_7543016270,8,200,qIL383o4X--WqTFQcj7d8tRjIY8eqqams6R5ZDQYzmYF0KshcspiKbNyILJdx4qiVJmcN1vPowMFFA,Zed,MIDDLE,1236,28,28,0,510,0,0.12807418817016192,-2032,-0.769095614283807,1956,-0.03749999999999998,5
KR_7543016270,1,100,5e6_hOznQ3QLNBkfIU1K-acLiOU8cjv1CLWpsMEUW86MA8WlnhoQxr39Av8V57__2T887OY3tgEFxw,Ambessa,TOP,205,4,4,0,281,0,-0.02093343531840991,451,0.21631956770090055,1856,0.07500000000000001,4
KR_7543016270,6,200,LzI6XJWK1Zm8_YkQSFOjhRB1KbSgFYX9Nb6mLUMoh9OO9jjnggGiC-kisY6asURaDd0mA8KVIm0TYg,Gangplank,TOP,-205,-4,-4,0,-281,0,0.02093343531840991,-451,-0.21631956770090055,-1856,-0.07500000000000001,-4
KR_7543251182,2,100,BTt_A4ZzxOxQcxiFPix2PoXpIKJYa3euT3zvl8AMyDaAOvti1pvnP9zYVyTK3bn3xErIKlk2EFQBXg,Nunu,JUNGLE,292,6,6,-1,276,0,0.010972868020535001,3970,-0.3174244810670621,6976,0.2329749103942652,2
KR_7543251182,7,200,d4MgphghTZg-9fdTL4auMQGunaX8ig5RtY6BkGhOzqoGzLA3mTv7ecYjPSNCqQALCA8Aglqu-3GciQ,Vi,JUNGLE,-292,-6,-6,1,-276,0,-0.010972868020535001,-3970,0.3174244810670621,-6976,-0.2329749103942652,-2
KR_7543392986,2,100,dXjU7d5fQ4eSNfxc-v4qtXK76YTIFi_j5qHb7zsW5PDJaaUDNu8gKlCAa5mZfSlXwY5FfLveyeilgQ,Zyra,JUNGLE,-543,-2,-2,3,-378,0,0.0652137963699723,-3922,0.14605768323667268,-15517,-0.15449915110356538,-9
KR_7543392986,7,200,wDoXG6D-EiQHZsnLLnNXXxw0yAHwb6_fEFJmKHSNQkX3JNPQwQW5cER7XOu5Uh9A3jG74FOyoHACaQ,Nidalee,JUNGLE,543,2,2,-3,378,0,-0.0652137963699723,3922,-0.14605768323667268,15517,0.15449915110356538,9
KR_7543392986,3,100,e-YAcXIvfMj9HsZMHyaGFYyRDDyEn0bLgf8kImpiI31B5K8PGcUReBxcgQsAOjKb2Z_f011aETDtTQ,Neeko,MIDDLE,451,8,8,2,138,0,-0.12340897807714471,-2323,-0.3930522890666131,-4828,-0.030560271646859094,-5
KR_7543392986,8,200,AyQ5Q_fGufn69HdWuMy6rEdFF3orL8UuIVgrpHqP2jRZMvg_-_u1au-TRVQl8D9bSsE4FYHEabMoBQ,Aurora,MIDDLE,-451,-8,-8,-2,-138,0,0.12340897807714471,2323,0.3930522890666131,4828,0.030560271646859094,5
KR_7543606243,2,100,aIdNwqR8x000aC8jCj-iGxB9sPpOiizwRLciJgoJFHW5iigHhpZ2ojpmcma-Kex2VINqjcoH_hkcMQ,Karthus,JUNGLE,-156,-73,-73,80,131,0,-0.0697707165685319,-9820,0.4046922159275399,11420,-0.17875457875457879,-2
KR_7543606243,9,200,GunsjKQP8SCwx6kFM7RIZPtn5gPyreeg68Rk5SZWvbAnE4JvS14aojdxoMok8w150dDD_4eGPr-2Hw,Ezreal,JUNGLE,156,73,73,-80,-131,0,0.0697707165685319,9820,-0.4046922159275399,-11420,0.17875457875457879,2
KR_7543606243,3,100,XV-BDu2dOKVn-WRQlmrM-uZARI3cZTb4YUUHiNemOwnAIqJ7dqeMltmHymXqY3AZUTo5_JbBQljSmw,Yasuo,MIDDLE,287,11,11,0,105,0,-0.023914896369406496,-1043,0.4767982855705615,-2957,0.0388278388278388,-1
KR_7543606243,8,200,hV4CCkYgp4tAm3AH0kZ_1cRTHuqVGMKNQ8BXtU8AtNZzIbU86sUOSdYN30Ze0VttYbstyDXjQ2DlAg,Ryze,MIDDLE,-287,-11,-11,0,-105,0,0.023914896369406496,1043,-0.4767982855705615,2957,-0.0388278388278388,1
KR_7543751944,2,100,Eejml1AHjkPElJTNre4Xlc4Lo6yqlwPIDzSPnF3-9mh2DhUgDnMkR14KrS0lA__lkm55gwSGv2XGKw,Vi,JUNGLE,1290,-2,-2,27,1228,0,0.040980119640496804,1308,-0.452395476950357,-7156,0.12777777777777777,4
KR_7543751944,7,200,aVmbBxTSBGDeNQaAz08_sg0LtAaJAWqHzgJIzp7DErR5Psm4z1QaPwIuMi5qDSOBT_pKeLkRE2aEcw,Pantheon,JUNGLE,-1290,2,2,-27,-1228,0,-0.040980119640496804,-1308,0.452395476950357,7156,-0.12777777777777777,-4
KR_7543751944,6,200,lKxuOZcFe4H0bjBOrBaZDbY8cvF5yJN-2D2FrF-VkzglOrGmn-XR7YbQFeHUTnyLvmUlU9wUK_Zppg,Lulu,TOP,-611,-17,-17,0,-734,0,-0.10594235888061779,276,0.2710319807918601,341,-0.06666666666666665,-2
KR_7543751944,8,200,TslgHCrOficI4ejDbbAMVldm42czg4A5bHGf4gWhYA3c8GguxGo7HOzC2MNl1WHhBBJf4K9S1zRY4g,Brand,TOP,611,17,17,0,734,0,0.10594235888061779,-276,-0.2710319807918601,-341,0.06666666666666665,2
KR_7543891833,1,100,0oaW02aml3hYlyNYGPvuo4l1IBYycZrv16RC4Y9xGxx0zAJkVQjmfx-hwm6HmG1xu2v9jNuH-k2OQw,Ambessa,TOP,444,-4,-4,0,209,0,0.010212882151271696,7379,0.3119336591713594,-7412,0.11607142857142849,1
KR_7543891833,6,200,Bl56JSEuA_lG0t1uxnI1x--Q79YwJ5Yj6j1YcWtNdrrBsqp00dnYNJHaE5Mx2_iGAtp8WEnFmGSLaQ,Renekton,TOP,-444,4,4,0,-209,0,-0.010212882151271696,-7379,-0.3119336591713594,7412,-0.11607142857142849,-1
KR_7544021910,2,100,koasl7wnS-PjVfxU8MDkXhpgzVADsP3cDpHAbUM6hL5XFFkUiYxfftN-iuelNjgxLebgJRge5N9ZZw,Ekko,JUNGLE,1241,3,3,2,242,0,0.1522253955173768,592,-0.1061048601989929,-3381,0.1875,11
KR_7544021910,7,200,KkVVvLEdU5m8otYGepncIsZDrqnPlCd5N8_2DvfnjpFIv7zhe-xO4itOjE10T99-q1qbkDsACFJecA,Nidalee,JUNGLE,-1241,-3,-3,-2,-242,0,-0.1522253955173768,-592,0.1061048601989929,3381,-0.1875,-11
KR_7544021910,3,100,eatUj6rxaF2Xg3pcak94auX-TQQvzRs8pB8ZAiuQbkQubbRXhjF6KhmTupV_0GtbluXD-_W5agUZ9A,Hwei,MIDDLE,-175,12,12,0,-265,0,0.055201344407631414,4443,-0.3117634197532715,-4672,0.3392857142857143,-1
KR_7544021910,8,200,OjQUoeQqjksUFHgTY11svac6pUCULINi2GFWSgOPBUk0oePKDSSFuwrKnL5FNDpNM1aRECaz6YvhIg,Sion,MIDDLE,175,-12,-12,0,265,0,-0.055201344407631414,-4443,0.3117634197532715,4672,-0.3392857142857143,1
KR_7544021910,1,100,uSwfkCgdg8y_rkWo6Crs5HGsLDSGX0LoP7lLv2aS0GxOCXljiJVWt0YVf3If6MenQsZ_LagRzjLT3g,Ambessa,TOP,-1206,-35,-35,0,-1178,0,-0.18188279523319878,-6079,0.03207502992178368,-1285,-0.3928571428571429,-3
KR_7544021910,6,200,spk6YkGyrd4_5TbHRlVVFvDF1zmpYg2RxWlP6SUjSe11xy6yagLrLdIEn136N9wdTahpMrN_xk5N-g,Jayce,TOP,1206,35,35,0,1178,0,0.18188279523319878,6079,-0.03207502992178368,1285,0.3928571428571429,3
KR_7544149420,1,100,XeHXj7dX1FhJRVhPInDxccRHmFnHtfcQgVOv3C3lOUNsKaKfmwWt4p-LAumXenmW1mLOZs2zsdrPWA,Jayce,TOP,30,-2,-2,0,89,0,0.15598643302532988,2768,-0.21098520828369421,-15125,0.20625,5
KR_7544149420,6,200,ZzYHgbz0ENz5MC7ceqqX_4Yz3i2lnZJzUS4wFzN3g0p9ploeQtjTI9AuVBzuKRIH-lFk7JgGL_ZiTw,Tryndamere,TOP,-30,2,2,0,-89,0,-0.15598643302532988,-2768,0.21098520828369421,15125,-0.20625,-5
KR_7544299380,1,100,jCW4u4IbClNLJn6zGIOsK0klpWr9O-Lbjc4xKcN225Nm3h_yRXdIRTkfPYTb9t3tHRBT0hYXVzIOqA,Gnar,TOP,-1146,-22,-22,0,-627,0,-0.05599539045404181,-5456,0.17635407617787546,3176,-0.0692640692640693,0
KR_7544299380,6,200,qscSl8tOIxsoj8O6BzsSL9xypFkFsHC8HlvUewb5XpU-6GqF3cGZwc8T_-hBIBgioqubW9hkUAT_nA,Jayce,TOP,1146,22,22,0,627,0,0.05599539045404181,5456,-0.17635407617787546,-3176,0.0692640692640693,0
KR_7544639524,2,100,s-Uzwe0l1OeWmi253DYhire0rbmmBXIMzZkZ_YkFr73F2iiUvLxzQ-HV6EcpsjzRZJB1C0oKiJILTw,Viego,JUNGLE,-82,-4,-4,56,1238,0,0.13954690858539187,-443,-2.256540926147025,11519,-0.08108108108108114,7
KR_7544639524,5,100,oung1_qrZHeuCSnmzXlVZMgv-fgOTBMI2f_teylr1V6UmztL6XT3ZEJdiDL_ChrGKxujZkFPfe8FQA,Galio,JUNGLE,82,4,4,-56,-1238,0,-0.13954690858539187,443,2.256540926147025,-11519,0.08108108108108114,-7
KR_7544639524,1,100,GzCI7BymMGxIAG8sHXseqn7nWgKpuCXXH-Uss9wtC5E2ahbZgFxBC0ODSEVNI_CVx5SdsvEsmyZDwg,Karthus,TOP,-743,14,14,0,-142,0,0.02302836554711951,-1815,-0.8279771110526921,-18626,-0.05273566249176004,-10
KR_7544639524,6,200,m3Y_U1NNxiYkIdhcrikK897o9dpM0YiSYDmuItak3gee0AeBDl8gBZySWXFYZfCFvMzVOU1y94hBEg,Aatrox,TOP,743,-14,-14,0,142,0,-0.02302836554711951,1815,0.8279771110526921,18626,0.05273566249176004,10
KR_7544715864,2,100,hV4CCkYgp4tAm3AH0kZ_1cRTHuqVGMKNQ8BXtU8AtNZzIbU86sUOSdYN30Ze0VttYbstyDXjQ2DlAg,Belveth,JUNGLE,244,-2,-2,-10,-322,0,-0.0443025262367015,5865,-0.6030106387948808,10099,0.0080971659919028,2
KR_7544715864,7,200,CmxieCbkCL018DnGXoeGKbQZUu71oppc2sqgVQF2pZgyA2D-EIy5IyPg4AK3nAPD4BvFEVggsf4AXw,Taliyah,JUNGLE,-244,2,2,10,322,0,0.0443025262367015,-5865,0.6030106387948808,-10099,-0.0080971659919028,-2
KR_7544917270,9,200,U7XoxSSyhLMjc-8vim2lb6zYEba2oPzA-TUQ-MivoaNgRGg1Vod2e2ODICNzvSjiOoRvFBdRVOLv1A,Caitlyn,BOTTOM,-100,36,36,0,1017,0,0.13584911687133072,4055,-2.3993192377389296,-8720,-0.0888888888888889,3
KR_7544917270,10,200,YMJ3V_A9UWqdK-DarcFieKajBGnsr3f6X0_2zLLcJS6NDnz8XE6dMos6BNVGuSVbNB_8mLSO5A84yg,Bard,BOTTOM,100,-36,-36,0,-1017,0,-0.13584911687133072,-4055,2.3993192377389296,8720,0.0888888888888889,-3
KR_7545078699,2,100,6qmaghTj-UCM4FuiU-W2TxC_CNqikTzd4eX-mxGc4o8Hi4nhwhNUPR8uKky6xWc5pTM6XBkfySCsPQ,Kayn,JUNGLE,335,0,0,-10,160,0,-0.0902899309852237,694,-0.2977393741108135,4874,-0.33333333333333326,1
KR_7545078699,7,200,wDoXG6D-EiQHZsnLLnNXXxw0yAHwb6_fEFJmKHSNQkX3JNPQwQW5cER7XOu5Uh9A3jG74FOyoHACaQ,Viego,JUNGLE,-335,0,0,10,-160,0,0.0902899309852237,-694,0.2977393741108135,-4874,0.33333333333333326,-1
KR_7545078699,3,100,eKyi3Meo05-R00ONc0WSqZKtH7i62iaL2DcCpLSR-hlXW2XOZOGdzGouKmXK2kzb0XyzJolxXjZyWQ,Galio,MIDDLE,-82,6,6,0,265,0,-0.05059890121408511,1070,-0.33067514929158304,3536,-0.18518518518518523,2
KR_7545078699,8,200,jMzTloqAaSkcQ-lLEMYFKFQPupgqSYLvszXEkuTVf1mm1e4UD2ejGXluNfybT3x4rb9tI2C1i7ovEw,TwistedFate,MIDDLE,82,-6,-6,0,-265,0,0.05059890121408511,-1070,0.33067514929158304,-3536,0.18518518518518523,-2
KR_7545078699,1,100,Lv9NxvGjK0kOQyclhALpuXzg-n2Xj754qpNkTot5ecckCZfqJFkNHKx2XkcmSgJrygPPAx-DzvDQlA,Skarner,TOP,457,3,3,0,622,0,0.005997074645319317,871,0.9180618866574568,-15061,0.2962962962962963,4
KR_7545078699,6,200,XV-BDu2dOKVn-WRQlmrM-uZARI3cZTb4YUUHiNemOwnAIqJ7dqeMltmHymXqY3AZUTo5_JbBQljSmw,KSante,TOP,-457,-3,-3,0,-622,0,-0.005997074645319317,-871,-0.9180618866574568,15061,-0.2962962962962963,-4
KR_7545223812,2,100,JRSToCe69po8x75rF-YqeAQm2cIfDcNWutxNoSKEYEL8I9gUsJGZXqFSuSYySYbK_8LbnH4yLFHHRw,LeeSin,JUNGLE,-380,-8,-8,-7,-822,0,-0.11045814760578081,-659,-0.6548908922607802,-2464,-0.07882352941176474,-3
KR_7545223812,7,200,Bl56JSEuA_lG0t1uxnI1x--Q79YwJ5Yj6j1YcWtNdrrBsqp00dnYNJHaE5Mx2_iGAtp8WEnFmGSLaQ,Nidalee,JUNGLE,380,8,8,7,822,0,0.11045814760578081,659,0.6548908922607802,2464,0.07882352941176474,3
KR_7545370606,2,100,ULH3ffJx2QamRmix-ymv-1_3Epr6lGFXik-b8UMK_G9Lk_V_sOgPBq8-iCfVXBcXeSZiEgSLn1q-Xg,XinZhao,JUNGLE,-212,-67,-67,49,-265,0,-0.02103575976019531,-5920,0.30369825078292023,22955,0.033333333333333326,3
KR_7545370606,9,200,awscXWeDkBSAA4Ve-bvC5fIVACswmgrr5ChLuKPkgdVgmSwJlwG-K_ztC7cpmomydUnK445TkPmGGA,Caitlyn,JUNGLE,212,67,67,-49,265,0,0.02103575976019531,5920,-0.30369825078292023,-22955,-0.033333333333333326,-3
KR_7545370606,3,100,UZoRnqAI2ZXPiTlmw2Rz_hNvmRjCsL_EWwTzbINjObclAhWjsn-6AoEyn7j5nq7phzCKWA0dcE-r-w,Aurora,MIDDLE,-9,80,80,-64,1383,0,0.0433953907334885,8508,-0.4916984134616298,-22874,-0.3424242424242425,1
KR_7545370606,7,200,l1vPWgXSGmFgK_IlZ5ddbIdQXDTUVX6vtuRZVdJZB67oNqDEs-xqT5gE6rwNhIrGQs5Z-U3_0DaN4g,Viego,MIDDLE,9,-80,-80,64,-1383,0,-0.0433953907334885,-8508,0.4916984134616298,22874,0.3424242424242425,-1
KR_7545370606,1,100,cysaHEyik35MbnOutkx8PmMfbAik4cDjO9qNzN221ubyNXIDCLC_Vzd0-fxhPKUzxlFchr8bv1IjPw,Jax,TOP,-356,-33,-33,0,-866,0,-0.1636121736829157,1882,-0.5707762518406064,4079,-0.16363636363636358,1
KR_7545370606,6,200,arm8IeSSRT-HMJptAggfIOMCmP1H5VcsxJ110b-MjL_O2_sxHd1CeVq4Rj0GBD10g7B6lGoNdHZETw,Rumble,TOP,356,33,33,0,866,0,0.1636121736829157,-1882,0.5707762518406064,-4079,0.16363636363636358,-1
KR_7545516892,2,100,BOsrR5OT3hqa9Ga1ckb2JomNerWzEJNGxH7HJAP8NNF0mJj6prHlwWMuTW3EvlozWIcTgwEbq3VpuQ,Graves,JUNGLE,1131,1,1,-9,-65,0,0.1592769404536532,6770,-0.07977500505020174,-19889,0.27441860465116275,17
KR_7545516892,7,200,wuicHM_pSRIMSaJl7yMg-a59T2w4TEQ6wQcoSgHhywlKN8e2KAIV2FXIv_4wzYDOL2VYa9V0alDzpg,Darius,JUNGLE,-1131,-1,-1,9,65,0,-0.1592769404536532,-6770,0.07977500505020174,19889,-0.27441860465116275,-17
KR_7545516892,3,100,lRKyzJ4aai3J2HQPh_2kS4Z91DmydvXsGuEUP3O_FNW-GN0y0MFcCP3XOVlnBrmLh5xThGCGozr0JQ,Leblanc,MIDDLE,-1061,9,9,0,1164,0,0.01215530686903002,-2360,0.36980295334180613,946,-0.25581395348837216,-4
KR_7545516892,4,100,sJZ4QUwc1RCloS0Bh_kqoqGJlStyaCjOplyuQw98MhUd2Ep1YyKOgm9YCZ_5t-8q9-9SMSwp23SCYA,Ashe,MIDDLE,1061,-9,-9,0,-1164,0,-0.01215530686903002,2360,-0.36980295334180613,-946,0.25581395348837216,4
KR_7545696021,1,100,OjQUoeQqjksUFHgTY11svac6pUCULINi2GFWSgOPBUk0oePKDSSFuwrKnL5FNDpNM1aRECaz6YvhIg,Sion,TOP,442,17,17,2,318,0,-0.03815492280347019,419,-0.20367974446035758,11036,0.27651515151515155,1
KR_7545696021,6,200,WCJFqJQk3uKHVNt7XjnHMZlvne-mniVqL9BFWP2C6trW260v7_oUQIik1BbdOn1ASzYqsTi2AzzM0Q,Gwen,TOP,-442,-17,-17,-2,-318,0,0.03815492280347019,-419,0.20367974446035758,-11036,-0.27651515151515155,-1
KR_7545883677,7,200,mgNidMI2iBeeJGDXeFRrt4MorHA-U8jIx5pc_FMnnAqHezq40mV6k9JCy_UVNgLihMW6AjlbE2hS0g,Darius,MIDDLE,231,-80,-80,67,-1225,0,-0.0609535012775613,-796,0.46372291208837124,12580,0.375,6
KR_7545883677,8,200,Lp2bu4VP2-3aL2wA0wlZpP1QPfP0SQzxkM6gaqdZqfKGJdyI7WjmhkJ9pPka2KE525_gdqQSf5zrAA,Viktor,MIDDLE,-231,80,80,-67,1225,0,0.0609535012775613,796,-0.46372291208837124,-12580,-0.375,-6
KR_7546083819,1,100,BjyfKKEcZeIjqYa5nZTzsiz7ctJC1GoMp5Q1VxbQPIAIMczyQ65eb9iVqW9E3pKuU2ff7zKuy377Mg,Vladimir,TOP,599,31,31,0,101,0,0.042024158503410514,-9244,-0.28833188731825476,12776,-0.07407407407407407,2
KR_7546083819,6,200,bb5CMB8agRrpHYi-I0dSzrNQIx0XIaJbfxCOr9cBDAV7e73Vl8SlUuVOjVcHtxHWRCOTro3emnJMyw,Gragas,TOP,-599,-31,-31,0,-101,0,-0.042024158503410514,9244,0.28833188731825476,-12776,0.07407407407407407,-2
KR_7546227238,2,100,hd7eAvjraSXvbmfhIFxjq0UlPT2WsUX40N9F0vbqIVsqT3bRjUd9qQpdj5o5l5dJptTOeGPpjjWgyw,Graves,JUNGLE,-30,-5,-5,9,265,0,0.010609204438410097,484,-0.18950690833888562,-8037,0.06060606060606061,6
KR_7546227238,7,200,v9i-vVA86e3YH6sWEvSc3pISXi9_wExo-USZd4MEiiAcsZu_dioqn5NxwnH6hty0BEc77qoFg4eINg,Kindred,JUNGLE,30,5,5,-9,-265,0,-0.010609204438410097,-484,0.18950690833888562,8037,-0.06060606060606061,-6
KR_7546227238,3,100,Q_tsjY4Me7KYnZqpRAqkOYsFxXJsooqnljYeEeqGJ1IazU6yqFFUIkXeAewaUt_jaRi0OTLyTGHZxw,Nunu,MIDDLE,-624,-25,-25,0,-408,0,-0.0737947014411108,-831,0.21730752724410068,-82,-0.41077441077441085,1
KR_7546227238,8,200,IHb1k-bAXw4vKh4l4EqmIn57bi9cJv2J95wmL1Th1lmsN5pY5eBndYJuDO3i9AcR8W01XYf_fWiiyw,Ekko,MIDDLE,624,25,25,0,408,0,0.0737947014411108,831,-0.21730752724410068,82,0.41077441077441085,-1
KR_7546227238,1,100,iFRRr_HuFlOrqBw8rn9DSbapGnaWIZgSv-4gZsY3xzVhpjTKy947KzPz8aMeILWD8uapA3NqR2PpZw,Kennen,TOP,-224,-12,-12,0,-499,0,0.1621208587032209,1847,0.06882332562915927,-9398,0.13131313131313133,4
KR_7546227238,6,200,gm7b13x0rvtLC1ePAcqUEn4omH6oGYeh-ua5CKrztNoOKdPbrR4RWXn8VVWXPrxjhjd7KmJn1SbnKQ,KSante,TOP,224,12,12,0,499,0,-0.1621208587032209,-1847,-0.06882332562915927,9398,-0.13131313131313133,-4
KR_7546325170,2,100,-FtkFbtaFLClM8McJFND1SQr0VclxM1fXelYOYdqy_POO-NgF8y-7-kxWoigoXfGKskPhNVnLcXZOQ,Zyra,JUNGLE,-528,-85,-85,77,99,0,0.05055177558058427,-5321,0.08825837744773635,-1396,0.10499999999999998,0
KR_7546325170,9,200,ie19JHE_HOYKbk14dmcIqtFTyRr6Z7s0sRQNzeiEuqb-L-v8rPSiVdaRZZMaMxnT9Habghzx_k7gIQ,Tristana,JUNGLE,528,85,85,-77,-99,0,-0.05055177558058427,5321,-0.08825837744773635,1396,-0.10499999999999998,0
KR_7546399536,9,200,_Wvq6COXDAM5P6JoF2X_aM65PFUgxlKFuCF_rDiIjzr3jclfP2UtkRfvqmZoOAea2qmEcy_HXTqUiw,Ezreal,BOTTOM,1734,48,48,0,23,0,0.24948867809898018,4926,-2.4631219068845027,-186,0.0,10
KR_7546399536,10,200,6CpsV7-SfycXwD2kL7ju1t9qIrafz3Z-SRXIO-47GiGvPjvygFRB5c0-jBG9ZD0Lx1GLFww-sGDzEQ,Rell,BOTTOM,-1734,-48,-48,0,-23,0,-0.24948867809898018,-4926,2.4631219068845027,186,-0.0,-10
KR_7546399536,1,100,ei46L3acO-mbYlnxFeUAs-v1hppNwyPvxopvK280GIBz8Z62Mz0xgkpZ1r4cSoNpfk_LMn7S5E_maw,Renekton,TOP,431,16,16,0,574,0,0.005074079629536987,5024,0.1006580887734222,6935,-0.08045977011494249,0
KR_7546399536,6,200,fuLZOlEoYDtJ8lOnsLymNaAn95sccl2sB7H_uiaIrHbdM31ZdiWDP0tln3lC3lbSVdLqhHVCDf2aVA,Volibear,TOP,-431,-16,-16,0,-574,0,-0.005074079629536987,-5024,-0.1006580887734222,-6935,0.08045977011494249,0
KR_7546503879,3,100,UDY6yg4_foiB991ah-NXqpYxRn_FxFCSWU8PsV_ipW-30lv9NEuJruglQ4dfw2E9K5lrexLj2RN1Jg,Lucian,MIDDLE,-238,-5,-5,0,-582,0,-0.10378392332347029,289,-0.18659009672275406,3777,-0.1655844155844156,-3
KR_7546503879,8,200,9dCIrzomUW7qKXTsqvviywLiWH7BKbeMlHzNtH0kqsgrVQHwmqkyJg5RezfGkmh7ksbDBjxMaxIHIw,Orianna,MIDDLE,238,5,5,0,582,0,0.10378392332347029,-289,0.18659009672275406,-3777,0.1655844155844156,3
KR_7546758254,9,200,V5Tkm8gKacZda664gtunDuNexwHWeTgcek8oSmMX5hpO9OFKlT9SE8FVSWaU4Re9yORa3jZxnLDq6Q,Corki,BOTTOM,523,51,51,0,286,0,0.2442731903321672,2140,-1.770956062560024,1853,0.05882352941176472,5
KR_7546758254,10,200,oJa0xP-0sedZ4Ma7wF-Jt7uuYc7QGZq7NhZSC9NfX-5Mz3cNRUMVUMEzwxw7AajkatA5yHdqdNLUtQ,Braum,BOTTOM,-523,-51,-51,0,-286,0,-0.2442731903321672,-2140,1.770956062560024,-1853,-0.05882352941176472,-5
KR_7546758254,2,100,8rAjYoa_nSx3wXyVxYCA_A9MMtp3xdgYzfsLi-it9iJYQ2zgbzORQjoCqCY1sKOWujmnS5jEBFwS_g,LeeSin,JUNGLE,434,-13,-13,1,455,0,-0.09994352208829638,-1893,-0.07370120093988808,1013,-0.08676470588235291,3
KR_7546758254,7,200,550_WZAUn_6W1A0AFEEGwXwLuoVv0i3dst9m_T8o6fn0KkNlCy8n_BTXAPzDH2YhgFPkubIeDYwXaQ,Gwen,JUNGLE,-434,13,13,-1,-455,0,0.09994352208829638,1893,0.07370120093988808,-1013,0.08676470588235291,-3
KR_7546758254,3,100,T5D80qIoD_oHvioStkEJbbEASCOIrYoViMykNTCfx41GKt2ik4T4Ajmg3WjQwJOpA0-_ihlU7Ojb9w,Ambessa,MIDDLE,1641,48,48,0,2184,0,0.21351837936791412,6379,-1.4175840713662118,5717,-0.12499999999999994,12
KR_7546758254,5,100,aAb7LpPAndIIJsb8LCC-wZ6wcmznrNJKIeHxqE_xH-0GokpLz9F8ocBmnKl5PTMA1jl7CZk_XNVAOg,Nautilus,MIDDLE,-1641,-48,-48,0,-2184,0,-0.21351837936791412,-6379,1.4175840713662118,-5717,0.12499999999999994,-12
KR_7546906939,2,100,EgB6SInV-hwvWOHNvW_lcJnLkxSEesB6Gu1ezugsQXlfzGFJRFGk3cQy_0FjWQLvCgnpQPwqPMmDCQ,Graves,JUNGLE,1696,-3,-3,37,848,0,0.1243574539194436,-822,-1.4937830889854298,-2189,-0.034482758620689724,12
KR_7546906939,5,100,nYWMsPWC9P5DZyvfOB5ZepeN2jTbl8G-S0PS_P_2lOEYMcRndjAuedz94Li7GAjkxp4K8kkW0VKyzg,Alistar,JUNGLE,-1696,3,3,-37,-848,0,-0.1243574539194436,822,1.4937830889854298,2189,0.034482758620689724,-12
KR_7546906939,1,100,y4cTMsjWeWp__cQ3bA8QRIhkOfZxa8JRSb0Y_e-PmgJ8TBewHyVwBHzrZPi9jPojSKrrq0o7jB7kRA,Jayce,TOP,-372,14,14,0,-175,0,0.02379320429245399,-1402,0.01515371856744785,-270,0.19021134593993333,0
KR_7546906939,6,200,2_M_Fyj9A7kPJzNvkyu0QyQTWDULBqG8omzAacIX_Vk8pX-FLfPFa3PIoItU1G26VHUNof1E2tZSrg,Rumble,TOP,372,-14,-14,0,175,0,-0.02379320429245399,1402,-0.01515371856744785,270,-0.19021134593993333,0
KR_7547036307,2,100,CYntBfXJ7jLDGW0J7Le8YRokiUlSZr8V76nUv1njBSUbBLV66wJ6CAFJCnIstOQyk-G9pdtc1cdbMQ,MonkeyKing,JUNGLE,-903,0,0,-4,-254,0,0.0017265985046042154,-5427,-1.006567055683306,3337,0.0,-5
KR_7547036307,7,200,0Yj7hVrh5f8mcUi1FtzVmPOksoBAUr3pBr3ULVg56jle-9iVpE0_A3dsp-a5RvhjM_5YLEWgOfGwFw,LeeSin,JUNGLE,903,0,0,4,254,0,-0.0017265985046042154,5427,1.006567055683306,-3337,-0.0,5
KR_7547189907,1,100,zMWyXmoXPZT06NrvyVCofuf0yeke9nSWlrXKibzVNOlO6wTfK38VVLOVs6XNJGD_Kct-GO4v_wiQRA,Gangplank,TOP,274,25,25,0,374,0,0.07312175705324048,-3551,0.24990711092278817,-10011,-0.2528735632183908,-4
KR_7547189907,6,200,V-CSH2uXVwZWPBi3xbsrJe1Rv40vlJehuqnMKdCZjTd77iovL84QgzfmZDNssww4azYpnczLSxyclw,Chogath,TOP,-274,-25,-25,0,-374,0,-0.07312175705324048,3551,-0.24990711092278817,10011,0.2528735632183908,4
KR_7547313562,1,100,8b1aH8O3P8YLDSKr700hDD805uurZe6Lt0XvFwABM_lXm6YzUzum6hvDSY0pACufC_dHlRMsMXrR7A,Aatrox,TOP,-1082,-20,-20,0,-144,0,-0.06796191561904638,-3108,0.10663677026564211,2460,-0.33333333333333337,-4
KR_7547313562,3,100,SBqDBuhTa5_pNyZFk4MoRQ6y8LGWmrAcwDaLOgrFl4Udm8uNsdsAuM5AarTHLE_cy3P_XgIrfvwt3w,Akshan,TOP,1082,20,20,0,144,0,0.06796191561904638,3108,-0.10663677026564211,-2460,0.33333333333333337,4
KR_7547445702,2,100,4uuWmkW4xKOlMatim1O_k55ovS47ZbUMSQPsXeXWBFAfkNs2qlrEhJ_FXpq--3sjRX-HMqAo1Wm9_Q,Darius,TOP,-290,-66,-66,77,-736,0,-0.03563758266099329,7843,-0.3446339624326411,-4486,0.05833333333333329,1
KR_7547445702,6,200,nK0hubSFqdLDvnLLvEL4L8X26YM1QDZPvafOYsCFbhYMVWwQya60vtQptnuHerCGOzPEwfXoqMzaLg,KSante,TOP,290,66,66,-77,736,0,0.03563758266099329,-7843,0.3446339624326411,4486,-0.05833333333333329,-1
KR_7547586020,1,100,fqd8_GZxIdKGU2ejoZ_DM7iZHpQFpGT3CmNohxGozcX2CHySB_Bw0WtYkkkq46st5XPuzZ11nQTRlQ,Vladimir,TOP,155,-8,-8,0,-185,0,0.08100832210714928,7827,0.3378056782390433,-2373,0.242081447963801,8
KR_7547586020,6,200,B6XlkBKW2Vo5Hf3uysRvmPOjCocnEUS7ylbW94u0XULd8fn2ZUa1iyZ6cvLYnn7IKzL_rd9hy6dTYg,Galio,TOP,-155,8,8,0,185,0,-0.08100832210714928,-7827,-0.3378056782390433,2373,-0.242081447963801,-8
KR_7547701052,2,100,36w9XCi-npXg0Qqte9R3HRosSxOUZTQaG6UETHn-vo4qLJ7XzbN1aS51hbLQ0UpJnTZfpCYw06huBQ,Vi,JUNGLE,1619,-65,-65,64,-600,0,0.07297441162189922,5558,0.6725980034256034,13256,0.04937304075235116,11
KR_7547701052,6,200,x1PJVaR7Tp6Q0zy-HTxE_U_HVsQAgmCcHqjJ1Avnbjy-ujMAXD15ySO-DVTCoDUylEimjod4D11BPw,Rumble,JUNGLE,-1619,65,65,-64,600,0,-0.07297441162189922,-5558,-0.6725980034256034,-13256,-0.04937304075235116,-11
KR_7547701052,1,100,TzbIETopQJ43l0w6Tha67XLyPl-vFiTqRh5Nki0d1N5gXTku17DISg2aZlDYFGuC1z4OPrqMzkGMcQ,Darius,TOP,-2003,51,51,-58,-309,0,-0.05030766235171258,828,-0.9206340114350429,-12293,-0.3949843260188088,-3
KR_7547701052,7,200,ltuQOiBNvClmzu_WdLShzPeapYNCdRWhhISf5NSvtVUDyVGwDYypdFfJFx6s6XdjhZiC2NFi5OX3ng,Nocturne,TOP,2003,-51,-51,58,309,0,0.05030766235171258,-828,0.9206340114350429,12293,0.3949843260188088,3
KR_7547777370,2,100,O7SUvmgSDubWV6Vc2grEUys_lQwTXcG1B_OryEbTZsryIRhuo1mEePYU8wDP9YPhPm9vW0WAKipiCw,FiddleSticks,JUNGLE,-509,-3,-3,-14,-827,0,-0.06843038041808938,-734,0.5420316113170094,4596,-0.06675224646983319,-9
KR_7547777370,7,200,YC5fatCdHOgo9LlnaDliBR0MrGK_8QIFFdPhUMj2fHGMf2ZSgslFoU5sQG_oqVDuBpJS8jK1iHzvEw,Graves,JUNGLE,509,3,3,14,827,0,0.06843038041808938,734,-0.5420316113170094,-4596,0.06675224646983319,9
KR_7547777370,3,100,fT2qqUcvuh1UPurLWZdo1W8Z5YxpGkc-rN9PZ754p5GinCqSwa-6ToCHmwlDi0MzhMeIyC1p_ulWyw,Quinn,MIDDLE,121,0,0,0,130,0,0.06539179346498791,-464,0.35792668550589957,-1990,0.16816431322207953,-2
KR_7547777370,8,200,GuY805ou9Wvmv7qgGPNvvbqDmGEC7i0zR0y5Myyge-wbb9CYniAnLSA7VgfIrS-TU8ojCV5WL7xwjw,Akali,MIDDLE,-121,0,0,0,-130,0,-0.06539179346498791,464,-0.35792668550589957,1990,-0.16816431322207953,2
KR_7547777370,1,100,x1PJVaR7Tp6Q0zy-HTxE_U_HVsQAgmCcHqjJ1Avnbjy-ujMAXD15ySO-DVTCoDUylEimjod4D11BPw,Jayce,TOP,802,25,25,0,232,0,0.1772059709813163,4084,0.17303642521351725,5224,0.17715019255455708,2
KR_7547777370,6,200,9YddokhkU7t4mTuo8t9K1yoPhYsl5wwv17pc_HCV0QBVV4bLqO_1OtbCeRUmgLlZyLtQWXov1IJWzQ,Ambessa,TOP,-802,-25,-25,0,-232,0,-0.1772059709813163,-4084,-0.17303642521351725,-5224,-0.17715019255455708,-2
KR_7547834576,4,100,Z1wDKYkX1wxVU4ofPGxh80vg0wx9g9YVuyUQ698pKpXYKk7K-4YeNWhrJHd2dREx1SjMN6Td27hUPw,Corki,BOTTOM,1790,45,45,0,1239,0,0.06844716307514839,10516,-0.32823743910720515,-9475,0.12656641604010038,11
KR_7547834576,9,200,93VsjgmXzRmUlJjfEINc-DLkMwAZ5I2PiLn7U8d_kmOIzGi_c3Gco34Ww6F3IfettcC_mF_OW-pBxA,Malphite,BOTTOM,-1790,-45,-45,0,-1239,0,-0.06844716307514839,-10516,0.32823743910720515,9475,-0.12656641604010038,-11
KR_7547834576,5,100,zP4gpXtGtavPcO-VjlllYp6qNU9bk98hNDd3KclF-PtQC6O3LO-FQ8E4U7wfc6WRlbKqz_XqAhahog,Lux,MIDDLE,-401,0,0,-72,-1324,0,-0.10721790432663367,3391,3.2236821699215037,-36603,0.08270676691729328,2
KR_7547834576,7,200,VFjhzL0QJ6gIkT-Ok1XdV3JYxNX0Wlz6lFmTiKwRwn2rEr6xiPWlaFlrcgFFVw91vj3lIFj2A6V92w,Gwen,MIDDLE,401,0,0,72,1324,0,0.10721790432663367,-3391,-3.2236821699215037,36603,-0.08270676691729328,-2
KR_7547867603,1,100,oWKdqzW3E-hG2JoDKztXiIx8n5y8rQJnAFAHLR90gRGIFv-AYJobQthkp8IiFShIqk4_X2qEI0XRlw,Renekton,TOP,-714,-8,-8,-2,-603,0,-0.11274113663165342,-7065,-0.1485234912042992,4300,-0.061538461538461486,-4
KR_7547867603,6,200,wMctWoHO_SIPNrk7sEOTs2yZtmOEwlx4t3GltkeabbsENcaphLjAul5YeKqnVeufeAsTk3VsioTm2Q,Belveth,TOP,714,8,8,2,603,0,0.11274113663165342,7065,0.1485234912042992,-4300,0.061538461538461486,4
KR_7547906073,1,100,FdJbZkeBxUzrwwTiQFWJP2qeVD1FfM12X7EypXZaZOZzr3S-Q2PBIXxiItPurdF3uEIVEDStTTHB3g,Akali,TOP,-682,-15,-15,0,-995,0,-0.0655004411330525,-4542,-0.14189498399373507,-3220,0.10869565217391308,-1
KR_7547906073,6,200,4pAcnYzDn2fxDWfkJzJVxXOmMC-aOOE2Go9aGKs75njiw8E_JOY9HmRYGrM7dwdnztB_v-RhPi9Y-w,Ambessa,TOP,682,15,15,0,995,0,0.0655004411330525,4542,0.14189498399373507,3220,-0.10869565217391308,1
KR_7547957137,3,100,zuiMlltc1JhOz36qbr37xt_GjceudwZbtfuuWtn8sXvuMGmqgwRdzGs2O681aGHZvYftNAWTJSjdKA,Aurora,TOP,-756,9,9,0,-763,0,-0.03392506824615249,4631,0.3864702891332763,-20470,0.13809523809523816,3
KR_7547957137,6,200,zMWyXmoXPZT06NrvyVCofuf0yeke9nSWlrXKibzVNOlO6wTfK38VVLOVs6XNJGD_Kct-GO4v_wiQRA,Gangplank,TOP,756,-9,-9,0,763,0,0.03392506824615249,-4631,-0.3864702891332763,20470,-0.13809523809523816,-3
KR_7548036009,7,200,z6GTsMQYqrBXp_OBqhrMZwZM-0MDW4FZiwXg6Z_--Fzx76aQFaycSJpuJax2hnQsFyyd1d7i4E9S6w,Qiyana,MIDDLE,131,-58,-58,62,-1042,0,-0.11255343432761447,-13880,0.5203627638568863,4116,0.0,-2
KR_7548036009,8,200,B_slvHdoIgS1ZGeirF9TtwpLcJF17fu0Rah2XzJ-1h88CoejdvdjBt7CouUowj0Kl-NtDUuBet-I0w,Yone,MIDDLE,-131,58,58,-62,1042,0,0.11255343432761447,13880,-0.5203627638568863,-4116,-0.0,2
KR_7548140996,2,100,MrD0ybm5geZWq7XUXxkdm-AFoOuzML3q-Ol_qq_6UbvjV1F1X1uL7ia4PTvR9UoCte0QVUJLLQQZ4g,Skarner,JUNGLE,-157,-6,-6,-14,-475,0,-0.052510990455189685,924,-0.3159354846742456,8443,-0.26136363636363635,-2
KR_7548140996,7,200,YC5fatCdHOgo9LlnaDliBR0MrGK_8QIFFdPhUMj2fHGMf2ZSgslFoU5sQG_oqVDuBpJS8jK1iHzvEw,Graves,JUNGLE,157,6,6,14,475,0,0.052510990455189685,-924,0.3159354846742456,-8443,0.26136363636363635,2
KR_7548140996,3,100,4MOIe-__tq5Wo-GMmg7Pxy_1Ej-hbV16mV6mRBHg5i2ir5a_DRfDZcFx-diM4QcP43T4hWcSbLfE4g,Ryze,MIDDLE,668,10,10,0,133,0,0.1108268989833063,2174,-0.062113993320015104,4504,0.31060606060606066,8
KR_7548140996,8,200,w9ASupfQ6swln0x04OUavLNlT_z7Bdfc8F49bmXSxnfoNmi1f8_aMCWg-baU2O-5j62uLHJteJiA4w,Velkoz,MIDDLE,-668,-10,-10,0,-133,0,-0.1108268989833063,-2174,0.062113993320015104,-4504,-0.31060606060606066,-8
KR_7548140996,1,100,oajIfY2cV8cLXD0ItzURaYDhD-Jr9zZHw3NhwYLY-lcIYBlFi3fIN-07feYAcKs9evX7mLcyi8VMvQ,Jayce,TOP,-194,8,8,0,-370,0,-0.01979123763751281,3212,0.13956629533379328,-2227,-0.1553030303030303,1
KR_7548140996,6,200,Ob3ybx-kURZ5PWEq8P1CBzdJhE1rPg5N1xkDJ06Z3iOKcy52gwYhkVqKKD-hA8OzFro5dIE3hTX4EQ,Rumble,TOP,194,-8,-8,0,370,0,0.01979123763751281,-3212,-0.13956629533379328,2227,0.1553030303030303,-1
KR_7548221873,7,200,v4h7UG-PEMoL004U7hSlqBZ1xPduGO5shuMyIuD9MlNkISUJNeC0PQzfCAPUgYRtLrx9ItMWWv4BYQ,Nidalee,MIDDLE,353,-60,-60,66,327,0,-0.01322583133137159,-6059,-0.03337550800720002,28217,0.039999999999999925,-2
KR_7548221873,8,200,pL5aRwxiivTEZu73OTBP_JurojqsyWXVl_Lm8L_XmdkKDnjqkJeXDgX_5IPM8ybzWl5uBgETIlMnCw,Orianna,MIDDLE,-353,60,60,-66,-327,0,0.01322583133137159,6059,0.03337550800720002,-28217,-0.039999999999999925,2
KR_7548311227,9,200,s-Uzwe0l1OeWmi253DYhire0rbmmBXIMzZkZ_YkFr73F2iiUvLxzQ-HV6EcpsjzRZJB1C0oKiJILTw,Ezreal,BOTTOM,47,52,52,0,1372,0,0.13261087084315168,648,-2.6849172655977154,-6573,-0.18181818181818188,-6
KR_7548311227,10,200,O8F-rTXvkSvIVAY_pLGrZf3hxtIJQ6_ZArN68bOWlnNsYnb3khmxGhJB_fCd22oFAzfq3MXyX-1Jbw,Poppy,BOTTOM,-47,-52,-52,0,-1372,0,-0.13261087084315168,-648,2.6849172655977154,6573,0.18181818181818188,6
KR_7548311227,1,100,9hle-6h22oJ95GF1cCuotGrX9oQ_yHUfvJRX17j09ceL3iml9hscZWdOIszlkl-FBBX5-_ekDJN2Jg,Teemo,JUNGLE,-24,72,72,-71,566,0,0.054851745298548193,36,0.028407953982290124,-5241,-0.021645021645021578,-8
KR_7548311227,7,200,a4dY25Qz7CJlyuKpYuZoLeaCns40sQJDFHf5SPosso-EQHqAe3h5EC_SRT_WxNriHcYZJiGuO-KMSw,Kindred,JUNGLE,24,-72,-72,71,-566,0,-0.054851745298548193,-36,-0.028407953982290124,5241,0.021645021645021578,8
KR_7548427703,2,100,gB4kZ6tr5Lzl99YaZ1Il5VKYXJ7Xv0rUrOktLKSv2jHws_9v-2RUj7RMIxVKa09vxsOqPkK-MxAD4g,Nidalee,JUNGLE,-315,-67,-67,82,560,0,-0.05591326993035092,-10755,-0.25032764964409115,14927,0.3472222222222222,-1
KR_7548427703,9,200,BZWTebPySQAvr0t9Pqb0Z_-MJ8oEfwP-FSDAWlTi3oPrJnZJthxN-XbYl-inkJxofOHFGQwNkSD83A,Tristana,JUNGLE,315,67,67,-82,-560,0,0.05591326993035092,10755,0.25032764964409115,-14927,-0.3472222222222222,1
KR_7548427703,1,100,a4NyUtjCqsOXKHs2Hb2HvUboTCuxx7G1Uzrkeq_liZBHpDvzSjmieejs0e74sN3j6NSSUdvyW5H-zQ,Jayce,TOP,1175,21,21,0,1231,0,0.09937140165793379,4952,0.2589581583874919,1859,0.26388888888888884,1
KR_7548427703,6,200,K9z7SlM2euqrLLzSakMl95L5TpR0yFq-mQWi706iOS9xx63H9TK2hpU6bpdA-DoAg-mlIaL7jkUfXg,KSante,TOP,-1175,-21,-21,0,-1231,0,-0.09937140165793379,-4952,-0.2589581583874919,-1859,-0.26388888888888884,-1
KR_7548551400,2,100,K8ByLKr57UcfjNid78QlaoijqrR2NoITQ26E-M7TyyRoX5dwo9pzeymalU7ddKfpfmDxzucrFy9E4w,Zac,JUNGLE,-408,-6,-6,18,319,0,-0.1034024020052038,-5582,-0.4799206486597457,24756,-0.21029411764705885,-11
KR_7548551400,7,200,BOsrR5OT3hqa9Ga1ckb2JomNerWzEJNGxH7HJAP8NNF0mJj6prHlwWMuTW3EvlozWIcTgwEbq3VpuQ,Graves,JUNGLE,408,6,6,-18,-319,0,0.1034024020052038,5582,0.4799206486597457,-24756,0.21029411764705885,11
KR_7548551400,3,100,6DiAAJq-qfU4boZFScjia35_g9p7OEhPkw8ZZRklCmJeKUYnUpgHc48NjOWodEUEIQpHKwTcpaYR3w,LeeSin,MIDDLE,-1326,-4,-4,0,-487,0,-0.029043401528071194,588,-0.03412868329825347,12434,-0.22352941176470587,4
KR_7548551400,8,200,ZjWfH1yQW5XPtd8Fya2KmxQtsr83OemQaxpcyDSXIaqAPnoUQbIrPUa5tw5bGf7S2V0QCl5-iz3Jgw,Taliyah,MIDDLE,1326,4,4,0,487,0,0.029043401528071194,-588,0.03412868329825347,-12434,0.22352941176470587,-4
KR_7548551400,1,100,hx8USDJg3vM_9BAvtnHDKgqksm3USmYJ74QjcloiiGL-qY6GzldWbvyXCpjoML-smccx3fqFfug8Nw,Gragas,TOP,84,12,12,0,-39,0,0.039697591256117604,7611,-0.13337338622957007,22956,-0.17205882352941182,3
KR_7548551400,6,200,xfq6_sC0pVmRz3eAzPXt9n9DAUkQcGwdItmilkMx5zmj3Wh_Cf4pRCEXMhq1DfvO7KUKKcumkSMypg,Galio,TOP,-84,-12,-12,0,39,0,-0.039697591256117604,-7611,0.13337338622957007,-22956,0.17205882352941182,-3
KR_7548672144,1,100,yGrbzwT0U55q8EgDMBk_zvle7ALYh-ToZGlAv1S1e_aMfHCc29BsLvjyBAH2WgUuqT79-LW02MeArw,Poppy,TOP,-1902,-33,-33,0,-749,0,-0.17547275509947158,-14116,-0.3087594354996548,1303,-0.43759398496240604,-9
KR_7548672144,6,200,zhTSVaf5ciF0PHtrwjmS77B5RTpKU0IT_oL9LIt3OmW1hNdgejXouUxm8uS_8Ue4Wrt30dwi1U03Zg,Jayce,TOP,1902,33,33,0,749,0,0.17547275509947158,14116,0.3087594354996548,-1303,0.43759398496240604,9
KR_7548786124,2,100,4X-9eOvsRrYWIIBX5eHMhwGb-MBQtJq13gtYN6zutDxkh5Ukk6ahKSqIzcoKlH0ihDL8AnsdUw4V8A,Nunu,JUNGLE,-337,2,2,-9,-96,0,-0.0747913291657614,-2680,-0.5598153538842805,4828,0.0,-7
KR_7548786124,7,200,ElujwdW0CU6o1wLXA-DbTXR_PeWd7x8LZSm8ge24xW27LmojUgOM470rGxChh23gt32oguQqAEU26A,Viego,JUNGLE,337,-2,-2,9,96,0,0.0747913291657614,2680,0.5598153538842805,-4828,-0.0,7
KR_7548876440,6,200,1xgbOOKvrmiVGxdyjO3uv-YrLravOiEz1yUuR_XhTcTB-4Y68ZGpaDBM95Eqoxwjiq_G8dcrX6tk_w,KSante,BOTTOM,-270,22,22,0,241,0,0.0089532095923439,-420,-2.336473624924528,11119,-0.5,-1
KR_7548876440,10,200,GQGJxQYZNW94DwVY6sf08PzH-zuhlm1ntGbhT41Tl_W0mRiTgOeAwUwbPvOJ1quxjx3DH-oU_RtDmQ,Lulu,BOTTOM,270,-22,-22,0,-241,0,-0.0089532095923439,420,2.336473624924528,-11119,0.5,1
KR_7548939805,2,100,Q1niC_OYnOogC7nqe4BpiqXkpH6Ahzk6A7D8qFA5adQn1rKzwQUjVpEdAQly9zTOOpxHb0KLi1xtxQ,Darius,JUNGLE,1098,2,2,-2,107,0,0.03372637788702751,-2953,-0.24557971764871822,-148,-0.051083591331269385,-4
KR_7548939805,7,200,DiKdpt7_SRmdjWUMZXX6iXfCZmLD7bIp-iwLI_jPyeO4IS27LDiGwW9IfUt_ul3WzujPUiExY4D2Og,MonkeyKing,JUNGLE,-1098,-2,-2,2,-107,0,-0.03372637788702751,2953,0.24557971764871822,148,0.051083591331269385,4
KR_7548939805,3,100,RpfgaSJMUK_WXacjFMN2Jw07IPONubosibIrVZc8rdyAsZte53n5Pxh50nTvkFkvy0eg1XWtCX3sFw,Leblanc,MIDDLE,-48,17,17,0,-187,0,-0.0269854825115195,-93,-0.6189152074197486,-1569,0.03869969040247678,-6
KR_7548939805,8,200,37D_TxFZ7UtiPUS1CILQzaU63nI9BczhnbqRAeZ6fdYAKzutQvSMpQhHckWPXKsTZHGvCEqF-kjrjw,Katarina,MIDDLE,48,-17,-17,0,187,0,0.0269854825115195,93,0.6189152074197486,1569,-0.03869969040247678,6
KR_7548939805,1,100,ZJ73TuyurEawfD2OswxvMhUsxePokstsQbrHPdHg2XDJxyErS7yik45SPTmWtjZPA1ZF4xjocCE82Q,Irelia,TOP,-412,-3,-3,0,-56,0,0.0536232823103269,-6239,-0.06889248396208403,10874,-0.043343653250773995,-4
KR_7548939805,6,200,FfCcoh7b2HcRnA6xUm0gwedCoSIndbowdOIF4PaNclDJs1zY0wlzMiYOhDfZq5FVtpzjVgL4Detp1Q,Jayce,TOP,412,3,3,0,56,0,-0.0536232823103269,6239,0.06889248396208403,-10874,0.043343653250773995,4
KR_7549019569,3,100,Uke5xjOA0HvtzUfvznD38V2454xGNQkKXkw4p4_83OOflvyEuvwbfgtaluCEzRednMlj7uRCo-fwog,Zoe,MIDDLE,-169,63,63,-44,1106,0,0.10938509199769592,-1117,-0.04091661317005624,-18785,0.14208494208494205,-2
KR_7549019569,7,200,KsXO4dZp_DL8XaxTWwamLUqZQDIZ5DzT1HYu7-La15OBELPtWs1PfypUgzanT5Z1M1W9J6_uN2G0Gw,XinZhao,MIDDLE,169,-63,-63,44,-1106,0,-0.10938509199769592,1117,0.04091661317005624,18785,-0.14208494208494205,2
KR_7549111954,1,100,ZSzG980utZWAwp_cf2oXNxVIB6iDWZUHoqPZoo0qZo7SYZOHXWHZBgvFxseKAZA8jLEYKcfrIBFYQQ,Jayce,TOP,1320,22,22,0,982,0,0.177756745378132,8572,0.34742847828151785,-2283,0.32592592592592595,9
KR_7549111954,6,200,4r0YTSXWrDdhdLNqLJEAx45TvgdQFGGapJ4NJnNFlTafqQlveb0aTHXIGG06GxRDbXbworU0LG9bbg,Chogath,TOP,-1320,-22,-22,0,-982,0,-0.177756745378132,-8572,-0.34742847828151785,2283,-0.32592592592592595,-9
KR_7549194756,1,100,S1b1tQVp5Hw9FcbkL368Wmwob8zOLN3yvl-m9uyq8BT_1UKaz5pM1wwaMZCdDUfktZSv9kDnVJryeg,Camille,TOP,-556,-9,-9,0,-1170,0,-0.0499115507396411,14375,-0.03280140878859761,-3520,-0.125,-1
KR_7549194756,6,200,bmLEm5XjtT5lJkZRDpPhybFGvgHHYIVf3HKNBmil1Wb-l6DU5qmJa33RMs7JKnMiwux8oo_mQl-OOA,Vladimir,TOP,556,9,9,0,1170,0,0.0499115507396411,-14375,0.03280140878859761,3520,0.125,1
KR_7549249177,4,100,gmi18m_nSZVFIOkXKtWqq7cKX_FswpLa59c92zoOFFHozISb_BDmfNCmrbNdLST9Vhivl3UDMoC9zw,Ezreal,BOTTOM,1371,62,62,0,1253,0,0.1190660272491719,194,-1.9184364220420573,-10394,0.0714285714285714,-2
KR_7549249177,5,100,UrfQEBsXA1UT1iAi3WCBc0V5LJaFFvijwwuoBMnrkJJk8MAANn7fAdg8j-e4C8GP6-nkBRH0opNymg,XinZhao,BOTTOM,-1371,-62,-62,0,-1253,0,-0.1190660272491719,-194,1.9184364220420573,10394,-0.0714285714285714,2
KR_7549307614,2,100,HjAXU8PILLp2L0LhscP2skNrV571gTrhsfDAQ1Xdm8NB4PpuTL5ytIw2m46w00bNef1p3tnCDmXsIA,Elise,JUNGLE,194,-87,-87,58,-406,0,-0.1650498934889254,1626,0.8981089513546839,6506,-0.11612903225806448,-3
KR_7549307614,9,200,ushcE0G-Ht9sJXpzVVMyj55i7Hr_gLpXYBiywFMeTFKvaI00YZPQjMrWhibp-LwqybZrxCTKIKPdSw,Corki,JUNGLE,-194,87,87,-58,406,0,0.1650498934889254,-1626,-0.8981089513546839,-6506,0.11612903225806448,3
KR_7549365948,2,100,38Db75G7ofXFROvvTIOo2hp6a1CRSZmv9cQG5M2wcLVCBMdXx8C5qLBj2ngQ1lch4VZTwTMiH8UFqg,Pantheon,JUNGLE,-1134,1,1,-13,-680,0,-0.13866238135739647,-2885,-0.15813636085723326,10250,-0.16547619047619055,2
KR_7549365948,7,200,DiKdpt7_SRmdjWUMZXX6iXfCZmLD7bIp-iwLI_jPyeO4IS27LDiGwW9IfUt_ul3WzujPUiExY4D2Og,Zyra,JUNGLE,1134,-1,-1,13,680,0,0.13866238135739647,2885,0.15813636085723326,-10250,0.16547619047619055,-2
KR_7549365948,1,100,Lrkzz069J8mU3PFjzhhFEJrL1KiugtJ306k7FSbZHBTKJkAOn-g1TjqvLTSSjCeD0tl-ybT1KYl0ZA,Chogath,TOP,53,-15,-15,2,-103,0,-0.06980759388398791,-2194,-0.1501172185798324,-9104,-0.0452380952380953,1
KR_7549365948,6,200,8YIbFmdZX14_iBBEl8tMh5si2yF8ECzCgaDP7r9L6XO1NIXtAUcTtfAHdHgMx2xYDxiJhsvSx2uSsg,Gnar,TOP,-53,15,15,-2,103,0,0.06980759388398791,2194,0.1501172185798324,9104,0.0452380952380953,-1
KR_7549438535,2,100,D1frAyDha70ZV7zEWKY8bwcESxCASun7kIlfJpgIFDT1ONVVcDn3urpwT2QrsESprxVQN_jtQ-xB1A,Olaf,JUNGLE,795,-59,-59,82,54,0,-0.0035236910328839133,-16321,0.07349659996564983,23369,-0.09533468559837732,4
KR_7549438535,6,200,T8tLvTlFi379ZYVL8ZDM8BYF9GRQcvQqevn8Zs3Qqdvj4bdkG0u2M0FnmEPVfw-YZPW7We6vQeH1Qw,Jayce,JUNGLE,-795,59,59,-82,-54,0,0.0035236910328839133,16321,-0.07349659996564983,-23369,0.09533468559837732,-4
KR_7549522214,2,100,ndVAeWeo60OS_CrrxRWu_RgwVq6IvoZ3oQ5llKsM4QtZuEwkk55qKSLyf3_n2c68Mts70rD2yVTnDg,Lillia,JUNGLE,-27,-2,-2,20,554,0,0.03892866724006219,-1383,0.3007457923709975,6108,0.0,-1
KR_7549522214,7,200,WDispd0irOsg74koMMNiXCAsbll_Fn594PqfvkguqCpdrXdI2i7fGhH1VFFQzFbg-PUiVNLCos7znQ,Darius,JUNGLE,27,2,2,-20,-554,0,-0.03892866724006219,1383,-0.3007457923709975,-6108,-0.0,1
KR_7549522214,3,100,32RxgaY_dcmky5FgvFkNRnTqTEdDpGxf_U9sL1au_JXNBPs8b3wTW_KwJ3MIXCl7dSAsXkg2M0gz0Q,Yone,MIDDLE,-574,-6,-6,0,-634,0,0.009170838933417691,-9156,0.01198466689160227,12761,-0.1875,-4
KR_7549522214,8,200,QkkGgVMkMDrqvZqzqeyBTPKFcKOm6xA0Y_P6dCQZlyRs31LTn7qtG_7qqghpv_Lvm87C9QQT9_zytA,Azir,MIDDLE,574,6,6,0,634,0,-0.009170838933417691,9156,-0.01198466689160227,-12761,0.1875,4
KR_7549604628,3,100,v4LlrOliqPYaqsSlptjJT6PNoJKXKQFDeE8kHJGKBBZ0siOnu2_Ut6xN8T1LJfoYlQq5MdVLDWJpjQ,Tryndamere,MIDDLE,-451,73,73,-60,1091,0,-0.0005160228695275937,8133,-0.9315803805636806,7992,-0.3451910408432147,-2
KR_7549604628,7,200,8NXGW2dgsev2n5bOnlvFFSH_YPSRktg4Msp4UZZeRByi5v_iQ01fv8NgPQYQ1C8cEkSi2fyPNmdJGg,Nidalee,MIDDLE,451,-73,-73,60,-1091,0,0.0005160228695275937,-8133,0.9315803805636806,-7992,0.3451910408432147,2
KR_7549786420,1,100,Mbiy_CF-WE3bdB4B86s42ojNhuNXZBJtk-6SYvngt7p4DlNXRWHNlPsDFl1ncV7BcWgXg-hyjcHylQ,Jayce,TOP,-24,68,68,-64,1024,0,0.028139137930494995,5280,-0.48178571498232603,-8263,-0.07317073170731708,-3
KR_7549786420,2,100,a4dY25Qz7CJlyuKpYuZoLeaCns40sQJDFHf5SPosso-EQHqAe3h5EC_SRT_WxNriHcYZJiGuO-KMSw,Gwen,TOP,24,-68,-68,64,-1024,0,-0.028139137930494995,-5280,0.48178571498232603,8263,0.07317073170731708,3
KR_7549862620,2,100,v1xOaVY-fPOWsor9FUURtQFZETQn-tgsFNJYlhqYCSWMt4fhq7zmRvPswsAnuD43_7z-Z-ufO38cTA,XinZhao,JUNGLE,-177,-2,-2,8,79,0,-0.0243736996328182,2296,-0.07538360004429623,4031,-0.13157894736842107,-4
KR_7549862620,7,200,bBppEsGgiY85yjye57XObYbiBc4lcONjiqhTzyzi6sazn0RIGkLbEomH_H0THl-DrXApYEXBdSKDzQ,LeeSin,JUNGLE,177,2,2,-8,-79,0,0.0243736996328182,-2296,0.07538360004429623,-4031,0.13157894736842107,4
KR_7549862620,3,100,D-5OlAf4dhclsS-XrU0kgytW-jS7mp4wWYFOE-lA61UKR2edGaqfmlgQobkrXE2IMGZ2ML4_ZNq7iQ,Anivia,MIDDLE,307,6,6,2,46,0,-0.031229206184885006,3900,0.1824080358739537,-82,-0.1654135338345864,0
KR_7549862620,8,200,2NfrMPGo81wN0fp4kNz6yJC0DtNDt00qVAuKjDNmSlm0F7IEsK1JqaS_wosO9g793whRmYLK6CNyvQ,Ambessa,MIDDLE,-307,-6,-6,-2,-46,0,0.031229206184885006,-3900,-0.1824080358739537,82,0.1654135338345864,0
KR_7549862620,1,100,Jb0dsvR1HUVfx8UM5jmyxoqgSlsiwR_wH2FQJ_TZBOXXfCtKl0oH5VcPn_o2ds-G4pDnHuY3CQDfPA,Jax,TOP,2010,27,27,0,1192,0,0.06041956309651689,12962,0.19691480174258025,2249,0.2781954887218045,5
KR_7549862620,6,200,VoazXjLXP7jA6CIHyBNXhE7V-mgKp0gB-fCmv_hgWnenpvOdH4p1MyPzqYFi_o-YhWEQ_2Itf6M3Sg,KSante,TOP,-2010,-27,-27,0,-1192,0,-0.06041956309651689,-12962,-0.19691480174258025,-2249,-0.2781954887218045,-5
KR_7549922503,2,100,bb5CMB8agRrpHYi-I0dSzrNQIx0XIaJbfxCOr9cBDAV7e73Vl8SlUuVOjVcHtxHWRCOTro3emnJMyw,Karthus,JUNGLE,585,7,7,-3,185,0,0.08849617255226241,1362,-0.356397149361414,-11932,-0.050000000000000044,0
KR_7549922503,7,200,DA8-N6ZT7Z_K5DfIh9fsLLIL2ZHbgYS7B6MPpRMTlbt8E_wQPeVI-QGqzNBlwcysV4U5sQZYs3wI1w,LeeSin,JUNGLE,-585,-7,-7,3,-185,0,-0.08849617255226241,-1362,0.356397149361414,11932,0.050000000000000044,0
KR_7549960336,7,200,vV6oava9VDnCsgy_uCPhbHmBxeNvNPHMF9agwG3q7LQPcjJJwU4XLBisH1Jx4oWGPrx-yW4Q8bNQ3A,Vi,TOP,599,-79,-79,62,-1444,0,-0.13876177330439712,-10602,0.32869701654255723,15193,-0.06896551724137934,0
KR_7549960336,8,200,FiqtrFPZoDDaexpfe-h_S9kOH77-HDSkwltEX0zbRXbyfLxkV4QIso_BdcIqbjSwcJo4e6G7xtlM7A,Orianna,TOP,-599,79,79,-62,1444,0,0.13876177330439712,10602,-0.32869701654255723,-15193,0.06896551724137934,0
KR_7549997961,1,100,Zhqh-BCYW1GA7KXccPHmZ83u_JOIJDSruB0CbG9UgaBL9ecdNLcdYzjyM27BXV99dRPFjKTmKXXNeg,Skarner,TOP,-550,-10,-10,0,-140,0,-0.06102940892874101,-13372,-0.0829907074558256,-889,0.03289473684210531,-2
KR_7549997961,6,200,Ob3ybx-kURZ5PWEq8P1CBzdJhE1rPg5N1xkDJ06Z3iOKcy52gwYhkVqKKD-hA8OzFro5dIE3hTX4EQ,Jax,TOP,550,10,10,0,140,0,0.06102940892874101,13372,0.0829907074558256,889,-0.03289473684210531,2
KR_7550035486,2,100,4JwYzbDUd9g-T2Hvd3FAC3p8LopAT2Yxh7hsRzr2X4XDM2eWvOmJdLkGyAWtOzSJhcEUFpKiAhMqeg,Shaco,JUNGLE,-613,-86,-86,47,-566,0,-0.0686305883659844,-11099,0.39171259842508266,6166,0.0652173913043479,5
KR_7550035486,9,200,Yfh3fEnwha6khSVWYWh4MMWzTwY8YI4RFtnVDBbDbyk7X7U1G11wZNJHJWZcCKjJnt9TurMsux_0ag,Zeri,JUNGLE,613,86,86,-47,566,0,0.0686305883659844,11099,-0.39171259842508266,-6166,-0.0652173913043479,-5
KR_7550035486,1,100,2yH0NVmMjmeDtZT388LR_Fu2WkBBU0OvkFqF0gTVPHnzRs4XZFv-51pZAsXw2iEffQUFDMzxCJXckg,Ambessa,TOP,211,-1,-1,2,54,0,0.0831899199882519,7789,0.09917256487535064,-1401,0.19565217391304351,10
KR_7550035486,6,200,x3dSaKfXytSblY2UM-2TwTeAB9Gd26Qsmu4r5gGeNihve28vlGelM_GWuT-mSbLtRh8ESiKb7uZSmg,Riven,TOP,-211,1,1,-2,-54,0,-0.0831899199882519,-7789,-0.09917256487535064,1401,-0.19565217391304351,-10
KR_7550110412,7,200,5inP8PGnEkjobwpubOfiXTTYyVXFlP79XzKQBk0zzEG_gZ6l_ixPSDy5rMtfG-Q9NlNqKHngmPtiNA,Poppy,MIDDLE,1309,-45,-45,48,-597,0,-0.0929032669353046,-123,0.8358002677012566,-4706,0.2777777777777778,-1
KR_7550110412,8,200,h38u6HIVeAZnJ7ZZLQhIPhA3nfwscQH5_l9Z3dTfDXXH3BQvIyn7uxKAyJtXKgVuNhIHJm-ZYBQt6w,Sylas,MIDDLE,-1309,45,45,-48,597,0,0.0929032669353046,123,-0.8358002677012566,4706,-0.2777777777777778,1
KR_7550206639,1,100,cR_13lgX5Gsr2Qpl2zzdco22NMlyhgf7som8GqDkBbCYcm5LRcew7uKZIQ8oAM3ikGixaPbOwS5MpQ,Kennen,TOP,703,1,1,2,461,0,-0.0374561669016166,909,0.4338801531860421,-4599,0.06666666666666671,2
KR_7550206639,6,200,vPKmN0NGF6L3rSBT6SywBZ82qajIMMQ4zKyVN338xxDxlpCKMMdso7B8g4q__jEVQakCC2gMkRB_Rw,Teemo,TOP,-703,-1,-1,-2,-461,0,0.0374561669016166,-909,-0.4338801531860421,4599,-0.06666666666666671,-2
KR_7550270829,2,100,VY0JmNK4wsph8yq62tH99OuvaCxRGV_WkarlG4g8c995FCv0xPXndQL2bD1psq6TtDh2G6rOAzueLg,Udyr,JUNGLE,132,-1,-1,29,1299,0,0.029804930669930507,1841,-0.20221329285169642,4601,-0.254201680672269,2
KR_7550270829,7,200,JRoyw2RQS7vxG2-XdtEv441PMwL2fNqA6honmfHOdi-2o8U2jMGyQYowGQ1-iNftSID8st6cFF8svw,Vi,JUNGLE,-132,1,1,-29,-1299,0,-0.029804930669930507,-1841,0.20221329285169642,-4601,0.254201680672269,-2
KR_7550270829,3,100,PIpGhn8h1jQqqHf1WR0cqXiGDVaNaHGaLtphxKKXmMu1v0cpVa2t3G-AQyHrPVu2HkhU4T3LIkJ-nw,Galio,MIDDLE,-71,-1,-1,0,-240,0,-0.16701101242345762,1008,0.5906308201567056,4216,-0.3130252100840337,-5
KR_7550270829,8,200,esi9eAoiLHinr69twqACN2jrfVpbW53hSyAlg1Z48j_-mdLvog1i4a2yv9uz-qJpX6AR2gy4ZwQr_A,Taliyah,MIDDLE,71,1,1,0,240,0,0.16701101242345762,-1008,-0.5906308201567056,-4216,0.3130252100840337,5
KR_7550270829,1,100,3VSTkmubjfBTvqeFqW31xzK0L1jKO-Gj0O_cPCq-q8N2YAsnJqnUScLN5HuJ88wvCS105qabckDndA,Gnar,TOP,1255,16,16,0,889,0,0.0954778993842875,6908,0.36373986361948896,-5695,0.1113445378151261,7
KR_7550270829,6,200,A-Z_AaM67jCgwIpr3e54SvbqnxJ2uTAqwGKTd7eogC6otN3xTfkhCiT_2Z_y6dzyAdx6PsNibpJ0AQ,Ambessa,TOP,-1255,-16,-16,0,-889,0,-0.0954778993842875,-6908,-0.36373986361948896,5695,-0.1113445378151261,-7
KR_7550333845,2,100,EJDJ1EEb3vtOGDYzAwFjBpUjLd72nMIMGrKYTQRfNr5GVqvpVU3EpPaUgDVaIWlR8Y8J3g4buzcZvA,Vi,JUNGLE,1076,-57,-57,66,211,0,-0.047014181619090406,753,0.17331528339958469,-6375,-0.19545454545454555,-2
KR_7550333845,6,200,zKPTWy8KIDx9SG7bAMsXCWaDN_LAdJj4bpd6WOgWvgrm5qefmNFwV39kuwsvFn8L6VocOrykNXQ_Ew,Singed,JUNGLE,-1076,57,57,-66,-211,0,0.047014181619090406,-753,-0.17331528339958469,6375,0.19545454545454555,2
KR_7550419255,2,100,c7o6m66l3vzaLhIzVVp71aoiCWaQcJEa0PK9mymRUTwpPmXKsTfqiBxsM53jWwrALpq0MdiAJONQEg,LeeSin,JUNGLE,1105,1,1,12,780,0,0.10903787340114011,2547,0.6317170985634603,5113,0.4833333333333333,1
KR_7550419255,7,200,B_wpu2Rfpfdc6YMRGCQXkiOSj8O57joLtlmsPwJ5LhXZHXoeYpXaWOwmef1ZJMd_EuPegDfwuGC8ig,XinZhao,JUNGLE,-1105,-1,-1,-12,-780,0,-0.10903787340114011,-2547,-0.6317170985634603,-5113,-0.4833333333333333,-1
KR_7550525183,5,100,zCtonMh4KMh8BCrwG8dwzk6XiGQTzjdpab8E741S4Wg2Q6yC2FZunkNOu9_LqT4s716Kkk9zEbLANw,Elise,BOTTOM,607,-10,-10,0,-102,0,0.0520308420788414,1048,0.3388879018071358,8999,-0.019873532068654054,7
KR_7550525183,10,200,f2qa-tLrba5fxHw01souIzq7-sg_8IC3D4jggnqUCWf0G9m0JvoF1JnyjEz6KRb3MENC8xmoSRph5w,Zyra,BOTTOM,-607,10,10,0,102,0,-0.0520308420788414,-1048,-0.3388879018071358,-8999,0.019873532068654054,-7
KR_7550525183,2,100,mChh9VvyWYGN31aZl7ODFk_pppSSOGXDpmIck_iIntvhU6tWxu1YLARmOkEOi0Hnuy6HnttXiMhvgA,LeeSin,JUNGLE,807,2,2,6,169,0,0.01904159164032021,3220,-0.1726179572014762,-7821,-0.10478771454381208,5
KR_7550525183,7,200,yks7d6lFDuqhxy2pfJDriSzGM8id7_7O2RXk7JkBZmMLJJRnAprPFv5Kwh3MafGZAZXW31_9lQB0Tg,Skarner,JUNGLE,-807,-2,-2,-6,-169,0,-0.01904159164032021,-3220,0.1726179572014762,7821,0.10478771454381208,-5
KR_7550525183,1,100,1JyujT99wrKcfg3ZvG09gmWG82x6RytFZygydAjC43hjzgOtuDCyO5RuLNRh0XD2MQTLWqMApVNY2Q,KSante,TOP,718,2,2,0,626,0,0.033327246310809494,7814,0.2211056505434168,12587,0.3017163504968384,4
KR_7550525183,8,200,lUp_vuObt2wzPvmxEm7uVaooJcQBbuWnPaIF6Xl_jfqIU8wVt-M8KM5VoDx4oerDumu83H2ujse__Q,Vayne,TOP,-718,-2,-2,0,-626,0,-0.033327246310809494,-7814,-0.2211056505434168,-12587,-0.3017163504968384,-4
KR_7550629952,2,100,S1b1tQVp5Hw9FcbkL368Wmwob8zOLN3yvl-m9uyq8BT_1UKaz5pM1wwaMZCdDUfktZSv9kDnVJryeg,Karthus,JUNGLE,1116,1,1,30,1694,0,0.1699300494092954,-861,-0.24860230984921738,955,0.059523809523809534,-1
KR_7550629952,7,200,L56PWrLM4Fa1xENo4GS_qCGTB3n5E-mywGf9KvUD0DEuq3JNLGYb5bBWV6vZaeUTr99fq9LjfntMVg,Viego,JUNGLE,-1116,-1,-1,-30,-1694,0,-0.1699300494092954,861,0.24860230984921738,-955,-0.059523809523809534,1
KR_7550734074,2,100,kMOVG61ciLXtEf_2YMFGp7MxSeGPSCscWVC9e-837Z4X0tNM52_knRXpj9pnfOei3mp0u-dNrjwqQA,MasterYi,JUNGLE,666,1,1,-5,86,0,-0.010171680688130402,13070,-0.14047350302433337,602,-0.0714285714285714,8
KR_7550734074,7,200,v1xOaVY-fPOWsor9FUURtQFZETQn-tgsFNJYlhqYCSWMt4fhq7zmRvPswsAnuD43_7z-Z-ufO38cTA,Vi,JUNGLE,-666,-1,-1,5,-86,0,0.010171680688130402,-13070,0.14047350302433337,-602,0.0714285714285714,-8
KR_7550836786,2,100,g5Np9PJ49io_MIbasRrBmEyOZv2zW9MisHw6Gj5ncteEei4zynsECmfMZ0e_WxILp7iAeSWccChC6Q,Nidalee,JUNGLE,580,-1,-1,-2,702,0,0.012370504737608395,-1719,0.40309889108511054,-2828,-0.06666666666666665,0
KR_7550836786,7,200,0jLdMuY1clmQxiSIoTaunTBkMQKUwCMjDS1xC3dcr-3UvzEzabogMfFyITuXkCpIXjau_DwD5jSr7w,Nocturne,JUNGLE,-580,1,1,2,-702,0,-0.012370504737608395,1719,-0.40309889108511054,2828,0.06666666666666665,0
KR_7550969596,9,200,wALS_IP_19OrrMT8F0dILmaPdwLCTtLvPmW9BjIHXoW7PgvJfnnbZrg-0G5H4jcVsyXHIn7zc2olZA,Karthus,BOTTOM,1883,68,68,0,1285,0,0.21425746654972358,1360,-3.5416700897247315,970,0.04166666666666663,6
KR_7550969596,10,200,Xp5eXjOb1tyEBWw-zg6R9jnpnOsdZk2rC9CzNMCSW48IRhlBWKeD3Teq9BrsG7fWVnv_MrNsKQfx2Q,Pyke,BOTTOM,-1883,-68,-68,0,-1285,0,-0.21425746654972358,-1360,3.5416700897247315,-970,-0.04166666666666663,-6
KR_7550969596,2,100,550_WZAUn_6W1A0AFEEGwXwLuoVv0i3dst9m_T8o6fn0KkNlCy8n_BTXAPzDH2YhgFPkubIeDYwXaQ,Gwen,JUNGLE,1279,-3,-3,66,1914,0,0.08890860615874449,8844,-1.798852593266888,9748,-0.16279069767441856,11
KR_7550969596,5,100,nYWMsPWC9P5DZyvfOB5ZepeN2jTbl8G-S0PS_P_2lOEYMcRndjAuedz94Li7GAjkxp4K8kkW0VKyzg,Poppy,JUNGLE,-1279,3,3,-66,-1914,0,-0.08890860615874449,-8844,1.798852593266888,-9748,0.16279069767441856,-11
KR_7551012435,2,100,aIdNwqR8x000aC8jCj-iGxB9sPpOiizwRLciJgoJFHW5iigHhpZ2ojpmcma-Kex2VINqjcoH_hkcMQ,Karthus,JUNGLE,1284,-63,-63,84,-77,0,0.1044873774300166,2874,0.26507327143636683,-2368,0.39411764705882346,11
KR_7551012435,6,200,_-GIcSLcQgrBj8GlRBfaCTHVMeRqb5Xf7nCLduBXXeySCKnZZnrn5YzWHgKD0KVisCYs9Kro8BP4QQ,Udyr,JUNGLE,-1284,63,63,-84,77,0,-0.1044873774300166,-2874,-0.26507327143636683,2368,-0.39411764705882346,-11
KR_7551074909,3,100,LP1JrO4pGORhY2kAl9SwvyiF3fcfgbsgtbut60IV7JN2nVqTORm6RiQ0J1HmVWoOC5h50bMkD9Ya-w,Talon,MIDDLE,-663,69,69,-58,1121,0,0.10129842608917,-2956,-0.5773610670464828,-21986,-0.07521367521367517,4
KR_7551074909,7,200,rQWMkZ5AizWYF0Hot4JU8q9HEbEtkykUln7W2zP9sODqDxAfM7GrkBB6mvpMtc6hl718qi_TAe_haA,Nocturne,MIDDLE,663,-69,-69,58,-1121,0,-0.10129842608917,2956,0.5773610670464828,21986,0.07521367521367517,-4
KR_7551422867,7,200,F5UIFRzWRcDNcpMvAYYTaOvV6X3u0avg_Io9-uJWCG-CeBGDXGYLGZWX0Nb_zPge_EhBWDgJmArfEw,XinZhao,MIDDLE,255,-63,-63,84,-281,0,-0.05695213495936158,4364,-0.3085397197531048,21878,0.17647058823529416,6
KR_7551422867,8,200,PMNg8M2RjTRxs2M9cSndhC0Mf7YNMhhb4gAXO6JLb5XUd89BIMaCjiI4trcFXLpD7c7oYDhju4NTXQ,Syndra,MIDDLE,-255,63,63,-84,281,0,0.05695213495936158,-4364,0.3085397197531048,-21878,-0.17647058823529416,-6
KR_7551565718,2,100,SW-d-OWnYifXRrifVioHx1O1qZVwvVZcNMhWmbXUNtLO4sQjVSMIt5_ATSWLUebMW8zr8mwWIRElWg,Ivern,JUNGLE,922,-2,-2,-9,-296,0,-0.05585950558899459,4002,0.3387030236337758,-17675,0.24677187948350077,4
KR_7551565718,7,200,9Jsx6rNTWjXlcgSm9qe_n259Xgl_HurdW6dP6eVIqREHCWKERzKsDY7oBEbMH0seuvKvXnX0pi2MYQ,Vi,JUNGLE,-922,2,2,9,296,0,0.05585950558899459,-4002,-0.3387030236337758,17675,-0.24677187948350077,-4
KR_7551691273,2,100,tYoQhSPBGiKFBzgdPIUolKsnnJXiKj3dL7ost0LMq1tAAY0FcXXEMjpgdr-u1ZjgkeOnHEfmxiH8qQ,Darius,JUNGLE,-142,1,1,5,406,0,-0.10688440704197938,-55,-0.23078637559260307,-5703,-0.34558823529411764,-8
KR_7551691273,7,200,2ksbTJDdSkkeSznXm-gHeVedeG6JHVKsQZM9bfbWycWblee1Fp3wBL4zfsJ4PB4pBeJvuMMyEegevQ,Viego,JUNGLE,142,-1,-1,-5,-406,0,0.10688440704197938,55,0.23078637559260307,5703,0.34558823529411764,8
KR_7551691273,3,100,GGjOkMzx0wKAegXAe9Bfp6lZGwy0kjJzT4BPlq4VtXQGvDD9g-d3dA7f_L81a8aqV1aADgM6yNMyig,Galio,MIDDLE,-660,-28,-28,0,-1218,0,-0.10002910578711399,-3663,-0.43271027338340073,3779,-0.23039215686274517,-5
KR_7551691273,8,200,yd9Mg89zXCf8rWY74Zoa4mpwUvVfaG21zfiygCR95qt04HeVYXEeta7CTseL_vcJGOHaq_ii1ILVqw,Ahri,MIDDLE,660,28,28,0,1218,0,0.10002910578711399,3663,0.43271027338340073,-3779,0.23039215686274517,5
KR_7551691273,1,100,U91MGzvacxeW2AZ-1ipOyls2F32yx1RNboQ4nsnivmWvCGiTyVmTmqfqdLlgY6PSI78BjjPLSKlkvw,Irelia,TOP,2103,39,39,0,1589,0,0.10562368008313841,3313,0.26927563612311756,19337,0.0539215686274509,3
KR_7551691273,6,200,7BZYGceMfRwm_4qPUb5PbpdKRM0sHCX3I4pwv-SH5p07AaQdgaFD4_AlcqSMS0wtYTNgdVOk1pevIg,Jayce,TOP,-2103,-39,-39,0,-1589,0,-0.10562368008313841,-3313,-0.26927563612311756,-19337,-0.0539215686274509,-3
KR_7551854520,1,100,jCW4u4IbClNLJn6zGIOsK0klpWr9O-Lbjc4xKcN225Nm3h_yRXdIRTkfPYTb9t3tHRBT0hYXVzIOqA,Jayce,TOP,566,-5,-5,0,-342,0,-0.008358376217756092,10097,0.4883182636345692,-908,0.2776315789473684,3
KR_7551854520,6,200,X_eyzKmTyMkE4xNyL0aeZZIvrWW7st0Q1ztpPAyuYiu-DBCbETJtghjd_5eGhzD5QAFRqXuxlxXsyw,Rumble,TOP,-566,5,5,0,342,0,0.008358376217756092,-10097,-0.4883182636345692,908,-0.2776315789473684,-3
KR_7552023372,2,100,VAdI2kgrFJnSVZUb5zL1GEtOr8n8NEYUj6ubaiOWNaAzdu6Yesb3AD5S9VGLx6qHsID_Ye1ZST8oyA,Nocturne,JUNGLE,34,0,0,-7,-134,0,0.0024357271908903855,-574,-0.4672893258594977,6626,0.012195121951219523,-5
KR_7552023372,7,200,BiD82_vtrJ3k0SCxjeasH2oHBWgMK2MWauwqnIAN2VwA1W4paCZJS5fxz2_p1N4GvNxkQ_qjqMKwrQ,Viego,JUNGLE,-34,0,0,7,134,0,-0.0024357271908903855,574,0.4672893258594977,-6626,-0.012195121951219523,5
KR_7552023372,3,100,AyQ5Q_fGufn69HdWuMy6rEdFF3orL8UuIVgrpHqP2jRZMvg_-_u1au-TRVQl8D9bSsE4FYHEabMoBQ,Aurora,MIDDLE,532,17,17,0,610,0,0.054314079328757536,5356,0.3635065499015896,4969,0.07229965156794421,-3
KR_7552023372,8,200,jKZO15Drdu7RxMI9oWLjxoJPkJZHNG0vghmTLuchh5zzYrxDnWIVej34zeVmF8dDDbqRWlHhRcgbeQ,Veigar,MIDDLE,-532,-17,-17,0,-610,0,-0.054314079328757536,-5356,-0.3635065499015896,-4969,-0.07229965156794421,3
KR_7552146128,2,100,-IBe7k9bo6AYRJHiIy3VCCcBrsoeXx27O86Ue46cFv1SoXQ4Gvgzl7AlJemiwn4gcH7ExLbGx1wUyQ,Viego,JUNGLE,13,-67,-67,48,-1591,0,-0.057927661329928104,-7650,0.2400619907312913,10285,0.14652014652014644,0
KR_7552146128,6,200,-W3_FlFixzuahDhuzTLGG4TlAlwr8aYrRqQrQURZMQN6lvoaLzQt9DVtVKSmHbfC516rzdtB7471NA,MonkeyKing,JUNGLE,-13,67,67,-48,1591,0,0.057927661329928104,7650,-0.2400619907312913,-10285,-0.14652014652014644,0
KR_7552229065,1,100,wTYNerp3ayJ0IHy4DvmE4anSUdy5OeE-0FOuqj-LRuERfNkepeyTCE8EwqrZamaJtAEfhDHUtVXoBg,Vi,TOP,-1958,-46,-46,0,-1207,0,-0.1594046361357928,-5481,0.1803512475152615,503,-0.09057527539779692,-11
KR_7552229065,6,200,2-cKStdoETxfUKUCT2uREiUVgNKuHUlEJ0rYD89KfqCGruZoNj_S7a4natWTxRqcHi6GyWCBREShzQ,Jayce,TOP,1958,46,46,0,1207,0,0.1594046361357928,5481,-0.1803512475152615,-503,0.09057527539779692,11
KR_7552306752,1,100,qf1MGCvqlFub2YI93ONohu6_dIPO-h2xFmUoz_UNF1Rm4beK434-hRWmLNqnRqiyHOurAdnqRfrsHA,Quinn,TOP,758,22,22,0,905,0,0.12191860750346661,4126,0.3116079884473758,1715,0.09926470588235292,2
KR_7552306752,6,200,50t33MNnK1amyWv5uZv1B3jZ3442iYS8BE2G6a_IJqCpvVR46luEyGOmt-hl_LUdwaqhME9dSw3iAw,Aurora,TOP,-758,-22,-22,0,-905,0,-0.12191860750346661,-4126,-0.3116079884473758,-1715,-0.09926470588235292,-2
KR_7552488308,2,100,BTt_A4ZzxOxQcxiFPix2PoXpIKJYa3euT3zvl8AMyDaAOvti1pvnP9zYVyTK3bn3xErIKlk2EFQBXg,Nunu,JUNGLE,280,1,1,-10,-277,0,0.07249254170473751,-2953,0.09175109486749,2897,0.28888888888888886,5
KR_7552488308,7,200,kyc_BcDFgmklPpXBOgs8Rh5IR-tLWBdo1lSkhZNWKh9A9p_ymAZW3VUiiHYdOXteeN6yGzQQtUZ1RQ,LeeSin,JUNGLE,-280,-1,-1,10,277,0,-0.07249254170473751,2953,-0.09175109486749,-2897,-0.28888888888888886,-5
KR_7552488308,3,100,nxtf3ah0RQKu_RbY_8A-CNPFgiHeyUH7p4_1ESg2Hk7iWUEkARsxraXHDwQN3VbZMpSWCca6KFNStw,Taliyah,MIDDLE,-501,12,12,0,-27,0,-0.10622744121448707,-479,-1.4246141821352143,-4158,-0.13333333333333336,-1
KR_7552488308,8,200,yfQXElBnpg4f1U3oN4mr_22LwpGdFMAhaFqPIoWSmUVV6ndxQBRaOvAEqirKFAXmCSCF9nR5pwXeLw,FiddleSticks,MIDDLE,501,-12,-12,0,27,0,0.10622744121448707,479,1.4246141821352143,4158,0.13333333333333336,1
KR_7552488308,1,100,YczG5sHmEIsF234R-pOTtwyUA2x_JtwHgq_rsTepZsJxeAuKIJBBahT8bhk4DQBbb42VuiBU8xT13Q,Zed,TOP,-1335,-38,-38,0,-1258,0,0.048643648236820686,2567,-0.15111493966229217,-11644,0.016666666666666663,4
KR_7552488308,6,200,8YIbFmdZX14_iBBEl8tMh5si2yF8ECzCgaDP7r9L6XO1NIXtAUcTtfAHdHgMx2xYDxiJhsvSx2uSsg,Aatrox,TOP,1335,38,38,0,1258,0,-0.048643648236820686,-2567,0.15111493966229217,11644,-0.016666666666666663,-4
KR_7552787185,1,100,BTmAzUr9SXhXOP0X0v5WPutwBN3GhqaHVg_TCXTMQUcWjF-c3Mr0f_j06uItQs9HR4ye5NlcUM403w,Sion,TOP,-739,-9,-9,0,-89,0,-0.0394695265402695,-875,0.042691734646149615,12807,-0.0317460317460318,-2
KR_7552787185,6,200,Jb0dsvR1HUVfx8UM5jmyxoqgSlsiwR_wH2FQJ_TZBOXXfCtKl0oH5VcPn_o2ds-G4pDnHuY3CQDfPA,Camille,TOP,739,9,9,0,89,0,0.0394695265402695,875,-0.042691734646149615,-12807,0.0317460317460318,2
KR_7552917468,6,200,aw2-LufZthUZJXdGKMnY8vXpCb0KjMq-zTTtJ1HPCzlMC29WvEo_AMAnaMzUKVyXALNXyxCzx-toPw,Ambessa,JUNGLE,-1224,55,55,-54,914,0,-0.1596257594600243,8375,-0.3280062349371472,4282,-0.39344262295081966,-20
KR_7552917468,7,200,H2WsjmGyeHwFby_g36tkuRh6BZlfDXgKDjM1XwPIi0YPCnXAOSCa23mKapkQWCV9pZa0NACq7BBe3A,Karthus,JUNGLE,1224,-55,-55,54,-914,0,0.1596257594600243,-8375,0.3280062349371472,-4282,0.39344262295081966,20
KR_7552917468,3,100,OfHrwCTwYIv5qv7blPK-CwpuUfYQYnymYvBGx4R1uW4XkukElOTvqNBGVf7hvhpxymwgKtoJ34KoGQ,Irelia,MIDDLE,704,15,15,0,460,0,0.0795233292252428,1234,0.06990552556370166,18115,0.10655737704918039,6
KR_7552917468,8,200,E9yT04K0rsgX4FiKI3JrMmRJjARTWxLFdzWEa7jkjMoCFzVuGM59Taz4k38fX4TdsvNU_JdqKdXc3Q,Yone,MIDDLE,-704,-15,-15,0,-460,0,-0.0795233292252428,-1234,-0.06990552556370166,-18115,-0.10655737704918039,-6
KR_7552917468,1,100,SJSP1phjEbN9L7LfiXXB1ZKf5_B6WF2hWrvnSj3ARPY3R6S3h-lx-kri5fMCOWNi26xdt5O1LAcPFQ,Jayce,TOP,-635,56,56,-59,884,0,-0.1098015312668815,4152,-0.2873502000941398,15993,-0.22000000000000003,-3
KR_7552917468,2,100,eILmVn1drppR5MNuzDUEkyDo9t8IU1iFLfo_H9-5KpOvT1PZKt4npbe47TvqUOqyloy9bjIF0835Qw,Zyra,TOP,635,-56,-56,59,-884,0,0.1098015312668815,-4152,0.2873502000941398,-15993,0.22000000000000003,3
KR_7553080447,2,100,eatUj6rxaF2Xg3pcak94auX-TQQvzRs8pB8ZAiuQbkQubbRXhjF6KhmTupV_0GtbluXD-_W5agUZ9A,Viego,JUNGLE,994,2,2,-6,-63,0,0.1256009023870563,-1288,-0.4986970292696744,7146,0.42105263157894735,10
KR_7553080447,7,200,Zh-QcpxNauSMljd3bdGsaWM3xuxcgg0N5hog3UQ9XJK8TkBUtq9rKwZIt5z1U7VjUmadBvkmXsJH6g,Rengar,JUNGLE,-994,-2,-2,6,63,0,-0.1256009023870563,1288,0.4986970292696744,-7146,-0.42105263157894735,-10
KR_7553080447,3,100,3Zrfxk1yrsizXJrV85e7r-ZyxguwMT2SawMKj6vYlR1NVshXcG-37OeOlh8dWBmrEpZCPX3P6Ye5VA,Orianna,MIDDLE,84,15,15,0,290,0,0.0780328237998216,1382,0.096499405813816,-11500,0.4539473684210527,-3
KR_7553080447,8,200,1xLNXEqnHC_2SZooxZ64AN3fhBG4Nr0WEqnzFojU4Nogkyfyw6uYDEqBMMK1w_kGMC-7PjTKovE4Og,Galio,MIDDLE,-84,-15,-15,0,-290,0,-0.0780328237998216,-1382,-0.096499405813816,11500,-0.4539473684210527,3
KR_7553080447,1,100,l15bQWXzgRkZ6U5NymgDpIatqFWn6pK2zyz1Ukv5HAF1q5DKynN-UFwpdQTGlX_twnuiUCp4YjHRDA,Teemo,TOP,-446,-21,-21,0,-739,0,-0.11131294059409239,-191,-0.5366109002308862,-4905,0.2993421052631579,0
KR_7553080447,6,200,FfCcoh7b2HcRnA6xUm0gwedCoSIndbowdOIF4PaNclDJs1zY0wlzMiYOhDfZq5FVtpzjVgL4Detp1Q,Karma,TOP,446,21,21,0,739,0,0.11131294059409239,191,0.5366109002308862,4905,-0.2993421052631579,0
KR_7553241364,4,100,qXHJXe-AiCPTrqeMnMNPr32-xj49PrWboHcOw-f4mzZ7T_6VMg2S4haxOYxnFcsm2JMfHEnB8g2hEA,Sivir,BOTTOM,187,59,59,0,1265,0,0.10566057768308491,4739,-2.234718500891076,1170,-0.30316742081447967,3
KR_7553241364,10,200,fTWnYKj1Np56yQIub5M9znzHuCFcNt4tJO3vkeep5116kCR57nSAQ2FjHHvT43guddpdR7S2tAheRA,Lulu,BOTTOM,-187,-59,-59,0,-1265,0,-0.10566057768308491,-4739,2.234718500891076,-1170,0.30316742081447967,-3
KR_7553241364,2,100,VFjhzL0QJ6gIkT-Ok1XdV3JYxNX0Wlz6lFmTiKwRwn2rEr6xiPWlaFlrcgFFVw91vj3lIFj2A6V92w,Gwen,JUNGLE,267,3,3,14,723,0,-0.09510515214448689,6645,-0.24239132935605223,5382,-0.018099547511312153,7
KR_7553241364,7,200,UChQxDBlNctKfTBtAiCCtTgbStmLrffxTIulFqNHLGhGUHVxyXASm637vgnnlHeNH4wGGFasPUNNMw,Karthus,JUNGLE,-267,-3,-3,-14,-723,0,0.09510515214448689,-6645,0.24239132935605223,-5382,0.018099547511312153,-7
KR_7553241364,3,100,p3xvZotrriI83dkOuNmdyMCLMONxvsRaCJQVllGy3737gQA5PVTtWEVfDpEGvF5fwINGaYuWI_9-vQ,Tryndamere,MIDDLE,612,28,28,0,1276,0,-0.0410562882860666,6821,-2.7016521451508915,6976,-0.029411764705882304,3
KR_7553241364,5,100,yzaiT9shKY9j3qsWWcAMfDngYx8Dl7XAtdeJr0WZhsYQyGOtED7wxAriCeRgf32u6bJ4ymHHZmRq0A,Zoe,MIDDLE,-612,-28,-28,0,-1276,0,0.0410562882860666,-6821,2.7016521451508915,-6976,0.029411764705882304,-3
KR_7553457272,3,100,wojavnfzIwYJ9ObMUHDUbp5FhEQJ1vQY-DAb2tNoxvJ2zYoVWEGeF4BVGAtHnsOAN6wmxmMDNDIJkg,Vladimir,MIDDLE,-75,0,0,0,-49,0,-0.0853377073511811,-4870,0.14498895430181413,14539,-0.22332859174964442,-7
KR_7553457272,8,200,MCDh1zw7qBdQSDU1SVa6JZMN3QzBVflBc6ECYQDHLGiJFiUBPbZ1KOyBFdnWK4NvAMmAbpth1JgmSg,Syndra,MIDDLE,75,0,0,0,49,0,0.0853377073511811,4870,-0.14498895430181413,-14539,0.22332859174964442,7
KR_7553622161,3,100,qkzdfUQevDX62wa57sL5LGUvvBg6va0TGrjh7wyBlFykCsI14DccjBDEftJjvtJ278_eWx7-7rh2_A,MasterYi,MIDDLE,-319,60,60,-50,416,0,0.06029109833873808,3614,-0.23208376593184987,-10379,-0.11904761904761907,5
KR_7553622161,7,200,6Nt5-7CyZjv58pmz-1fGMGISL1erg1sYGZDWuANCw7I0yn3IA9nk6G5CHO0IEPqHcn-xvVOVu3ZQog,Pantheon,MIDDLE,319,-60,-60,50,-416,0,-0.06029109833873808,-3614,0.23208376593184987,10379,0.11904761904761907,-5
KR_7553745733,9,200,NDP3CHHvFzJjbRxv8WsSQwQmmgKgvtgygcgQsUQl0rTrDMSXoK3Eu6seSIaC__pjL6NOz11ViUZliA,Caitlyn,BOTTOM,-661,13,13,0,-261,0,-0.0999257095835009,851,-2.1348450036391333,-1159,-0.5161290322580645,-5
KR_7553745733,10,200,D-5OlAf4dhclsS-XrU0kgytW-jS7mp4wWYFOE-lA61UKR2edGaqfmlgQobkrXE2IMGZ2ML4_ZNq7iQ,Anivia,BOTTOM,661,-13,-13,0,261,0,0.0999257095835009,-851,2.1348450036391333,1159,0.5161290322580645,5
KR_7553745733,1,100,xFsE2ElpwU_tAcdxz6Mz6_11iJ56VipbJ0i_SJQosYGVIWxaYks7Rclsg-iEXijlp4lMkxwhoBISBg,KSante,TOP,762,29,29,0,-16,0,0.014380126149661804,3640,0.09592367622594733,7095,-0.3424317617866005,-3
KR_7553745733,6,200,JjWwBjQ8tY7cp35OlpCblDuSEXQB7rvu-9x5j7kiBGmcgYLDFLibvmqgPBu0pR1aNtuX4v9froj4-A,Sion,TOP,-762,-29,-29,0,16,0,-0.014380126149661804,-3640,-0.09592367622594733,-7095,0.3424317617866005,3
KR_7553854470,3,100,T9uvQ6NOQfD2rICW0JcxayJ7xSa6-lkxE7-UozscY-NO1CBEMkhWpM9qLHV9zQdjwENfjSQzJRYA-A,Zoe,MIDDLE,-448,-2,-2,0,-1040,0,-0.030470962927175382,1207,-0.3740102294504952,-13943,-0.15675057208237986,0
KR_7553854470,8,200,PZCEYAJP9AqXKpXhpCL6vmx9OyD80yJ7q3jkOgG_XRymUdm90xBkRXBU-C9yecVZIv0mG6FXQgG_5g,Sylas,MIDDLE,448,2,2,0,1040,0,0.030470962927175382,-1207,0.3740102294504952,13943,0.15675057208237986,0
KR_7553974140,9,200,GU-dLLcXgexThGFIRE9yJa2jLKY7UfMhpIWpZvL4SDGYhLMCBcOeM9zeX_o97lM2NiVRvIblVnBKSQ,Draven,BOTTOM,1756,77,77,0,1382,0,0.15703615835068602,5603,-1.7442400330321628,-6694,-0.07407407407407407,10
KR_7553974140,10,200,H4YU8kGhjLeJIRx_aHiUDSf9BcoagoTzGsPErEc6p0zpVzt0c4iNVZRxXrxKg3xbqgWKcEmmOThLFg,Nautilus,BOTTOM,-1756,-77,-77,0,-1382,0,-0.15703615835068602,-5603,1.7442400330321628,6694,0.07407407407407407,-10
KR_7553974140,2,100,Dg3gMX7E0X9JnO5263vno83MENXONzJARtWdCEvC72riobI6hlAANBavv1THnxUG72GeXb9NP0FFDQ,Ivern,JUNGLE,830,-2,-2,4,661,0,-0.05519338080797269,231,0.33168631284377703,-15038,0.0503703703703704,-4
KR_7553974140,7,200,hRmWO2CXVkAqXyjYGp8K45AGgpRHVuL3uTNThN3G1FsLtjo-Y-oFmym8s2Rffvfuun2lNlw4LcECew,Zed,JUNGLE,-830,2,2,-4,-661,0,0.05519338080797269,-231,-0.33168631284377703,15038,-0.0503703703703704,4
KR_7554445048,2,100,VFjhzL0QJ6gIkT-Ok1XdV3JYxNX0Wlz6lFmTiKwRwn2rEr6xiPWlaFlrcgFFVw91vj3lIFj2A6V92w,Gwen,JUNGLE,836,-15,-15,60,1561,0,0.19561378601663368,8084,-1.5214993450275789,21004,0.09090909090909094,10
KR_7554445048,10,200,Q1_bAfRHK0MLfCOYE7ys4Zr0T7QVb-itnfM7wia8TQOCb-JLnTlfhJmQrHIB-iLAy1IbMggbIwDgCA,Rumble,JUNGLE,-836,15,15,-60,-1561,0,-0.19561378601663368,-8084,1.5214993450275789,-21004,-0.09090909090909094,-10
KR_7554445048,1,100,PTF22LFrFmfiq2VCB3F7ZgpmRbI0MG93em5GSLUCdki11qnaBKmulxjDH8e1emdBvXp0M6kbbIiAkQ,Gnar,TOP,368,12,12,0,315,0,0.13490854286678128,2917,0.22698863991819285,1723,0.196969696969697,1
KR_7554445048,6,200,NzZMPn-HBIKnXjd7yke4w97upCu9Wn7UggR3MkThh-wuItPTB8bZulPCsb8N8I16BRxIwlYt13zAmg,KSante,TOP,-368,-12,-12,0,-315,0,-0.13490854286678128,-2917,-0.22698863991819285,-1723,-0.196969696969697,-1
KR_7554841193,2,100,mauZFf44_nqYeSQagPGuj5RtfdQSffKCcTJrPoHV0ZcOJZDPZY1IdQz3BNm0IATpFzwB0j8uOQCBhw,Amumu,JUNGLE,1008,0,0,-4,-185,0,0.03559660295344021,674,0.28284883352981877,-4586,0.18181818181818182,8
KR_7554841193,7,200,XWHLZLL_nUjkQNWIDkAF7LepHCRcg3d0DT4Ek_LhO6Ys41ZtPIz55_vXrYvG5dmKYG_rwR4rtmDp1Q,Warwick,JUNGLE,-1008,0,0,4,185,0,-0.03559660295344021,-674,-0.28284883352981877,4586,-0.18181818181818182,-8
KR_7554841193,3,100,ZaLNmr8khxkiJVXkcxDJjH_tw0lYDS2lrbE6uI1Nk4rKFVdweKPoPkec1XPbd0YM3PdGt24bah1l0Q,Sion,MIDDLE,1350,18,18,1,627,0,0.08719243271668597,4449,0.5997774705613982,8687,0.3444976076555024,3
KR_7554841193,8,200,S14Po2OKuIQNb_fdDiB-W7GMvFU21UadA3ypP9Mxz4pwb_L7tUShe4qDxMcYwD9LfSjN7HTR9kPi0g,Zed,MIDDLE,-1350,-18,-18,-1,-627,0,-0.08719243271668597,-4449,-0.5997774705613982,-8687,-0.3444976076555024,-3
KR_7554841193,1,100,5VAnJyk1AESKQRvElEz0ekAfEahiRbc3ug0P1rEJuTAFR_A0qJtUj8Xk3PqPDVt9h9Z8-OgFHteVgQ,Gnar,TOP,1989,38,38,0,2259,0,0.30416788510357506,11330,0.7627676562668543,3376,0.4617224880382776,16
KR_7554841193,6,200,3QEYHWr33osr5ja_v1M32fTa43ua-5mdwaEYjBqwCkC44rQfr7cRObNA1traiAmV7xmyeu5VrX6DdA,Irelia,TOP,-1989,-38,-38,0,-2259,0,-0.30416788510357506,-11330,-0.7627676562668543,-3376,-0.4617224880382776,-16
KR_7555143858,1,100,WzAJn9saCN7wVjo5ghnXBFCt2U54EOyygl7RS1skHxXYP7_coK7Bs0mp2VCjg5K4sdx5zicB6FQu4g,Fiora,JUNGLE,-587,64,64,-64,374,0,0.023042241180320916,11595,0.013144884381051325,-2797,-0.27777777777777785,-5
KR_7555143858,2,100,BOsrR5OT3hqa9Ga1ckb2JomNerWzEJNGxH7HJAP8NNF0mJj6prHlwWMuTW3EvlozWIcTgwEbq3VpuQ,Vi,JUNGLE,587,-64,-64,64,-374,0,-0.023042241180320916,-11595,-0.013144884381051325,2797,0.27777777777777785,5
KR_7555227553,2,100,czZcRXyYUWqH9VMdrGZeTpqkZ_pn7wlgh0j3p84ZigqN2e-kfW1yYbJ9kep-vHimtMoMaAH5ZWmjRw,Skarner,JUNGLE,1099,-1,-1,64,2981,0,0.101116093897397,1134,-2.2593371268987923,40195,-0.15909090909090917,4
KR_7555227553,5,100,RRhnj-65Rvz18lLq9SdEaiyCsVG-f-yW7ymPu7J4QCrgHaYZVE7brYWHLoPMQeuu6GvobeT7bYgfow,Rell,JUNGLE,-1099,1,1,-64,-2981,0,-0.101116093897397,-1134,2.2593371268987923,-40195,0.15909090909090917,-4
KR_7555418547,1,100,mlKPPKejWYp7C9cvLQ7FGo2-5eEIgnt64pDbbje4RyF8dzBtlN0ZXEtlTDjrMKL6RZSvdoNDHz4mIQ,Ambessa,TOP,139,-7,-7,0,75,0,0.016205725990371705,1094,0.049423900168020174,7148,0.0954106280193236,2
KR_7555418547,6,200,1xgbOOKvrmiVGxdyjO3uv-YrLravOiEz1yUuR_XhTcTB-4Y68ZGpaDBM95Eqoxwjiq_G8dcrX6tk_w,Yasuo,TOP,-139,7,7,0,-75,0,-0.016205725990371705,-1094,-0.049423900168020174,-7148,-0.0954106280193236,-2
KR_7555507615,3,100,tBld43yABZX18eggkgO2XlRFzjZ8J2503fCalo8iyfQO-WcCQlgOe6AJcWx3S9vIfzr4-v0kPPWrsw,Olaf,TOP,546,16,16,0,187,0,0.032702945733326105,3350,0.7079399306161989,-639,-0.026666666666666672,0
KR_7555507615,6,200,EgB6SInV-hwvWOHNvW_lcJnLkxSEesB6Gu1ezugsQXlfzGFJRFGk3cQy_0FjWQLvCgnpQPwqPMmDCQ,Aatrox,TOP,-546,-16,-16,0,-187,0,-0.032702945733326105,-3350,-0.7079399306161989,639,0.026666666666666672,0
KR_7555588516,3,100,jMzTloqAaSkcQ-lLEMYFKFQPupgqSYLvszXEkuTVf1mm1e4UD2ejGXluNfybT3x4rb9tI2C1i7ovEw,TwistedFate,MIDDLE,640,19,19,0,-43,0,0.06203837144285851,-9626,0.10736826991023252,11170,0.3361111111111112,0
KR_7555588516,8,200,7F13_WoRos7YXKGB6-8j89RBukyX61GFoek1fIZEyiVK3cTm9gNxvNmwTQRIlnuHO20FRwmRTPQfRQ,Qiyana,MIDDLE,-640,-19,-19,0,43,0,-0.06203837144285851,9626,-0.10736826991023252,-11170,-0.3361111111111112,0
KR_7555588516,1,100,pBJsqVmVvKL-0WT1gobC3afXV8cAU4DI14Obiq1H9VFCtq_FJTwjJA4Ps6XAIpjVjPSSZ5x-uHm0Ow,Tryndamere,TOP,-550,-14,-14,0,-179,0,-0.031736250242003494,5445,-0.366344138174571,4557,0.03680555555555559,-3
KR_7555588516,6,200,pbcvPOHtWgP9YmQOEDsoTKurCsXHHPpnzeLvBegvMG3jH4wFkl3_Vk4aDOD38x4IuR3bs1Fl_6MbGw,Aatrox,TOP,550,14,14,0,179,0,0.031736250242003494,-5445,0.366344138174571,-4557,-0.03680555555555559,3
KR_7555797226,2,100,z6GTsMQYqrBXp_OBqhrMZwZM-0MDW4FZiwXg6Z_--Fzx76aQFaycSJpuJax2hnQsFyyd1d7i4E9S6w,Qiyana,JUNGLE,894,0,0,-16,-648,0,0.011715498167944816,4916,-0.1368619766628787,-49,0.287524366471735,8
KR_7555797226,7,200,De2zwLQElft6B9GcrxmjFX7r7dQ2HBTGS12QvYEJsJ7iLV4Qhh1L0lyZ21moEJmfftaFStGY-WjAiA,Gragas,JUNGLE,-894,0,0,16,648,0,-0.011715498167944816,-4916,0.1368619766628787,49,-0.287524366471735,-8
KR_7555919738,2,100,YC5fatCdHOgo9LlnaDliBR0MrGK_8QIFFdPhUMj2fHGMf2ZSgslFoU5sQG_oqVDuBpJS8jK1iHzvEw,Hecarim,JUNGLE,60,-6,-6,1,-141,0,0.1060212508329508,236,-0.19302282623280775,8094,0.2579365079365079,2
KR_7555919738,7,200,0ExP7kxc91DHPEp9rpeXhBhKQT_Hd5kor_76PB3mlGCkFL877GMyuDKhS7QSfN4HDmDBSX29hnB2RQ,Darius,JUNGLE,-60,6,6,-1,141,0,-0.1060212508329508,-236,0.19302282623280775,-8094,-0.2579365079365079,-2
KR_7555919738,3,100,w9ASupfQ6swln0x04OUavLNlT_z7Bdfc8F49bmXSxnfoNmi1f8_aMCWg-baU2O-5j62uLHJteJiA4w,Vladimir,MIDDLE,-25,3,3,0,227,0,-0.039571103252081796,2360,-0.717045329997672,9305,-0.3492063492063492,-5
KR_7555919738,8,200,w-1eK_C3qYk0oYirCi9I7azX7ZXRmpsGbySDkBR9fUs2irpBT3I3OuBltVNJLah2MAhtsx0y-o-daQ,Ahri,MIDDLE,25,-3,-3,0,-227,0,0.039571103252081796,-2360,0.717045329997672,-9305,0.3492063492063492,5
KR_7555919738,1,100,qy6LFBa4wld3KXdY_UCKtqPnEsKRNhBuGgUdgcpccK2GamJXX0jJQQeH9btJ3XlcvmrE1OKdTuYdiA,KSante,TOP,1338,17,17,0,1053,0,0.0317436858529164,-5016,0.18435003563936914,-1628,0.1388888888888889,1
KR_7555919738,6,200,_E1JSPUAhqwisJqBQWVavE7_RogOojnOBfNaBUNiYcWyKC3l_XpWlFuROYUsbYxBx49RZ6IN7r8Sdg,Jax,TOP,-1338,-17,-17,0,-1053,0,-0.0317436858529164,5016,-0.18435003563936914,1628,-0.1388888888888889,-1
KR_7556069018,1,100,JjWwBjQ8tY7cp35OlpCblDuSEXQB7rvu-9x5j7kiBGmcgYLDFLibvmqgPBu0pR1aNtuX4v9froj4-A,Sion,TOP,-737,-18,-18,-2,4,0,-0.0965906963663346,-779,0.16032274482013842,-5095,0.01851851851851849,-3
KR_7556069018,6,200,X-KhbviWvJcdGnLBBock4dyE6-snFxyACSFcqV84jBRZnkhXdOReVS53OTxLQVyKl34ZFJySSXTEzg,Darius,TOP,737,18,18,2,-4,0,0.0965906963663346,779,-0.16032274482013842,5095,-0.01851851851851849,3
KR_7556167497,1,100,HmpWOoJItVM1M-CWxLTV4abDRlh_cM8APFq2HOojdya5Cu-1ared44D1oCo7oVgtPcwH5VCl_glFUg,Poppy,TOP,433,7,7,0,243,0,0.1282755873175976,-4165,-0.07718540749494318,5139,0.5146103896103897,7
KR_7556167497,6,200,gm7b13x0rvtLC1ePAcqUEn4omH6oGYeh-ua5CKrztNoOKdPbrR4RWXn8VVWXPrxjhjd7KmJn1SbnKQ,Camille,TOP,-433,-7,-7,0,-243,0,-0.1282755873175976,4165,0.07718540749494318,-5139,-0.5146103896103897,-7
KR_7556234614,1,100,yGrbzwT0U55q8EgDMBk_zvle7ALYh-ToZGlAv1S1e_aMfHCc29BsLvjyBAH2WgUuqT79-LW02MeArw,Ambessa,TOP,-10,-14,-14,0,147,0,-0.05192168426164209,-11096,-0.40748701616771055,-46,0.1428571428571428,-2
KR_7556234614,6,200,qpNlg7kpPCz8-5oImmkZBd4mCtvMEr63ksFRvwfnsbYsKCFI5wuyVAaxC36ro353FHqDFtEF0E7wpg,Jayce,TOP,10,14,14,0,-147,0,0.05192168426164209,11096,0.40748701616771055,46,-0.1428571428571428,2
KR_7556282841,2,100,gB4kZ6tr5Lzl99YaZ1Il5VKYXJ7Xv0rUrOktLKSv2jHws_9v-2RUj7RMIxVKa09vxsOqPkK-MxAD4g,LeeSin,JUNGLE,-571,0,0,-35,-994,0,-0.0249065179961572,-2093,-0.6724564831730264,-8242,0.22666666666666663,-1
KR_7556282841,7,200,J6LUJ-1JmMQK7LSpEFz8k6hTmCxPG29bTVX3XJ65Ha3TbmorciEd6-Zoh_FcWRbmSGNt9Tocs1hrrQ,Darius,JUNGLE,571,0,0,35,994,0,0.0249065179961572,2093,0.6724564831730264,8242,-0.22666666666666663,1
KR_7556282841,1,100,3VSTkmubjfBTvqeFqW31xzK0L1jKO-Gj0O_cPCq-q8N2YAsnJqnUScLN5HuJ88wvCS105qabckDndA,Ambessa,TOP,-1059,6,6,0,1092,0,-0.01645509073911791,-4769,-0.6723513444555661,6563,-0.1866666666666667,-6
KR_7556282841,9,200,o0OsutMW8kCRpW84ngCeDLtCiSLyXaP7q7Omo7x1dW-h_uhO9oy4RgA6Q-RGnNwa0nbFdcSKpuiHeQ,Ashe,TOP,1059,-6,-6,0,-1092,0,0.01645509073911791,4769,0.6723513444555661,-6563,0.1866666666666667,6
KR_7556376949,2,100,W8p7dMJ7A11gEpkoe5DK8QDSvkLhiCpXJ6h_wht7P8k2PGjBeNcrUHDqu2HIrGf776C2i3jTHbdY9A,Hecarim,JUNGLE,140,-3,-3,11,168,0,0.013499389622002922,-2294,-0.16209495460517553,3403,0.058441558441558406,-7
KR_7556376949,7,200,0ExP7kxc91DHPEp9rpeXhBhKQT_Hd5kor_76PB3mlGCkFL877GMyuDKhS7QSfN4HDmDBSX29hnB2RQ,Darius,JUNGLE,-140,3,3,-11,-168,0,-0.013499389622002922,2294,0.16209495460517553,-3403,-0.058441558441558406,7
KR_7556376949,3,100,S5zKm1Il5jfZ9dESVnQ3BpGZMO_MAN32alwqS2RuJ31980VuPjDH8j-8EOhycdKmgRqr6aBP01wK3g,Vladimir,MIDDLE,-449,4,4,-2,735,0,-0.04084267165294003,-3690,-0.04775705658475293,11534,-0.18181818181818177,-4
KR_7556376949,8,200,t8stZN6MlhWXjn8dzTh30dWXJlwazGuw32ljuQsmOGrAwxFYdl8crT7iEKTw2ddNJ6hogDQdRv3rdw,Ryze,MIDDLE,449,-4,-4,2,-735,0,0.04084267165294003,3690,0.04775705658475293,-11534,0.18181818181818177,4
KR_7556376949,1,100,YC9stCvIH5FC-S-qt3S8XJ9TNcbYrw6Ng-uciW7IcIyyTwOxE4V1-IQYsOS62jbnclTN0Lp7aWIRDQ,Urgot,TOP,298,-5,-5,0,278,0,0.07408352205814664,4086,0.5982374004154876,-16584,0.1428571428571429,6
KR_7556376949,6,200,kZkChpd2hjPyLqxLKRMlNG7l6QDU2cGxPyy0n-qyIoU-hb4mX0V25sRX6Cu50xBreE34k_Dc_T5yPw,Aatrox,TOP,-298,5,5,0,-278,0,-0.07408352205814664,-4086,-0.5982374004154876,16584,-0.1428571428571429,-6
KR_7556506302,2,100,G5JWnqKBBZWxO_naxGlLnHHCWDuwMSCHnFIg-Tah3l0Epyl9ounFYGXsDPEmWuOc40N_wd8S9_uG-w,Vi,JUNGLE,357,0,0,-8,-156,0,-0.007761169777986077,1427,-0.2615795088335868,1948,0.02083333333333337,-3
KR_7556506302,7,200,Ukyodf_Skm9cXfFBcE-7xMacXr8tZn3ZP7BwyXaSdYVeNvK_CP31QXd3ic82W6KLxwndSFi1P64hkg,Belveth,JUNGLE,-357,0,0,8,156,0,0.007761169777986077,-1427,0.2615795088335868,-1948,-0.02083333333333337,3
KR_7556506302,3,100,A-Z_AaM67jCgwIpr3e54SvbqnxJ2uTAqwGKTd7eogC6otN3xTfkhCiT_2Z_y6dzyAdx6PsNibpJ0AQ,Aurora,MIDDLE,-518,-14,-14,0,-1268,0,-0.04911873218586302,3640,-0.12172662464903239,-2383,-0.08680555555555558,0
KR_7556506302,8,200,3PV0N1WhJB_IY1yxcOAVIHy_k2WlgszjIeRzR0HVmQiuv-QOzx1B-w0jaBidjgOrYLNw8acjU53YQg,Leblanc,MIDDLE,518,14,14,0,1268,0,0.04911873218586302,-3640,0.12172662464903239,2383,0.08680555555555558,0
KR_7556584460,2,100,qWxfzJONKU02DjfGo91jaBBPIUx75IhklOj9-Zih6TJnrVi422NWJinMpmgY3KHpjQ_tMn3rhli0Ng,Viego,JUNGLE,84,-8,-8,27,1086,0,0.018098283414956895,2845,-0.5928586847641013,9091,-0.07499999999999996,8
KR_7556584460,7,200,O7SUvmgSDubWV6Vc2grEUys_lQwTXcG1B_OryEbTZsryIRhuo1mEePYU8wDP9YPhPm9vW0WAKipiCw,FiddleSticks,JUNGLE,-84,8,8,-27,-1086,0,-0.018098283414956895,-2845,0.5928586847641013,-9091,0.07499999999999996,-8
KR_7556701587,1,100,ZEnu9XOMeFNU7Z0guxmwjHLC2ech40MB2C_D6S91-1BtOQmyOU4ZJd_YYV2FGk-5Xfz2D92SdiVRJw,DrMundo,TOP,243,8,8,0,260,0,0.13265537381379766,6482,-0.172498410220418,27531,-0.041666666666666685,-1
KR_7556701587,8,200,T9uvQ6NOQfD2rICW0JcxayJ7xSa6-lkxE7-UozscY-NO1CBEMkhWpM9qLHV9zQdjwENfjSQzJRYA-A,Syndra,TOP,-243,-8,-8,0,-260,0,-0.13265537381379766,-6482,0.172498410220418,-27531,0.041666666666666685,1
KR_7556833771,2,100,mlm0JtHe6_GkM_q_8zaeoV_JvpSSJFcst4eLsdEKplI7F-XDyQC0Ii1OmA4OPIFIe5SyLg1nGWtLoQ,Pantheon,JUNGLE,6,2,2,-10,-282,0,0.0342495680014159,6892,-0.7362324980797458,3186,-0.11025145067698261,7
KR_7556833771,7,200,yks7d6lFDuqhxy2pfJDriSzGM8id7_7O2RXk7JkBZmMLJJRnAprPFv5Kwh3MafGZAZXW31_9lQB0Tg,Viego,JUNGLE,-6,-2,-2,10,282,0,-0.0342495680014159,-6892,0.7362324980797458,-3186,0.11025145067698261,-7
KR_7556833771,1,100,K0DUV4BpL07rXE0_pgf92mTosl5KSFsznwvgbVdQ-KjlgYyjESeAuqmu9-fgVEDFoiSXysrEAd02AQ,Rumble,TOP,410,4,4,0,563,0,-0.0652405015145062,1705,0.017672612215314354,-10612,-0.25338491295938104,1
KR_7556833771,6,200,yGrbzwT0U55q8EgDMBk_zvle7ALYh-ToZGlAv1S1e_aMfHCc29BsLvjyBAH2WgUuqT79-LW02MeArw,Ambessa,TOP,-410,-4,-4,0,-563,0,0.0652405015145062,-1705,-0.017672612215314354,10612,0.25338491295938104,-1
KR_7556966194,3,100,hAhTbgvNXWI7Nu-Plt4sdH1VNcqdMs9ZlTzSY4Na4IrwOAAi12qlcmGcvvf23ujJlg-BJHo_VkRWtw,Zed,MIDDLE,-2286,46,46,-70,-1310,0,-0.07992164711636512,689,-0.844203000484163,2769,-0.07777777777777772,-8
KR_7556966194,7,200,2ErjjqG1lBFLhhQmHFavGAK8h0qpAu_aDiDSielWCGZi_BAOIJb8daFwrbPzsNpvAnI42CyC7N7lOg,Zyra,MIDDLE,2286,-46,-46,70,1310,0,0.07992164711636512,-689,0.844203000484163,-2769,0.07777777777777772,8
KR_7557102804,2,100,nO1UVYCbtCd33aBKsVx0Ir4Zk8H2Hepip-DWoGxN6Qx0ewtmfUOnswKVkI9BMHNfOSpVvjS9kJzAYg,Ekko,JUNGLE,626,4,4,-13,-400,0,-0.040463303493971925,-745,-0.26262523236583,14266,-0.271978021978022,3
KR_7557102804,7,200,wySJxalkTyZSfx2rYncpZ9uhVSG8mO10Xp3yv85_YjFNfGtWHIZ9N0rTMoe5nHQLae1Kwmy3_yKzuA,Zyra,JUNGLE,-626,-4,-4,13,400,0,0.040463303493971925,745,0.26262523236583,-14266,0.271978021978022,-3
KR_7557246486,1,100,R1R72IQuyhN2nsqFgDyLc_8AVVQAUiUyzFxzP-HnyP7nXaFbKBDdYptl5k2qP_EeEbo9-eBcJ5QECw,Akali,TOP,314,12,12,0,146,0,0.0637388677923979,-3600,0.05458532420003137,3928,0.0,-2
KR_7557246486,6,200,a4NyUtjCqsOXKHs2Hb2HvUboTCuxx7G1Uzrkeq_liZBHpDvzSjmieejs0e74sN3j6NSSUdvyW5H-zQ,Jayce,TOP,-314,-12,-12,0,-146,0,-0.0637388677923979,3600,-0.05458532420003137,-3928,-0.0,2
KR_7557352530,1,100,veVKEoOLFt2owOL4_-Y3BbQh5AOYe0ncC499EsFji_kAfUmLH1s2BUjejqPNdUDwXPaM3TsYmaPd3g,Sett,JUNGLE,276,73,73,-69,1225,0,0.20674744302336062,11306,-0.502680710278111,27023,0.0625,3
KR_7557352530,2,100,S2uQKn2hH2v7wp-Qw2AG6AdBYxxWdRtbqHPsquww50oqEZu3FehVFArPdc_ZZD7LgLVLS_jtNMQvEA,Graves,JUNGLE,-276,-73,-73,69,-1225,0,-0.20674744302336062,-11306,0.502680710278111,-27023,-0.0625,-3
KR_7557352530,6,200,TmXzM_weKQ2zFt6kgn35XyQRelCE-0th3gTsoz99ECs_SU7mbC_VUTTbRjRcMRMCYZR2hzGGgIkkuw,Camille,TOP,-1767,50,50,-72,-369,0,0.028979744296255328,18406,-1.026102372352629,1691,-0.17073170731707316,2
KR_7557352530,7,200,HjAXU8PILLp2L0LhscP2skNrV571gTrhsfDAQ1Xdm8NB4PpuTL5ytIw2m46w00bNef1p3tnCDmXsIA,LeeSin,TOP,1767,-50,-50,72,369,0,-0.028979744296255328,-18406,1.026102372352629,-1691,0.17073170731707316,-2
KR_7557478442,1,100,JZ2Cd3NW46NqtcgXivYk2SH409AoHuY6hMv4_DGZnzP6s6UfzXmYl_q_ylLpuSqQdF4yrJq0RPCdWA,Rumble,TOP,-23,-1,-1,0,-76,0,0.06528475713936652,-4357,-0.7010068865410071,-988,0.29259259259259257,2
KR_7557478442,6,200,AdVgsRd4kj4ypXX7QGq9IWFMSl60fFQC99ofbE5uxNVifKrUuVI1iFsceVXib_j2HBEHu8V0Uw4jXw,Ryze,TOP,23,1,1,0,76,0,-0.06528475713936652,4357,0.7010068865410071,988,-0.29259259259259257,-2
KR_7557557077,1,100,x0h7xFKtrsBodAiTMn0aJ32UtKHXQO1_wE2z_D7oqzx1VwWtUkjC0UIr5_mj03mwmMzGVbIzFny6_w,Jayce,TOP,-966,-5,-5,0,-737,0,0.02899624874548848,1343,-0.13831551898873684,-5766,-0.02083333333333337,-7
KR_7557557077,6,200,ZJ73TuyurEawfD2OswxvMhUsxePokstsQbrHPdHg2XDJxyErS7yik45SPTmWtjZPA1ZF4xjocCE82Q,Irelia,TOP,966,5,5,0,737,0,-0.02899624874548848,-1343,0.13831551898873684,5766,0.02083333333333337,7
KR_7557672285,2,100,cZfP-kZMLAufG07RFWBTCk6GUUAIcCQocatpNifhEy0CUHdoN3NR3jQDuLHJsbAimXLaQKQk41ieNQ,Nocturne,JUNGLE,-513,3,3,-1,26,0,0.0320038988807107,-619,-0.9255855302053819,4906,0.25296442687747045,4
KR_7557672285,7,200,M06DGcGofamqBAOtTiVKAB9yTh73c5eyXPTccRqjx6EkOmeD2I2wB129W4rrVwcYzOFAmjI7Eh558w,LeeSin,JUNGLE,513,-3,-3,1,-26,0,-0.0320038988807107,619,0.9255855302053819,-4906,-0.25296442687747045,-4
KR_7557672285,3,100,2ksbTJDdSkkeSznXm-gHeVedeG6JHVKsQZM9bfbWycWblee1Fp3wBL4zfsJ4PB4pBeJvuMMyEegevQ,Orianna,MIDDLE,248,23,23,0,321,0,-0.013096267300324288,2564,0.748981356435721,-454,0.11264822134387353,-1
KR_7557672285,8,200,z6GTsMQYqrBXp_OBqhrMZwZM-0MDW4FZiwXg6Z_--Fzx76aQFaycSJpuJax2hnQsFyyd1d7i4E9S6w,Taliyah,MIDDLE,-248,-23,-23,0,-321,0,0.013096267300324288,-2564,-0.748981356435721,454,-0.11264822134387353,1
KR_7557672285,1,100,lli1QsRkzeUXjOyPMRQF6sdjrBNsgFzXrhfGFXRSJwcOGqZZy3_yVwnO7G0hJ4m5-s7iGzfO8ngWsQ,Pantheon,TOP,110,14,14,0,-151,0,0.021085113589869475,-5833,0.021662941310031436,-10049,-0.07114624505928852,-2
KR_7557672285,6,200,ZEnu9XOMeFNU7Z0guxmwjHLC2ech40MB2C_D6S91-1BtOQmyOU4ZJd_YYV2FGk-5Xfz2D92SdiVRJw,DrMundo,TOP,-110,-14,-14,0,151,0,-0.021085113589869475,5833,-0.021662941310031436,10049,0.07114624505928852,2
KR_7557818132,9,200,L56PWrLM4Fa1xENo4GS_qCGTB3n5E-mywGf9KvUD0DEuq3JNLGYb5bBWV6vZaeUTr99fq9LjfntMVg,Ezreal,BOTTOM,744,60,60,0,832,0,0.22200706941969783,809,-0.811012308370811,10646,-0.08333333333333326,3
KR_7557818132,10,200,a15s7AyxSJTvotYSm59mHheJV8qbbnURTvC2AmIC-GCQVQvRNlIoiwFbxHGESOh2qZCvfTHLSpj6nw,Yuumi,BOTTOM,-744,-60,-60,0,-832,0,-0.22200706941969783,-809,0.811012308370811,-10646,0.08333333333333326,-3
KR_7557992576,1,100,iTauGf0tzgKOgNDZfc-5suo0N5zo5-swuWpQRdXutw5dItAKPN29qbf0XlB9kFKJdtg1CC6JQqe62w,Rumble,TOP,-194,-10,-10,2,-110,0,0.13990109820469018,-7783,-0.08593558813245483,-15911,0.09411764705882358,3
KR_7557992576,6,200,zKPTWy8KIDx9SG7bAMsXCWaDN_LAdJj4bpd6WOgWvgrm5qefmNFwV39kuwsvFn8L6VocOrykNXQ_Ew,Tryndamere,TOP,194,10,10,-2,110,0,-0.13990109820469018,7783,0.08593558813245483,15911,-0.09411764705882358,-3
KR_7558101490,1,100,Jb0dsvR1HUVfx8UM5jmyxoqgSlsiwR_wH2FQJ_TZBOXXfCtKl0oH5VcPn_o2ds-G4pDnHuY3CQDfPA,Aatrox,TOP,943,28,28,0,1205,0,0.2884172211445471,-1441,0.3637782582289373,4417,0.18,3
KR_7558101490,6,200,GzAk3n3ZWHFow6RIHZllWH8KxSBzgd2MwSff2nY0kIy5D87nTiWNtKby91-fz232x4yTE4r-yDPJjA,Sion,TOP,-943,-28,-28,0,-1205,0,-0.2884172211445471,1441,-0.3637782582289373,-4417,-0.18,-3
KR_7558174670,2,100,T98jpQ1_ARC4H1CfSt8CrJlIp25G9krksJt80Ne6PeGrwZp_VdFtL6rH3FxwLDxyH-poMo_kiKYTuQ,LeeSin,JUNGLE,-246,1,1,-7,-399,0,-0.08492066549188011,-375,0.10172743342312862,1400,0.10875000000000001,-4
KR_7558174670,7,200,LjncZOFW6XPjR0FN2uOFgj_tRitSKnRT3MzXso9aMlLwVVE6fWh_E0_dmV1i3IOPPtewh_qrhV1Bjg,Nidalee,JUNGLE,246,-1,-1,7,399,0,0.08492066549188011,375,-0.10172743342312862,-1400,-0.10875000000000001,4
KR_7558174670,3,100,7tBsXaqmCvhe5NIPZmXbZDE-a7BEUooxnhqllsPZ_OyhkQTG8VCmAOo4GzDIv6SkKKCzt-kj4bNNig,Sylas,MIDDLE,511,26,26,0,-101,0,0.04387827836049621,-3696,0.23852614831001362,-83,0.31875,-3
KR_7558174670,6,200,pbif0mDHFRngf41w09N5gdsVKjvVF91STM1o77O1Iw8fPkHg8PkOVZmiFAkA1ijGNx3vqp9QhupwyA,Jax,MIDDLE,-511,-26,-26,0,101,0,-0.04387827836049621,3696,-0.23852614831001362,83,-0.31875,3
KR_7558224563,2,100,yGrbzwT0U55q8EgDMBk_zvle7ALYh-ToZGlAv1S1e_aMfHCc29BsLvjyBAH2WgUuqT79-LW02MeArw,Viego,JUNGLE,-126,0,0,-3,-317,0,-0.002771908610336604,776,-0.848146532258901,14462,0.06335403726708078,5
KR_7558224563,7,200,DMGtxcbjyBIjS8KMkEawMApRTPa0O5X3JdX2rTyddl05DCqms4ZA7Hhm5MRZTH96PEkw0npazlvQKw,Zed,JUNGLE,126,0,0,3,317,0,0.002771908610336604,-776,0.848146532258901,-14462,-0.06335403726708078,-5
KR_7558224563,1,100,lGmb9idWN6trpV7av9MLMEsO7TGGtNgOBOS43LAx45oRLiCaaowIRuCgAZ84mQLZx7T1jJeeS-7_lA,Rumble,TOP,940,18,18,0,723,0,0.125114627830366,5180,0.11661639694208425,-6362,0.19627329192546578,9
KR_7558224563,6,200,FiqtrFPZoDDaexpfe-h_S9kOH77-HDSkwltEX0zbRXbyfLxkV4QIso_BdcIqbjSwcJo4e6G7xtlM7A,Jayce,TOP,-940,-18,-18,0,-723,0,-0.125114627830366,-5180,-0.11661639694208425,6362,-0.19627329192546578,-9
KR_7558309446,1,100,oajIfY2cV8cLXD0ItzURaYDhD-Jr9zZHw3NhwYLY-lcIYBlFi3fIN-07feYAcKs9evX7mLcyi8VMvQ,Rumble,TOP,1003,30,30,0,1371,0,0.033637954357079114,-1071,0.2887022384982836,-1080,-0.1111111111111111,-1
KR_7558309446,6,200,dCerQCPPZICw3Fq1CBXulsULfiw6yjgYWjyI8KT-RYS85EVmBFL30KZluQXVNx9Yivrq5f_v7YvIUg,Ryze,TOP,-1003,-30,-30,0,-1371,0,-0.033637954357079114,1071,-0.2887022384982836,1080,0.1111111111111111,1
KR_7558447067,2,100,UN4qDBOIiemh56_11gYXg2KGtbDZtKKGtsFPNFyKmUVLxtn27lYA1rmKMQ4UbNFZ2-EkEMaTQnqd6w,MonkeyKing,JUNGLE,-534,-82,-82,70,-970,0,0.0018079351995164972,-4073,0.2218594304079914,6601,0.36484848484848487,-4
KR_7558447067,6,200,jqsfU57XubRUUL5utavNdOa0_6cBHxBItSjGak_i0QltKmxmDn5x0SwtQiOBE-qzXHy60OO3VIt_gw,KSante,JUNGLE,534,82,82,-70,970,0,-0.0018079351995164972,4073,-0.2218594304079914,-6601,-0.36484848484848487,4
KR_7558528020,3,100,DS4THQRnowYyldqL1ada-MJBaF0iVhZOFBY0w8VuVCfGK6h5H63Q0FiNZoNfO57eVYbGDr6jy14tLA,Diana,MIDDLE,-19,-12,-12,4,-922,0,-0.03169235010454008,453,0.16911958617983147,-9368,-0.05555555555555558,0
KR_7558528020,8,200,5mHBno_pUqjkdsHnYgQ_Gz_AfHZTx9pvP0WYNglDss6bXRr0POSHtHyddvdiMvIqeOKfjOqvoXZ50A,Sylas,MIDDLE,19,12,12,-4,922,0,0.03169235010454008,-453,-0.16911958617983147,9368,0.05555555555555558,0
KR_7558528020,1,100,Nc7aCezYrVp_drc0LQkUulFJqZ1PymjbHzRkPd29-bk9e5Ccjpph4fRmiokZYPpLNKJycQ2dN_hBZA,Jax,TOP,-106,-15,-15,0,-572,0,-0.011997781140108466,3163,-0.005041896724111372,1850,0.0,-2
KR_7558528020,6,200,sZYmIBDEmkmduBSK3E8YVOsiNmskKjfekTX6Fyt1Amkaqytp0PdHIiB1jGPUaTvh_CfnI1n0HDBRGQ,Neeko,TOP,106,15,15,0,572,0,0.011997781140108466,-3163,0.005041896724111372,-1850,-0.0,2
KR_7558606981,4,100,yfQXElBnpg4f1U3oN4mr_22LwpGdFMAhaFqPIoWSmUVV6ndxQBRaOvAEqirKFAXmCSCF9nR5pwXeLw,Mel,BOTTOM,-627,-11,-11,0,-119,0,-0.053045908557796784,-10364,0.3322175661747824,-5827,-0.125,-4
KR_7558606981,9,200,6i-wkmYYEpoCpby-vWuPpYJ2Qp2HIACeWYCFJGqH8OQIygRNJg9QtAqePuGe0kD5_g1rIZrECHFEmA,Ezreal,BOTTOM,627,11,11,0,119,0,0.053045908557796784,10364,-0.3322175661747824,5827,0.125,4
KR_7558606981,3,100,XSdyaWG1CCmO4qgSrZsz-BKRrq4yt5ORcRYyiubowf4thCajgK6LBKbvvnffZYrWwiwVJJr9ZAJELg,Tristana,MIDDLE,1409,19,19,0,1161,0,0.11233668239659028,352,0.3613987068617217,-4584,0.08333333333333337,3
KR_7558606981,8,200,-2-vwO3FCVEM4JBqDZZsc7KEpmx1hhf2CFi0cTl1GajBg3NP7ydBOLoAcdpci9XfxnFvKUaFvqcUKA,Galio,MIDDLE,-1409,-19,-19,0,-1161,0,-0.11233668239659028,-352,-0.3613987068617217,4584,-0.08333333333333337,-3
KR_7558606981,1,100,sJNO1sQnoOpjttxpsq55r40t73muU5a67bR3TDkHzjLiPZty9FHPxo-CrYXel-_IBRA1_CDv86QQ9A,Gragas,TOP,627,-11,-11,0,907,0,0.010729035096415512,-1490,-0.3387772120676116,10859,0.33333333333333337,0
KR_7558606981,6,200,K0DUV4BpL07rXE0_pgf92mTosl5KSFsznwvgbVdQ-KjlgYyjESeAuqmu9-fgVEDFoiSXysrEAd02AQ,Kennen,TOP,-627,11,11,0,-907,0,-0.010729035096415512,1490,0.3387772120676116,-10859,-0.33333333333333337,0
KR_7558694868,2,100,d-NtTKVsdVBRL94qti0VdZPa8MIuBAxXKM708v28diyeLmq6lrB0kl9LHuquEIHJ6ZZK29nQccBQ1w,Lillia,JUNGLE,679,2,2,31,985,0,0.0536684084961816,-953,-0.3738287159266135,2460,-0.11851851851851847,-3
KR_7558694868,7,200,p3pag1703fXZHCAeVW5ozxdCbF2222GfpaWyEBwFQ3eGUIreW0gmQG6aukSX4UbnTdHqXRpq4KFFsQ,Vi,JUNGLE,-679,-2,-2,-31,-985,0,-0.0536684084961816,953,0.3738287159266135,-2460,0.11851851851851847,3
KR_7558817981,2,100,kW2m6J9I3MQNNjcOwrS8PtlD29y_5IRMfs9IsPuHcVOhvRK-2Jw2_T8ar-iOl9AFCr_Ms60x9dZ5kA,Karthus,JUNGLE,-217,-76,-76,72,-1101,0,0.09921989325670952,-5724,0.3382407735614117,13050,0.0011148272017836858,-2
KR_7558817981,8,200,d-NtTKVsdVBRL94qti0VdZPa8MIuBAxXKM708v28diyeLmq6lrB0kl9LHuquEIHJ6ZZK29nQccBQ1w,Galio,JUNGLE,217,76,76,-72,1101,0,-0.09921989325670952,5724,-0.3382407735614117,-13050,-0.0011148272017836858,2
KR_7558946842,4,100,wRRWFdKZ0RAAKHLkxc9KY3Kxi1MamtJqdJ-kAttdtnnCFqtxx9gDt0GdceSuLQ0rYjCNV4blaGflag,Tristana,BOTTOM,602,62,62,0,1262,0,0.21717520092074571,7736,-2.584893246601891,-117,-0.1470588235294117,14
KR_7558946842,5,100,7qgnl81AB5EoorvhcGofgo0OEQxH0Bqi8N6ZY8xFRLYWL1T-K_KoAFxkTq9CIICeoDTxOXQ24uLiSQ,Rakan,BOTTOM,-602,-62,-62,0,-1262,0,-0.21717520092074571,-7736,2.584893246601891,117,0.1470588235294117,-14
KR_7559067625,1,100,vp8sUTA1z3Eo__bOXwcAmfMaGyAzJYyJQop8kYfGw3lfs2umEtbsxhRugRrBkcLqGIkw52oqyA_o9g,Gangplank,TOP,71,-6,-6,0,-266,0,-0.06786289342509638,-20,-0.22760865682878184,14094,0.0023291925465838137,-6
KR_7559067625,6,200,WCJFqJQk3uKHVNt7XjnHMZlvne-mniVqL9BFWP2C6trW260v7_oUQIik1BbdOn1ASzYqsTi2AzzM0Q,Rumble,TOP,-71,6,6,0,266,0,0.06786289342509638,20,0.22760865682878184,-14094,-0.0023291925465838137,6
KR_7559162248,1,100,4pAcnYzDn2fxDWfkJzJVxXOmMC-aOOE2Go9aGKs75njiw8E_JOY9HmRYGrM7dwdnztB_v-RhPi9Y-w,Aatrox,TOP,262,2,2,0,312,0,-0.10900784993036988,-4848,0.6223015142661745,27805,-0.011111111111111072,-10
KR_7559162248,6,200,sP1qoBXEnVEzNpepepZI_MQLg8exkA4aIJCyHaRJJ5eIKPhDBfKaCGTXt2imLpfJZ-qa0lvLn-fuzA,Ambessa,TOP,-262,-2,-2,0,-312,0,0.10900784993036988,4848,-0.6223015142661745,-27805,0.011111111111111072,10
KR_7559216694,1,100,qWxfzJONKU02DjfGo91jaBBPIUx75IhklOj9-Zih6TJnrVi422NWJinMpmgY3KHpjQ_tMn3rhli0Ng,Aatrox,JUNGLE,-569,55,55,-56,435,0,0.1254055749863231,5629,0.5042294603344075,1288,-0.2173913043478261,1
KR_7559216694,2,100,vQNfXMUGaZQ70Gdb9U4-S0zAmbwdkIXvB_gLQwo4PV1It6x_yvLc03LRkKciO3VchnUThmMiOgN02g,Zac,JUNGLE,569,-55,-55,56,-435,0,-0.1254055749863231,-5629,-0.5042294603344075,-1288,0.2173913043478261,-1
KR_7559258350,7,200,JncbFPz_xCb-AwjGVEcvbhGyrdtgtrcmLQBQxKTi3yrb5mJrO22JSzQHugPoG5jr2D0UrsNcMEKuhQ,Viego,MIDDLE,-300,-64,-64,52,-1017,0,0.11840684671382282,-2806,-0.06246293976956363,27374,0.3095238095238096,19
KR_7559258350,8,200,fQbRvcfJOR3lLs_9Yzc-xGg97r4jbUebM8tD4hTUd5Xp8XrSbm83B9GrqRXCfxelxO3AIe5_K_ZqKA,Aurora,MIDDLE,300,64,64,-52,1017,0,-0.11840684671382282,2806,0.06246293976956363,-27374,-0.3095238095238096,-19
KR_7559307393,1,100,kYIrv3VtwiAq27K8yXSPlTHVece6VgWAsADYx-58f6Fbu10h4VR2YNAgYTHVotIBLIEDK5MYGRGdqg,Gangplank,TOP,141,3,3,0,464,0,0.09770254805840098,1524,-0.2100345397928059,-253,0.015384615384615441,-7
KR_7559307393,6,200,Wegn95wO3GxJ3PK6IWyL63PGvbdpQoVcffra0-vgrc7cFyQkdnESN60OcN_6QeHyJIHzwxuc6uEWUA,Aatrox,TOP,-141,-3,-3,0,-464,0,-0.09770254805840098,-1524,0.2100345397928059,253,-0.015384615384615441,7
KR_7559391451,7,200,0CDX1sFEXSMtcMUlLR-5tZenQgujPYYqBRH0zDkrdeaOVNRK35rliboQG_Q4jpzF5JCDFxaupDU9Sw,Zyra,JUNGLE,1302,-10,-10,56,1328,0,0.23219770124190708,-503,-2.3385716424057312,-803,0.050000000000000044,3
KR_7559391451,10,200,XlDyQeh06UgJGN-JcFqgxKSIJUuX3YyK4I4JHk2D3ofp89GaIFXbTzxdcLoEjc53IYjS3D4n6iyGeQ,Rell,JUNGLE,-1302,10,10,-56,-1328,0,-0.23219770124190708,503,2.3385716424057312,803,-0.050000000000000044,-3
KR_7559391451,3,100,Jp5HduWn27cw68A10sDTIeOTa7VP2DnJJZRocnwD0miob9d9iOmGoFuxXIE9QjYunuYT6pi_e9NZVw,Galio,MIDDLE,-1024,-16,-16,0,-183,0,-0.034175414529131504,-6132,-0.1966847667488012,-3133,-0.08064516129032262,-5
KR_7559391451,8,200,Dg3gMX7E0X9JnO5263vno83MENXONzJARtWdCEvC72riobI6hlAANBavv1THnxUG72GeXb9NP0FFDQ,Garen,MIDDLE,1024,16,16,0,183,0,0.034175414529131504,6132,0.1966847667488012,3133,0.08064516129032262,5
KR_7559535149,9,200,NNipXKOg3I0bkZu0DuHDKdi__hteInaC3rMd-0HUMB-ncq5Eu3_N7Bz3mjRDi8_OaY2OGkwmZk0Rog,Jhin,BOTTOM,767,69,69,0,852,0,0.16258315983073818,2946,-2.2128940584603636,-7868,0.20588235294117652,9
KR_7559535149,10,200,1o0t77OI0O1t8eTezZZ9bxQPI31_unEdsonmnnhhZvfqFs0d4sQTYfnVgDeqQpCwANPj9ffYGRuIfg,Leona,BOTTOM,-767,-69,-69,0,-852,0,-0.16258315983073818,-2946,2.2128940584603636,7868,-0.20588235294117652,-9
KR_7559655914,1,100,DQqyOxAqcN4HTfulHefYWNjXwpMMfDYTuOiATpw_Yw1tRDB9pug9yG4dVZpoPOluCvCYi1NgFbvY1g,Jayce,TOP,-29,5,5,0,-9,0,-0.059095927646559604,5882,1.0196205495746926,-11799,-0.2282352941176471,-3
KR_7559655914,6,200,xx4sKrK8-GbFD6Kuyva-KxAqCakbjAW1oetWWX2VRSFiPCRO4MMc3riR2kcH_gP6Ey0u7vZ3cYfxLA,Sion,TOP,29,-5,-5,0,9,0,0.059095927646559604,-5882,-1.0196205495746926,11799,0.2282352941176471,3
KR_7559787159,1,100,7F13_WoRos7YXKGB6-8j89RBukyX61GFoek1fIZEyiVK3cTm9gNxvNmwTQRIlnuHO20FRwmRTPQfRQ,Sylas,TOP,167,28,28,0,124,0,0.05832673385895219,4810,0.1310034113748192,13003,-0.057142857142857106,6
KR_7559787159,6,200,wTYNerp3ayJ0IHy4DvmE4anSUdy5OeE-0FOuqj-LRuERfNkepeyTCE8EwqrZamaJtAEfhDHUtVXoBg,Ivern,TOP,-167,-28,-28,0,-124,0,-0.05832673385895219,-4810,-0.1310034113748192,-13003,0.057142857142857106,-6
KR_7559947520,3,100,3YNx_j21wWcVbwzLzLUAoGJZ7h23ASJkNEChqL9OuITkiPA_0bGFdlHmMaWSw_XZT6RE5fYZs6XQsA,Qiyana,MIDDLE,-762,-31,-31,0,-1329,0,-0.004769725014168391,-2266,0.5164004182062034,9196,0.29166666666666663,3
KR_7559947520,8,200,tSXVoy_yM8RtdeB6YQ1VEFj49-lfcnsCWKNNltN_pnKRYh2QrMpT96gCB5r1FoZ5-WONk-Y4hMRD-Q,Syndra,MIDDLE,762,31,31,0,1329,0,0.004769725014168391,2266,-0.5164004182062034,-9196,-0.29166666666666663,-3
KR_7560128586,3,100,umeuuYX84-0bfGwq2Fq-GH8juhEDWZ9ZQmdV10lQ9Y0CTtAfymCWJlJplLME9Lbv0Ff2ozVsmDbAWg,Viktor,MIDDLE,-341,-3,-3,0,-442,0,0.006573666925329097,3418,-0.13030262212593657,-8803,0.08461538461538454,-3
KR_7560128586,8,200,tpbEn_KS3KH2Di9DZREgaeL2PqkazJYiV51-ocLLhz00k_YooXspbDkplsnGPSOyUayoPFWCwIjC2g,Sylas,MIDDLE,341,3,3,0,442,0,-0.006573666925329097,-3418,0.13030262212593657,8803,-0.08461538461538454,3
KR_7560363134,2,100,DMGtxcbjyBIjS8KMkEawMApRTPa0O5X3JdX2rTyddl05DCqms4ZA7Hhm5MRZTH96PEkw0npazlvQKw,Zed,JUNGLE,141,-2,-2,17,477,0,0.0893102764886106,5427,0.6280940659422997,1598,0.2142857142857143,1
KR_7560363134,7,200,MBfg67Nrs_BhHq8zg50MXfY5AQ7rElpruwQ_jirNuzbpWLmQawK9_2Nd4DmsO4STtLPG4-_Sd7DmAQ,Belveth,JUNGLE,-141,2,2,-17,-477,0,-0.0893102764886106,-5427,-0.6280940659422997,-1598,-0.2142857142857143,-1
KR_7560446903,2,100,ILMsdEPc6Xa9pCAetnJIJS2sRqGKu90a59eVCranW9Z4In_0ypoxMU1bXXfJEPZRXYU7bue4OPxT8Q,Lillia,JUNGLE,185,6,6,11,336,0,0.06975523355788218,3598,-0.1285609047036529,25266,0.0535714285714286,4
KR_7560446903,7,200,xx4sKrK8-GbFD6Kuyva-KxAqCakbjAW1oetWWX2VRSFiPCRO4MMc3riR2kcH_gP6Ey0u7vZ3cYfxLA,Vi,JUNGLE,-185,-6,-6,-11,-336,0,-0.06975523355788218,-3598,0.1285609047036529,-25266,-0.0535714285714286,-4
KR_7560446903,1,100,fzkyv5NhpQO_-qcuJ44uAA9z6PNXuiggTb9U3u3V9AkBu2R_WqG2Lax15cTHVr1el-lSjbqLZP2jKg,Ambessa,TOP,457,7,7,0,422,0,0.0135244284730342,7604,0.5571198062583863,5727,0.1116071428571429,3
KR_7560446903,6,200,cUJIp52PQCdXEpy5BIDxPf8Ts3-VuR_DoxtAUkhZ_hdf7uyq-UyOTM2GEnmlEHqUDoreUCic1kgkeg,Jayce,TOP,-457,-7,-7,0,-422,0,-0.0135244284730342,-7604,-0.5571198062583863,-5727,-0.1116071428571429,-3
KR_7560525105,2,100,nO1UVYCbtCd33aBKsVx0Ir4Zk8H2Hepip-DWoGxN6Qx0ewtmfUOnswKVkI9BMHNfOSpVvjS9kJzAYg,Ekko,MIDDLE,-1016,-22,-22,0,-803,0,-0.04027730572596039,-3287,-0.16524986746821324,8440,-0.14202898550724635,-1
KR_7560525105,9,200,O8X-JEOUDBjyNIRTHYJkKujaBwoL9jfzM4YTg6MIyAhAwbxTzqYhfXHLuVKwUMWPV1vRQlQD4tdl7Q,Aurora,MIDDLE,1016,22,22,0,803,0,0.04027730572596039,3287,0.16524986746821324,-8440,0.14202898550724635,1
KR_7560754674,2,100,1GOTQF0wwNJEUNhIGRvpFp9A-Rv-nfS9CeSwtfMTXRd5DJsYPAgtJm8r8xvZ9m_a_9C5cT6UagcpDg,Elise,JUNGLE,1150,-2,-2,-2,-16,0,0.1156513869062579,2353,-0.18215511474335866,-10463,0.006493506493506551,8
KR_7560754674,7,200,ILMsdEPc6Xa9pCAetnJIJS2sRqGKu90a59eVCranW9Z4In_0ypoxMU1bXXfJEPZRXYU7bue4OPxT8Q,Skarner,JUNGLE,-1150,2,2,2,16,0,-0.1156513869062579,-2353,0.18215511474335866,10463,-0.006493506493506551,-8
KR_7560754674,1,100,2-cKStdoETxfUKUCT2uREiUVgNKuHUlEJ0rYD89KfqCGruZoNj_S7a4natWTxRqcHi6GyWCBREShzQ,Rumble,TOP,94,16,16,0,316,0,0.1157624391861973,-4532,-0.0025478639683005344,-6973,0.11688311688311692,2
KR_7560754674,6,200,nAcxYyaM5Q6CFC4PECgvpnruO0Q8hPfSbn2pBEFvs_LaUzQsX_k8oN8XaiTujv6JOT159iM4OAqKrQ,Gangplank,TOP,-94,-16,-16,0,-316,0,-0.1157624391861973,4532,0.0025478639683005344,6973,-0.11688311688311692,-2
KR_7560967221,2,100,LeOnE-M6TtZgAPu1OHtB8deEcXBZOzHkCxwLbUmsnIOfAXiXTW-c0Pn6xwAp-yqgjpTHjIJdBjrspQ,Nocturne,JUNGLE,-1037,2,2,-4,-439,0,-0.1030687932271449,-2991,-0.3053694116684632,-6511,-0.13928571428571435,-14
KR_7560967221,7,200,Q1_bAfRHK0MLfCOYE7ys4Zr0T7QVb-itnfM7wia8TQOCb-JLnTlfhJmQrHIB-iLAy1IbMggbIwDgCA,Viego,JUNGLE,1037,-2,-2,4,439,0,0.1030687932271449,2991,0.3053694116684632,6511,0.13928571428571435,14
KR_7560967221,3,100,G_6vF-royqpk19wALOaAeg0nw6jXr038ux4qsRadv3gVfmWHQiuxAEKwlEVPrg--A9rLhHUbycKXhA,Leblanc,MIDDLE,1740,18,18,0,1855,0,0.060552554871586284,-554,-0.10414572161927194,3998,0.01428571428571429,4
KR_7560967221,8,200,1xgbOOKvrmiVGxdyjO3uv-YrLravOiEz1yUuR_XhTcTB-4Y68ZGpaDBM95Eqoxwjiq_G8dcrX6tk_w,Yasuo,MIDDLE,-1740,-18,-18,0,-1855,0,-0.060552554871586284,554,0.10414572161927194,-3998,-0.01428571428571429,-4
KR_7560967221,1,100,lKxuOZcFe4H0bjBOrBaZDbY8cvF5yJN-2D2FrF-VkzglOrGmn-XR7YbQFeHUTnyLvmUlU9wUK_Zppg,Karma,TOP,-690,-14,-14,0,-496,0,0.054722487749761295,-133,0.05049024000346669,-9390,-0.12857142857142861,-2
KR_7560967221,6,200,N__WeIQ-xCxWSWpoLj1jhrnNzg5VU7l_Wo-Jo0RM_IICvJWEUNJJTMG7YVUK5taKVAl2jTA2_c2Krw,KSante,TOP,690,14,14,0,496,0,-0.054722487749761295,133,-0.05049024000346669,9390,0.12857142857142861,2
KR_7561192183,2,100,VOMkrFdii0o9enYqaxiU6Ui2pvZtTmLuxBZYU1egr-kBSqzniv75ctDzwMk40kqJUR-iTulXjEn3Aw,LeeSin,JUNGLE,515,-4,-4,56,925,0,0.0945242086361284,-123,-2.022944385094412,24016,0.07002801120448188,5
KR_7561192183,10,200,4b3-G7rgjIK8PwrPHCApw3EB8HqJpXg9fI16r4OqdIvykVHiYCiICDOB6WhF03_kNZn4nXCniaTcNQ,Nautilus,JUNGLE,-515,4,4,-56,-925,0,-0.0945242086361284,123,2.022944385094412,-24016,-0.07002801120448188,-5
KR_7561192183,1,100,TxbPyHJmpTtewUG-Il9KY4MeoBSSa9Np3KIKt3S7RzjSsb0KLajVGr6vMCqTDDqeAdqaMAHE5yEiEg,Vladimir,TOP,-969,-28,-28,0,-1531,0,0.028408484264951073,-2225,-0.09725315263857481,-16773,-0.0672268907563025,-3
KR_7561192183,6,200,De2zwLQElft6B9GcrxmjFX7r7dQ2HBTGS12QvYEJsJ7iLV4Qhh1L0lyZ21moEJmfftaFStGY-WjAiA,Aatrox,TOP,969,28,28,0,1531,0,-0.028408484264951073,2225,0.09725315263857481,16773,0.0672268907563025,3
KR_7561411337,1,100,7V2RNguHCy1dNaOx63_DQUrHQ0yrIP6HQjgFkCshWXnhl42fg223_O0Znq8Yf_9D4OHH832x_iQ0qQ,Gragas,TOP,-1006,-26,-26,0,-823,0,0.026391338716630686,-5274,-0.29576709000003654,-351,0.024725274725274693,-2
KR_7561411337,6,200,X-KhbviWvJcdGnLBBock4dyE6-snFxyACSFcqV84jBRZnkhXdOReVS53OTxLQVyKl34ZFJySSXTEzg,Darius,TOP,1006,26,26,0,823,0,-0.026391338716630686,5274,0.29576709000003654,351,-0.024725274725274693,2
KR_7561855457,2,100,IwVr6302kWjb0qvke-BXJMKt0slXsyNUk7D0FE-yTfWMoNgucfryq1Y33Fsfjjx8rYqbo-VbbPPfNQ,LeeSin,JUNGLE,521,1,1,-2,71,0,-0.005200851056980288,-754,0.6042477840583044,-1003,-0.05555555555555558,-1
KR_7561855457,7,200,BOsrR5OT3hqa9Ga1ckb2JomNerWzEJNGxH7HJAP8NNF0mJj6prHlwWMuTW3EvlozWIcTgwEbq3VpuQ,MonkeyKing,JUNGLE,-521,-1,-1,2,-71,0,0.005200851056980288,754,-0.6042477840583044,1003,0.05555555555555558,1
KR_7561966856,2,100,koasl7wnS-PjVfxU8MDkXhpgzVADsP3cDpHAbUM6hL5XFFkUiYxfftN-iuelNjgxLebgJRge5N9ZZw,Nidalee,JUNGLE,-112,-3,-3,-12,-46,0,-0.05014137523473439,2751,0.7729441180696595,-5822,0.0013513513513513375,-9
KR_7561966856,7,200,TC8JwFNRR5dsq44ANlbN395ON6lQYeY3gLA_7H1ASZ1rJ2IF5JSSDBnrDaIEGlcZ9z_K4tfrOhWmUQ,Darius,JUNGLE,112,3,3,12,46,0,0.05014137523473439,-2751,-0.7729441180696595,5822,-0.0013513513513513375,9
KR_7562055906,1,100,6_kPb9mhom4BrldglFF-k4-eLX3ap0ooO-APMdLAELXLMgSSFGFQvCMH5RhiwBJq3xPs1tWVECOUsg,Camille,TOP,-447,-15,-15,0,-635,0,-0.05932718416672941,-2451,0.06347873564289352,-11630,0.08235294117647052,4
KR_7562055906,10,200,fzkyv5NhpQO_-qcuJ44uAA9z6PNXuiggTb9U3u3V9AkBu2R_WqG2Lax15cTHVr1el-lSjbqLZP2jKg,Fiora,TOP,447,15,15,0,635,0,0.05932718416672941,2451,-0.06347873564289352,11630,-0.08235294117647052,-4
KR_7562365442,9,200,OlFHLS8f1SF8yUgIGTEjdWM6qEtkkb2lR3l6osKv-ZsinbdkqYFpiPh93fGF32wQx4T9YP9YvwWItg,Varus,BOTTOM,10,49,49,0,1626,0,0.06082875457899979,746,-2.8157583212169905,-10970,-0.04347826086956519,2
KR_7562365442,10,200,BbgGXv6tevIEgfeldBU8G_h9HEx5rFpAzXWnB7SSui3GDUB2-2oOU9i7pLtu_-ooIdmDnEuL-B3ijw,Poppy,BOTTOM,-10,-49,-49,0,-1626,0,-0.06082875457899979,-746,2.8157583212169905,10970,0.04347826086956519,-2
KR_7562365442,1,100,NAXF0GYCJjOx3UD6_jC76PbaxQTjbacO1XuAHDgXycREj4yKfPGFdDWh1WfoDQNroeMkRIFuLFwJ_Q,Ambessa,TOP,271,8,8,0,388,0,0.06916814813703992,8293,0.378453264476281,-854,-0.19915848527349228,3
KR_7562365442,6,200,UBErabhA5EbKvgriso1Dgw4X15n6DW14b5FUEmY3tt5CDPsbSinOCi3h6N7Jjv0-jxBRJLFgByT6bg,Malphite,TOP,-271,-8,-8,0,-388,0,-0.06916814813703992,-8293,-0.378453264476281,854,0.19915848527349228,-3
KR_7562628686,1,100,hMN_8AmbokE3Db5MvztcnWPqTnJcomOKL0hfT2nTtpWcESojqTqOIqsLNiO9GTjyj1SDD40Z1wm-cQ,KSante,TOP,263,-8,-8,0,-88,0,0.1446757173811639,1717,-0.10222153139332957,1114,0.2727272727272727,4
KR_7562628686,6,200,kd3_bLPc0arMUqkgbr00x_2fZDpQOoFldbaytrmwvYWKTsdoFn5CJl9IOOetweL9C6SgsiA1EtH_WA,Garen,TOP,-263,8,8,0,88,0,-0.1446757173811639,-1717,0.10222153139332957,-1114,-0.2727272727272727,-4
KR_7562861689,2,100,Gaa3vixaqiL1llxqiAZHvcA9wn9c9Xt8lB5wYK_yks0OphyJTagBW-dksuLBvj5bSmLiBjJ4zeoMGw,Lillia,JUNGLE,64,-72,-72,78,-378,0,-0.14310808714609824,-928,0.4545071635591834,12113,-0.02100840336134452,-3
KR_7562861689,8,200,VkMw8DTO1tl3EL25FlQSt6AsNf9R5c0tVJrs8eXNxOMh8vqITfI_cChF-Hcm1Pq6tzqhh3HxWO3--g,Akali,JUNGLE,-64,72,72,-78,378,0,0.14310808714609824,928,-0.4545071635591834,-12113,0.02100840336134452,3
KR_7562861689,3,100,JJgJJ5y5EPpv7Id-KlbSHoJdSCyZLGTOjg94nAPf4UYrZIXOV1B6C9pDqW_uxjCy8eiB5nc8UHz5XQ,Talon,MIDDLE,-187,78,78,-64,1248,0,0.18313405374018918,1047,-0.7065948807776568,-998,0.13445378151260512,10
KR_7562861689,7,200,ynodGuRyk9qyqjfjk8XlL8nluWQmUOB4DLo-tGDWxG0383XPBT8Otd5dImyIcAqzlWBPSluKNS7E5A,Belveth,MIDDLE,187,-78,-78,64,-1248,0,-0.18313405374018918,-1047,0.7065948807776568,998,-0.13445378151260512,-10
KR_7562861689,1,100,uMpm8QHlyKznZeeKmBQovxoHzIuACrdfgKGECezwgo55kHF3i0VbztIjVgWnUwV6e5YWBsiyp6YXjA,Fiora,TOP,522,14,14,0,269,0,0.005251300593184877,13472,-0.02958636472981946,4765,-0.0028011204481792062,4
KR_7562861689,6,200,yQqGVtu0s2OVsZZBGkOfm5aj9orU_D9dzkIjZ4jzaPLUankXS4QIElb_7Wy-jZ9MZX1thgPLoop7Mg,Sett,TOP,-522,-14,-14,0,-269,0,-0.005251300593184877,-13472,0.02958636472981946,-4765,0.0028011204481792062,-4
KR_7563115385,1,100,8mrWdxEeKaVX0uM7UupUwIN56JiVEOnoQcvWDX3grDAOuJhEUzlh6vo-UrEqR4AoZA5fUjzYKKfPAQ,Rumble,JUNGLE,-271,50,50,-34,1491,0,-0.10399653490493391,-1403,-0.37243913139610674,-23999,-0.39999999999999997,-3
KR_7563115385,2,100,dAjuVNhToyoy3N0OR7BwPgOpdsz9ye0Dlj3EQQ5uNwWDrHpVVh-494RPvlno_y8DEuxGOY85Un9acg,XinZhao,JUNGLE,271,-50,-50,34,-1491,0,0.10399653490493391,1403,0.37243913139610674,23999,0.39999999999999997,3
KR_7563115385,6,200,tawhJcwrkAk20NbnsAyX3Yfj_rJuFUcHv5tX-Xb9MkA6uJ1qckywdlxJ3YbLQvKJ4HO-02ZRxJIhrQ,Gnar,TOP,39,-5,-5,0,-46,0,-0.07039267989271669,5023,-0.5144019381121938,13479,0.09999999999999998,-1
KR_7563115385,8,200,DXziv3Fwjc9n2YkTBbL_7Xp-d8sSsz5dppxXuK8kkoa93NhDK77JlJBlBl9qh6_XR7DtHZgIsUeobw,Leblanc,TOP,-39,5,5,0,46,0,0.07039267989271669,-5023,0.5144019381121938,-13479,-0.09999999999999998,1
KR_7563294715,3,100,_Rk9DztOxqkLO06w_cDz9AlHJ1uBbC8_Sv-zidSC2EuDuqIJ3_xClKKXZlAq_FBQR8IY3fqFBpQeag,Malzahar,MIDDLE,810,15,15,0,655,0,0.1548070950633106,6277,0.09003920812762456,-19489,0.2767857142857143,9
KR_7563294715,8,200,b1GVzKrgrXVuGSlKauDQ44fn5q7-D9cd0PB648yRht17AN7lq5qUQpK8NLEcIQdepi8s6cDNBpzeow,Sylas,MIDDLE,-810,-15,-15,0,-655,0,-0.1548070950633106,-6277,-0.09003920812762456,19489,-0.2767857142857143,-9
KR_7563294715,1,100,787GDwADO0_MUfgiz_5plRmxiR1c1qOSQtxp8rQTk14g6-rNI3zeXMXZzLVsz7znrot036KBUA9scQ,Gnar,TOP,-197,4,4,0,-255,0,0.0464240748554878,8793,-0.29598193896795977,3423,-0.06874999999999998,-2
KR_7563294715,6,200,_-GIcSLcQgrBj8GlRBfaCTHVMeRqb5Xf7nCLduBXXeySCKnZZnrn5YzWHgKD0KVisCYs9Kro8BP4QQ,Ambessa,TOP,197,-4,-4,0,255,0,-0.0464240748554878,-8793,0.29598193896795977,-3423,0.06874999999999998,2
KR_7563397665,1,100,sb7PydtWfp6fHvZzkjs0Hb5MQ2XP7vhkZ05xvXbct_UFtAChG6GBSapDZ2u0FaWKGUAt7KwZW4V6QQ,Sett,TOP,-926,-21,-21,0,-668,0,-0.1792053361171555,4729,-0.27960163776587665,-677,-0.07396870554765289,-2
KR_7563397665,6,200,Mbiy_CF-WE3bdB4B86s42ojNhuNXZBJtk-6SYvngt7p4DlNXRWHNlPsDFl1ncV7BcWgXg-hyjcHylQ,Jayce,TOP,926,21,21,0,668,0,0.1792053361171555,-4729,0.27960163776587665,677,0.07396870554765289,2
KR_7563461100,1,100,ZzYHgbz0ENz5MC7ceqqX_4Yz3i2lnZJzUS4wFzN3g0p9ploeQtjTI9AuVBzuKRIH-lFk7JgGL_ZiTw,Jax,TOP,-24,9,9,0,-9,0,-0.1228116304997666,5517,-1.0947619710909944,4607,-0.16367980884109912,-3
KR_7563461100,6,200,0yv03mx4EZK5_Ra0CH_Z5IENDKo8UgzQqoIz3D24jaGlmBNNlRoM_-qwqavQ_wezW3HkgOknqLTerg,Urgot,TOP,24,-9,-9,0,9,0,0.1228116304997666,-5517,1.0947619710909944,-4607,0.16367980884109912,3
KR_7563523692,3,100,tNhSPCNC9KZ0migbYfiUmxC5txD_bfYOD5SunIYSlDyvLx2ZNDnKdV32DZg0RGIa6kGVNpcF0BVHMw,Zed,MIDDLE,143,-14,-14,0,-996,0,0.1011938880070074,-3543,0.019434747928385787,771,-0.027667984189723382,-3
KR_7563523692,8,200,mvLllvZJgvWIL-uBwYSiffLzjy1Tuzm7Re4bkVMrE3flEwpffK0v9W2Z4AJLK0YG9fZKY8dBnq-EpA,Cassiopeia,MIDDLE,-143,14,14,0,996,0,-0.1011938880070074,3543,-0.019434747928385787,-771,0.027667984189723382,3
KR_7563647588,2,100,rDbrDF5W5Jq3GZYhy3WS3mjW68vJf9hi-pu-sM4FzILpn3y8bq8laZKbMfK7lBgZtad_GfkWaccw4w,Nidalee,JUNGLE,-481,0,0,6,324,0,0.01791490077378649,-264,0.7157385487945185,-21065,0.0401785714285714,3
KR_7563647588,7,200,FHFyByO3HLCUSAE0fMbXxs_LBHnVcMtcvzMN3aGb7h_aeVQRakEmF-NNRQQ9AmblmJhGZ_6Vqx86eA,Zac,JUNGLE,481,0,0,-6,-324,0,-0.01791490077378649,264,-0.7157385487945185,21065,-0.0401785714285714,-3
KR_7563647588,1,100,BZZNuox6jh_UU8sghUOBPj_UsXAE2hyW_EEKbwUgrln1cEP_lasPGVvV5sHSx3p2Ityto-fSa23vdA,Jayce,TOP,-681,-1,-1,0,-1008,0,-0.056723913973441314,-947,-0.4819195242183041,-2924,-0.3169642857142858,-7
KR_7563647588,6,200,kpjHulMuNOmyZmKvxleBkCwdtOfTXQujTr_VHTEGSIKf7xBwYWeEORrdz-W3ywf905d_uZYsTTRcJw,Gragas,TOP,681,1,1,0,1008,0,0.056723913973441314,947,0.4819195242183041,2924,0.3169642857142858,7
KR_7563745384,2,100,UN4qDBOIiemh56_11gYXg2KGtbDZtKKGtsFPNFyKmUVLxtn27lYA1rmKMQ4UbNFZ2-EkEMaTQnqd6w,MonkeyKing,JUNGLE,-482,-3,-3,-14,-655,0,0.0211305904873767,-1356,-0.14217537739450625,6443,0.02922077922077926,-4
KR_7563745384,7,200,YC5fatCdHOgo9LlnaDliBR0MrGK_8QIFFdPhUMj2fHGMf2ZSgslFoU5sQG_oqVDuBpJS8jK1iHzvEw,Darius,JUNGLE,482,3,3,14,655,0,-0.0211305904873767,1356,0.14217537739450625,-6443,-0.02922077922077926,4
KR_7563745384,3,100,S2dpoVx85F2kkk1vC-NlM60SZV0IJZ8hOxSzXWbbOEmjVU1HTQYiaaSAQp2xyjfadlI-mfTIaqTycQ,Akali,MIDDLE,-131,8,8,0,206,0,-0.0049296775667615755,-3104,-0.30035213442764486,2904,0.09740259740259738,-1
KR_7563745384,8,200,xq48jMSekE3VuLaHXHMqrr88eZqIjVWIEqdMas2OJiqmgxQ9-sS-Pohlm6toVVF3Agr7sl9RQ5wong,Ryze,MIDDLE,131,-8,-8,0,-206,0,0.0049296775667615755,3104,0.30035213442764486,-2904,-0.09740259740259738,1
KR_7563745384,1,100,aAXJd_HfUztYmdKck-SXYF_FnCGGe1ZOlfeQ67OYgsJ_Xix0BZZ3tJ22gjCrr2B4Z6929pFN1TGz8w,Ambessa,TOP,-1542,-34,-34,0,-914,0,-0.041776290616881706,-13653,-0.16727464434127665,-9598,-0.262987012987013,-9
KR_7563745384,6,200,NzZMPn-HBIKnXjd7yke4w97upCu9Wn7UggR3MkThh-wuItPTB8bZulPCsb8N8I16BRxIwlYt13zAmg,Renekton,TOP,1542,34,34,0,914,0,0.041776290616881706,13653,0.16727464434127665,9598,0.262987012987013,9
KR_7563874149,3,100,3YNx_j21wWcVbwzLzLUAoGJZ7h23ASJkNEChqL9OuITkiPA_0bGFdlHmMaWSw_XZT6RE5fYZs6XQsA,Qiyana,MIDDLE,-849,61,61,-64,-556,0,0.024246948170678517,-6149,-0.5139452667484775,-12775,0.04784688995215308,-2
KR_7563874149,7,200,gmERzbhMW1RPDnqPBBws_Iw1u4L_ePJe3hW4EZFF1VUptSWjdxp5mUITv-0keFlmhHd69vzv2hTssQ,Darius,MIDDLE,849,-61,-61,64,556,0,-0.024246948170678517,6149,0.5139452667484775,12775,-0.04784688995215308,2
KR_7564017334,2,100,f0FYuztG3TU1P6SWa2MdqBbpioVO23afi7ZbjaZXGydJa5B-X0CjsqZohh1jK0uJUTlvDk2epcqEXw,Zac,JUNGLE,288,3,3,0,261,0,0.027762325199718302,2248,-0.5357671122607461,32339,-0.2317460317460317,-1
KR_7564017334,7,200,0jLdMuY1clmQxiSIoTaunTBkMQKUwCMjDS1xC3dcr-3UvzEzabogMfFyITuXkCpIXjau_DwD5jSr7w,Ivern,JUNGLE,-288,-3,-3,0,-261,0,-0.027762325199718302,-2248,0.5357671122607461,-32339,0.2317460317460317,1
KR_7564181522,3,100,QCprdn3ACVBHssZXtpmz9bjD1jNCE-Y0sIEVRx4owiEfKqQV4kICqhls56fqkw8wWfL8Xo112VUgzQ,Tristana,MIDDLE,-708,64,64,-60,520,0,0.10183405880990198,9864,-0.6442457888959784,-5972,0.2102564102564103,3
KR_7564181522,7,200,qDtHds-4bEYmINTXKCIlJFlHlrX8kwnkHnNqplMUzzD9QLBzo9yeTyka5xZesrw33KhPODW-6M2cAw,LeeSin,MIDDLE,708,-64,-64,60,-520,0,-0.10183405880990198,-9864,0.6442457888959784,5972,-0.2102564102564103,-3
KR_7564312867,2,100,0jLdMuY1clmQxiSIoTaunTBkMQKUwCMjDS1xC3dcr-3UvzEzabogMfFyITuXkCpIXjau_DwD5jSr7w,Vi,JUNGLE,-1030,-1,-1,-17,-1066,0,-0.1704133747405478,-1833,-0.2293399515372947,285,-0.08333333333333337,-3
KR_7564312867,7,200,9zw80spA2IvLtHtBi10kKgoHtrmyWkPpb4r05tlRrS65QjrUPwewd9bASx99sqkWrJPtgxsUmcn3vw,Zyra,JUNGLE,1030,1,1,17,1066,0,0.1704133747405478,1833,0.2293399515372947,-285,0.08333333333333337,3
KR_7564312867,3,100,aVD0JkKwT5WOuRJuYucwyYPdD3baGEZAGqTCmkVdfTpBtfV-N9YpK64fr-qVXqmZxOxqn2Dkslp3FA,Katarina,MIDDLE,-1171,-55,-55,0,-940,0,-0.06193533477523927,-9913,-0.23309712524152815,-419,-0.125,-7
KR_7564312867,8,200,QCprdn3ACVBHssZXtpmz9bjD1jNCE-Y0sIEVRx4owiEfKqQV4kICqhls56fqkw8wWfL8Xo112VUgzQ,Tristana,MIDDLE,1171,55,55,0,940,0,0.06193533477523927,9913,0.23309712524152815,419,0.125,7
KR_7564312867,1,100,oHxOJQyNMzynzhWRSQnN7kH7jbaLRqFssIiHMrQcZEqkgX-rDQqFmMVI4twIITch3LkiliY5jWqarA,Jayce,TOP,993,9,9,0,1109,0,0.15538762554412416,-10112,-0.12173970483815821,-13168,0.0,-2
KR_7564312867,6,200,ZzYHgbz0ENz5MC7ceqqX_4Yz3i2lnZJzUS4wFzN3g0p9ploeQtjTI9AuVBzuKRIH-lFk7JgGL_ZiTw,Tryndamere,TOP,-993,-9,-9,0,-1109,0,-0.15538762554412416,10112,0.12173970483815821,13168,-0.0,2
KR_7564406366,2,100,7MjKPhlHyjWMu8KX4EhQB2AaYtAs9bVrUpGKBk50m6QKmb2BUfXXzy26xjPf1a7VgIDqpavM9GPynA,Kindred,JUNGLE,81,0,0,14,68,0,0.04476192066732519,117,0.19110556384405086,-3853,0.08012820512820512,2
KR_7564406366,7,200,VFjhzL0QJ6gIkT-Ok1XdV3JYxNX0Wlz6lFmTiKwRwn2rEr6xiPWlaFlrcgFFVw91vj3lIFj2A6V92w,Gwen,JUNGLE,-81,0,0,-14,-68,0,-0.04476192066732519,-117,-0.19110556384405086,3853,-0.08012820512820512,-2
KR_7564406366,3,100,YC5fatCdHOgo9LlnaDliBR0MrGK_8QIFFdPhUMj2fHGMf2ZSgslFoU5sQG_oqVDuBpJS8jK1iHzvEw,Ahri,MIDDLE,597,2,2,0,251,0,-0.0445129751981132,1199,0.13784750754334296,-6535,-0.0929487179487179,0
KR_7564406366,8,200,S5zKm1Il5jfZ9dESVnQ3BpGZMO_MAN32alwqS2RuJ31980VuPjDH8j-8EOhycdKmgRqr6aBP01wK3g,Corki,MIDDLE,-597,-2,-2,0,-251,0,0.0445129751981132,-1199,-0.13784750754334296,6535,0.0929487179487179,0
KR_7564406366,1,100,d2zC8OEgWb4ysKl5zLUMMfq9m1k_BKdzOFHfzqFtK1IpSggKYTucaSARlT23tzHiLOScwITssqhBsA,Jayce,TOP,-718,-5,-5,0,-504,0,-0.16399842411227172,4157,0.33539655470581975,-2982,-0.2115384615384615,-2
KR_7564406366,6,200,a4NyUtjCqsOXKHs2Hb2HvUboTCuxx7G1Uzrkeq_liZBHpDvzSjmieejs0e74sN3j6NSSUdvyW5H-zQ,Rumble,TOP,718,5,5,0,504,0,0.16399842411227172,-4157,-0.33539655470581975,2982,0.2115384615384615,2
KR_7564461976,3,100,2-cKStdoETxfUKUCT2uREiUVgNKuHUlEJ0rYD89KfqCGruZoNj_S7a4natWTxRqcHi6GyWCBREShzQ,Ambessa,MIDDLE,-224,66,66,-66,452,0,0.001747376320511862,6959,-0.814452284994897,-8972,0.08982683982683992,-3
KR_7564461976,7,200,VFjhzL0QJ6gIkT-Ok1XdV3JYxNX0Wlz6lFmTiKwRwn2rEr6xiPWlaFlrcgFFVw91vj3lIFj2A6V92w,Gwen,MIDDLE,224,-66,-66,66,-452,0,-0.001747376320511862,-6959,0.814452284994897,8972,-0.08982683982683992,3
KR_7564520297,2,100,JxFPRyHBRq6pHWMSKJl_PCJ69RHaBsowpdJROIVAfOJksj4PCFKB-5yE8Elq7aEXMHxw6-U65qGM9Q,Karthus,JUNGLE,1638,-6,-6,27,1394,0,0.1472254939613639,562,0.16937569757873638,-7834,-0.04990925589836659,3
KR_7564520297,7,200,5ZqitXQXj8cOfYKqKl-wT1LwfGvGdnboSsBsL6Xhc1ro_UIg2R1GBLXhagGmGm_R7rfk1157uxFS3w,Zac,JUNGLE,-1638,6,6,-27,-1394,0,-0.1472254939613639,-562,-0.16937569757873638,7834,0.04990925589836659,-3
KR_7564520297,3,100,O8X-JEOUDBjyNIRTHYJkKujaBwoL9jfzM4YTg6MIyAhAwbxTzqYhfXHLuVKwUMWPV1vRQlQD4tdl7Q,Jayce,MIDDLE,473,24,24,0,538,0,0.0820643164472048,11713,0.17866858225741888,-3008,0.051724137931034475,5
KR_7564520297,8,200,gDnUAx2Clac0G_KhyQwqlzD1MnDVC3qgEV8ePeUqqO3p1tae6FPxAAHIJpd_RBPXeQgTfJxzw9aS7A,Aurora,MIDDLE,-473,-24,-24,0,-538,0,-0.0820643164472048,-11713,-0.17866858225741888,3008,-0.051724137931034475,-5
KR_7564672396,1,100,NzZMPn-HBIKnXjd7yke4w97upCu9Wn7UggR3MkThh-wuItPTB8bZulPCsb8N8I16BRxIwlYt13zAmg,KSante,TOP,-840,-38,-38,0,-239,0,-0.05477077155134022,-5902,-0.478747871842071,-19008,-0.0056285178236398226,-1
KR_7564672396,6,200,1uz7_CSFaiw3_q6KQGDnoNPlRmmsd1O5Vql8FJ1cueKlUhzFz-SXQL1K6rV1pAFVfCFCLT_5JioeHw,Vladimir,TOP,840,38,38,0,239,0,0.05477077155134022,5902,0.478747871842071,19008,0.0056285178236398226,1
KR_7564794787,2,100,0C6cqvEOF9C3USGNiigGinDglsJhews6EA14cGgfKdLFDEfcqk7CTlBg6GiW9YmGUTagyzFIrFWI-Q,Kindred,JUNGLE,740,13,13,-18,-106,0,0.07899580571035081,588,-0.25178930738456284,-4904,0.2660098522167488,8
KR_7564794787,7,200,NcCl6hlwAYBOp1WiRH_z_Rx-ioIqPV1eFsKoY3ocgcgURtCQGBGSpYMoPIWRmS9A8BbfEFY3s_HwUw,Belveth,JUNGLE,-740,-13,-13,18,106,0,-0.07899580571035081,-588,0.25178930738456284,4904,-0.2660098522167488,-8
KR_7565056139,2,100,KdNVMK8leypas-K7eYMfjodhS5gEGJYG_E9UAtnUXlkD1A4go5WRC43k5y5LnpIiho88g_TEH6mL0w,FiddleSticks,JUNGLE,-25,-1,-1,-6,-335,0,0.07202450642216901,930,0.8411948279044617,-5113,0.2701754385964912,0
KR_7565056139,7,200,3jDPk_HuM0NdjADriZjlOwln6dv6PdZlvJKTLH3p54fKpHHomWKcV5ZLkkkh6CO_TVHfL8A5j2AawA,Viego,JUNGLE,25,1,1,6,335,0,-0.07202450642216901,-930,-0.8411948279044617,5113,-0.2701754385964912,0
KR_7565208290,1,100,cbMMLhDDtv4mtqMP05J6a_I48dSV0KCe4BPgQI2IpxkRa7XKZyRXieJPE4-qygO6CZsuNRqGE-pSOA,Gangplank,JUNGLE,-326,71,71,-65,872,0,0.0755285298695009,2728,0.321859895107951,11834,-0.037037037037037035,0
KR_7565208290,2,100,B_wpu2Rfpfdc6YMRGCQXkiOSj8O57joLtlmsPwJ5LhXZHXoeYpXaWOwmef1ZJMd_EuPegDfwuGC8ig,Graves,JUNGLE,326,-71,-71,65,-872,0,-0.0755285298695009,-2728,-0.321859895107951,-11834,0.037037037037037035,0
KR_7565356445,3,100,5sPJ0B6UtZAF8q1G9osrVEWjJoohtOHsazoFa1NW_X6V_AjQBVTti9b5EgIRimxd-qtI03LjFRQsMA,Ahri,MIDDLE,-312,86,86,-63,1288,0,0.13778515368922703,3521,-0.7440921353782047,-22080,-0.02466525722339674,6
KR_7565356445,7,200,8WOF8T96LSg85-oByK60EPKZbNR6k261h8ks1iQCfsNNtd5wX7Tg6U8YCjUZdr3vXouKy0MNNeqqhg,LeeSin,MIDDLE,312,-86,-86,63,-1288,0,-0.13778515368922703,-3521,0.7440921353782047,22080,0.02466525722339674,-6
KR_7565452358,3,100,xq48jMSekE3VuLaHXHMqrr88eZqIjVWIEqdMas2OJiqmgxQ9-sS-Pohlm6toVVF3Agr7sl9RQ5wong,Taliyah,MIDDLE,-1498,59,59,-58,228,0,-0.07588436769148998,-2260,-0.502538033340568,-9541,-0.3450292397660819,-9
KR_7565452358,7,200,wySJxalkTyZSfx2rYncpZ9uhVSG8mO10Xp3yv85_YjFNfGtWHIZ9N0rTMoe5nHQLae1Kwmy3_yKzuA,Kindred,MIDDLE,1498,-59,-59,58,-228,0,0.07588436769148998,2260,0.502538033340568,9541,0.3450292397660819,9
KR_7565639255,1,100,_fw7BmRY2I8atlO7f8ydrvBBQKvZlIAFlJLoewiBcrkUB8cNC3AmFBRh3-Gjv9OHYpoJAnyY9VNSNw,Aatrox,TOP,839,13,13,0,600,0,0.17973505397878312,-10641,-0.32225429141682643,7476,0.42272727272727284,6
KR_7565639255,6,200,It_Q2Qr50MzcPGi83M5KB-fo-RC-4003H5hSTAnOFooolIJ7McgitAfE1f-wvHhwqqcwd0t4D_nQtQ,Fiora,TOP,-839,-13,-13,0,-600,0,-0.17973505397878312,10641,0.32225429141682643,-7476,-0.42272727272727284,-6
KR_7565760381,2,100,BTt_A4ZzxOxQcxiFPix2PoXpIKJYa3euT3zvl8AMyDaAOvti1pvnP9zYVyTK3bn3xErIKlk2EFQBXg,Nunu,JUNGLE,289,5,5,-6,137,0,-0.015377532845206793,0,-0.32954306829389335,8690,0.27083333333333337,-1
KR_7565760381,7,200,8k0xPrRgny34SX0o2S-S8jGR5UYKDi32Urrm0TmtVj9D9TuCx_-gCSpuR-SRAhp9CsLg93btEbabHA,Vi,JUNGLE,-289,-5,-5,6,-137,0,0.015377532845206793,0,0.32954306829389335,-8690,-0.27083333333333337,1
KR_7565760381,3,100,ejsdggEW4JE7KwwJIyBXaE4fDS0zUaGdfPSPNL1JDd0U7YOL6OczzCvZ6hqq-l_hpMj1CNgzPdmlEQ,Syndra,MIDDLE,-201,-18,-18,0,-805,0,-0.028940678930824804,-1938,-0.05627360032140072,-5005,0.0625,-8
KR_7565760381,8,200,QegbXOV2D4PoDb1sRj8wsF4vwBhid-JpS-wUB5YhprXPME42SiT63ulR5wD9ddYstVf2U473E_CxFw,Akali,MIDDLE,201,18,18,0,805,0,0.028940678930824804,1938,0.05627360032140072,5005,-0.0625,8
KR_7565760381,1,100,36w9XCi-npXg0Qqte9R3HRosSxOUZTQaG6UETHn-vo4qLJ7XzbN1aS51hbLQ0UpJnTZfpCYw06huBQ,Gnar,TOP,-938,-12,-12,0,-634,0,-0.023425268238014024,3205,-0.14718668412761804,-5030,0.20833333333333331,1
KR_7565760381,6,200,spk6YkGyrd4_5TbHRlVVFvDF1zmpYg2RxWlP6SUjSe11xy6yagLrLdIEn136N9wdTahpMrN_xk5N-g,Ambessa,TOP,938,12,12,0,634,0,0.023425268238014024,-3205,0.14718668412761804,5030,-0.20833333333333331,-1
KR_7565879429,2,100,8rAjYoa_nSx3wXyVxYCA_A9MMtp3xdgYzfsLi-it9iJYQ2zgbzORQjoCqCY1sKOWujmnS5jEBFwS_g,LeeSin,JUNGLE,-1763,0,0,7,-221,0,-0.0382105413450223,-1410,-0.17628766837051235,15133,0.18717948717948718,-6
KR_7565879429,7,200,H2WsjmGyeHwFby_g36tkuRh6BZlfDXgKDjM1XwPIi0YPCnXAOSCa23mKapkQWCV9pZa0NACq7BBe3A,Taliyah,JUNGLE,1763,0,0,-7,221,0,0.0382105413450223,1410,0.17628766837051235,-15133,-0.18717948717948718,6
KR_7565879429,3,100,aSCJsbh1jxkB9mtq9GNAYueM3tVoC7jG92Haskd4kF_GlY3dyi6BPCmZKJIXMHpNn76lMOekPKBddQ,Ahri,MIDDLE,-889,-8,-8,0,-713,0,0.0031638888900147877,-9116,0.11485790633270188,60,0.11538461538461542,-3
KR_7565879429,8,200,R9XB5kh7KLLydM_UA-W3XR7NepIaAMpDIKpmAZD_MfQsd-SnfoVmU3_T_jr7nQzCB7d4mz6cy7GPxA,Corki,MIDDLE,889,8,8,0,713,0,-0.0031638888900147877,9116,-0.11485790633270188,-60,-0.11538461538461542,3
KR_7565879429,1,100,fzkyv5NhpQO_-qcuJ44uAA9z6PNXuiggTb9U3u3V9AkBu2R_WqG2Lax15cTHVr1el-lSjbqLZP2jKg,Ambessa,TOP,-725,-2,-2,0,-437,0,0.028389208265364008,-2805,0.19717464700811316,7141,-0.008974358974358998,-1
KR_7565879429,6,200,2U7M9XDUOeG2NQjP5Xiwv6PxYdiRM0TNZU9Dop0XxuVjX7fYYZI0S5BpJ8UgR4uBRKO-fQAD7huCTA,Jayce,TOP,725,2,2,0,437,0,-0.028389208265364008,2805,-0.19717464700811316,-7141,0.008974358974358998,1
KR_7565992479,2,100,gAQUlHC5h5VDq9F4Qj0A6EO5T2h5sC9arcSpjp_f1qD9QXDR8s7eQrfQuDGSodbey3jWuzznLV6j_Q,DrMundo,JUNGLE,-50,-1,-1,13,352,0,0.042965050192054,0,-0.3941143344480541,46418,-0.3308270676691729,0
KR_7565992479,7,200,K8ByLKr57UcfjNid78QlaoijqrR2NoITQ26E-M7TyyRoX5dwo9pzeymalU7ddKfpfmDxzucrFy9E4w,Ivern,JUNGLE,50,1,1,-13,-352,0,-0.042965050192054,0,0.3941143344480541,-46418,0.3308270676691729,0
KR_7565992479,3,100,_Rk9DztOxqkLO06w_cDz9AlHJ1uBbC8_Sv-zidSC2EuDuqIJ3_xClKKXZlAq_FBQR8IY3fqFBpQeag,Ryze,MIDDLE,41,-11,-11,0,-539,0,0.007318520260482908,-453,0.06077474215682166,11099,0.2349624060150376,4
KR_7565992479,8,200,umeuuYX84-0bfGwq2Fq-GH8juhEDWZ9ZQmdV10lQ9Y0CTtAfymCWJlJplLME9Lbv0Ff2ozVsmDbAWg,Viktor,MIDDLE,-41,11,11,0,539,0,-0.007318520260482908,453,-0.06077474215682166,-11099,-0.2349624060150376,-4
KR_7565992479,1,100,K0DUV4BpL07rXE0_pgf92mTosl5KSFsznwvgbVdQ-KjlgYyjESeAuqmu9-fgVEDFoiSXysrEAd02AQ,Maokai,TOP,200,4,4,0,-54,0,0.0203755841187456,-14629,0.13765735005916657,-8511,0.2199248120300752,-3
KR_7565992479,6,200,JJgJJ5y5EPpv7Id-KlbSHoJdSCyZLGTOjg94nAPf4UYrZIXOV1B6C9pDqW_uxjCy8eiB5nc8UHz5XQ,Nasus,TOP,-200,-4,-4,0,54,0,-0.0203755841187456,14629,-0.13765735005916657,8511,-0.2199248120300752,3
KR_7566139707,2,100,gmERzbhMW1RPDnqPBBws_Iw1u4L_ePJe3hW4EZFF1VUptSWjdxp5mUITv-0keFlmhHd69vzv2hTssQ,Vi,JUNGLE,-1007,-1,-1,2,-348,0,-0.0185235505627164,2429,-0.25690397320120884,-17087,-0.053775743707093815,2
KR_7566139707,7,200,D_ogqZdx8VVfKeR76LFNGM_SuU_wbur8XUewCF_j3ppmEXz02mLVnRoU5DVQZKgUlx5jKwX46hD8Tw,LeeSin,JUNGLE,1007,1,1,-2,348,0,0.0185235505627164,-2429,0.25690397320120884,17087,0.053775743707093815,-2
KR_7566139707,3,100,DEE2_BnsQASbo5ONl-VOA-nVeTvNyIJxFCTQEp4JdWT-4LBNYDifAaovDe2ptAQ5eA_PT4Tr1t6_Ng,Taliyah,MIDDLE,-1170,-10,-10,0,-383,0,-0.039191657025531124,4645,-0.30399746119606885,-3163,0.06636155606407323,-2
KR_7566139707,8,200,Fpa2GwTl-4dLMATV5kjnklHKQ4PUnNwv320_9X7ALBBh00_nQAVpFFJ835KpvTMcGbYONYVls8S3Xw,Malzahar,MIDDLE,1170,10,10,0,383,0,0.039191657025531124,-4645,0.30399746119606885,3163,-0.06636155606407323,2
KR_7566139707,1,100,9nF6xB3wJmmdm_Mom1c-Yx2w8O2KVA59Vv1HsNwRsCZ6sGXKB6E66fxNkcrcfQdjx5SR9pqW1QNOaw,Rumble,TOP,-165,-8,-8,0,-32,0,0.0004808145830123012,-917,-0.10655482146380268,9750,0.24027459954233404,9
KR_7566139707,6,200,K0DUV4BpL07rXE0_pgf92mTosl5KSFsznwvgbVdQ-KjlgYyjESeAuqmu9-fgVEDFoiSXysrEAd02AQ,Kennen,TOP,165,8,8,0,32,0,-0.0004808145830123012,917,0.10655482146380268,-9750,-0.24027459954233404,-9
KR_7566307690,2,100,ZjhtrG2gWS3YYicBbJGf0KQznTqbcQ0AoEEOMX7zjR_oryB-1ZV_1oZp3fsvS57ddPreIkHQ5lkJ2Q,Vi,JUNGLE,113,-2,-2,9,511,0,-0.00731747031361768,3280,-0.3910497516345808,-3160,-0.02709677419354839,1
KR_7566307690,7,200,j7TxsFgO9-YYfJpEQ81Y_3V4lIjXO3aK7YvziDx9G06wUJq3D-pKzV8FmEG41Ly6yzqGsb90rdysuw,Talon,JUNGLE,-113,2,2,-9,-511,0,0.00731747031361768,-3280,0.3910497516345808,3160,0.02709677419354839,-1
KR_7566307690,3,100,DMGtxcbjyBIjS8KMkEawMApRTPa0O5X3JdX2rTyddl05DCqms4ZA7Hhm5MRZTH96PEkw0npazlvQKw,Taliyah,MIDDLE,-78,-9,-9,0,-381,0,0.0401345902517537,2161,-0.2413847576053345,4221,0.05161290322580636,-6
KR_7566307690,8,200,OGgniyK8lGxKCNEQFkvY9-jAAFoooC4Zl3EuI5rXsu_fTGV8aGCR2P_J1JnlUNR-iURtvpp3g34vXQ,Akshan,MIDDLE,78,9,9,0,381,0,-0.0401345902517537,-2161,0.2413847576053345,-4221,-0.05161290322580636,6
KR_7566307690,1,100,3VSTkmubjfBTvqeFqW31xzK0L1jKO-Gj0O_cPCq-q8N2YAsnJqnUScLN5HuJ88wvCS105qabckDndA,Ambessa,TOP,447,2,2,0,1027,0,0.08003451919324578,14524,0.20144415251520825,-4692,0.03612903225806452,7
KR_7566307690,6,200,Ja9vRnhWQHxo1Y3Iio4eGOujTIa29LVlW-zRslNVxVehtUzggcf0In_CPGhOw1YT8RLT56o6rA9Svg,Vladimir,TOP,-447,-2,-2,0,-1027,0,-0.08003451919324578,-14524,-0.20144415251520825,4692,-0.03612903225806452,-7
KR_7566416704,2,100,5hzrh9q55H_mXk_dlgp-CZqGrB6BnyC_jJCdRNu4bOcCUHsXpxxtGrCAka5P6KkiZGKad4L3MOLRwg,Shaco,JUNGLE,-69,2,2,-23,-742,0,-0.06810308740167098,-177,0.4850745049904275,-4942,-0.07291666666666663,5
KR_7566416704,7,200,hOEU-w-oxYJEjZ-eHbMRsbwjG5JWOFXu0OXWHCVQKpAAGcKEqH8ffNKTsJIG-2RLqgbGXbx9f0omFQ,Naafiri,JUNGLE,69,-2,-2,23,742,0,0.06810308740167098,177,-0.4850745049904275,4942,0.07291666666666663,-5
KR_7566416704,3,100,8k0xPrRgny34SX0o2S-S8jGR5UYKDi32Urrm0TmtVj9D9TuCx_-gCSpuR-SRAhp9CsLg93btEbabHA,Taliyah,MIDDLE,-590,-21,-21,0,-610,0,-0.06948004605665961,-420,-0.34834835964798,-1590,-0.21666666666666667,-1
KR_7566416704,8,200,2Jb3CYFo-ywjwpWFKWX6tmRoQ_QIFOdA0y1GGqbIrQfz_uc2hsG13cSqd3bIJp-vRHZ3HhN-snSRXQ,Yasuo,MIDDLE,590,21,21,0,610,0,0.06948004605665961,420,0.34834835964798,1590,0.21666666666666667,1
KR_7566416704,1,100,x0h7xFKtrsBodAiTMn0aJ32UtKHXQO1_wE2z_D7oqzx1VwWtUkjC0UIr5_mj03mwmMzGVbIzFny6_w,Gwen,TOP,-263,-7,-7,3,-106,0,0.0665597335471386,2513,0.5225330432306154,11534,-0.12291666666666667,6
KR_7566416704,6,200,ctkbtmpmtDOokibP-r48Krdzy8-3ArFswwGgnpALV-WK_a9EUuGJd01XyqzaLa8ptl42RQV3ddLEhQ,Rumble,TOP,263,7,7,-3,106,0,-0.0665597335471386,-2513,-0.5225330432306154,-11534,0.12291666666666667,-6
KR_7566494986,3,100,PIpGhn8h1jQqqHf1WR0cqXiGDVaNaHGaLtphxKKXmMu1v0cpVa2t3G-AQyHrPVu2HkhU4T3LIkJ-nw,Azir,MIDDLE,1234,65,65,0,1934,0,0.1702437582061258,12864,-1.7257558494431156,3341,-0.09677419354838707,3
KR_7566494986,5,100,4pyn9fEih9sHD0MKt3FBYcg7hj-vvaY5_JmYhQAgdFf2Vf4vMbNoHQ4n6rinf5tu2OLju0o07ea6zQ,Galio,MIDDLE,-1234,-65,-65,0,-1934,0,-0.1702437582061258,-12864,1.7257558494431156,-3341,0.09677419354838707,-3
KR_7566494986,1,100,USo3pv_Kl6JSoDNRKArsklTPcAKQO1st5XCF5sqrK4I48wBisaWItTeGWKdhZ65yhLPI7-JgyYPtTA,Jax,TOP,446,-9,-9,0,427,0,0.05099183896494619,5978,0.10010866131316187,1315,0.1806451612903226,6
KR_7566494986,6,200,yWe4CWdVMz6EY31xxjwkX0CwqBEe8k0wtt8wNUUvo6Rtx4YsS2QXk6fXlXMBCNUodOTbzwjhUYsC2Q,Gwen,TOP,-446,9,9,0,-427,0,-0.05099183896494619,-5978,-0.10010866131316187,-1315,-0.1806451612903226,-6
KR_7566542881,2,100,PdaBuCP2oAlVF6nnRSHAelgrem1yO9VwtqtSLQLtaDAmUYZPFdiKpW-V9ILaa2eVPFKoc7gyiSZlNA,Kindred,JUNGLE,3020,-1,-1,20,1491,0,0.35667419798180466,10372,-0.13859575447044348,975,0.6666666666666666,16
KR_7566542881,7,200,DwDXU5c1w0lb5EPXuvETWh7VAJbixHEOVf1n9364dAasnMwAW93ZrJr3ka3JJGGm6QuLxm1NBgP4kA,LeeSin,JUNGLE,-3020,1,1,-20,-1491,0,-0.35667419798180466,-10372,0.13859575447044348,-975,-0.6666666666666666,-16
KR_7566542881,3,100,ObIBv29I8Yz4Mz7oHvvLz9ptvsR-aKTw4NBZBYwjYmT6H5LACmrPnnCRKoCXTM7qq8yFdO29mALDqw,Orianna,MIDDLE,-3,3,3,2,-478,0,-0.12894178768738182,1506,-0.29789455961999534,-2216,-0.2916666666666667,0
KR_7566542881,8,200,9QJU2-I_cIvw4zukxOe4slqxRnGzAmBm2Krvgz0AR8F5S28k25P0PaUWpbRYw_ku_xPBxS6eUsjkzA,Karma,MIDDLE,3,-3,-3,-2,478,0,0.12894178768738182,-1506,0.29789455961999534,2216,0.2916666666666667,0
KR_7566542881,1,100,IVt3Sk8OOAnJeKAWMmv0reM3vrMhxJbPet9f8jXKZ5hpPgR-KUWb9kKKf1Y-4_e8aieKfpy7njHvuw,Ambessa,TOP,604,5,5,2,460,0,-0.10921333430861138,4508,0.27181301329357266,1890,0.0,2
KR_7566542881,6,200,QxJJxgzrYefRfKuj-wYV2FufxiUXoLk_3arIpb8hrgb1GiIGbZAhn6rW4go9qhxV3ZIrRuekmkU0Dg,Jayce,TOP,-604,-5,-5,-2,-460,0,0.10921333430861138,-4508,-0.27181301329357266,-1890,-0.0,-2
KR_7566596229,2,100,TC8JwFNRR5dsq44ANlbN395ON6lQYeY3gLA_7H1ASZ1rJ2IF5JSSDBnrDaIEGlcZ9z_K4tfrOhWmUQ,Zed,JUNGLE,872,-6,-6,21,519,0,0.021640594280064596,0,0.1086892254082572,-1774,-0.07830687830687832,0
KR_7566596229,7,200,aIdNwqR8x000aC8jCj-iGxB9sPpOiizwRLciJgoJFHW5iigHhpZ2ojpmcma-Kex2VINqjcoH_hkcMQ,Karthus,JUNGLE,-872,6,6,-21,-519,0,-0.021640594280064596,0,-0.1086892254082572,1774,0.07830687830687832,0
KR_7566596229,3,100,cEPHryS9u5tY7QsFwdEYdV22Q9NiFvXVFoU7dwg_PViloFzbd8Q2fiFzMSk3cyNAlcmcLiGtIy1E9w,Talon,MIDDLE,-694,5,5,-4,-88,0,-0.05528739959685239,1082,0.207868984492663,204,-0.23809523809523808,0
KR_7566596229,8,200,650LhG0tAC0i98D7Vhq-KgHaEvZhfDD0D2N_e4c4mL70SX9xNFuHfkqLPYOdKrSq4dKLy_VmgbZZoQ,Pantheon,MIDDLE,694,-5,-5,4,88,0,0.05528739959685239,-1082,-0.207868984492663,-204,0.23809523809523808,0
KR_7566596229,1,100,NAXF0GYCJjOx3UD6_jC76PbaxQTjbacO1XuAHDgXycREj4yKfPGFdDWh1WfoDQNroeMkRIFuLFwJ_Q,Rumble,TOP,275,1,1,0,631,0,0.01666738034016868,-3861,-0.1308840105179666,3452,-0.1608465608465608,-3
KR_7566596229,6,200,ReDR7l3MfyO83PTpyBFbtGuJQQmpVhYI3vbGqp_BgwD2ZelpoidZ-kEt_7HxlnwNsl9pew3nRpO2ZA,Jayce,TOP,-275,-1,-1,0,-631,0,-0.01666738034016868,3861,0.1308840105179666,-3452,0.1608465608465608,3
KR_7566776653,2,100,ciyN7r0A4e-avLXyut2FNyGLiGSSGz3AaqFDdU6zIAE2zXkHuZDrVdmHoV0Z5YHXzXgcfsz882BdiA,Lillia,JUNGLE,124,2,2,12,523,0,0.04208863458096751,86,-0.1429687469174281,-12730,0.12365591397849462,-3
KR_7566776653,7,200,TgcCM_ehekE5SxEnqrVyC96hJf27vqRDOCpx_wcawkotnb6XMMCuvZWgBcEuGmFD6mw5fgsg46RmUg,XinZhao,JUNGLE,-124,-2,-2,-12,-523,0,-0.04208863458096751,-86,0.1429687469174281,12730,-0.12365591397849462,3
KR_7566776653,3,100,QegbXOV2D4PoDb1sRj8wsF4vwBhid-JpS-wUB5YhprXPME42SiT63ulR5wD9ddYstVf2U473E_CxFw,Jayce,MIDDLE,315,12,12,0,54,0,-0.012480583518906185,5921,0.13448932396017765,7104,-0.006720430107526876,-7
KR_7566776653,8,200,81UMuKqftY-c4mbvy6B0LNWH6rr7_b7tWKn13Hyqfkl16wMXp28voq1X-fPH7Y19fm-Oiut_mhvXvA,Azir,MIDDLE,-315,-12,-12,0,-54,0,0.012480583518906185,-5921,-0.13448932396017765,-7104,0.006720430107526876,7
KR_7566776653,1,100,_6QOOujO_FQBSqxusy8RFICnA3E4np2G-cTKYaQPJinZMcc_dFW_mIim6hwfiJjyzw0mHW_ul7blyA,Pantheon,TOP,-240,-13,-13,2,-842,0,0.019092260774021486,-10517,-0.722760950943494,9662,-0.15860215053763438,-3
KR_7566776653,6,200,c7o6m66l3vzaLhIzVVp71aoiCWaQcJEa0PK9mymRUTwpPmXKsTfqiBxsM53jWwrALpq0MdiAJONQEg,Ambessa,TOP,240,13,13,-2,842,0,-0.019092260774021486,10517,0.722760950943494,-9662,0.15860215053763438,3
KR_7566881283,2,100,2IExQmesgEXzM9v9PaBvmBpJK72qYqJACYQ-YZ9s_fLEqlgy1u9SZaLwvo1Ei09hp8EbOsgZrY2dYA,Lillia,JUNGLE,-399,-3,-3,18,482,0,0.11640495481374102,2523,0.22368231988961695,7043,-0.016216216216216273,3
KR_7566881283,7,200,BTt_A4ZzxOxQcxiFPix2PoXpIKJYa3euT3zvl8AMyDaAOvti1pvnP9zYVyTK3bn3xErIKlk2EFQBXg,Nunu,JUNGLE,399,3,3,-18,-482,0,-0.11640495481374102,-2523,-0.22368231988961695,-7043,0.016216216216216273,-3
KR_7566881283,3,100,35AoxTWUHHNG0PO16A8Hn168fcRRWsw6HLUjWSavIkUXVommQDBOg3_bK_OtROWNX0PYSFIQ8Tmmmw,Yone,MIDDLE,840,0,0,0,384,0,0.015216084360016091,-9282,-0.01632116893525193,4366,0.23851351351351346,4
KR_7566881283,8,200,UXTH2HNmtEQOUYyCF3XdCtZkGrfj1NQOmSf3NPrve-MEs9sm9lI7fMOTeRjfgxO5ObIUita_YIGWdA,Yasuo,MIDDLE,-840,0,0,0,-384,0,-0.015216084360016091,9282,0.01632116893525193,-4366,-0.23851351351351346,-4
KR_7566881283,1,100,tymbOPyuxhq4dlfHaWfddTmxBPL3RrY15k3U-OxEZnhF2S44HxxsqTtmLGA1xHwVuCUhKpvl9-kbWg,Gangplank,TOP,-582,-21,-21,0,36,0,0.0253302114218531,9578,-0.3127668356550557,-15699,0.06756756756756754,-3
KR_7566881283,6,200,Zh-QcpxNauSMljd3bdGsaWM3xuxcgg0N5hog3UQ9XJK8TkBUtq9rKwZIt5z1U7VjUmadBvkmXsJH6g,Rengar,TOP,582,21,21,0,-36,0,-0.0253302114218531,-9578,0.3127668356550557,15699,-0.06756756756756754,3
KR_7567040161,2,100,LRlXgISgxUbvn5fTukF1mztIST6ppTdj6h2Gj00BnlvU3pnKvLJj-u9ZU6MhYZbVIooONv7vpymwuA,JarvanIV,JUNGLE,767,4,4,-1,640,0,0.003288638525593579,-2580,0.136355438410947,-5957,0.2347560975609756,-3
KR_7567040161,7,200,EtsneL9NHGA1jc4i6TWI0hzv8nhtGoaWf4sREMwOABt2GQMd1pUjW2g0NC91pZUxMEj7uGvSL7PHYQ,Lillia,JUNGLE,-767,-4,-4,1,-640,0,-0.003288638525593579,2580,-0.136355438410947,5957,-0.2347560975609756,3
KR_7567040161,3,100,Pls6BmiOUxP2vE__ThhVutovTwwnJ_wEgEMKLA5zPXf9MLIJkcBELmQl7uQC0DC3tJoF_r-2M0FP_w,Aurora,MIDDLE,-1225,-2,-2,0,29,0,0.0184589371536735,-2480,0.07707983539311869,-3931,-0.1509146341463415,-9
KR_7567040161,8,200,1xLNXEqnHC_2SZooxZ64AN3fhBG4Nr0WEqnzFojU4Nogkyfyw6uYDEqBMMK1w_kGMC-7PjTKovE4Og,Naafiri,MIDDLE,1225,2,2,0,-29,0,-0.0184589371536735,2480,-0.07707983539311869,3931,0.1509146341463415,9
KR_7567040161,1,100,4pAcnYzDn2fxDWfkJzJVxXOmMC-aOOE2Go9aGKs75njiw8E_JOY9HmRYGrM7dwdnztB_v-RhPi9Y-w,Ambessa,TOP,159,1,1,0,108,0,0.0319631587435536,692,-0.07965673537764362,2657,-0.039634146341463394,-5
KR_7567040161,6,200,rZEHhJ0MKCVzQnpp47P0u5bLs5E5DGGA2JP3q7Bp9fG_nyo6Q-cywKDsLjbPHLSu4644wXPrifzUNA,Pantheon,TOP,-159,-1,-1,0,-108,0,-0.0319631587435536,-692,0.07965673537764362,-2657,0.039634146341463394,5
KR_7567213465,2,100,j7TxsFgO9-YYfJpEQ81Y_3V4lIjXO3aK7YvziDx9G06wUJq3D-pKzV8FmEG41Ly6yzqGsb90rdysuw,Talon,JUNGLE,546,3,3,-5,-530,0,-0.011298358810153897,2431,0.9230938560027807,-9325,-0.2777777777777778,3
KR_7567213465,7,200,GarTfjgOPrzFg4QNk2ZCXF17NwZaT2mBleTqXsXok632_VBj43Fbhrl4ltK5qOChudu0J-1Uu3mwzQ,Zac,JUNGLE,-546,-3,-3,5,530,0,0.011298358810153897,-2431,-0.9230938560027807,9325,0.2777777777777778,-3
KR_7567380758,3,100,2Jb3CYFo-ywjwpWFKWX6tmRoQ_QIFOdA0y1GGqbIrQfz_uc2hsG13cSqd3bIJp-vRHZ3HhN-snSRXQ,Yasuo,MIDDLE,496,24,24,0,909,0,0.020452042134528503,2162,-0.08017689919169291,-16435,0.2685714285714286,6
KR_7567380758,9,200,9Jsx6rNTWjXlcgSm9qe_n259Xgl_HurdW6dP6eVIqREHCWKERzKsDY7oBEbMH0seuvKvXnX0pi2MYQ,XinZhao,MIDDLE,-496,-24,-24,0,-909,0,-0.020452042134528503,-2162,0.08017689919169291,16435,-0.2685714285714286,-6
KR_7567380758,1,100,kto-nUpd6AJiA6zOpFMt-k2yj61rr8dnul-MJ0KpBi2798PnlGaQ3ab729z13-fhqteKDNbIckVTbQ,Jayce,TOP,-513,-4,-4,0,-561,0,-0.0751598970285818,7580,0.19883761037233183,-18172,-0.02571428571428569,-8
KR_7567380758,6,200,4pAcnYzDn2fxDWfkJzJVxXOmMC-aOOE2Go9aGKs75njiw8E_JOY9HmRYGrM7dwdnztB_v-RhPi9Y-w,Gwen,TOP,513,4,4,0,561,0,0.0751598970285818,-7580,-0.19883761037233183,18172,0.02571428571428569,8
KR_7567485918,2,100,BSxA2YVdsUFCGyliP6iGz4q17ZHjEe1P-Q1cfpD-p8z0IcatEv_bOxBbkmvON_SRjrt_-Dme7mIgoA,Sejuani,JUNGLE,-358,0,0,10,-98,0,0.0031861211661803057,-503,0.294589943970055,13632,0.19852941176470584,0
KR_7567485918,7,200,wuicHM_pSRIMSaJl7yMg-a59T2w4TEQ6wQcoSgHhywlKN8e2KAIV2FXIv_4wzYDOL2VYa9V0alDzpg,Poppy,JUNGLE,358,0,0,-10,98,0,-0.0031861211661803057,503,-0.294589943970055,-13632,-0.19852941176470584,0
KR_7567485918,3,100,JncbFPz_xCb-AwjGVEcvbhGyrdtgtrcmLQBQxKTi3yrb5mJrO22JSzQHugPoG5jr2D0UrsNcMEKuhQ,Yone,MIDDLE,-185,3,3,0,86,0,0.1358103580476519,-1362,-0.36888683028817637,1698,0.022058823529411797,1
KR_7567485918,8,200,t8stZN6MlhWXjn8dzTh30dWXJlwazGuw32ljuQsmOGrAwxFYdl8crT7iEKTw2ddNJ6hogDQdRv3rdw,Sylas,MIDDLE,185,-3,-3,0,-86,0,-0.1358103580476519,1362,0.36888683028817637,-1698,-0.022058823529411797,-1
KR_7567485918,1,100,Q93BJJns6XG4v7eaoyyyl7zJPshp7IuwXcJAL9tV9KSyTyhMr9xcNiglnLeCZxzbj9T4NVfJ1a-IRw,Fiora,TOP,-1272,-43,-43,0,-778,0,-0.14786280493228418,-20848,-0.06585298069708934,6018,-0.36519607843137253,-10
KR_7567485918,6,200,H71O_m7hzg0E4MeLLGcpVAwHGCy7vMjcF4TpMlCxWt6-Vj_Lg1UVk6Fl2XLVZw6g6OqIXROxcWt_OQ,Gwen,TOP,1272,43,43,0,778,0,0.14786280493228418,20848,0.06585298069708934,-6018,0.36519607843137253,10
KR_7567552474,2,100,eatUj6rxaF2Xg3pcak94auX-TQQvzRs8pB8ZAiuQbkQubbRXhjF6KhmTupV_0GtbluXD-_W5agUZ9A,Poppy,JUNGLE,-1284,-7,-7,-13,-1212,0,0.005832313671235406,477,0.13989014875589545,-8324,-0.1288981288981289,-7
KR_7567552474,7,200,UN4qDBOIiemh56_11gYXg2KGtbDZtKKGtsFPNFyKmUVLxtn27lYA1rmKMQ4UbNFZ2-EkEMaTQnqd6w,Viego,JUNGLE,1284,7,7,13,1212,0,-0.005832313671235406,-477,-0.13989014875589545,8324,0.1288981288981289,7
KR_7567552474,3,100,hNnUK-1z3SKixJ-71chpRl98fbZPjCiUx7CfBa4DdSEWixi5Q_bUDDKbGiNFdOHPdHWodvNXYLlwtg,Azir,MIDDLE,719,18,18,0,995,0,0.10498038086633169,5001,-0.013693393792113429,-22454,0.05613305613305619,7
KR_7567552474,8,200,c7o6m66l3vzaLhIzVVp71aoiCWaQcJEa0PK9mymRUTwpPmXKsTfqiBxsM53jWwrALpq0MdiAJONQEg,Kassadin,MIDDLE,-719,-18,-18,0,-995,0,-0.10498038086633169,-5001,0.013693393792113429,22454,-0.05613305613305619,-7
KR_7567552474,1,100,K0DUV4BpL07rXE0_pgf92mTosl5KSFsznwvgbVdQ-KjlgYyjESeAuqmu9-fgVEDFoiSXysrEAd02AQ,Rumble,TOP,119,-2,-2,0,435,0,0.0746630467238247,1164,0.3389577617595262,-13405,-0.029106029106029108,4
KR_7567552474,6,200,OU58kHnN8Maf-u8yr-UZMT3zKyFqw61CZawCXdfiV_J_kumU5FxqSKiLVT4t7i0_N-FzHWFPCmSVQQ,Ambessa,TOP,-119,2,2,0,-435,0,-0.0746630467238247,-1164,-0.3389577617595262,13405,0.029106029106029108,-4
KR_7567616097,2,100,x-QgAXfW9NI6wHkEDc4hzKAFvcudkNDXu2vQj7qYhCd4LQCmnxb2RiQPGYX0yH4ao1F_0b4WyuLv4w,Pantheon,JUNGLE,-9,4,4,-11,-248,0,0.0411975677887943,1187,0.1966674503044895,-3723,0.3571428571428571,2
KR_7567616097,7,200,UrgNPgVcql88ycboL5bjZdTa9H89HovZ3OyLhXbS9VOJfJb-ZD1apsOinFQI1icSlG52mKgdc2pqyQ,Hecarim,JUNGLE,9,-4,-4,11,248,0,-0.0411975677887943,-1187,-0.1966674503044895,3723,-0.3571428571428571,-2
KR_7567737991,5,100,_wTcCaqzExp3GL8Obva_deiXiaDqnjaa0l4gzBwSrGLbHZsqcKzkIoRoXG_2TMXFhH2vhDyD8lwymw,Leona,BOTTOM,-1250,-74,-74,0,-1373,0,-0.244904272722141,-10549,1.7230691962311444,6464,-0.2,-6
KR_7567737991,9,200,5XvaFG0TFfg1eteFhhXD-0kYb9Ie-HjRaUaiRqFtb2GAP3O9IqobZFrRn2uBWpLbIt1W_PJv_uaRQA,Ezreal,BOTTOM,1250,74,74,0,1373,0,0.244904272722141,10549,-1.7230691962311444,-6464,0.2,6
KR_7567737991,2,100,gLneXyQW5RFT1JvCiQd7o7XDBrn8WW0M8PyZX2C-D-D0ztpHf97lOUJPnuuec4vNfWmQsQt4G-WrfA,Graves,JUNGLE,254,1,1,6,578,0,0.0331736985627773,2532,-0.0332304825437455,-9020,-0.06666666666666665,-3
KR_7567737991,7,200,dAV1pD1oOD9dhz0NquUZmRI-WKuzxkUFe1fpD9AXTGnR_yo20KdIRYwFsKl7qAiChdit7DZG1ztzYw,Khazix,JUNGLE,-254,-1,-1,-6,-578,0,-0.0331736985627773,-2532,0.0332304825437455,9020,0.06666666666666665,3
KR_7567737991,1,100,cTeVTiAx6G2WU1bZ7Go0U6YYB2DMud41PIBeEzAXMQ_k3Q78BMnZLKIPjU3i7s6glPiiyFqruXR0KA,Darius,TOP,624,11,11,0,684,0,0.10665848462512487,350,0.3867691804542928,-4527,0.0851851851851852,6
KR_7567737991,6,200,nl_FhUDXDitsdbklbaj57shWYL0gAEZ5p_jpqBmsNkzTvLl725sW0_3eY5_djOn7_pUF382MEgocHA,KSante,TOP,-624,-11,-11,0,-684,0,-0.10665848462512487,-350,-0.3867691804542928,4527,-0.0851851851851852,-6
KR_7567865035,3,100,OOGTjiMZDgaF0NeWGVLEJKlO3X2wMv2Y0-7FHBbBQBOj890fy7bbf2XpVKw2e19yUqIg1dR7dUWx6A,Yasuo,MIDDLE,570,3,3,0,-187,0,-0.0067154473613572074,179,0.1407492225895059,-5704,0.06758720930232559,8
KR_7567865035,8,200,wyyftsgV7NwWSFbuKytF0zJrz_AuJ7580lkahIm-ZzGW28basBEsDav15wnQii3aKt39vgpvDyjN5g,Yone,MIDDLE,-570,-3,-3,0,187,0,0.0067154473613572074,-179,-0.1407492225895059,5704,-0.06758720930232559,-8
KR_7567865035,1,100,QkoBCJqq-q2NVmrdvteVUoH1oGciZ5m5jX7hIexDgxunwt5q37RZFq-HvnNGA9Lk9MvaG-03lqxSsQ,Vladimir,TOP,175,27,27,0,172,0,0.009667485784888796,3543,0.0661569913521487,-6228,-0.1191860465116279,1
KR_7567865035,6,200,Ja9vRnhWQHxo1Y3Iio4eGOujTIa29LVlW-zRslNVxVehtUzggcf0In_CPGhOw1YT8RLT56o6rA9Svg,Aatrox,TOP,-175,-27,-27,0,-172,0,-0.009667485784888796,-3543,-0.0661569913521487,6228,0.1191860465116279,-1
KR_7568010775,9,200,9vwSYFVtryxf7P6DsNM2fx1BHgIL-WY2QbRhLxqx8AYLxBsIn_W9WdH0EkDFAQ2Dpg6E0GlyyzVtgw,Zeri,BOTTOM,602,52,52,0,1888,0,0.09194859553700882,0,-2.6589121646967575,-6568,-0.0714285714285714,-1
KR_7568010775,10,200,32nmVwpFUJve_22WLDPjRs_xkDMZzn51Pw9hT4Pvtrd-oSYDMLRJ0pDPr0qVBT65U2bEJAAAQJr5Kw,Poppy,BOTTOM,-602,-52,-52,0,-1888,0,-0.09194859553700882,0,2.6589121646967575,6568,0.0714285714285714,1
KR_7568010775,2,100,2ZQAscf5Qsu0gzhb0fcKF_Y4hW-ADYAt-OX8x419DeLPV5tsMPMzfcXVWG93zKPukE4F1yQ-QUVEEg,Rengar,JUNGLE,843,-5,-5,28,1139,0,0.010903173146054101,2820,-0.3278525852898344,2989,-0.021739130434782594,7
KR_7568010775,7,200,cYKwCewUyzYIvxuOlFsZhGO2ah9bov7-q2REbCy3-bLqcRSxlaBJLATCOWETHH7AJBa6RxxU8KVPRA,FiddleSticks,JUNGLE,-843,5,5,-28,-1139,0,-0.010903173146054101,-2820,0.3278525852898344,-2989,0.021739130434782594,-7
KR_7568010775,1,100,MhYmAknWiySJCIJEZ34FGwAUpNkqxgwcXXJPhFGnV04R2cj39lzLpzIm13VCp6IttGmc2GGom-TYJA,KSante,TOP,-1081,-11,-11,0,565,0,-0.0386342752912438,-4871,0.1602513855507235,18141,-0.2608695652173913,-8
KR_7568010775,4,100,TgcCM_ehekE5SxEnqrVyC96hJf27vqRDOCpx_wcawkotnb6XMMCuvZWgBcEuGmFD6mw5fgsg46RmUg,Varus,TOP,1081,11,11,0,-565,0,0.0386342752912438,4871,-0.1602513855507235,-18141,0.2608695652173913,8
KR_7568184527,2,100,scABA73Q1Ulkz-clRicFSW6h-Z365hhKZnIXQo54xIIbdpCWNr14-MRSXIHtaS0FaZ65nTdKjPTN8Q,Belveth,JUNGLE,621,7,7,15,566,0,-0.04312370904564489,299,0.3793922728073452,1792,0.0,-1
KR_7568184527,7,200,5N_zeavQmnYu0Qk8mhG7fOUOCOqsVMqf1Ug3aKwwADo41CHkmoKjlGc2_spUStSiPh_b1CwgiN9krQ,Naafiri,JUNGLE,-621,-7,-7,-15,-566,0,0.04312370904564489,-299,-0.3793922728073452,-1792,-0.0,1
KR_7568399962,2,100,RnqQdRtTlLoPyMOkyCKOIFuNl-DgSFHYhydMIPJn4YIP9TGehbTrHk9MzkSyNAWJfKW-MXZxHjSHWw,MonkeyKing,JUNGLE,647,5,5,2,9,0,-0.0438437902357125,937,0.08158225827612209,-1395,0.016908212560386437,-7
KR_7568399962,7,200,Ayu8sjOYQQIdxecifbUYnTXmuJ3cYdenODzS_TJ-j2Sm3VD6-l5BxBw-fDihqjb-eYSScbviZ2Cfww,Pantheon,JUNGLE,-647,-5,-5,-2,-9,0,0.0438437902357125,-937,-0.08158225827612209,1395,-0.016908212560386437,7
KR_7568399962,3,100,t8stZN6MlhWXjn8dzTh30dWXJlwazGuw32ljuQsmOGrAwxFYdl8crT7iEKTw2ddNJ6hogDQdRv3rdw,Ryze,MIDDLE,-176,4,4,0,52,0,-0.05255640891269109,-6312,-0.392326605189521,13209,-0.46497584541062803,-5
KR_7568399962,8,200,UQGNpcx5xuLMeNwPTFMYUr5GlC6K9A4dNLZhKrw1-QQ-DxQ7nhQOtcMbpuulBWwPIUhm4Ds2B9mWkw,Taliyah,MIDDLE,176,-4,-4,0,-52,0,0.05255640891269109,6312,0.392326605189521,-13209,0.46497584541062803,5
KR_7568399962,1,100,XnVweAmRfAmh1QKqCLLqp7kYreoWYkFTMvuyOTQ0_AULfuuiOdRga-6jiH2WsHcZt-PaTQL6DLQL_Q,KSante,TOP,935,18,18,0,729,0,-0.057031051310716785,-9859,0.32815086471033517,-24617,-0.16787439613526572,-5
KR_7568399962,6,200,Ub1VHsM1B0m1ctinxNljs2OZOvOXjP-fyZSQ3KxVgR_U1FnmEC1wzHDCP5JM4Vs6vuavFGta0WvxBw,DrMundo,TOP,-935,-18,-18,0,-729,0,0.057031051310716785,9859,-0.32815086471033517,24617,0.16787439613526572,5
KR_7568593058,4,100,geV1V2BylR5lucpGNBWOpzZMPhhWzObRJE0et0msQlxYE-40z-4ECaaBhzB60byJyejwejV0w7jXKg,Syndra,MIDDLE,-225,0,0,0,24,0,0.027634472119212605,-2558,-0.3512490164293405,-254,0.0031397174254317317,3
KR_7568593058,8,200,2bHDlpSAGOhYQpT6IPkSpJkDa53auTVgJMyWVBWuRBc2yyqjZaSMmfh-Rl6LPWbqirDCTKLFGn_mKA,Zoe,MIDDLE,225,0,0,0,-24,0,-0.027634472119212605,2558,0.3512490164293405,254,-0.0031397174254317317,-3
KR_7568732692,2,100,Ob3ybx-kURZ5PWEq8P1CBzdJhE1rPg5N1xkDJ06Z3iOKcy52gwYhkVqKKD-hA8OzFro5dIE3hTX4EQ,Vi,JUNGLE,111,-1,-1,0,-77,0,-0.006995853133137289,-1057,-0.2808483107842018,13398,-0.2833333333333333,1
KR_7568732692,7,200,Wegn95wO3GxJ3PK6IWyL63PGvbdpQoVcffra0-vgrc7cFyQkdnESN60OcN_6QeHyJIHzwxuc6uEWUA,Sejuani,JUNGLE,-111,1,1,0,77,0,0.006995853133137289,1057,0.2808483107842018,-13398,0.2833333333333333,-1
KR_7568818075,2,100,VOMkrFdii0o9enYqaxiU6Ui2pvZtTmLuxBZYU1egr-kBSqzniv75ctDzwMk40kqJUR-iTulXjEn3Aw,Vi,JUNGLE,-463,5,5,-10,139,0,0.07684598475176949,-775,0.00029894829191490224,-6807,0.27826086956521745,0
KR_7568818075,7,200,fzoXlPCIO9glk7sY0mFWunK5BLgD62E4XUiYzfmP2sOX5Rc_OD2bC9TfN9P7JrU4t9QHXdn8o8sDyQ,Viego,JUNGLE,463,-5,-5,10,-139,0,-0.07684598475176949,775,-0.00029894829191490224,6807,-0.27826086956521745,0
KR_7569042487,2,100,Zhqh-BCYW1GA7KXccPHmZ83u_JOIJDSruB0CbG9UgaBL9ecdNLcdYzjyM27BXV99dRPFjKTmKXXNeg,MonkeyKing,JUNGLE,601,3,3,-7,-49,0,0.0512096356659332,-1530,0.21521456335808553,8034,0.16515151515151522,2
KR_7569042487,7,200,D_ogqZdx8VVfKeR76LFNGM_SuU_wbur8XUewCF_j3ppmEXz02mLVnRoU5DVQZKgUlx5jKwX46hD8Tw,Vi,JUNGLE,-601,-3,-3,7,49,0,-0.0512096356659332,1530,-0.21521456335808553,-8034,-0.16515151515151522,-2
KR_7569042487,3,100,Jp1U9jN8WfF_2heEwLSVyqcao_4MNJAdX2wvgVJZAlf5X0t07xzsn-fSB17-wzScIkuKnQRJ0EdDJA,Sylas,MIDDLE,-432,-25,-25,0,-524,0,-0.10521330184074368,-4416,-0.3266440022678535,17285,-0.16666666666666663,-7
KR_7569042487,8,200,mgId0EChGQslqd7J4N-ohdd21uX-HW41lognRZKm3cBz3FcUVOV7ZbsORLCpcD89o99Yl6H_xznykw,Ahri,MIDDLE,432,25,25,0,524,0,0.10521330184074368,4416,0.3266440022678535,-17285,0.16666666666666663,7
KR_7569042487,1,100,aw2-LufZthUZJXdGKMnY8vXpCb0KjMq-zTTtJ1HPCzlMC29WvEo_AMAnaMzUKVyXALNXyxCzx-toPw,Ambessa,TOP,509,2,2,0,271,0,0.051281102946520385,-5026,0.18922409353671488,3289,-0.1045454545454545,-3
KR_7569042487,6,200,LLmyOk3emRjO1RZyKdHtA1ThXi3CtbVeyTeNHkjNC7KCyb9hOytfFgOM2qoFN2YnmkuPnOIrGF-lDA,Renekton,TOP,-509,-2,-2,0,-271,0,-0.051281102946520385,5026,-0.18922409353671488,-3289,0.1045454545454545,3
KR_7569249207,3,100,0qzRCZvqKj3W6E5xp6cOXqFgwMzkoeY_Rv9UnpNS-M7S_0Qt_WDtaP4dFfx99_u3usa6g6SvrpTwTw,Katarina,MIDDLE,679,7,7,0,573,0,0.02184237194868119,7133,-0.3650706540560571,-4201,-0.08625730994152037,10
KR_7569249207,8,200,cL3LZNtoAaIu4aMIgWXaUTjH2bfrKWhcwZIKZW40I9TXlYdQKAS376MhQsOoZQPgb7tXw-kX69Lusg,Aurora,MIDDLE,-679,-7,-7,0,-573,0,-0.02184237194868119,-7133,0.3650706540560571,4201,0.08625730994152037,-10
KR_7569438125,2,100,_NPmcnxJmF6a6sAcSIeZn4cAEJymo5b6sJ6qPSqQXzcLq7GWJTdSwvOoCIuV3MRXIF_S1B12mTIOLw,Vi,JUNGLE,-604,0,0,10,273,0,0.002223555009314704,6733,0.2317536278297836,-15002,-0.07210031347962387,0
KR_7569438125,7,200,xNWix_PWXYrjrSIQwoRlLeYyekW140nGjn5_JGQAlmVoCmF4hieqZnd9UBTcrelkRhMwBBocDshMSQ,Rengar,JUNGLE,604,0,0,-10,-273,0,-0.002223555009314704,-6733,-0.2317536278297836,15002,0.07210031347962387,0
KR_7569438125,1,100,ctkbtmpmtDOokibP-r48Krdzy8-3ArFswwGgnpALV-WK_a9EUuGJd01XyqzaLa8ptl42RQV3ddLEhQ,Rumble,TOP,213,3,3,0,356,0,0.1448872318904658,3448,-0.032493081491571374,-13202,0.46238244514106597,7
KR_7569438125,6,200,3F3Ni5G6lQ1meiS6EgHmwqDIQeiuVAQC0Dt5px_Kc7TxHzhkHP2VMv5QFxdLkm5y5qPJQKuVxa-NmQ,KSante,TOP,-213,-3,-3,0,-356,0,-0.1448872318904658,-3448,0.032493081491571374,13202,-0.46238244514106597,-7
KR_7569652545,4,100,1ENie03w4q-kajyhgCdJOmHHKHntODI-KqxsRRWgE553uiW8-iIms_gSPypzs83EFOXvryWenbbe2A,Ezreal,BOTTOM,931,53,53,0,1404,0,0.06300954443728529,340,-3.0905202213490943,684,-0.39999999999999997,0
KR_7569652545,5,100,petzOh5VqDIUTq4PH2j_V5fPyBMj8Y74IKf4Z-Qb1msnLy8V6fQrW6zQH37Y0-MMMj-qggP7kIQqzw,Rell,BOTTOM,-931,-53,-53,0,-1404,0,-0.06300954443728529,-340,3.0905202213490943,-684,0.39999999999999997,0
KR_7569652545,2,100,YC5fatCdHOgo9LlnaDliBR0MrGK_8QIFFdPhUMj2fHGMf2ZSgslFoU5sQG_oqVDuBpJS8jK1iHzvEw,Talon,JUNGLE,-535,-7,-7,5,-360,0,0.08782491311111681,-751,-0.3862107117946232,4883,0.3516129032258065,-2
KR_7569652545,7,200,BOsrR5OT3hqa9Ga1ckb2JomNerWzEJNGxH7HJAP8NNF0mJj6prHlwWMuTW3EvlozWIcTgwEbq3VpuQ,Viego,JUNGLE,535,7,7,-5,360,0,-0.08782491311111681,751,0.3862107117946232,-4883,-0.3516129032258065,2
KR_7569898401,1,100,MBUzVjn0AR72yp6kkRKtuUT8_ZXGohVgDaBHYBkR6qlIE6XJxReJhclrcYu5j5b57_wcpCbn16Mzeg,Azir,TOP,500,18,18,0,345,0,-0.04044035934472878,5527,0.3492112216679612,-10482,0.21794871794871798,1
KR_7569898401,8,200,-RpMzyvyToeMVATBXPUNOFh8PH8wifgnDtkiIrLQ8DuPlxuPUidYv9jQjcjR905aVG_J-Kzy04V0Uw,Akali,TOP,-500,-18,-18,0,-345,0,0.04044035934472878,-5527,-0.3492112216679612,10482,-0.21794871794871798,-1
KR_7570083380,2,100,j-9Xm1v25TYRRDb_HQcMb5NT7kaa0sDdu0qtrIfC6Ff1bh-huJU7dkQWi7ABNBnICv424q7XrCyUfg,Lillia,JUNGLE,661,14,14,-2,-188,0,0.0797303812889912,856,0.43898294072865496,5663,-0.10595238095238085,5
KR_7570083380,7,200,UUQHpUhHxpl2kOoCfl0U5AtRaVuBSXAK_y41O3X2IuNesow0cEFAbq3chyUWgLzkAJtKpgg1MDXs8Q,Amumu,JUNGLE,-661,-14,-14,2,188,0,-0.0797303812889912,-856,-0.43898294072865496,-5663,0.10595238095238085,-5
KR_7570083380,3,100,snjNbJ_4HDzjx0qoQuaMLDbt5TEoav1NYap6tyDAgpqqOuAXFvouXj4BPkIxEOqKlj7k7oNq-41AeA,Galio,MIDDLE,-1485,-23,-23,0,-85,0,-0.016727362849726785,1863,0.31308971772946836,-2154,-0.2714285714285714,-6
KR_7570083380,8,200,BmC6YM7U8xhQzNJYSsMK8V52JQT5kODee17jieCgq9ZUEks83DHtCG0pxnq3nmD_0J3WbKg-jvNPvQ,Thresh,MIDDLE,1485,23,23,0,85,0,0.016727362849726785,-1863,-0.31308971772946836,2154,0.2714285714285714,6
KR_7570083380,1,100,Pgk4HgsYtPAN94ExJ0X4f1ZG1OD9qsFOffiA4llprGnT_AAhJxtubPZ-ZVeq2ZPD6v4XwwQiDxOlEQ,Riven,TOP,-1518,-40,-40,0,-1877,0,-0.15629452929359433,-2278,-0.4580372608238638,-2948,0.019047619047619146,9
KR_7570083380,6,200,g9OsH9YLlErJ5JPmG_h_qn1swl_2Fz4bxMvHnTVOpBDR-LXsyRoUYaKXTub8I35gVzFyMy4UQEIsxg,Jayce,TOP,1518,40,40,0,1877,0,0.15629452929359433,2278,0.4580372608238638,2948,-0.019047619047619146,-9
KR_7570246405,2,100,UmXgD0mxIlXphcQPh68XtC-elg2-IEKR-cOGFo1GyRclJWlCpYOwEEMb3h6Ds7xhw5hZWy8ViR1ZIA,Zyra,JUNGLE,-352,5,5,2,26,0,-0.019452333791840692,5386,0.013293798387669975,-4566,-0.10669975186104219,-4
KR_7570246405,7,200,koasl7wnS-PjVfxU8MDkXhpgzVADsP3cDpHAbUM6hL5XFFkUiYxfftN-iuelNjgxLebgJRge5N9ZZw,Kindred,JUNGLE,352,-5,-5,-2,-26,0,0.019452333791840692,-5386,-0.013293798387669975,4566,0.10669975186104219,4
KR_7570246405,1,100,wpjNtkZCe9N_CaYsQcphpzSNFqOWnX9woboOlqM4SYhXhd0MuCaJDecPn01hp5oRxfdlsAEyoTSEKw,Gnar,TOP,-1017,-13,-13,0,-1044,0,-0.0792496550596561,2083,-0.09934895765171636,-2268,-0.18196856906534328,0
KR_7570246405,6,200,gAQUlHC5h5VDq9F4Qj0A6EO5T2h5sC9arcSpjp_f1qD9QXDR8s7eQrfQuDGSodbey3jWuzznLV6j_Q,Sylas,TOP,1017,13,13,0,1044,0,0.0792496550596561,-2083,0.09934895765171636,2268,0.18196856906534328,0
KR_7570359119,2,100,ZjhtrG2gWS3YYicBbJGf0KQznTqbcQ0AoEEOMX7zjR_oryB-1ZV_1oZp3fsvS57ddPreIkHQ5lkJ2Q,Naafiri,JUNGLE,1214,6,6,38,1049,0,0.2366527929203972,3160,-0.09272080812410377,-1659,0.13,9
KR_7570359119,7,200,ZXUsesKPZA2T74DEd4_OHNq3RbkyTaFkfL71X_3HlmO3hFxCTlQZJqHgpbep2IYjlk4i_gyDX-4H0A,Viego,JUNGLE,-1214,-6,-6,-38,-1049,0,-0.2366527929203972,-3160,0.09272080812410377,1659,-0.13,-9
KR_7570359119,3,100,A41Qgjbb7cj8sVnmT0dE6A7_5oJzMP1cMufMbw0KqWLUnNtTMPXz-l284REwDPN4Mw4a4yG2qUVQXA,Poppy,MIDDLE,-365,-18,-18,0,-140,0,-0.24182359477574358,8,-0.07962951066650004,16188,-0.4666666666666666,-4
KR_7570359119,8,200,K1ODG5UP_yyP-CSWFwHexCH-342zZrVDL_JvQcNQ5Rxb0vWPTDFve4FksCsLC2ZG6ZtpRFb7rqx9yA,Hwei,MIDDLE,365,18,18,0,140,0,0.24182359477574358,-8,0.07962951066650004,-16188,0.4666666666666666,4
KR_7570359119,1,100,JfnvUqUDkW_YadUv3RzroPiyvfiC2gGBLOVI5axU7Veu_oxRRTBjyyvtTAIsyQDraSkKb347X9puZg,Malphite,TOP,-220,11,11,0,-168,0,-0.04157764961908261,6006,0.4429720974466937,-11308,0.07,0
KR_7570359119,6,200,2dDljZTTCNb2Kedb-aNRvnv45rSsHal-onb1mOqhkqUHwWsVqsyK3saEDi9scN68ixmQc-GYT4PN6A,Gnar,TOP,220,-11,-11,0,168,0,0.04157764961908261,-6006,-0.4429720974466937,11308,-0.07,0
KR_7570734513,3,100,errb_ANgiRlXA4V7vcQctQB99G8MbbPnChFRu2fwAPJsS64Faj1CWzUH-Dpde-HR9SFnCn3fQ5YAoQ,Zed,MIDDLE,66,9,9,0,-410,0,0.06639596371465648,-3113,0.3494927266636507,-10443,0.1566091954022989,10
KR_7570734513,8,200,J0zcBJ95XCXSL69sViFmApa78D95-XBLFBqguVADK0dBoJbf8PsZbbmn9pXvfYd0buRL_op6uk72qQ,Ekko,MIDDLE,-66,-9,-9,0,410,0,-0.06639596371465648,3113,-0.3494927266636507,10443,-0.1566091954022989,-10
KR_7570980084,2,100,bXTiwS5RtuIuOdwv0F9aLmvmBndn9ls9oZSuG3wDJMSLcjYaxy8Qo40YTkMBQm9N6ZQbES6ghGtggw,LeeSin,JUNGLE,291,10,10,-10,85,0,0.009632033180531796,5403,0.9338882537569358,-13027,0.04999999999999999,4
KR_7570980084,6,200,zq0MVbW3uzpRIGb0l7iWXRxoWuDW5R2tz7i4ve8XF6K2yOL8HueadTGxBk36C31M5H-zo3Xphy0-AQ,Lillia,JUNGLE,-291,-10,-10,10,-85,0,-0.009632033180531796,-5403,-0.9338882537569358,13027,-0.04999999999999999,-4
KR_7570980084,3,100,hdqHZ8fNzwSyF2GmBEcd4gE4NyLcpZTCygpF7msLKmL9j6jvCSvKQqMUaFwI0iXXLxeB_CAPCkL6Dg,Galio,MIDDLE,-56,-16,-16,0,-856,0,-0.1749268133034889,4513,0.32056755380533486,6613,-0.07777777777777778,1
KR_7570980084,8,200,Rc9hng9aNbu0VOb6-ym07Q7tFto0ESCqRKsw6hAXwh4G5GbdcA4taLXhsqj7Op2DzozOp-IuKhyoyA,Xerath,MIDDLE,56,16,16,0,856,0,0.1749268133034889,-4513,-0.32056755380533486,-6613,0.07777777777777778,-1
KR_7570980084,1,100,qVzh-TS2uofuVb8IHh7XwoctzcS6vqa8l8PN5roxKv0mx_Kx6asBQoZbDmDUq57gb-sUJGfH2twdng,Irelia,TOP,1369,44,44,0,441,0,0.1652849049594387,11824,0.015018778290750379,8644,0.25,10
KR_7570980084,7,200,qvsM2KSx72n_xqsbeCYsB4pRNXETnnD2D5GcmZx50SGo7tSh9H3cI5mq1XTRQE4AkzbU3jlmAKIWsw,Gnar,TOP,-1369,-44,-44,0,-441,0,-0.1652849049594387,-11824,-0.015018778290750379,-8644,-0.25,-10
KR_7571217514,2,100,yY4BmMZC2YX7HAGQH5CkPg8N1HNkgmQQ8T0oZujfJE8Vi3GFoOZrezfu3YtMpZNcmE8Ti_Ap0c5lAA,Nocturne,JUNGLE,1181,6,6,-1,63,0,0.09227152394299959,1762,0.09694215840082121,4421,0.3862068965517241,7
KR_7571217514,7,200,n2L_CD8JBHBxP3pRM11eI8OtyM714qJOOTt-VDvSfRUthLvY-rYZFJbnFuA0RNUgqRX6_WWy_RikMw,Naafiri,JUNGLE,-1181,-6,-6,1,-63,0,-0.09227152394299959,-1762,-0.09694215840082121,-4421,-0.3862068965517241,-7
KR_7571444694,2,100,Gaa3vixaqiL1llxqiAZHvcA9wn9c9Xt8lB5wYK_yks0OphyJTagBW-dksuLBvj5bSmLiBjJ4zeoMGw,RekSai,JUNGLE,508,-1,-1,7,233,0,-0.11972363003464598,-398,0.39146640902095375,716,-0.09090909090909094,-2
KR_7571444694,7,200,SfZfSidvBdad7m_KrXHro232q5VtK2QnnFn4HuideJVRO--0jOD9y-iwOCqXT02POYofADWbvurxxg,MonkeyKing,JUNGLE,-508,1,1,-7,-233,0,0.11972363003464598,398,-0.39146640902095375,-716,0.09090909090909094,2
KR_7571444694,3,100,I89S08sXm_AZPwe-kvTvAvW1EigdZC2I3ZcTNsmJGaoOKz_jRCCzW6AiFBjZ__icHoupnhXyFSDoww,Sylas,MIDDLE,-518,-18,-18,0,472,0,-0.06971846452661912,-4673,-0.04796337995408484,-2535,-0.18181818181818182,-3
KR_7571444694,8,200,QegbXOV2D4PoDb1sRj8wsF4vwBhid-JpS-wUB5YhprXPME42SiT63ulR5wD9ddYstVf2U473E_CxFw,Akali,MIDDLE,518,18,18,0,-472,0,0.06971846452661912,4673,0.04796337995408484,2535,0.18181818181818182,3
KR_7571444694,1,100,hAhTbgvNXWI7Nu-Plt4sdH1VNcqdMs9ZlTzSY4Na4IrwOAAi12qlcmGcvvf23ujJlg-BJHo_VkRWtw,Sett,TOP,1202,41,41,0,785,0,0.2136335305961506,2632,0.11624189573951094,13690,0.0,-3
KR_7571444694,6,200,d3-srmP-E1UwB9iUDx-ZWiEYK-kbrqqqcSz-aucaJtc3K-bMxoiltESrMby_Td2212AodxcFx2aiwA,Belveth,TOP,-1202,-41,-41,0,-785,0,-0.2136335305961506,-2632,-0.11624189573951094,-13690,-0.0,3
KR_7571601363,2,100,De2eUd5mdUarfMz-POAlSWtuCIC6_abpGhv8yPZoSAgrnuSUCg_1cv4yoVYG4GJ6Z6dsyVjufc2uiw,Lillia,JUNGLE,-1642,-5,-5,27,276,0,0.0377162375391325,1397,-0.1400192243463465,6684,-0.03703703703703698,1
KR_7571601363,7,200,BOsrR5OT3hqa9Ga1ckb2JomNerWzEJNGxH7HJAP8NNF0mJj6prHlwWMuTW3EvlozWIcTgwEbq3VpuQ,LeeSin,JUNGLE,1642,5,5,-27,-276,0,-0.0377162375391325,-1397,0.1400192243463465,-6684,0.03703703703703698,-1
KR_7571601363,3,100,JJgJJ5y5EPpv7Id-KlbSHoJdSCyZLGTOjg94nAPf4UYrZIXOV1B6C9pDqW_uxjCy8eiB5nc8UHz5XQ,Talon,MIDDLE,428,-20,-20,0,-145,0,-0.0934668902368947,-315,0.014993845667471972,6031,0.2444444444444444,4
KR_7571601363,8,200,Er2bt5laugNsxvMmOt96dyQXX410Oxk-V4Uo4Y6nbFyMrRTl_doOXKT-k-TxpifktbA2Uc1zhSXfcA,Mel,MIDDLE,-428,20,20,0,145,0,0.0934668902368947,315,-0.014993845667471972,-6031,-0.2444444444444444,-4
KR_7571601363,1,100,xx4sKrK8-GbFD6Kuyva-KxAqCakbjAW1oetWWX2VRSFiPCRO4MMc3riR2kcH_gP6Ey0u7vZ3cYfxLA,Galio,TOP,333,-2,-2,0,131,0,-0.05308312310626248,168,0.0885814018240706,-12471,0.5333333333333333,2
KR_7571601363,6,200,_rSSWD0PLP7DX6-jhjZ42k7EQY_SvmMC9YP145wSYkNrgKZRxkyPFzgvgfz2JWOr8ocVJy7UXRAT2Q,Fiora,TOP,-333,2,2,0,-131,0,0.05308312310626248,-168,-0.0885814018240706,12471,-0.5333333333333333,-2
KR_7571693005,2,100,luNw1o0FDNtHkmOgl1mwbgzwSWHjN61NdWng64TnGlrM_ILS7irsJEgBvf4R8tRxo7UUatYMjtsXpQ,LeeSin,JUNGLE,239,-1,-1,2,42,0,0.029944965749827995,2427,-0.0344170933150848,-15117,0.0,3
KR_7571693005,7,200,f9u7idU6hS2fwD_aMUclWJ7dWo1lcvSBGxJkf-La4r2xX_mkXRHGTDV_KdZtDFNHQ5mCcZllN6YbTA,Zac,JUNGLE,-239,1,1,-2,-42,0,-0.029944965749827995,-2427,0.0344170933150848,15117,-0.0,-3
KR_7571693005,3,100,xI7CR-bALwzZfXhhmP4MLB-4u1Jxm1kNAej8fKYzLcs61wwL9z2_kTMn-KYBFTJMyIJ6OC8WB32g1w,Orianna,MIDDLE,996,15,15,0,215,0,0.00014150964186071535,1674,0.17200424125425495,-7643,0.0396825396825396,-1
KR_7571693005,8,200,mDKm4ZfwmwPiof7XcY-A_fOi5b73-rBc-ghIdHF3h1_3IDmCxjbH1Rx2DAucS_GQBGv41kqH86FYKw,Yasuo,MIDDLE,-996,-15,-15,0,-215,0,-0.00014150964186071535,-1674,-0.17200424125425495,7643,-0.0396825396825396,1
KR_7571693005,1,100,v1eE8OuD-zKSNkVxHrncTR-6yxU9AOvl_ZEZWLMME3wlv09Xjhn-_iFp7BU2Iv006YhGsRpudmtLNw,Cassiopeia,TOP,1206,18,18,0,913,0,-0.013133476042931885,3492,-0.04015904726340047,1383,-0.08730158730158732,2
KR_7571693005,6,200,ro_a7vJdAvi0xqC-T9yCr_2Jhir0FByG0Q3vnB6ryuSoLW9V9G65u3iLc8yw7HjaDXLzbdlbsXrTTw,Viktor,TOP,-1206,-18,-18,0,-913,0,0.013133476042931885,-3492,0.04015904726340047,-1383,0.08730158730158732,-2
KR_7571764845,2,100,iou7cgxaC4qgDgZKQrJTJQ7uquoeo1P5YoMMiaIJMHM9vrEjAUzlAd5POX7my90HqwKOH7KCmwgdLA,MasterYi,JUNGLE,-610,-2,-2,18,276,0,0.02652336334830499,986,-0.019626896694086016,-3367,0.072072072072072,-5
KR_7571764845,7,200,Y42HSiboWPZrL-KJg9xqKL-_CsJlFwpcCiwOM2WwbMYrQyC9WmDWeYau2gZOB0IML569BrkWhfbQQA,Pantheon,JUNGLE,610,2,2,-18,-276,0,-0.02652336334830499,-986,0.019626896694086016,3367,-0.072072072072072,5
KR_7571910268,2,100,FP15_huH53Pv0jQBtqGG8WG1F0ADbgWGry4yKdAqbrTEr2qSoLF3c_gbAJQZEw9OgLtTaZqlfXORZQ,Ekko,JUNGLE,-875,12,12,-35,-1637,0,0.1047799167409949,-585,-1.252608477882303,1759,0.33333333333333337,-5
KR_7571910268,7,200,auy8c0SCxE0KF5XzGVzHPhh8h7f6v6AkM3n2BU0j0Dpx25K2dqLhambkF_0PwUIMfe7tQ_oceV-pjw,FiddleSticks,JUNGLE,875,-12,-12,35,1637,0,-0.1047799167409949,585,1.252608477882303,-1759,-0.33333333333333337,5
KR_7571910268,3,100,_TIuk8JS8osSZ_Qs4szd51D5QlvE0C7wQEu5t69l1Cq8diAVUKFenqZGMqTAcHKPX7jghflM1otb8A,Malzahar,MIDDLE,474,19,19,0,62,0,0.1295405656350873,75,0.058384134296883605,-11227,0.1388888888888889,0
KR_7571910268,8,200,LmWtS_qlxEB8jW1QuJ4341bIvULVana49vkQ_swmmFxYeMJTSkE1DPt0ixzJTnsaK929qE_JSeTFuw,Yone,MIDDLE,-474,-19,-19,0,-62,0,-0.1295405656350873,-75,-0.058384134296883605,11227,-0.1388888888888889,0
KR_7571910268,1,100,nQCASr6V10TNV1_1qdTlyPhj4935ToVRRRFyV17VBgEYNUqv_WI0PTHlSJXTLglFd40Ekz1RtiydGA,Fiora,TOP,-907,-5,-5,0,-668,0,-0.2015745442736406,-2140,-0.3113602423835822,13407,-0.36111111111111116,-13
KR_7571910268,6,200,mzkbs0oYz9-wRs_-2s-HjwZBHIGV13IFbmrU53jot4H4p21_hs1w4g4jJgOsxpDTbMvnTyzWEGa6KA,Kennen,TOP,907,5,5,0,668,0,0.2015745442736406,2140,0.3113602423835822,-13407,0.36111111111111116,13
KR_7572009848,9,200,mJC5deHpenB18-ecI-OBPXEQ1rLXCUl-nT_BzjhPvGPbmA7iXdmf6Kd8zbwuBoqc3-LBuvSQAzvMEw,Varus,BOTTOM,980,76,76,0,1323,0,0.11639016150052398,9551,-1.7913473203154582,2312,0.12,6
KR_7572009848,10,200,jvt8nrlY2Rp1ruKRrpPTpJY0NYqXeCh0zmOE0hy3XQomWVKHxE10DHOVJz4mu7K4IMk-0ZKdsaZORg,Poppy,BOTTOM,-980,-76,-76,0,-1323,0,-0.11639016150052398,-9551,1.7913473203154582,-2312,-0.12,-6
KR_7572009848,2,100,VOMkrFdii0o9enYqaxiU6Ui2pvZtTmLuxBZYU1egr-kBSqzniv75ctDzwMk40kqJUR-iTulXjEn3Aw,LeeSin,JUNGLE,400,5,5,-9,-212,0,0.05524427645159688,-698,0.05335915893366949,3116,0.27,1
KR_7572009848,7,200,hRmWO2CXVkAqXyjYGp8K45AGgpRHVuL3uTNThN3G1FsLtjo-Y-oFmym8s2Rffvfuun2lNlw4LcECew,Vi,JUNGLE,-400,-5,-5,9,212,0,-0.05524427645159688,698,-0.05335915893366949,-3116,-0.27,-1
KR_7572009848,1,100,x0h7xFKtrsBodAiTMn0aJ32UtKHXQO1_wE2z_D7oqzx1VwWtUkjC0UIr5_mj03mwmMzGVbIzFny6_w,Gwen,TOP,-481,-5,-5,0,-432,0,-0.08834822143636159,-2902,0.1389336911423813,4544,-0.27333333333333343,-5
KR_7572009848,6,200,DQqyOxAqcN4HTfulHefYWNjXwpMMfDYTuOiATpw_Yw1tRDB9pug9yG4dVZpoPOluCvCYi1NgFbvY1g,Jayce,TOP,481,5,5,0,432,0,0.08834822143636159,2902,-0.1389336911423813,-4544,0.27333333333333343,5
KR_7572148034,2,100,a4dY25Qz7CJlyuKpYuZoLeaCns40sQJDFHf5SPosso-EQHqAe3h5EC_SRT_WxNriHcYZJiGuO-KMSw,Kindred,JUNGLE,-727,-8,-8,22,1045,0,0.016675889925083315,451,0.2054635253407302,-12188,-0.22023809523809523,-5
KR_7572148034,7,200,JRoyw2RQS7vxG2-XdtEv441PMwL2fNqA6honmfHOdi-2o8U2jMGyQYowGQ1-iNftSID8st6cFF8svw,LeeSin,JUNGLE,727,8,8,-22,-1045,0,-0.016675889925083315,-451,-0.2054635253407302,12188,0.22023809523809523,5
KR_7572148034,3,100,AsP8SbZUJn516zDmdP5iZNuPnd1acy254SZwwa8WrIpsSXdx6hQwdyXa6-oxDvtFN-Zrp4O0ymiC4w,Ekko,MIDDLE,155,-9,-9,0,-278,0,-0.07559023929919467,5210,0.11658652384220725,36126,-0.1964285714285714,-8
KR_7572148034,8,200,_Rk9DztOxqkLO06w_cDz9AlHJ1uBbC8_Sv-zidSC2EuDuqIJ3_xClKKXZlAq_FBQR8IY3fqFBpQeag,Xerath,MIDDLE,-155,9,9,0,278,0,0.07559023929919467,-5210,-0.11658652384220725,-36126,0.1964285714285714,8
KR_7572148034,1,100,CyiOhYCuw1lABxkDW4IKUWTz-UQsKkGC-drMHoXsL38GreXF1KhBYtJJgUQ5tJ8e4M122LsPATVTNw,Garen,TOP,437,11,11,0,472,0,0.0931868933618836,-5523,0.06967611469007018,-5847,0.293154761904762,8
KR_7572148034,6,200,T8tLvTlFi379ZYVL8ZDM8BYF9GRQcvQqevn8Zs3Qqdvj4bdkG0u2M0FnmEPVfw-YZPW7We6vQeH1Qw,Jax,TOP,-437,-11,-11,0,-472,0,-0.0931868933618836,5523,-0.06967611469007018,5847,-0.293154761904762,-8
KR_7572308448,5,100,5iyXobLS4woqVPQzl3NCZODMBawHRNhSATVSPoUOihSEli1qEZtOB0ivAKeej3ogHKbRwcKtnOBcDQ,LeeSin,JUNGLE,-88,2,2,-18,-785,0,-0.042741170478435314,-1296,0.3364569023390962,-319,-0.014285714285714235,-7
KR_7572308448,7,200,L_Py32IHIEejMwFtqYGtmo2feGiwKTERXUkkXLfLWpDjciEU6LEYVTo43XNB2wqrW_2WRBwHsPubPQ,Hecarim,JUNGLE,88,-2,-2,18,785,0,0.042741170478435314,1296,-0.3364569023390962,319,0.014285714285714235,7
KR_7572308448,3,100,BNkwlw70xQLOdSAj_70JRLHnSePwLdAynzdsrWYlljr0F7hGK6DG7oFt1XcyZeqHVZ9-iAC4-7d3-A,Hwei,MIDDLE,-540,-2,-2,0,536,0,0.029217314515018605,-8477,-0.09929696095971241,-8365,0.2571428571428571,-3
KR_7572308448,8,200,gjwfaDu5OPm9_-Y-NgIQSOD9cpg-UXD0vOncH4RhGtiUHvLGpvXi9ddQw5hRVe1OcoWJsyQ3N5_Guw,Yasuo,MIDDLE,540,2,2,0,-536,0,-0.029217314515018605,8477,0.09929696095971241,8365,-0.2571428571428571,3
KR_7572308448,2,100,G-9Qi6CG7f_bhQHiyifLMh9_B7zzt64rf2RGIEYzRPB9Vrz6wy98Zsp1P6Y-aXeL8B4w3TsHcaGZfg,Maokai,TOP,-1307,-54,-54,0,-1226,0,-0.05414194412042439,-10085,-0.03419343714593859,5919,0.02857142857142847,-5
KR_7572308448,6,200,OiY1PrUcNcBl0OtJ5w0dotWKL5pRGzho3L6tiZR25ileGE9ayK4mPT7JAonniSR5SAiUVgVSSqP6Jw,Gangplank,TOP,1307,54,54,0,1226,0,0.05414194412042439,10085,0.03419343714593859,-5919,-0.02857142857142847,5
KR_7572483405,2,100,_0WMMg3NGaXMmt2EzGipHy5ug1DCBvT5mwjQPR83S3o74aE1XrQlp0itveLKPzuBYc640We9n8tRAA,LeeSin,JUNGLE,416,-3,-3,6,209,0,-0.013531394779442013,644,-0.07374484026020389,-3624,-0.2272727272727273,5
KR_7572483405,7,200,hv0UoBxRcOnNiZ_a4q9Y49I8Z5w0_Mz07p0p6TWa26fVytV-YWRuPMx1V6PEP6ENY-zsFoXo0KUeeg,Vi,JUNGLE,-416,3,3,-6,-209,0,0.013531394779442013,-644,0.07374484026020389,3624,0.2272727272727273,-5
KR_7572483405,3,100,qMn-RlPY-Xq-FD5uyrlQldTt40NmSfLh9FXIVziJZWvM2qIkQ4sNPV-eQ94TyRz7DyWRQiqBC1jb1Q,Neeko,MIDDLE,-93,-10,-10,0,-8,0,-0.13778978034656889,3254,-0.5308086858416202,-8280,-0.34469696969696967,-2
KR_7572483405,8,200,FhqfbzQ8sMCIY8Qk15FuCF3oc6dY7jLE0s6H3T8hv4PBpEDsX8zTaALNCA5cFi7WVHavIZlrelOhnA,Galio,MIDDLE,93,10,10,0,8,0,0.13778978034656889,-3254,0.5308086858416202,8280,0.34469696969696967,2
KR_7572483405,1,100,w6CbUENZw6X8prWwxeBN3mEZyu2FkQqPnfSBaKHSjtHJF81rOZt7fpQDpu62dt5zBsCIewxJ45W8qg,Renekton,TOP,1553,26,26,0,1206,0,0.171206660220866,1460,-0.01794583240406411,6988,0.5340909090909091,5
KR_7572483405,6,200,WzAJn9saCN7wVjo5ghnXBFCt2U54EOyygl7RS1skHxXYP7_coK7Bs0mp2VCjg5K4sdx5zicB6FQu4g,Fiora,TOP,-1553,-26,-26,0,-1206,0,-0.171206660220866,-1460,0.01794583240406411,-6988,-0.5340909090909091,-5
KR_7572609101,6,200,DQqyOxAqcN4HTfulHefYWNjXwpMMfDYTuOiATpw_Yw1tRDB9pug9yG4dVZpoPOluCvCYi1NgFbvY1g,Gwen,TOP,81,72,72,-82,587,0,0.2097102212871233,2494,-0.528228791328239,1455,0.045454545454545525,2
KR_7572609101,7,200,Ob3ybx-kURZ5PWEq8P1CBzdJhE1rPg5N1xkDJ06Z3iOKcy52gwYhkVqKKD-hA8OzFro5dIE3hTX4EQ,Volibear,TOP,-81,-72,-72,82,-587,0,-0.2097102212871233,-2494,0.528228791328239,-1455,-0.045454545454545525,-2
KR_7572682064,2,100,eatUj6rxaF2Xg3pcak94auX-TQQvzRs8pB8ZAiuQbkQubbRXhjF6KhmTupV_0GtbluXD-_W5agUZ9A,Vi,JUNGLE,-705,-5,-5,-7,-444,0,-0.057692733414148795,-453,0.37572489242314067,1045,-0.040740740740740744,-4
KR_7572682064,7,200,lzXAUGcPkHXtpt8ESwzLeVMV6ea-YfhCdmlFlnxas6IbRka1bnq1ftEIoHGboM_NJqJT1y56EPjeQw,Naafiri,JUNGLE,705,5,5,7,444,0,0.057692733414148795,453,-0.37572489242314067,-1045,0.040740740740740744,4
KR_7572682064,3,100,e-YAcXIvfMj9HsZMHyaGFYyRDDyEn0bLgf8kImpiI31B5K8PGcUReBxcgQsAOjKb2Z_f011aETDtTQ,Neeko,MIDDLE,-1156,-11,-11,0,-291,0,-0.0023114699742763922,-355,-0.3634095153162443,-7251,-0.14444444444444438,0
KR_7572682064,8,200,9fOOg_e_RMc8UuroIibRo0laoRmHv458W7ozRt9Egp1MAw1OWRGNTnP07bvaDSdzNi3GBFQcD7REMQ,Sylas,MIDDLE,1156,11,11,0,291,0,0.0023114699742763922,355,0.3634095153162443,7251,0.14444444444444438,0
KR_7572682064,1,100,3VSTkmubjfBTvqeFqW31xzK0L1jKO-Gj0O_cPCq-q8N2YAsnJqnUScLN5HuJ88wvCS105qabckDndA,Mordekaiser,TOP,369,15,15,0,594,0,0.131068798020036,-8624,0.13295010334356516,13274,0.10370370370370369,4
KR_7572682064,6,200,iREDaSX2Xff8qOvfKLhhd2sL9hayxegtOvSNnvU39vHWl40b0WMYlONtgXw-ZKiiimovvXlnq0tOwQ,Rengar,TOP,-369,-15,-15,0,-594,0,-0.131068798020036,8624,-0.13295010334356516,-13274,-0.10370370370370369,-4
KR_7572743236,2,100,IF7Dk9pDqiP5ohuSPpWqhKSbnpdPGiUH06_KeMXuZ3Tv0LpLNe7Yis3D5ZOyKnmQag6oIQSPbtxfGQ,Viego,JUNGLE,-554,-1,-1,2,-8,0,-0.0430346999909986,0,-0.3120454819545393,-5561,-0.09342105263157896,-1
KR_7572743236,7,200,4pAcnYzDn2fxDWfkJzJVxXOmMC-aOOE2Go9aGKs75njiw8E_JOY9HmRYGrM7dwdnztB_v-RhPi9Y-w,XinZhao,JUNGLE,554,1,1,-2,8,0,0.0430346999909986,0,0.3120454819545393,5561,0.09342105263157896,1
KR_7572743236,3,100,kwR20fQz7i2n1sXCy8bf_qyqRR6eAyz_5X2C55FIzqMKaTGAlf01ox5CnlhP22Hqqk75JCzAksS4_w,Galio,MIDDLE,-399,-9,-9,0,-507,0,-0.03986286020026131,2737,-0.2886253285444048,18871,-0.28421052631578947,-5
KR_7572743236,8,200,_Rk9DztOxqkLO06w_cDz9AlHJ1uBbC8_Sv-zidSC2EuDuqIJ3_xClKKXZlAq_FBQR8IY3fqFBpQeag,Xerath,MIDDLE,399,9,9,0,507,0,0.03986286020026131,-2737,0.2886253285444048,-18871,0.28421052631578947,5
KR_7572743236,1,100,kto-nUpd6AJiA6zOpFMt-k2yj61rr8dnul-MJ0KpBi2798PnlGaQ3ab729z13-fhqteKDNbIckVTbQ,Jax,TOP,82,19,19,0,110,0,0.0804364710433669,-7582,0.02970372079261485,-2481,0.15394736842105267,-6
KR_7572743236,6,200,qXWiD9Qrm-rUXcR_qJoW7AX6c0ZTg_WO0xWJ6-TvpHFqmINm00J4leSMMFMg48aBZ5-2SxCymGzQBQ,Kled,TOP,-82,-19,-19,0,-110,0,-0.0804364710433669,7582,-0.02970372079261485,2481,-0.15394736842105267,6
KR_7572889318,2,100,B_wpu2Rfpfdc6YMRGCQXkiOSj8O57joLtlmsPwJ5LhXZHXoeYpXaWOwmef1ZJMd_EuPegDfwuGC8ig,Elise,JUNGLE,1645,0,0,10,767,0,0.15213993716435653,1022,-0.2981503096905216,-1844,0.20879120879120888,8
KR_7572889318,7,200,1hUSCvjIrF9AkH1r_mqT-Pgqh4qWXiXQ_Q02icAJXT7rAZ9TlmqI9rga1EEOW5IKOlbE5sBeKPbM2w,Vi,JUNGLE,-1645,0,0,-10,-767,0,-0.15213993716435653,-1022,0.2981503096905216,1844,-0.20879120879120888,-8
KR_7573001403,2,100,EJDJ1EEb3vtOGDYzAwFjBpUjLd72nMIMGrKYTQRfNr5GVqvpVU3EpPaUgDVaIWlR8Y8J3g4buzcZvA,Vi,JUNGLE,-1367,0,0,-6,-258,0,-0.1262896033415282,-1377,-0.4296648658678588,4360,0.13947990543735223,-17
KR_7573001403,7,200,RQl_TgEjk6QX60_CHI-fFTHEBOB_6Ug9sFSPQ7el3wCtZLOjObHixiICNGdT8wx3gBy3gMnl2ZlugA,Kindred,JUNGLE,1367,0,0,6,258,0,0.1262896033415282,1377,0.4296648658678588,-4360,-0.13947990543735223,17
KR_7573001403,3,100,UZoRnqAI2ZXPiTlmw2Rz_hNvmRjCsL_EWwTzbINjObclAhWjsn-6AoEyn7j5nq7phzCKWA0dcE-r-w,Galio,MIDDLE,479,-7,-7,0,-192,0,-0.030350203577404394,-5080,-0.24061036512032485,17972,0.08392434988179664,-7
KR_7573001403,8,200,LmZSUh_1nlXvA4xR0lkgPapofRBtRGSnJWlcD0Q4b9c4fp8GGogI2Exrx8dQnUXSP85J11xWU2aYVg,Malzahar,MIDDLE,-479,7,7,0,192,0,0.030350203577404394,5080,0.24061036512032485,-17972,-0.08392434988179664,7
KR_7573001403,1,100,bkr0wh-4L7ElAVwDlKD6JQP1bPexSP06j6nZg1ZBLrX-FOnNmiQXRqJlIw4EhHyo6mDMznAGwV8lZA,Jayce,TOP,517,19,19,0,528,0,0.13649695347420301,1418,0.15360535985273904,1569,-0.10874704491725773,3
KR_7573001403,6,200,Qd8eJM9xhdJQcLU9TqVKbPuYmHYTf9ybwjERP2Yn0BcYkUFLydhgTWDv6RqRWY7dx0X6QLmNEdwmtg,Karma,TOP,-517,-19,-19,0,-528,0,-0.13649695347420301,-1418,-0.15360535985273904,-1569,0.10874704491725773,-3
KR_7573120514,2,100,d2zC8OEgWb4ysKl5zLUMMfq9m1k_BKdzOFHfzqFtK1IpSggKYTucaSARlT23tzHiLOScwITssqhBsA,Naafiri,JUNGLE,176,0,0,7,334,0,-0.03676293164873759,-1735,0.1924911704508896,-6653,-0.23691860465116277,-5
KR_7573120514,7,200,EtsneL9NHGA1jc4i6TWI0hzv8nhtGoaWf4sREMwOABt2GQMd1pUjW2g0NC91pZUxMEj7uGvSL7PHYQ,MonkeyKing,JUNGLE,-176,0,0,-7,-334,0,0.03676293164873759,1735,-0.1924911704508896,6653,0.23691860465116277,5
KR_7573281097,2,100,j7TxsFgO9-YYfJpEQ81Y_3V4lIjXO3aK7YvziDx9G06wUJq3D-pKzV8FmEG41Ly6yzqGsb90rdysuw,Talon,JUNGLE,1233,-1,-1,4,606,0,0.0928060040696159,574,0.03352793416367539,4116,0.3246753246753247,8
KR_7573281097,7,200,g5Np9PJ49io_MIbasRrBmEyOZv2zW9MisHw6Gj5ncteEei4zynsECmfMZ0e_WxILp7iAeSWccChC6Q,Vi,JUNGLE,-1233,1,1,-4,-606,0,-0.0928060040696159,-574,-0.03352793416367539,-4116,-0.3246753246753247,-8
KR_7573281097,3,100,7V2RNguHCy1dNaOx63_DQUrHQ0yrIP6HQjgFkCshWXnhl42fg223_O0Znq8Yf_9D4OHH832x_iQ0qQ,Orianna,MIDDLE,663,20,20,0,585,0,-0.045998578577158805,-2911,-0.008496300247960553,-1081,0.019480519480519543,-5
KR_7573281097,8,200,oQdZxzf3OMvD9SazjuO9PyhAQNTbKlweB8mIf4uB-O0vLA4z8gHmX7DjTaQOkXHw2Pbe8WScpK9dKw,Syndra,MIDDLE,-663,-20,-20,0,-585,0,0.045998578577158805,2911,0.008496300247960553,1081,-0.019480519480519543,5
KR_7573281097,1,100,kzpWrbVMRCg2DcYWlhnIRWqlCFJifabFGj2XuLw86sGtF4_gxBg7bSdy_5oq9h-BPuXR_flu6wsgVA,Garen,TOP,662,12,12,0,365,0,0.04859405035498854,3109,0.31308745032512075,-3200,0.11688311688311692,7
KR_7573281097,6,200,HFlni_O450TSWHHfgflgkxEq21A2_mRtywpBBE2JhKZKELW8xsgYVLMguTFWs1g-I2erllW-8KwGxQ,Gragas,TOP,-662,-12,-12,0,-365,0,-0.04859405035498854,-3109,-0.31308745032512075,3200,-0.11688311688311692,-7
KR_7573463407,3,100,_ejWy88cj6_JMIhiBi6kkJtRefxkNwU6iTz7uYEaI-iuUSY2dKndZADQkLfFqpsbYhTDnpQ4Y58VVw,Diana,MIDDLE,-175,4,4,0,577,0,0.02965906716840902,-326,0.1171121441470726,8232,-0.14,-2
KR_7573463407,8,200,_Rk9DztOxqkLO06w_cDz9AlHJ1uBbC8_Sv-zidSC2EuDuqIJ3_xClKKXZlAq_FBQR8IY3fqFBpQeag,Xerath,MIDDLE,175,-4,-4,0,-577,0,-0.02965906716840902,326,-0.1171121441470726,-8232,0.14,2
KR_7573581094,2,100,EtsneL9NHGA1jc4i6TWI0hzv8nhtGoaWf4sREMwOABt2GQMd1pUjW2g0NC91pZUxMEj7uGvSL7PHYQ,Vi,JUNGLE,-676,2,2,-2,-156,0,-0.152756103303723,-3295,0.6642268634303823,-7855,-0.2087542087542088,-5
KR_7573581094,7,200,csfUtzW41ZlGTyqeZbx6Hgobb3u-8MAosee_qGAQz8TRwJFiTZyDkg_STFOagV0pq4GZtunJonXsZQ,Lillia,JUNGLE,676,-2,-2,2,156,0,0.152756103303723,3295,-0.6642268634303823,7855,0.2087542087542088,5
KR_7573581094,3,100,_ejWy88cj6_JMIhiBi6kkJtRefxkNwU6iTz7uYEaI-iuUSY2dKndZADQkLfFqpsbYhTDnpQ4Y58VVw,Diana,MIDDLE,-404,-9,-9,0,-238,0,-0.0405781919490136,-10352,0.09340922348077141,-488,-0.2121212121212121,-2
KR_7573581094,8,200,yuoduo9Kib_UXf696-aqv_loPuGtYxwmEs3XkZHZhi2Apde8BG86v14EDBgIRsKDu-p7Z91JkUaX4g,Jayce,MIDDLE,404,9,9,0,238,0,0.0405781919490136,10352,-0.09340922348077141,488,0.2121212121212121,2
KR_7573581094,1,100,kto-nUpd6AJiA6zOpFMt-k2yj61rr8dnul-MJ0KpBi2798PnlGaQ3ab729z13-fhqteKDNbIckVTbQ,Ambessa,TOP,368,10,10,0,204,0,0.029102477489837186,-8569,-0.3503829826770022,-5505,0.2727272727272727,-1
KR_7573581094,6,200,9hmqRemwitzcQFyD-FFnzOHWj4Ovt6oIIQoAfSH3mW3poVoTSolkdKAr9IDO_TgKv_GQl1DRsv5sRQ,Nidalee,TOP,-368,-10,-10,0,-204,0,-0.029102477489837186,8569,0.3503829826770022,5505,-0.2727272727272727,1
KR_7573660758,2,100,0h_0AffR5Nl9Mh990A4qL3bwoztkPv5xEdFd5hpJbXEZsKQUnYU4V9xBZI2cGP-s8iWWTMs1kQO85A,MonkeyKing,JUNGLE,1002,1,1,5,501,0,-0.023077103044213287,5472,-0.3820432305527318,-1942,0.02079002079002079,7
KR_7573660758,7,200,csfUtzW41ZlGTyqeZbx6Hgobb3u-8MAosee_qGAQz8TRwJFiTZyDkg_STFOagV0pq4GZtunJonXsZQ,Vi,JUNGLE,-1002,-1,-1,-5,-501,0,0.023077103044213287,-5472,0.3820432305527318,1942,-0.02079002079002079,-7
KR_7573660758,3,100,Mu-t7fC1a0-ztSi7VGyjw0TI_B1vCFMWxSyaVjk9WeeL2efDuuSsGBj0a0JC2iOFfuiRiBpQoVVFXA,Zeri,MIDDLE,821,27,27,0,791,0,-0.0710071834598531,10718,-0.0394953642313971,1668,-0.2640332640332641,3
KR_7573660758,8,200,_Rk9DztOxqkLO06w_cDz9AlHJ1uBbC8_Sv-zidSC2EuDuqIJ3_xClKKXZlAq_FBQR8IY3fqFBpQeag,Xerath,MIDDLE,-821,-27,-27,0,-791,0,0.0710071834598531,-10718,0.0394953642313971,-1668,0.2640332640332641,-3
KR_7573660758,1,100,GtlfC1FAkAPlnrdoI5cigQLUT7IL8UM2_GHKa1tTqm9pmDch0M1bGIewz2WZSyWHBJIkCkjNuW01qg,Rumble,TOP,1610,28,28,0,1616,0,0.08799998202023618,10614,0.29823716004705153,-9699,0.04781704781704782,6
KR_7573660758,6,200,ca1nG25OwQynj32C_ZQJ7aoGjZLKFMduR2ZcUjlfiUNKFR02lLnwyxtXaCOWk8yrvcYMg2Pj5DS2tw,Irelia,TOP,-1610,-28,-28,0,-1616,0,-0.08799998202023618,-10614,-0.29823716004705153,9699,-0.04781704781704782,-6
KR_7573728409,2,100,H2WsjmGyeHwFby_g36tkuRh6BZlfDXgKDjM1XwPIi0YPCnXAOSCa23mKapkQWCV9pZa0NACq7BBe3A,Taliyah,JUNGLE,-156,3,3,-18,-887,0,0.0911639872503417,-1240,0.08069926170694952,-27760,0.22500000000000003,1
KR_7573728409,7,200,D_ogqZdx8VVfKeR76LFNGM_SuU_wbur8XUewCF_j3ppmEXz02mLVnRoU5DVQZKgUlx5jKwX46hD8Tw,Viego,JUNGLE,156,-3,-3,18,887,0,-0.0911639872503417,1240,-0.08069926170694952,27760,-0.22500000000000003,-1
KR_7573728409,3,100,T9uvQ6NOQfD2rICW0JcxayJ7xSa6-lkxE7-UozscY-NO1CBEMkhWpM9qLHV9zQdjwENfjSQzJRYA-A,Corki,MIDDLE,355,32,32,0,977,0,0.019216066988119396,9260,-0.13085799213890903,-3466,0.09999999999999998,4
KR_7573728409,8,200,umeuuYX84-0bfGwq2Fq-GH8juhEDWZ9ZQmdV10lQ9Y0CTtAfymCWJlJplLME9Lbv0Ff2ozVsmDbAWg,Ekko,MIDDLE,-355,-32,-32,0,-977,0,-0.019216066988119396,-9260,0.13085799213890903,3466,-0.09999999999999998,-4
KR_7573728409,1,100,CPIqHUdYvN6ENJyt01KdA35PprwHlpb4xUqW7D0-Z868jE0lyh3qD7ZanjoaKTfgvGU5knWtidBWDQ,Camille,TOP,-627,1,1,0,-434,0,-0.04322667277831718,-835,0.49008230516297635,-5116,0.0,5
KR_7573728409,6,200,pTxooFeJdHHLvQxjKGGuqkh7Z2bW8-z1Qv9JR9vovlBrwJXGRWRV9ELDj8cBLu7xK2NURVmQWV-fqg,Fiora,TOP,627,-1,-1,0,434,0,0.04322667277831718,835,-0.49008230516297635,5116,-0.0,-5
KR_7573861282,2,100,_7e5xVnfr3Bc-_w3pn4BBnDV00Ai_60tvwIHKgNkqFnVg0iIdNMg22E59a5KJS0rmJjiUtI-i6rBvw,Graves,JUNGLE,-99,0,0,0,-352,0,0.1146993386062286,-3015,-0.12308752586038296,-11652,-0.04097646033129898,-2
KR_7573861282,7,200,DCa1wKEa-FcZBC5C-WfI5rmMceUwBDNSiFcd5QfMkOkiVuNf3gFhqxvpwGv8snz6NnC31eqqTe6Ybg,Hecarim,JUNGLE,99,0,0,0,352,0,-0.1146993386062286,3015,0.12308752586038296,11652,0.04097646033129898,2
KR_7573861282,3,100,d8jncrBiT5gGx5wV6YTfJUHZGBnXeeGYF03AG6LUsnbvvXnQ18Oa1RYrD6_Y0HLP7HiBrhvoWzievw,Leblanc,MIDDLE,532,-1,-1,0,-26,0,-0.0528964168826416,-2280,-0.3659437259750466,-5599,-0.04620749782040112,3
KR_7573861282,6,200,fdPLem4jgijosrvTtIV0GUyC7cJ4V-Bhz5n2G_PCkTvEckFAeVWXUgcfjxhvWBYJmr953IZ1ZprPPg,Ahri,MIDDLE,-532,1,1,0,26,0,0.0528964168826416,2280,0.3659437259750466,5599,0.04620749782040112,-3
KR_7573861282,1,100,kBlXqbCg0JQhPJnaG14VOJbozNdKWgeUwZdfgmgWIYfEvhts2OmOOUbtue940niq7n2e892d1BZz9Q,Warwick,TOP,980,9,9,0,852,0,-0.06349096521868139,-5636,-0.42300001463392617,11162,-0.1857018308631212,0
KR_7573861282,8,200,_DKgDwSP-K86PNHynr_ru8gGl-6RA0Qaec4kmiKwsd61M6UOOTq_87PbtLWK9yO7lu_Ay6c9hug5Yw,Jayce,TOP,-980,-9,-9,0,-852,0,0.06349096521868139,5636,0.42300001463392617,-11162,0.1857018308631212,0
KR_7573954801,2,100,SfZfSidvBdad7m_KrXHro232q5VtK2QnnFn4HuideJVRO--0jOD9y-iwOCqXT02POYofADWbvurxxg,Talon,JUNGLE,-570,13,13,-17,-900,0,0.046002704951015605,-707,-1.588371695258558,-586,0.07792207792207795,-1
KR_7573954801,7,200,DA8-N6ZT7Z_K5DfIh9fsLLIL2ZHbgYS7B6MPpRMTlbt8E_wQPeVI-QGqzNBlwcysV4U5sQZYs3wI1w,Nidalee,JUNGLE,570,-13,-13,17,900,0,-0.046002704951015605,707,1.588371695258558,586,-0.07792207792207795,1
KR_7574085050,2,100,a7Bp3oGLHNVKG_ZgwRXi6Lvh2UxZxO4N1q3DIPgKB3YmVhdwu8ldBQAIfLnV638TTi3dOsfn-w-2rg,Karthus,JUNGLE,1420,-1,-1,28,1459,0,0.28313167722568944,5100,-0.3844102373888223,16816,0.1470588235294118,10
KR_7574085050,8,200,SW-d-OWnYifXRrifVioHx1O1qZVwvVZcNMhWmbXUNtLO4sQjVSMIt5_ATSWLUebMW8zr8mwWIRElWg,Ivern,JUNGLE,-1420,1,1,-28,-1459,0,-0.28313167722568944,-5100,0.3844102373888223,-16816,-0.1470588235294118,-10
KR_7574085050,1,100,jBA0fZaqQpvhbtX9vkyIoWD3WhGTm39l8YzprvhxhVdbzW9qLCQHMPnL_6-G2y_Y-Fl4DDhpFYHIqQ,Irelia,TOP,582,21,21,0,805,0,-0.17472032366877369,-8575,0.01584521255371696,5105,-0.3415032679738562,-5
KR_7574085050,6,200,HtG0xcTE41YCbmHwUpwQ7K04gbVLcpxSp88uVd3s965nnp2Kwt-uC5DkF66mqPQcM-lQGRDccn2jHg,Jayce,TOP,-582,-21,-21,0,-805,0,0.17472032366877369,8575,-0.01584521255371696,-5105,0.3415032679738562,5
KR_7574259140,2,100,VAdI2kgrFJnSVZUb5zL1GEtOr8n8NEYUj6ubaiOWNaAzdu6Yesb3AD5S9VGLx6qHsID_Ye1ZST8oyA,Viego,JUNGLE,345,0,0,15,522,0,-0.10059104087521498,-729,0.4071311414492693,17141,-0.019056261343012748,-2
KR_7574259140,7,200,aY9QqxpbLC4pZiI9AiPiEoAvF6jZEwvL35i90un3vY7Zb2X9R5rVkSUA2jT4Umacj_ytg-ajLbSi4A,Zed,JUNGLE,-345,0,0,-15,-522,0,0.10059104087521498,729,-0.4071311414492693,-17141,0.019056261343012748,2
KR_7574259140,1,100,_IDoagFxk4Sba9krxqIOMFU5NiyVehQEfVRUciyMHZwLxlSj28mX_iMT_vUTFtWQEs-nzlxNpdHdNw,Vladimir,TOP,-402,-16,-16,0,-856,0,-0.023645782893187806,593,0.18245134784481332,-2952,0.13248638838475502,-1
KR_7574259140,6,200,JJgJJ5y5EPpv7Id-KlbSHoJdSCyZLGTOjg94nAPf4UYrZIXOV1B6C9pDqW_uxjCy8eiB5nc8UHz5XQ,Mordekaiser,TOP,402,16,16,0,856,0,0.023645782893187806,-593,-0.18245134784481332,2952,-0.13248638838475502,1
KR_7574441621,4,100,FLZD81HxTWTs9p_MKK4SVEpqRWI5eqsKRz33qJtK1_nJ-6SeN3SPX949iOofc8Q1oL4AjwRQcezbxQ,Ezreal,BOTTOM,998,73,73,0,1386,0,0.26963766189523153,12277,-3.528869896521071,4456,0.02564102564102566,6
KR_7574441621,5,100,FCN7fOUan3rumhRL8Mrs0dFvSD5xoFIl7iA-ZjUxFJEPNm4w4qbyxKF_0OXS5Qh8RmUAAupZfnC84g,Pyke,BOTTOM,-998,-73,-73,0,-1386,0,-0.26963766189523153,-12277,3.528869896521071,-4456,-0.02564102564102566,-6
KR_7574441621,2,100,D_ogqZdx8VVfKeR76LFNGM_SuU_wbur8XUewCF_j3ppmEXz02mLVnRoU5DVQZKgUlx5jKwX46hD8Tw,Viego,JUNGLE,-778,-1,-1,-5,-101,0,-0.1389692668976915,945,-0.39621086130618677,13660,-0.20512820512820518,-3
KR_7574441621,7,200,YC5fatCdHOgo9LlnaDliBR0MrGK_8QIFFdPhUMj2fHGMf2ZSgslFoU5sQG_oqVDuBpJS8jK1iHzvEw,Graves,JUNGLE,778,1,1,5,101,0,0.1389692668976915,-945,0.39621086130618677,-13660,0.20512820512820518,3
KR_7574563302,2,100,8rAjYoa_nSx3wXyVxYCA_A9MMtp3xdgYzfsLi-it9iJYQ2zgbzORQjoCqCY1sKOWujmnS5jEBFwS_g,Pantheon,JUNGLE,501,5,5,9,548,0,-0.010104910046704385,-126,0.25253078153806174,10039,0.10859728506787336,0
KR_7574563302,7,200,hRmWO2CXVkAqXyjYGp8K45AGgpRHVuL3uTNThN3G1FsLtjo-Y-oFmym8s2Rffvfuun2lNlw4LcECew,Vi,JUNGLE,-501,-5,-5,-9,-548,0,0.010104910046704385,126,-0.25253078153806174,-10039,-0.10859728506787336,0
KR_7574563302,3,100,Mtx_VNPlTplGiS6laM427EBPUy290BbFMlQX4BlkD-ZtMryPuqu5Fdk8l20ipK74ED2jlIIe5RH5_A,Ahri,MIDDLE,-746,4,4,0,-19,0,0.012865635921265217,-3108,-0.07056966327537784,2030,0.009049773755656076,-5
KR_7574563302,8,200,eYWJrdgWpc8u6whWWg4pxW-PhTO5cJOCvZ43eZENunowFDmOttqTQI-t2TD0qfRm896Vy2rnTBbjGw,Zoe,MIDDLE,746,-4,-4,0,19,0,-0.012865635921265217,3108,0.07056966327537784,-2030,-0.009049773755656076,5
KR_7574563302,1,100,4pAcnYzDn2fxDWfkJzJVxXOmMC-aOOE2Go9aGKs75njiw8E_JOY9HmRYGrM7dwdnztB_v-RhPi9Y-w,Fiora,TOP,-278,14,14,0,90,0,0.07623490309498329,60,-0.12108832981436712,11390,-0.07239819004524892,-3
KR_7574563302,6,200,s8I4VU18j-9pR_kPiF30pgvF8zppxn0_T3qJhWw6jEzEPanMx4dQ7YQIVWD3k8v1lXerZgtBDIo6QQ,Gwen,TOP,278,-14,-14,0,-90,0,-0.07623490309498329,-60,0.12108832981436712,-11390,0.07239819004524892,3
KR_7574636209,2,100,YXVADsoNjzOCqwtLmajvwOrULG3phj7duQHBL7BuX8iIVuS3K9CB2aipiW4vho4gE5x5k7bq_BatHg,Poppy,JUNGLE,1122,-5,-5,7,348,0,0.005109358082098697,1670,-0.05422074500126217,-8989,-0.12683823529411764,-3
KR_7574636209,7,200,TgcCM_ehekE5SxEnqrVyC96hJf27vqRDOCpx_wcawkotnb6XMMCuvZWgBcEuGmFD6mw5fgsg46RmUg,Vi,JUNGLE,-1122,5,5,-7,-348,0,-0.005109358082098697,-1670,0.05422074500126217,8989,0.12683823529411764,3
KR_7574692983,2,100,bqqX7zhnihpWSc60vHDUrrblNXMAMCK4JUCuKQy628hAxUQ0uoqVqeKx4My0FmPc2gn1pWZwueOOow,MasterYi,JUNGLE,485,2,2,20,1405,0,0.1005109718126144,7210,0.18230985744805228,-997,0.10416666666666663,7
KR_7574692983,7,200,6k_ODTD1HviCymMiuPT_MGQAf0EehDqChrlH2Dw99cpo1yWaoIcutyNETmFrTV82JATkp0HJDxlQlQ,Nidalee,JUNGLE,-485,-2,-2,-20,-1405,0,-0.1005109718126144,-7210,-0.18230985744805228,997,-0.10416666666666663,-7
KR_7574837244,3,100,jBA0fZaqQpvhbtX9vkyIoWD3WhGTm39l8YzprvhxhVdbzW9qLCQHMPnL_6-G2y_Y-Fl4DDhpFYHIqQ,Irelia,MIDDLE,1126,32,32,0,569,0,-0.12078094591807409,8350,-0.21811763202394407,5708,-0.20634920634920628,-1
KR_7574837244,8,200,7INbcIEExThYp9fTGNn5ShMmI9840hJM__ic6JwqrDVsRc-3RrRU0aU_KPJGmm9YY_7H6Xkgds_-KA,Zed,MIDDLE,-1126,-32,-32,0,-569,0,0.12078094591807409,-8350,0.21811763202394407,-5708,0.20634920634920628,1
KR_7574837244,1,100,yQqGVtu0s2OVsZZBGkOfm5aj9orU_D9dzkIjZ4jzaPLUankXS4QIElb_7Wy-jZ9MZX1thgPLoop7Mg,Sett,TOP,-195,3,3,0,512,0,0.08294215377975137,164,0.13469166749449335,-2436,0.08730158730158738,4
KR_7574837244,6,200,dTqNFjkLpsSkQFJp64b-RYe7pLQ3pj6APh3DUNZayKFE4Ev_fHGHohu-FnvYC-CURXwp_zgbgx8ebw,Jax,TOP,195,-3,-3,0,-512,0,-0.08294215377975137,-164,-0.13469166749449335,2436,-0.08730158730158738,-4
KR_7574965822,5,100,Wa2JN43wv0xLwTPy7iuekYiLIeqJ8BmLrFmiMn_TQTdBjbE0b1nA821JipG-OLeDx75QuSRR0Sh4Bw,Soraka,BOTTOM,38,-45,-45,0,-1231,0,-0.1411675754848547,-13146,2.230084207236602,2687,-0.007017543859649145,-7
KR_7574965822,9,200,ZzDBEgoAeGsGwRR22CX54gfSKlFs4GsOz00bii0R-eN90UFx0KuDr92a1SjizlyOLqARlHGESMEiDA,Tristana,BOTTOM,-38,45,45,0,1231,0,0.1411675754848547,13146,-2.230084207236602,-2687,0.007017543859649145,7
KR_7574965822,2,100,SW-d-OWnYifXRrifVioHx1O1qZVwvVZcNMhWmbXUNtLO4sQjVSMIt5_ATSWLUebMW8zr8mwWIRElWg,Ivern,JUNGLE,134,-1,-1,8,280,0,-0.31980544525356913,-1786,0.4681126584084575,-19369,-0.3982456140350878,-9
KR_7574965822,7,200,SfZfSidvBdad7m_KrXHro232q5VtK2QnnFn4HuideJVRO--0jOD9y-iwOCqXT02POYofADWbvurxxg,Naafiri,JUNGLE,-134,1,1,-8,-280,0,0.31980544525356913,1786,-0.4681126584084575,19369,0.3982456140350878,9
KR_7575104521,3,100,_2gy_DC46aRGaj02qVS4G6kbPavUSh8Sn3pwDFx-ww2bLq4f-g_5vFY1iFrAsDwciaOJlU4qab90Xg,Irelia,MIDDLE,-339,3,3,0,-213,0,-0.0007552267353705955,10798,0.04241272660376949,14013,0.06971677559912848,2
KR_7575104521,8,200,7SLto2ICAtmuNjC0Ug86-krsMRdTMplkRO-oKZlfCxilJzO5EpOWHpdpGOG4cwd19ySaCmhEaSifzA,Aurora,MIDDLE,339,-3,-3,0,213,0,0.0007552267353705955,-10798,-0.04241272660376949,-14013,-0.06971677559912848,-2
KR_7575104521,1,100,cTeVTiAx6G2WU1bZ7Go0U6YYB2DMud41PIBeEzAXMQ_k3Q78BMnZLKIPjU3i7s6glPiiyFqruXR0KA,Darius,TOP,497,11,11,0,367,0,0.0657763561013062,-3611,-0.4409215262469261,8862,0.224400871459695,4
KR_7575104521,6,200,NAXF0GYCJjOx3UD6_jC76PbaxQTjbacO1XuAHDgXycREj4yKfPGFdDWh1WfoDQNroeMkRIFuLFwJ_Q,Ambessa,TOP,-497,-11,-11,0,-367,0,-0.0657763561013062,3611,0.4409215262469261,-8862,-0.224400871459695,-4
KR_7575326298,2,100,KHj8Z35xdBKjpfjckPKu8h6Ad_S_Wd_qrB78bRYeF8fKzi0JHvvRuT-ZOLjPIv4Vn3x7nmGuUdiL8A,Lillia,JUNGLE,998,2,2,-16,-305,0,0.0990282424165283,-2679,0.32299530055958114,29386,-0.19047619047619047,6
KR_7575326298,7,200,SW-d-OWnYifXRrifVioHx1O1qZVwvVZcNMhWmbXUNtLO4sQjVSMIt5_ATSWLUebMW8zr8mwWIRElWg,Ivern,JUNGLE,-998,-2,-2,16,305,0,-0.0990282424165283,2679,-0.32299530055958114,-29386,0.19047619047619047,-6
KR_7575540080,2,100,D_ogqZdx8VVfKeR76LFNGM_SuU_wbur8XUewCF_j3ppmEXz02mLVnRoU5DVQZKgUlx5jKwX46hD8Tw,Viego,JUNGLE,872,1,1,32,1546,0,-0.018992783765371113,2877,-0.5018469614193299,22393,-0.12903225806451613,8
KR_7575540080,7,200,yecFL4-QvIKwDhUdZ-ZOny7dSeClRv35aYTPgNiXbjV7HCJBQX_grXm0mvrbnUlKKA9qZ9qcVH59vQ,Graves,JUNGLE,-872,-1,-1,-32,-1546,0,0.018992783765371113,-2877,0.5018469614193299,-22393,0.12903225806451613,-8
KR_7575540080,3,100,AyQ5Q_fGufn69HdWuMy6rEdFF3orL8UuIVgrpHqP2jRZMvg_-_u1au-TRVQl8D9bSsE4FYHEabMoBQ,Taliyah,MIDDLE,-627,-3,-3,0,-957,0,-0.06207002321828209,-15904,0.15025879804658704,2118,-0.25806451612903225,-3
KR_7575540080,8,200,5mHBno_pUqjkdsHnYgQ_Gz_AfHZTx9pvP0WYNglDss6bXRr0POSHtHyddvdiMvIqeOKfjOqvoXZ50A,Azir,MIDDLE,627,3,3,0,957,0,0.06207002321828209,15904,-0.15025879804658704,-2118,0.25806451612903225,3
KR_7575540080,1,100,a4NyUtjCqsOXKHs2Hb2HvUboTCuxx7G1Uzrkeq_liZBHpDvzSjmieejs0e74sN3j6NSSUdvyW5H-zQ,Rumble,TOP,840,18,18,0,853,0,0.008166933861488423,2476,-0.09151816520024814,-4399,-0.16129032258064513,-4
KR_7575540080,6,200,1jrn3p7euGPmH5s2x8IFTtzmdXBnA_qa0qeOfiLOrFQfh6yx63x5rZZ67pHD7ehaEF3wiAmFGbHNGQ,Ambessa,TOP,-840,-18,-18,0,-853,0,-0.008166933861488423,-2476,0.09151816520024814,4399,0.16129032258064513,4
KR_7575633627,2,100,g5Np9PJ49io_MIbasRrBmEyOZv2zW9MisHw6Gj5ncteEei4zynsECmfMZ0e_WxILp7iAeSWccChC6Q,Nidalee,JUNGLE,995,0,0,1,289,0,0.13210746338378498,2379,0.028241331990151997,2713,0.16386554621848748,14
KR_7575633627,7,200,hRmWO2CXVkAqXyjYGp8K45AGgpRHVuL3uTNThN3G1FsLtjo-Y-oFmym8s2Rffvfuun2lNlw4LcECew,Vi,JUNGLE,-995,0,0,-1,-289,0,-0.13210746338378498,-2379,-0.028241331990151997,-2713,-0.16386554621848748,-14
KR_7575633627,3,100,X2cGCEEpUU1qb1TewXGEmsgfLMymuuC37LfkCD7b0bvCsyCg97QKNR3wMsXGTLVn17OP_oz0UIBNZw,Sion,MIDDLE,-969,-18,-18,4,45,0,-0.14116414713813222,-4683,-0.13072970693336805,6648,0.1428571428571429,0
KR_7575633627,8,200,QCprdn3ACVBHssZXtpmz9bjD1jNCE-Y0sIEVRx4owiEfKqQV4kICqhls56fqkw8wWfL8Xo112VUgzQ,Zeri,MIDDLE,969,18,18,-4,-45,0,0.14116414713813222,4683,0.13072970693336805,-6648,-0.1428571428571429,0
KR_7575633627,1,100,9hmqRemwitzcQFyD-FFnzOHWj4Ovt6oIIQoAfSH3mW3poVoTSolkdKAr9IDO_TgKv_GQl1DRsv5sRQ,Jayce,TOP,141,9,9,0,-224,0,0.04099635687027561,20293,0.3125264471278108,-8509,0.1806722689075631,5
KR_7575633627,6,200,v2hqivnktUOEXlaNZPcpdyBZjg1IL1eRaKDp-E8K0tw2hLuwzkStQWFcD-0UrY5ldXupi_OD-2YFnw,Rumble,TOP,-141,-9,-9,0,224,0,-0.04099635687027561,-20293,-0.3125264471278108,8509,-0.1806722689075631,-5
KR_7575698937,3,100,sJZ4QUwc1RCloS0Bh_kqoqGJlStyaCjOplyuQw98MhUd2Ep1YyKOgm9YCZ_5t-8q9-9SMSwp23SCYA,Ahri,MIDDLE,522,14,14,0,763,0,-0.01944663193593371,-4493,-0.09842566064790903,-454,0.2753441802252816,4
KR_7575698937,7,200,hRmWO2CXVkAqXyjYGp8K45AGgpRHVuL3uTNThN3G1FsLtjo-Y-oFmym8s2Rffvfuun2lNlw4LcECew,Corki,MIDDLE,-522,-14,-14,0,-763,0,0.01944663193593371,4493,0.09842566064790903,454,-0.2753441802252816,-4
KR_7575698937,1,100,_0WMMg3NGaXMmt2EzGipHy5ug1DCBvT5mwjQPR83S3o74aE1XrQlp0itveLKPzuBYc640We9n8tRAA,Fiora,TOP,-419,16,16,0,1739,0,-0.009293950134276308,4956,-0.1105562397420673,4185,-0.0663329161451815,1
KR_7575698937,9,200,zfMbw_tdr0lXX6cVxxbPxFqwWQWkex0O783BkiZtGQIpzHiJQ3J3g3ba-SmPFYhRyySFmA9HGMcoUg,Singed,TOP,419,-16,-16,0,-1739,0,0.009293950134276308,-4956,0.1105562397420673,-4185,0.0663329161451815,-1
KR_7575843026,2,100,5LsyLZsOEPy_9SS2hLSRxzMKwj6tKP0MKCK62Cby-70qbQQ1lQ2lKS2ASnER4F4GNUSx32eRd-yuLg,Vi,JUNGLE,132,-1,-1,0,304,0,0.06409321808744178,-965,-0.6476376614299201,14241,0.2508960573476702,11
KR_7575843026,7,200,qTVoef4N_wAzAgmJnij8b05cM-7WPtCK2oe7gWfXdX8sJXA73DoY5B5EGuOl-8Chh3qOYQMKnVimkw,JarvanIV,JUNGLE,-132,1,1,0,-304,0,-0.06409321808744178,965,0.6476376614299201,-14241,-0.2508960573476702,-11
KR_7575843026,3,100,WFKd5GI3mgLJOYyGojwT5ecFs3M0nsMvRXXjR0Y1U9_EmxKE0wu1VluRaZjSUZ3u8VtNCfp4BvOYXg,Ahri,MIDDLE,-109,-2,-2,0,20,0,-0.10150704434850352,-2322,-0.14130981601171333,-14600,0.048387096774193505,-4
KR_7575843026,8,200,AyQ5Q_fGufn69HdWuMy6rEdFF3orL8UuIVgrpHqP2jRZMvg_-_u1au-TRVQl8D9bSsE4FYHEabMoBQ,Sylas,MIDDLE,109,2,2,0,-20,0,0.10150704434850352,2322,0.14130981601171333,14600,-0.048387096774193505,4
KR_7575843026,1,100,TmXzM_weKQ2zFt6kgn35XyQRelCE-0th3gTsoz99ECs_SU7mbC_VUTTbRjRcMRMCYZR2hzGGgIkkuw,Aatrox,TOP,-593,-11,-11,0,-482,0,-0.18463202769381729,-1028,-0.26227681048033724,6707,-0.5286738351254481,-6
KR_7575843026,6,200,CLjZf90EO0HdL6Ip81p_jkPN8XoAc5BEm6EnrQS2Xt1BL2a3L9wHGiJHpg0i895E58oHLwQa4s4rTQ,Urgot,TOP,593,11,11,0,482,0,0.18463202769381729,1028,0.26227681048033724,-6707,0.5286738351254481,6
KR_7576003299,2,100,4pAcnYzDn2fxDWfkJzJVxXOmMC-aOOE2Go9aGKs75njiw8E_JOY9HmRYGrM7dwdnztB_v-RhPi9Y-w,Naafiri,JUNGLE,-47,3,3,-7,-458,0,-0.05552620039979661,1905,0.07244815496289747,-12229,-0.018808777429467072,1
KR_7576003299,7,200,BhxUUBbYS3B5bgNIjs_0QuEfbDBOmDP6JZaOdK-4nIpQl9odnPUfC_S8jr0EJcBzl70kXEvQ5szZzw,Hecarim,JUNGLE,47,-3,-3,7,458,0,0.05552620039979661,-1905,-0.07244815496289747,12229,0.018808777429467072,-1
KR_7576003299,3,100,e-YAcXIvfMj9HsZMHyaGFYyRDDyEn0bLgf8kImpiI31B5K8PGcUReBxcgQsAOjKb2Z_f011aETDtTQ,Neeko,MIDDLE,-43,13,13,0,205,0,-0.033002550436733,-283,-0.15666794935128425,-839,-0.06687565308254967,-5
KR_7576003299,8,200,Jp1U9jN8WfF_2heEwLSVyqcao_4MNJAdX2wvgVJZAlf5X0t07xzsn-fSB17-wzScIkuKnQRJ0EdDJA,Qiyana,MIDDLE,43,-13,-13,0,-205,0,0.033002550436733,283,0.15666794935128425,839,0.06687565308254967,5
KR_7576003299,1,100,v2hqivnktUOEXlaNZPcpdyBZjg1IL1eRaKDp-E8K0tw2hLuwzkStQWFcD-0UrY5ldXupi_OD-2YFnw,Gwen,TOP,-373,-7,-7,0,-339,0,-0.036928592150758,14318,-0.1695381959590122,3314,0.1097178683385579,-2
KR_7576003299,6,200,R1R72IQuyhN2nsqFgDyLc_8AVVQAUiUyzFxzP-HnyP7nXaFbKBDdYptl5k2qP_EeEbo9-eBcJ5QECw,Kennen,TOP,373,7,7,0,339,0,0.036928592150758,-14318,0.1695381959590122,-3314,-0.1097178683385579,2
KR_7576209410,2,100,2F35usHHoubyemUg2ByLs5ianNhsecQDCRkzaRa2WEY7QZWFPTT0PQmtfqOuU9ed52qjN9ipdgpnGQ,Viego,JUNGLE,-622,-8,-8,-11,-374,0,-0.10284827244862528,-1078,-0.5615930073453609,6924,-0.14354066985645936,-10
KR_7576209410,7,200,d38Wo2aVTChFPHTErR1JRZskuJmHkDk3YVHpqCUDAFI9_t6DwRKs-BnwRZ_GqilItQ6f8hRuueXo8w,LeeSin,JUNGLE,622,8,8,11,374,0,0.10284827244862528,1078,0.5615930073453609,-6924,0.14354066985645936,10
KR_7576209410,3,100,7_PXdQZgpd9Uv9PbJRpB1oe6k9qkW--ZJjJ19Ax5CyuBGJr2uHnZYT9pgFe5t0LA7jVqkuaL47vuuw,Lissandra,MIDDLE,730,7,7,0,524,0,-0.017665610302680573,-134,0.2362550914904158,1840,-0.1626794258373206,-11
KR_7576209410,8,200,UZoRnqAI2ZXPiTlmw2Rz_hNvmRjCsL_EWwTzbINjObclAhWjsn-6AoEyn7j5nq7phzCKWA0dcE-r-w,Talon,MIDDLE,-730,-7,-7,0,-524,0,0.017665610302680573,134,-0.2362550914904158,-1840,0.1626794258373206,11
KR_7576209410,1,100,FdJbZkeBxUzrwwTiQFWJP2qeVD1FfM12X7EypXZaZOZzr3S-Q2PBIXxiItPurdF3uEIVEDStTTHB3g,Kennen,TOP,-162,-9,-9,0,-297,0,-0.009104732111547997,-4143,0.01566981162543224,-6130,0.20334928229665072,0
KR_7576209410,6,200,q5rDF6FAeymu1037CdYK0Ub9_W9pRTsXrsnMmDgfjYKL6IOKT_3WRBc-o-O-aP57C7i4dGOjZBSFNA,Cassiopeia,TOP,162,9,9,0,297,0,0.009104732111547997,4143,-0.01566981162543224,6130,-0.20334928229665072,0
KR_7576449277,2,100,fL_JE-0V_8D2KXkxeVv_rQCbm5T3_0Qnw7Vl-VxiGyB-r_gW5XkL6Sof1fOvvEZhMqRuv82EHa8Pag,Zyra,JUNGLE,486,6,6,-13,-372,0,0.10743954518964699,3273,0.6022349343211588,-20537,-0.0703296703296703,0
KR_7576449277,7,200,UDch65vGJ3zwnaUapKZ6v0as8BZnkS5wYTScfKtyL5w0s0eLATb3bHMRKJ0DJRS9C4YvTSHkGlauYg,Sejuani,JUNGLE,-486,-6,-6,13,372,0,-0.10743954518964699,-3273,-0.6022349343211588,20537,0.0703296703296703,0
KR_7576449277,3,100,s8YRhlay6LXlTHc7ymNDzQjzKI6SHzz89_-kx7plTvelq0YKkTYeTRdcRSHyZt6AMEHQGNBf3Q7n_Q,Azir,MIDDLE,-900,-19,-19,0,-1046,0,-0.08575115890954502,-2828,-0.054131084044900524,-18498,0.0014652014652014045,-5
KR_7576449277,8,200,QGt1mrMfZNNcJEswfQkwDqqW7yyAHIGGfJOn_V3aApXyAj3s_IbVIvoHIrRnlP8zTcBk0rYX7zJK9Q,Ambessa,MIDDLE,900,19,19,0,1046,0,0.08575115890954502,2828,0.054131084044900524,18498,-0.0014652014652014045,5
KR_7576449277,1,100,IyGhOkBxt95kbCsyPkIpMy1zFORWKmGBnwy9m1V6YhM8IzoLr4osSTHzITzr53ptYfzYXDNwX5iSGg,Khazix,TOP,784,1,1,0,544,0,0.11541666251032848,-14520,0.19572177518128775,-21293,0.2586080586080586,12
KR_7576449277,6,200,2E42P4xlEVoD7ie4b_RqMFGCo_EtMv8tjY4zAHo0ac_PKSB7opXXNHsPu0akZdQ1UvsXPVlrSDPdRA,Nasus,TOP,-784,-1,-1,0,-544,0,-0.11541666251032848,14520,-0.19572177518128775,21293,-0.2586080586080586,-12
KR_7576670409,2,100,ZjhtrG2gWS3YYicBbJGf0KQznTqbcQ0AoEEOMX7zjR_oryB-1ZV_1oZp3fsvS57ddPreIkHQ5lkJ2Q,Vi,JUNGLE,-186,-11,-11,-3,-553,0,-0.0600584197491274,-740,-0.0032764969196614757,-7845,0.17245817245817258,5
KR_7576670409,7,200,WO8zI2NAsb-IRqlGSKkeyHW2JKubhHaXfrkTNIgYJnYJD14ni0dA0x_Kr8XLn0iXFuJqj2rzBFU_qA,Lillia,JUNGLE,186,11,11,3,553,0,0.0600584197491274,740,0.0032764969196614757,7845,-0.17245817245817258,-5
KR_7576670409,3,100,DEE2_BnsQASbo5ONl-VOA-nVeTvNyIJxFCTQEp4JdWT-4LBNYDifAaovDe2ptAQ5eA_PT4Tr1t6_Ng,Galio,MIDDLE,334,-12,-12,0,-178,0,0.055347755490410294,2602,-0.19849910025724005,-7153,0.33462033462033475,5
KR_7576670409,6,200,g9OsH9YLlErJ5JPmG_h_qn1swl_2Fz4bxMvHnTVOpBDR-LXsyRoUYaKXTub8I35gVzFyMy4UQEIsxg,Yasuo,MIDDLE,-334,12,12,0,178,0,-0.055347755490410294,-2602,0.19849910025724005,7153,-0.33462033462033475,-5
KR_7576670409,1,100,fzkyv5NhpQO_-qcuJ44uAA9z6PNXuiggTb9U3u3V9AkBu2R_WqG2Lax15cTHVr1el-lSjbqLZP2jKg,Ambessa,TOP,172,33,33,0,840,0,0.011781188660344805,2073,0.5548223249212926,-6910,-0.28828828828828823,-3
KR_7576670409,8,200,xNWix_PWXYrjrSIQwoRlLeYyekW140nGjn5_JGQAlmVoCmF4hieqZnd9UBTcrelkRhMwBBocDshMSQ,Rengar,TOP,-172,-33,-33,0,-840,0,-0.011781188660344805,-2073,-0.5548223249212926,6910,0.28828828828828823,3
KR_7576791308,2,100,c7o6m66l3vzaLhIzVVp71aoiCWaQcJEa0PK9mymRUTwpPmXKsTfqiBxsM53jWwrALpq0MdiAJONQEg,LeeSin,JUNGLE,-183,0,0,-6,-484,0,-0.01522893145829951,160,0.8258324209773542,-11062,0.06493506493506496,3
KR_7576791308,7,200,Gaa3vixaqiL1llxqiAZHvcA9wn9c9Xt8lB5wYK_yks0OphyJTagBW-dksuLBvj5bSmLiBjJ4zeoMGw,Lillia,JUNGLE,183,0,0,6,484,0,0.01522893145829951,-160,-0.8258324209773542,11062,-0.06493506493506496,-3
KR_7576791308,3,100,cEPHryS9u5tY7QsFwdEYdV22Q9NiFvXVFoU7dwg_PViloFzbd8Q2fiFzMSk3cyNAlcmcLiGtIy1E9w,Taliyah,MIDDLE,-794,-14,-14,0,-765,0,-0.1526860412843752,1952,0.050406479918610914,941,0.18181818181818177,-3
KR_7576791308,8,200,eYWJrdgWpc8u6whWWg4pxW-PhTO5cJOCvZ43eZENunowFDmOttqTQI-t2TD0qfRm896Vy2rnTBbjGw,Zoe,MIDDLE,794,14,14,0,765,0,0.1526860412843752,-1952,-0.050406479918610914,-941,-0.18181818181818177,3
KR_7576791308,1,100,QkoBCJqq-q2NVmrdvteVUoH1oGciZ5m5jX7hIexDgxunwt5q37RZFq-HvnNGA9Lk9MvaG-03lqxSsQ,Jax,TOP,748,14,14,0,53,0,0.06737516258959139,15023,0.29431280565561246,3212,0.03246753246753248,4
KR_7576791308,6,200,CPIqHUdYvN6ENJyt01KdA35PprwHlpb4xUqW7D0-Z868jE0lyh3qD7ZanjoaKTfgvGU5knWtidBWDQ,Camille,TOP,-748,-14,-14,0,-53,0,-0.06737516258959139,-15023,-0.29431280565561246,-3212,-0.03246753246753248,-4
KR_7576880528,2,100,aCvoVR3xCHTDUeYGg6e_6Qz5dmkzok_mwtqkcL2-jAgdxAxK1TI_9-R80uUO2XsM0Ibdc7GE5-7HWQ,Vi,JUNGLE,663,4,4,-1,-88,0,0.01111017259271449,632,0.2465098045559515,15515,-0.3214285714285715,4
KR_7576880528,7,200,wTYNerp3ayJ0IHy4DvmE4anSUdy5OeE-0FOuqj-LRuERfNkepeyTCE8EwqrZamaJtAEfhDHUtVXoBg,Ivern,JUNGLE,-663,-4,-4,1,88,0,-0.01111017259271449,-632,-0.2465098045559515,-15515,0.3214285714285715,-4
KR_7576880528,3,100,4IbsZcaf8ROIx1RV6zzp3D-t-70fULOe8ZrTXFa6Vb_F-ipr6D5nuDpQ3x17MqZ1RkXq75oqhuoMag,Ahri,MIDDLE,408,3,3,0,431,0,-0.11323045196643569,6783,0.03245120675454305,5423,-0.17261904761904767,-5
KR_7576880528,8,200,HnHP_BHs2pj5Wp-MfwcCKHFp9DWtDdKgxu2GoJqdahMJlNrViExNR0SMAsoXHIwoN2q-NnVt2p5M5A,Annie,MIDDLE,-408,-3,-3,0,-431,0,0.11323045196643569,-6783,-0.03245120675454305,-5423,0.17261904761904767,5
KR_7576880528,1,100,GekC7rWPBieVnHgrRnH3tt-crhgNHNWrq3KynItwXAM0VXx-Wbn28IUDRQTzss4Nv28jb7FM2eH6xg,Gangplank,TOP,1031,14,14,0,573,0,0.23626532568643038,-1352,-0.4461635912294627,-10210,0.20833333333333331,12
KR_7576880528,6,200,yVWw_dw9OiAATYprmUmqx9_bN0U7dtK9KhBiC2zHT2H0xfNwe8uPb2DahJXaWBBbsYBhRF6vQagTJQ,Renekton,TOP,-1031,-14,-14,0,-573,0,-0.23626532568643038,1352,0.4461635912294627,10210,-0.20833333333333331,-12
KR_7577205815,2,100,ciyN7r0A4e-avLXyut2FNyGLiGSSGz3AaqFDdU6zIAE2zXkHuZDrVdmHoV0Z5YHXzXgcfsz882BdiA,Graves,JUNGLE,26,2,2,6,413,0,0.016615499131471506,2283,0.7356368043295812,-13168,-0.32941176470588246,5
KR_7577205815,7,200,Xq-fGBaFWpm7XLqJwy7SyqzsoIYWwTet11gpsh1QCUvm4otB-S2FFfrwli2Sezg9M_iR1AM_8OPPhg,JarvanIV,JUNGLE,-26,-2,-2,-6,-413,0,-0.016615499131471506,-2283,-0.7356368043295812,13168,0.32941176470588246,-5
KR_7577205815,3,100,fdPLem4jgijosrvTtIV0GUyC7cJ4V-Bhz5n2G_PCkTvEckFAeVWXUgcfjxhvWBYJmr953IZ1ZprPPg,Ahri,MIDDLE,1117,8,8,0,796,0,0.061102321340430976,4414,0.3114343582558524,-12550,0.10882352941176471,6
KR_7577205815,8,200,oIgiamrFtpCAwEcwaq6hx7QqXO4VNd9xWMZiza5lyBpFSRD0q6Dw6J4KSYpc7MCDfnxr0nc9hQ0SPg,Sylas,MIDDLE,-1117,-8,-8,0,-796,0,-0.061102321340430976,-4414,-0.3114343582558524,12550,-0.10882352941176471,-6
KR_7577205815,1,100,2-cKStdoETxfUKUCT2uREiUVgNKuHUlEJ0rYD89KfqCGruZoNj_S7a4natWTxRqcHi6GyWCBREShzQ,Jax,TOP,-527,3,3,0,-194,0,0.009233062327239805,9729,-0.037189335904806775,296,-0.029411764705882415,-2
KR_7577205815,6,200,Zh-QcpxNauSMljd3bdGsaWM3xuxcgg0N5hog3UQ9XJK8TkBUtq9rKwZIt5z1U7VjUmadBvkmXsJH6g,Rengar,TOP,527,-3,-3,0,194,0,-0.009233062327239805,-9729,0.037189335904806775,-296,0.029411764705882415,2
KR_7577423926,1,100,QkoBCJqq-q2NVmrdvteVUoH1oGciZ5m5jX7hIexDgxunwt5q37RZFq-HvnNGA9Lk9MvaG-03lqxSsQ,Rumble,TOP,1279,28,28,0,1127,0,0.12337500142226351,3861,0.3688747751439927,-18558,0.2207446808510638,11
KR_7577423926,6,200,787GDwADO0_MUfgiz_5plRmxiR1c1qOSQtxp8rQTk14g6-rNI3zeXMXZzLVsz7znrot036KBUA9scQ,Renekton,TOP,-1279,-28,-28,0,-1127,0,-0.12337500142226351,-3861,-0.3688747751439927,18558,-0.2207446808510638,-11
KR_7577705650,3,100,HnHP_BHs2pj5Wp-MfwcCKHFp9DWtDdKgxu2GoJqdahMJlNrViExNR0SMAsoXHIwoN2q-NnVt2p5M5A,Annie,MIDDLE,1027,17,17,0,704,0,0.1938172893228713,8504,0.42103590853186257,-8482,0.37337662337662336,13
KR_7577705650,8,200,CO7ee0mvW8W8DFFckMw0gS6kbDBGw2JUE8GXmPvl1dLCVuImisy6n65LJjKFOmY8llk9dLnYxWbgSQ,Yone,MIDDLE,-1027,-17,-17,0,-704,0,-0.1938172893228713,-8504,-0.42103590853186257,8482,-0.37337662337662336,-13
KR_7578027771,2,100,ZjhtrG2gWS3YYicBbJGf0KQznTqbcQ0AoEEOMX7zjR_oryB-1ZV_1oZp3fsvS57ddPreIkHQ5lkJ2Q,Vi,JUNGLE,-195,-8,-8,2,-186,0,-0.08301079888323931,1810,-0.2756630390271837,8408,-0.05228758169934644,1
KR_7578027771,7,200,d2zC8OEgWb4ysKl5zLUMMfq9m1k_BKdzOFHfzqFtK1IpSggKYTucaSARlT23tzHiLOScwITssqhBsA,Zyra,JUNGLE,195,8,8,-2,186,0,0.08301079888323931,-1810,0.2756630390271837,-8408,0.05228758169934644,-1
KR_7578185078,2,100,bqqX7zhnihpWSc60vHDUrrblNXMAMCK4JUCuKQy628hAxUQ0uoqVqeKx4My0FmPc2gn1pWZwueOOow,MasterYi,JUNGLE,-936,-2,-2,-18,-636,0,-0.08383710084391169,-983,-0.014043712811393494,2756,-0.11612903225806448,-8
KR_7578185078,7,200,TC9ip57j84E461uMaffxqd873Qq66Y20W_18mCSR3UyXILOUhez9mksReNfYRP-SfQHeKmf5lf2r7w,Graves,JUNGLE,936,2,2,18,636,0,0.08383710084391169,983,0.014043712811393494,-2756,0.11612903225806448,8
KR_7578185078,1,100,yWe4CWdVMz6EY31xxjwkX0CwqBEe8k0wtt8wNUUvo6Rtx4YsS2QXk6fXlXMBCNUodOTbzwjhUYsC2Q,Ambessa,TOP,-743,-15,-15,0,-413,0,0.10884476440041002,-2007,-0.503693932047923,-8183,0.041935483870967794,-1
KR_7578185078,6,200,uupOHdCkmdYB-1W3fVeOB7wQ6YXGlFbfdYPqdPG5tLFhxDZEc0DsR4BOutfnO3S4Re76A9Ouv8rGTg,Renekton,TOP,743,15,15,0,413,0,-0.10884476440041002,2007,0.503693932047923,8183,-0.041935483870967794,1
KR_7578313710,2,100,nwatSv-rg0_x2ihho-gUe9cwYWbw15na-zlX-zN7XHpLCPJ6xV-gq-sdQ7vtW-43Cvmc452lJBWeDQ,Lillia,JUNGLE,-464,-2,-2,9,311,0,0.021283534711965202,-3105,-0.3625419363521325,35151,0.1232323232323232,-4
KR_7578313710,7,200,eILmVn1drppR5MNuzDUEkyDo9t8IU1iFLfo_H9-5KpOvT1PZKt4npbe47TvqUOqyloy9bjIF0835Qw,Zyra,JUNGLE,464,2,2,-9,-311,0,-0.021283534711965202,3105,0.3625419363521325,-35151,-0.1232323232323232,4
KR_7578655312,3,100,3eYNlrB86I2Q61YTOJGTh3IgXexgFxdTXDAhFM21ZrCSS5ic3VRlLgDbja9__GHDV-F21v_KYW9WcQ,Sylas,TOP,-240,-8,-8,0,-390,0,-0.0027483764406218136,-4655,0.18744948941766337,-7294,0.0019379844961240345,1
KR_7578655312,7,200,Pom_oDWMgFvr41hPodUNrycXZwUlrQ4Y2GzUrRT6Js_9M2C6cGqAkBFTml8Ti2M9N7eRY6ToD3RLlw,Zac,TOP,240,8,8,0,390,0,0.0027483764406218136,4655,-0.18744948941766337,7294,-0.0019379844961240345,-1
KR_7578902799,2,100,68ZOmZnh1CDMkQLlMQXHvFqRIx8KbDNHa9v6YcgrJ42p5o44r8MvbtbjTE-pU6J8tMAQ-596gxIvzw,Graves,JUNGLE,-2583,0,0,-30,-1119,0,-0.12767161822760997,-4555,-0.21974309488439636,-13657,-0.3502024291497976,-20
KR_7578902799,7,200,5lW6xnefWpI-0yAgxFDJyJSbZ6Dzk5w4KNlvl9aFIqijngtWX_3UruPLYahDUu6bDHA5WeweL_PpBA,Belveth,JUNGLE,2583,0,0,30,1119,0,0.12767161822760997,4555,0.21974309488439636,13657,0.3502024291497976,20
KR_7579238334,1,100,jqsfU57XubRUUL5utavNdOa0_6cBHxBItSjGak_i0QltKmxmDn5x0SwtQiOBE-qzXHy60OO3VIt_gw,Irelia,TOP,1896,27,27,0,1264,0,0.1390325956426173,14123,-0.38040946052248537,8575,0.30494505494505497,9
KR_7579238334,6,200,cR_13lgX5Gsr2Qpl2zzdco22NMlyhgf7som8GqDkBbCYcm5LRcew7uKZIQ8oAM3ikGixaPbOwS5MpQ,Kayle,TOP,-1896,-27,-27,0,-1264,0,-0.1390325956426173,-14123,0.38040946052248537,-8575,-0.30494505494505497,-9
KR_7579473909,5,100,ShnftHOeKWq9VqGJwBWrUd_kif6snBEF_mZZJNSs_0y0tzn0u5T6mwf5OBWnPodjskWPv_quXjtWqg,LeeSin,JUNGLE,993,1,1,42,1682,0,0.002106809609820501,983,0.04594037611465884,16249,0.08116883116883111,-1
KR_7579473909,7,200,6uujCRTXSbLII__4eM6bTLCRXMLIzECGIoVzGub0Sb6PHiw8BtHemLS7jtJvUFmDQk_Dzh9f09pVOw,Sejuani,JUNGLE,-993,-1,-1,-42,-1682,0,-0.002106809609820501,-983,-0.04594037611465884,-16249,-0.08116883116883111,1
KR_7579473909,3,100,DDlv2HR9Osv4ZUg2ylL8TK3AKjZWWfWSpk8N2DtdgXJZgiLEWz61FuEmlO4FSvM7oS3EJIIHb3VBcg,Annie,MIDDLE,-261,-3,-3,0,-286,0,-0.1097789787624783,-4681,-0.4284208981586888,-5857,-0.5162337662337662,-9
KR_7579473909,8,200,vWjPPTF0f4igf_FWboh64qGJ44CS7Pc0Fn2qokhmkMIs78ZdT_eqtqAEli61FFEoecUhIQIgRdFwmg,Cassiopeia,MIDDLE,261,3,3,0,286,0,0.1097789787624783,4681,0.4284208981586888,5857,0.5162337662337662,9
KR_7579473909,1,100,1sMaSJhrbDcGZEw5kblhNUDCMJtn1C_uCg_zsIxAEIJVPcDvLz0DLrdoFha7Y2dB0XA8GU9-kYiROQ,Sion,TOP,982,31,31,0,383,0,0.10001968979817849,4335,0.4154253324966912,-4876,0.3571428571428572,4
KR_7579473909,6,200,BgIyUYeG0vxovfKCA6IaSyydcHu-jHqkcby8iX7E4UeW8KPNOngg6pPRczXX9c8VsFerGSfOj8rHew,Aatrox,TOP,-982,-31,-31,0,-383,0,-0.10001968979817849,-4335,-0.4154253324966912,4876,-0.3571428571428572,-4
KR_7579570882,2,100,_0WMMg3NGaXMmt2EzGipHy5ug1DCBvT5mwjQPR83S3o74aE1XrQlp0itveLKPzuBYc640We9n8tRAA,Viego,JUNGLE,-63,1,1,11,437,0,0.01340642846396728,-2041,0.02474061038319042,12297,-0.08787878787878789,-3
KR_7579570882,7,200,d2zC8OEgWb4ysKl5zLUMMfq9m1k_BKdzOFHfzqFtK1IpSggKYTucaSARlT23tzHiLOScwITssqhBsA,Vi,JUNGLE,63,-1,-1,-11,-437,0,-0.01340642846396728,2041,-0.02474061038319042,-12297,0.08787878787878789,3
KR_7579694821,2,100,LrvJE7OpRaMuBtFSB4FD023nW_cs5hGVcHuyzPpdWQQ8-Hy2XNaHphVhNTJ6ufginU5MpCWbibkMdw,LeeSin,JUNGLE,-104,2,2,-9,-471,0,-0.0435825520572205,-4054,0.05359769475906495,2769,0.12564102564102564,-5
KR_7579694821,7,200,jpfkgxDgAlnjuDnTXRil0AnQgI9BDuhMpv9NTtBgIoY4rvoboKIVMGSPkTkRkX008mr8jzUxeQ4MhA,Vi,JUNGLE,104,-2,-2,9,471,0,0.0435825520572205,4054,-0.05359769475906495,-2769,-0.12564102564102564,5
KR_7579694821,3,100,82-9lE7P_VIDQHQg285e-NyCGP0QAqyi-CYiandWYy6G23iVjfjREVg_J2SJoW81oyjyR2Qf9qoLIA,Azir,MIDDLE,717,24,24,0,669,0,0.05675783352503469,1014,0.44770340072118353,3521,-0.1717948717948718,-7
KR_7579694821,8,200,gDnUAx2Clac0G_KhyQwqlzD1MnDVC3qgEV8ePeUqqO3p1tae6FPxAAHIJpd_RBPXeQgTfJxzw9aS7A,Aurora,MIDDLE,-717,-24,-24,0,-669,0,-0.05675783352503469,-1014,-0.44770340072118353,-3521,0.1717948717948718,7
KR_7579694821,1,100,CzSos91O0lAxq3E4Xr7EAfhZlqqKzMAAPWploegfY5h9vK5q3dc5iNq9P7scIMsBpozaTYn4ZGdDCw,Sion,TOP,-414,-9,-9,0,-340,0,-0.00467576265928249,-1543,0.006209512079405899,27625,-0.41282051282051285,-2
KR_7579694821,10,200,nAcxYyaM5Q6CFC4PECgvpnruO0Q8hPfSbn2pBEFvs_LaUzQsX_k8oN8XaiTujv6JOT159iM4OAqKrQ,Gangplank,TOP,414,9,9,0,340,0,0.00467576265928249,1543,-0.006209512079405899,-27625,0.41282051282051285,2
KR_7579855831,3,100,iWAVcWVZ9CxzQjTP-Skd6aBWqLLplk2U5CAUolqeW0mgIz0fbCa7i2AdePnirb46BpDI668Ny6nw5Q,Ahri,MIDDLE,-517,-26,-26,0,-684,0,0.0023875965102665986,-3135,-0.41774561141171096,-1580,-0.02298850574712652,-2
KR_7579855831,8,200,XV-BDu2dOKVn-WRQlmrM-uZARI3cZTb4YUUHiNemOwnAIqJ7dqeMltmHymXqY3AZUTo5_JbBQljSmw,Corki,MIDDLE,517,26,26,0,684,0,-0.0023875965102665986,3135,0.41774561141171096,1580,0.02298850574712652,2
KR_7579855831,1,100,HtG0xcTE41YCbmHwUpwQ7K04gbVLcpxSp88uVd3s965nnp2Kwt-uC5DkF66mqPQcM-lQGRDccn2jHg,Jayce,TOP,247,60,60,0,1966,0,0.004914061168026784,2177,-1.7850216779311843,1398,-0.11494252873563221,-4
KR_7579855831,10,200,oJa0xP-0sedZ4Ma7wF-Jt7uuYc7QGZq7NhZSC9NfX-5Mz3cNRUMVUMEzwxw7AajkatA5yHdqdNLUtQ,Pantheon,TOP,-247,-60,-60,0,-1966,0,-0.004914061168026784,-2177,1.7850216779311843,-1398,0.11494252873563221,4
KR_7580029839,2,100,qouAjYPEyAzgIp0T19DJxl-gPpU2fvtV756mpILrqD0rrss4P9zSsHdSDQjRWeyP9lNU1OGmKkb9TQ,Rengar,JUNGLE,786,-5,-5,18,772,0,0.0432202828905886,4601,0.3124239004687819,-5086,-0.11538461538461542,7
KR_7580029839,7,200,E7Y6JNP-AEtQqxVPQ_W-i2JBz3KHb3a3tOSgngDypui3lKtIcIVy85TAeQRM2VLCB949ug1nGFKOzg,LeeSin,JUNGLE,-786,5,5,-18,-772,0,-0.0432202828905886,-4601,-0.3124239004687819,5086,0.11538461538461542,-7
KR_7580029839,3,100,_5XcBs7sN8s3Svwn7iRutAT8EkqpT5PmOZCREuPJYUVjy3X9ZDCXTOlMNiTouShTG2_Odyi0Ubb6iw,Galio,MIDDLE,-1013,-37,-37,0,-396,0,-0.02558664697844862,-528,0.08195021214914966,7813,0.1634615384615385,4
KR_7580029839,8,200,kfqEp5nMXbll-P4Mvt1uFFARrnKsqAZOnR6v4zREQY0u84CBwKN-jFK63J8_qQXpQcOtyf8N3L1igw,Lucian,MIDDLE,1013,37,37,0,396,0,0.02558664697844862,528,-0.08195021214914966,-7813,-0.1634615384615385,-4
KR_7580029839,1,100,GS_5yvtmAG5BMvEwOOnm4Edb-bDQBURqrtIH0HrlUipUR6X3KlLbVYWS2sQ6p-E4qpS7CuaB3UKP3A,Cassiopeia,TOP,-685,5,5,0,-257,0,-0.21014612438487368,-4240,0.5195064257526585,-8992,-0.3966346153846154,-5
KR_7580029839,6,200,yGrbzwT0U55q8EgDMBk_zvle7ALYh-ToZGlAv1S1e_aMfHCc29BsLvjyBAH2WgUuqT79-LW02MeArw,Gwen,TOP,685,-5,-5,0,257,0,0.21014612438487368,4240,-0.5195064257526585,8992,0.3966346153846154,5
KR_7580262634,2,100,iPNg3jYWI9Z2zimy8KagPqhq_pOHdRArMgewlVUqQyXQGpJonybzVt0JT3pNijUoXxJ2ENnbi5U2BQ,Hecarim,JUNGLE,-108,-3,-3,-10,-539,0,0.08213378672626262,-4351,-0.4290573426900717,4782,-0.0646718146718146,4
KR_7580262634,7,200,koasl7wnS-PjVfxU8MDkXhpgzVADsP3cDpHAbUM6hL5XFFkUiYxfftN-iuelNjgxLebgJRge5N9ZZw,Ekko,JUNGLE,108,3,3,10,539,0,-0.08213378672626262,4351,0.4290573426900717,-4782,0.0646718146718146,-4
KR_7580401005,3,100,abTYZaAUsTijG_AaRySNcEcUjlXhDSNriJh4_cw5YAXTMt3Me7ywTsTZl0O3rVu1GzEY-WA2KQa3Hw,LeeSin,JUNGLE,1001,4,4,2,348,0,-0.05074976722895011,683,-0.819809201012387,-30,-0.09259259259259262,-1
KR_7580401005,8,200,XoE58r742LnSPDYB0ZcXLxV_nmBTBRgtZMUPYH32q5bVlRnw5cKVDyu7e4j6fv1PD7Er0VrjfuYxkQ,Vi,JUNGLE,-1001,-4,-4,-2,-348,0,0.05074976722895011,-683,0.819809201012387,30,0.09259259259259262,1
KR_7580401005,2,100,lcgPj_pvcCV7NXeeMdu1VsVEdrOS5Ma05JCNclwp6um2pAszyQeMFnGQOYPBsUV2SO7WR2Ki8PMexw,Hwei,MIDDLE,-445,-10,-10,0,-514,0,-0.022583370897593186,1311,0.07288515864760725,-14740,-0.09523809523809518,1
KR_7580401005,7,200,mhwpTHFtI9QqnH80RsSeYbQhdMPgWIkBOhvxDuHAvNQ4k-RGFmXtPF_pJW_m_koG6YzQQ6cDSz11NA,Ahri,MIDDLE,445,10,10,0,514,0,0.022583370897593186,-1311,-0.07288515864760725,14740,0.09523809523809518,-1
KR_7580485234,2,100,iiu1OIC5dWOZ8P0r6aJUnoQdv90JLBpv5bKjqmyu_VfARaH7SXT0RR_US78qVb3FYz-QC2KtAZ2T6A,MonkeyKing,JUNGLE,-335,-3,-3,-10,-368,0,-0.055847897631042975,-6477,-0.2751095842657252,-5509,-0.07797270955165692,-4
KR_7580485234,7,200,scABA73Q1Ulkz-clRicFSW6h-Z365hhKZnIXQo54xIIbdpCWNr14-MRSXIHtaS0FaZ65nTdKjPTN8Q,Belveth,JUNGLE,335,3,3,10,368,0,0.055847897631042975,6477,0.2751095842657252,5509,0.07797270955165692,4
KR_7580485234,3,100,iG8-tpi-K0FXrpai8_JBdM_cpAQ4aAd576deZfk1vlokdT606KCJvseSo_2t5qKPIJvkZOAgbrjfYw,Taliyah,MIDDLE,-620,-25,-25,0,-720,0,0.014839444710689292,-10907,-0.16247661635165767,4098,0.1871345029239766,0
KR_7580485234,8,200,LvV9hPGsAbNepFNZ4bPvPJR4xeMR3tByqaIKaAklr2WrkeI3rPH9B3y2mVxstoYqlPgm-PV40cIO8w,Ahri,MIDDLE,620,25,25,0,720,0,-0.014839444710689292,10907,0.16247661635165767,-4098,-0.1871345029239766,0
KR_7580485234,1,100,2-cKStdoETxfUKUCT2uREiUVgNKuHUlEJ0rYD89KfqCGruZoNj_S7a4natWTxRqcHi6GyWCBREShzQ,Jayce,TOP,-266,6,6,0,-95,0,-0.03800143022329619,1609,0.018361155029779086,-8158,-0.02339181286549713,-1
KR_7580485234,6,200,A-Z_AaM67jCgwIpr3e54SvbqnxJ2uTAqwGKTd7eogC6otN3xTfkhCiT_2Z_y6dzyAdx6PsNibpJ0AQ,Ambessa,TOP,266,-6,-6,0,95,0,0.03800143022329619,-1609,-0.018361155029779086,8158,0.02339181286549713,1
KR_7580574290,3,100,Pls6BmiOUxP2vE__ThhVutovTwwnJ_wEgEMKLA5zPXf9MLIJkcBELmQl7uQC0DC3tJoF_r-2M0FP_w,Ahri,MIDDLE,862,6,6,0,543,0,-0.0880956379028984,5343,0.5666864651228378,481,-0.1756756756756757,-3
KR_7580574290,8,200,0fBMTu0RcS53JeykhTvLID8NSvWLF20GilHyrzOEf9CXl-MU2LVJ6jm42iSQ_og8yBXpG8t9BQGV4A,Akali,MIDDLE,-862,-6,-6,0,-543,0,0.0880956379028984,-5343,-0.5666864651228378,-481,0.1756756756756757,3
KR_7580574290,1,100,AyQjXtHi5SANJb5CDB5-305vYOnXU0LWwV0uZ7dW34wXA3X2lovD3fcTHvE44UVFZQdVHy7_ZDYUTg,Renekton,TOP,1339,19,19,0,1041,0,0.03090891599854878,9407,0.6165533650468602,16052,0.2533783783783784,10
KR_7580574290,10,200,88g5Uo3KJNLWCUo6rkdC2L0f9K252Q8HbDzRbqcDOq-I5HELNSMQaGfjk9P4Z-QTXyOD6BeVXT6cww,Zed,TOP,-1339,-19,-19,0,-1041,0,-0.03090891599854878,-9407,-0.6165533650468602,-16052,-0.2533783783783784,-10
KR_7580776358,2,100,d38Wo2aVTChFPHTErR1JRZskuJmHkDk3YVHpqCUDAFI9_t6DwRKs-BnwRZ_GqilItQ6f8hRuueXo8w,LeeSin,JUNGLE,-447,1,1,-23,-781,0,-0.14634684443706197,-4822,-0.4963700954640622,21184,-0.02316602316602323,-2
KR_7580776358,7,200,1ENie03w4q-kajyhgCdJOmHHKHntODI-KqxsRRWgE553uiW8-iIms_gSPypzs83EFOXvryWenbbe2A,Zyra,JUNGLE,447,-1,-1,23,781,0,0.14634684443706197,4822,0.4963700954640622,-21184,0.02316602316602323,2
KR_7580776358,3,100,4okNgzSGTaceK5IItDyfJGNTrTLiJ1Ym-GvO1R30lpvXkAI5b6qb5ITDFrupm24Gybspiq69gX-0IQ,Akali,MIDDLE,-65,1,1,0,-174,0,0.05880572747199628,-3871,0.15424522745122216,-14990,0.13590733590733584,3
KR_7580776358,8,200,Mu-t7fC1a0-ztSi7VGyjw0TI_B1vCFMWxSyaVjk9WeeL2efDuuSsGBj0a0JC2iOFfuiRiBpQoVVFXA,Sylas,MIDDLE,65,-1,-1,0,174,0,-0.05880572747199628,3871,-0.15424522745122216,14990,-0.13590733590733584,-3
KR_7580776358,1,100,TEkQ9S42fJakv8m4N7qFC6nE3PyJBodRG9h1fomI5rwWgO2Kr96f5WUBiZOB1pB4_-CLFGYR3z9EIQ,Gnar,TOP,-1055,-21,-21,0,-1252,0,-0.010716041673575094,-1502,0.3257628557464828,8497,0.10579150579150576,1
KR_7580776358,6,200,wuicHM_pSRIMSaJl7yMg-a59T2w4TEQ6wQcoSgHhywlKN8e2KAIV2FXIv_4wzYDOL2VYa9V0alDzpg,Ambessa,TOP,1055,21,21,0,1252,0,0.010716041673575094,1502,-0.3257628557464828,-8497,-0.10579150579150576,-1
KR_7580922964,2,100,d38Wo2aVTChFPHTErR1JRZskuJmHkDk3YVHpqCUDAFI9_t6DwRKs-BnwRZ_GqilItQ6f8hRuueXo8w,Talon,JUNGLE,755,1,1,29,777,0,-0.020481414221243693,-416,0.3321340294680488,853,0.0036630036630037055,3
KR_7580922964,7,200,u-EkHbwmzUao4fDSrSLIIEksAeP9yoXyI6ORFrESDSAchSCr2frXPZ9Dlc8RNQ09idaj7qF6pHIE8A,LeeSin,JUNGLE,-755,-1,-1,-29,-777,0,0.020481414221243693,416,-0.3321340294680488,-853,-0.0036630036630037055,-3
KR_7580922964,3,100,kfqEp5nMXbll-P4Mvt1uFFARrnKsqAZOnR6v4zREQY0u84CBwKN-jFK63J8_qQXpQcOtyf8N3L1igw,Galio,MIDDLE,283,7,7,0,-60,0,0.034818237561971305,1168,-0.4823002104712486,12184,0.09157509157509158,-5
KR_7580922964,8,200,_5XcBs7sN8s3Svwn7iRutAT8EkqpT5PmOZCREuPJYUVjy3X9ZDCXTOlMNiTouShTG2_Odyi0Ubb6iw,Fizz,MIDDLE,-283,-7,-7,0,60,0,-0.034818237561971305,-1168,0.4823002104712486,-12184,-0.09157509157509158,5
KR_7580922964,1,100,9iP6TVz34Ahz22KcLpW8Hjk6NG2jKjFRXovx1AlCxy-ncohNo5H3d8D1iS5SQ_K1qoWnjjXcEBkPtA,Gangplank,TOP,84,4,4,0,214,0,0.036098453782798495,-532,-0.14697972287024685,1785,0.06227106227106233,4
KR_7580922964,6,200,itkzNlgfu5UNgS6Pp9E9q5e9HEqqY2k644MJ4Gh09EL8Nn5eTM89CmAgnw27QwXz4r_EHC35-55ZmA,Anivia,TOP,-84,-4,-4,0,-214,0,-0.036098453782798495,532,0.14697972287024685,-1785,-0.06227106227106233,-4
KR_7581166787,2,100,KHj8Z35xdBKjpfjckPKu8h6Ad_S_Wd_qrB78bRYeF8fKzi0JHvvRuT-ZOLjPIv4Vn3x7nmGuUdiL8A,Viego,JUNGLE,-331,-1,-1,-2,-44,0,0.06185868012482518,-483,0.3459346241464746,-1920,0.25,1
KR_7581166787,7,200,8k0xPrRgny34SX0o2S-S8jGR5UYKDi32Urrm0TmtVj9D9TuCx_-gCSpuR-SRAhp9CsLg93btEbabHA,Pantheon,JUNGLE,331,1,1,2,44,0,-0.06185868012482518,483,-0.3459346241464746,1920,-0.25,-1
KR_7581166787,3,100,c6bSMuR73csfY-quD4JG0pL1PYrh_X08yGe4pOMlUEJocLwaG7uzdk7ZSi4G8IK4K7HEhPfOqU0dfQ,Hwei,MIDDLE,-236,-25,-25,0,-207,0,-0.012425293141846788,-10180,0.2039282116618809,3405,0.0625,-4
KR_7581166787,8,200,G3lt3RwFXvzjGXZaUwJ1K-sLuhVCZGJzuy6UCoFugpMfIkvEckZI1uhykYmKMasoSFXkE9P5jCdVDg,Azir,MIDDLE,236,25,25,0,207,0,0.012425293141846788,10180,-0.2039282116618809,-3405,-0.0625,4
KR_7581166787,1,100,hx8USDJg3vM_9BAvtnHDKgqksm3USmYJ74QjcloiiGL-qY6GzldWbvyXCpjoML-smccx3fqFfug8Nw,Rumble,TOP,-1305,-28,-28,0,-1217,0,0.0010801968238977055,-695,-0.46069135218362955,3439,-0.1875,-6
KR_7581166787,6,200,yGrbzwT0U55q8EgDMBk_zvle7ALYh-ToZGlAv1S1e_aMfHCc29BsLvjyBAH2WgUuqT79-LW02MeArw,Aurora,TOP,1305,28,28,0,1217,0,-0.0010801968238977055,695,0.46069135218362955,-3439,0.1875,6
KR_7581335561,2,100,YPfK7ej53HZBAViQS_DS5wY2yVqPlAEAB0hQB-mSgM6jA9gonl9t0bNNAWhXTy6-r8RJgH3dLyjbPw,Naafiri,JUNGLE,-134,0,0,-6,-66,0,-0.03910818588111942,1055,-0.19390137248279082,-1154,0.021052631578947323,5
KR_7581335561,7,200,lzXAUGcPkHXtpt8ESwzLeVMV6ea-YfhCdmlFlnxas6IbRka1bnq1ftEIoHGboM_NJqJT1y56EPjeQw,Poppy,JUNGLE,134,0,0,6,66,0,0.03910818588111942,-1055,0.19390137248279082,1154,-0.021052631578947323,-5
KR_7581335561,3,100,81UMuKqftY-c4mbvy6B0LNWH6rr7_b7tWKn13Hyqfkl16wMXp28voq1X-fPH7Y19fm-Oiut_mhvXvA,Aurora,MIDDLE,205,-3,-3,0,344,0,-0.09667766654364568,-7843,-0.5080142612208363,7062,0.017543859649122806,-2
KR_7581335561,8,200,Er2bt5laugNsxvMmOt96dyQXX410Oxk-V4Uo4Y6nbFyMrRTl_doOXKT-k-TxpifktbA2Uc1zhSXfcA,Azir,MIDDLE,-205,3,3,0,-344,0,0.09667766654364568,7843,0.5080142612208363,-7062,-0.017543859649122806,2
KR_7581335561,1,100,E70G5Qtt1oVEzH5RJHDJEqB914Wdcz7H1DcdTmV2efT1BK3qUI1nQKfEN4s-ewUdzs0uuNhYsJtOcA,Jayce,TOP,-27,7,7,0,-436,0,-0.032277422919469084,15056,0.23213037943682224,-19944,-0.03508771929824561,1
KR_7581335561,6,200,Ub1VHsM1B0m1ctinxNljs2OZOvOXjP-fyZSQ3KxVgR_U1FnmEC1wzHDCP5JM4Vs6vuavFGta0WvxBw,Aatrox,TOP,27,-7,-7,0,436,0,0.032277422919469084,-15056,-0.23213037943682224,19944,0.03508771929824561,-1
KR_7581402767,2,100,aNt6k1jJH8idAk283BMd3IhnUvQWhWMEzRyubt7vyFuPV9g3UNf6YfGm0ct__IGtQ07o0PJGS2mx5g,Vi,JUNGLE,-451,-10,-10,10,479,0,-0.0559439323010122,-1183,-0.4268674153525721,-2069,-0.1964285714285715,-5
KR_7581402767,7,200,NX_Ud6RATNkkyqBy-msjgWDlYgPkd8NKpK01ozbhRkgE9jHiBgsvcppphZabjZYAT7urww0j8c_Gkg,Kayn,JUNGLE,451,10,10,-10,-479,0,0.0559439323010122,1183,0.4268674153525721,2069,0.1964285714285715,5
KR_7581402767,3,100,Lt9L-8Vx9Ai-7cgoopC1_xAjDIWG0QVGronUl1LLF3AeEX2KR_oxeqdgd4-__6pYRjcaTbX1BpZq6g,Diana,MIDDLE,685,20,20,0,519,0,0.09570824488806198,1129,0.33696658628879395,-752,0.10357142857142848,-1
KR_7581402767,8,200,QCprdn3ACVBHssZXtpmz9bjD1jNCE-Y0sIEVRx4owiEfKqQV4kICqhls56fqkw8wWfL8Xo112VUgzQ,Sylas,MIDDLE,-685,-20,-20,0,-519,0,-0.09570824488806198,-1129,-0.33696658628879395,752,-0.10357142857142848,1
KR_7581402767,1,100,3F3Ni5G6lQ1meiS6EgHmwqDIQeiuVAQC0Dt5px_Kc7TxHzhkHP2VMv5QFxdLkm5y5qPJQKuVxa-NmQ,Jayce,TOP,-695,3,3,0,-736,0,0.0955200896390081,1480,0.2755514630317255,-10366,-0.016666666666666663,0
KR_7581402767,6,200,Wegn95wO3GxJ3PK6IWyL63PGvbdpQoVcffra0-vgrc7cFyQkdnESN60OcN_6QeHyJIHzwxuc6uEWUA,Aatrox,TOP,695,-3,-3,0,736,0,-0.0955200896390081,-1480,-0.2755514630317255,10366,0.016666666666666663,0
KR_7581443298,2,100,TC9ip57j84E461uMaffxqd873Qq66Y20W_18mCSR3UyXILOUhez9mksReNfYRP-SfQHeKmf5lf2r7w,Naafiri,JUNGLE,-1177,2,2,-30,-1359,0,0.005768119114507614,48,0.46403517726349053,-12043,-0.07336956521739135,1
KR_7581443298,7,200,mlKPPKejWYp7C9cvLQ7FGo2-5eEIgnt64pDbbje4RyF8dzBtlN0ZXEtlTDjrMKL6RZSvdoNDHz4mIQ,XinZhao,JUNGLE,1177,-2,-2,30,1359,0,-0.005768119114507614,-48,-0.46403517726349053,12043,0.07336956521739135,-1
KR_7581443298,3,100,hNnUK-1z3SKixJ-71chpRl98fbZPjCiUx7CfBa4DdSEWixi5Q_bUDDKbGiNFdOHPdHWodvNXYLlwtg,AurelionSol,MIDDLE,-497,-5,-5,0,-79,0,0.009172219531355913,506,-0.2727183263866271,-2925,0.2961956521739131,3
KR_7581443298,8,200,6rSQt68Al_EZEghSEMTMqLiHQ_xYqj3mCk_64_zqxBYBzJZhqGNPf7GXIxXFYypUFwcjb8zpmxcXXA,Azir,MIDDLE,497,5,5,0,79,0,-0.009172219531355913,-506,0.2727183263866271,2925,-0.2961956521739131,-3
KR_7581443298,1,100,zKPTWy8KIDx9SG7bAMsXCWaDN_LAdJj4bpd6WOgWvgrm5qefmNFwV39kuwsvFn8L6VocOrykNXQ_Ew,Urgot,TOP,-810,-21,-21,0,-1227,0,-0.1150708424775404,-4180,0.2440201591816582,-641,-0.10869565217391303,-3
KR_7581443298,6,200,SUC-_TVeNFq7J2hGuUmmxZ4lAP0KZp6mjLNjJ7yq1PtN9zKU3N5UAV6VNDKrjtQCcLzxZujpSSqJfQ,Ambessa,TOP,810,21,21,0,1227,0,0.1150708424775404,4180,-0.2440201591816582,641,0.10869565217391303,3
KR_7581675944,2,100,BJiMFHww1VFIsl-yjVs46K1L8-CE3KC0dWLkZvXgcvb6cb00ZcbPwhk_uLzkClZvqAZZvJeGmK9jwQ,Nocturne,JUNGLE,118,2,2,-4,-472,0,0.024904322444144006,858,-0.04451677694727185,-1444,0.1609302325581396,1
KR_7581675944,7,200,DA8-N6ZT7Z_K5DfIh9fsLLIL2ZHbgYS7B6MPpRMTlbt8E_wQPeVI-QGqzNBlwcysV4U5sQZYs3wI1w,Viego,JUNGLE,-118,-2,-2,4,472,0,-0.024904322444144006,-858,0.04451677694727185,1444,-0.1609302325581396,-1
KR_7581675944,1,100,Ja9vRnhWQHxo1Y3Iio4eGOujTIa29LVlW-zRslNVxVehtUzggcf0In_CPGhOw1YT8RLT56o6rA9Svg,Aatrox,TOP,1314,11,11,0,1717,0,0.02355218803874931,9960,0.23345431897938845,-7839,0.1511627906976744,5
KR_7581675944,6,200,zJq00iy7vcDigdY4W-e2aUH1KvNWg-9SsE7u3UKE5qfrqzwJgZit8fPbdj1N9xOfGSxRs3rL94f0uA,Warwick,TOP,-1314,-11,-11,0,-1717,0,-0.02355218803874931,-9960,-0.23345431897938845,7839,-0.1511627906976744,-5
KR_7582122124,2,100,VY0JmNK4wsph8yq62tH99OuvaCxRGV_WkarlG4g8c995FCv0xPXndQL2bD1psq6TtDh2G6rOAzueLg,Zed,JUNGLE,-500,-1,-1,10,216,0,0.017295575923663875,583,0.7708763633303974,-1651,0.0983870967741935,2
KR_7582122124,7,200,iiu1OIC5dWOZ8P0r6aJUnoQdv90JLBpv5bKjqmyu_VfARaH7SXT0RR_US78qVb3FYz-QC2KtAZ2T6A,Nunu,JUNGLE,500,1,1,-10,-216,0,-0.017295575923663875,-583,-0.7708763633303974,1651,-0.0983870967741935,-2
KR_7582333971,2,100,Z0tlxzhZk0qPt_5Yi_Z7lwRUWZbj7Aqh8lIJbmfkniMpohlCxUFRINLkzxNUpBM2lDCsWthNMClxMQ,MonkeyKing,JUNGLE,-434,-1,-1,2,-161,0,0.025225425583827787,0,-0.3437498656338507,5865,0.10454545454545461,1
KR_7582333971,7,200,OxHRFk-xLASRdxXWX3oZT4NNw0QGafjb__8g_DeDdJkJLpify6qpD_gp0z0K7zEw7NrEHT5ZzRGj4g,Kindred,JUNGLE,434,1,1,-2,161,0,-0.025225425583827787,0,0.3437498656338507,-5865,-0.10454545454545461,-1
KR_7582482633,2,100,dnC_IgV_uW6o2Xp64IKZUOUmjEi6n5IWsmK-rP2FQmHK-sSBrcTkrE3VWKjI9urzgo8D9Z6crRbRGA,Yorick,JUNGLE,-276,-4,-4,-15,-554,0,0.021174087362911598,787,-0.5861502937663381,-9535,0.1515151515151516,6
KR_7582482633,7,200,EtsneL9NHGA1jc4i6TWI0hzv8nhtGoaWf4sREMwOABt2GQMd1pUjW2g0NC91pZUxMEj7uGvSL7PHYQ,Gwen,JUNGLE,276,4,4,15,554,0,-0.021174087362911598,-787,0.5861502937663381,9535,-0.1515151515151516,-6
KR_7582482633,3,100,EWWnZR2IwHkl7pVIm3BmDWhZ6J4gJuS85TSVbwWhOHPlplvk4cL2ef-wPpLChRxdf9_ji3EgbcX-gg,Ryze,MIDDLE,-119,-3,-3,0,150,0,-0.11688915107448752,8286,-0.1358940830200034,-8022,-0.21212121212121215,0
KR_7582482633,8,200,VZuPbrLw4NQ0C8W_SYgxBlgxahsGSaCy6wfQXnSX3ajl9c3Vf93M9LQWmnHCFW7xxFEibUCBSAHNmw,Cassiopeia,MIDDLE,119,3,3,0,-150,0,0.11688915107448752,-8286,0.1358940830200034,8022,0.21212121212121215,0
KR_7582482633,1,100,0z4kq3uNa9sSLpH5T9nUi84QFYMssN6RX67ln3BkKQmgivcYtif_dmN4r3QS8wU-pCsxE8jzj9d3iA,Ambessa,TOP,-688,-14,-14,0,-505,0,-0.037344364410254405,-611,0.11825815633926051,-10764,0.2777777777777778,4
KR_7582482633,6,200,hAhTbgvNXWI7Nu-Plt4sdH1VNcqdMs9ZlTzSY4Na4IrwOAAi12qlcmGcvvf23ujJlg-BJHo_VkRWtw,Poppy,TOP,688,14,14,0,505,0,0.037344364410254405,611,-0.11825815633926051,10764,-0.2777777777777778,-4
KR_7582564605,2,100,36w9XCi-npXg0Qqte9R3HRosSxOUZTQaG6UETHn-vo4qLJ7XzbN1aS51hbLQ0UpJnTZfpCYw06huBQ,Lillia,JUNGLE,-1057,-13,-13,-8,-348,0,-0.09615326067262597,200,-0.3140205928853823,28812,-0.18062200956937802,7
KR_7582564605,7,200,1ENie03w4q-kajyhgCdJOmHHKHntODI-KqxsRRWgE553uiW8-iIms_gSPypzs83EFOXvryWenbbe2A,Zyra,JUNGLE,1057,13,13,8,348,0,0.09615326067262597,-200,0.3140205928853823,-28812,0.18062200956937802,-7
KR_7582916180,2,100,zMBiHs0VR4ipu5Gjapdy3iGt-RIpIgCi_0HL8ayQxqdVErIIlTNKjOib8p0zVwk-ulz6sWXpmOxqiA,Viego,JUNGLE,-484,-1,-1,14,368,0,0.030013835808252398,6792,0.20364738436914798,-1422,0.1289855072463768,6
KR_7582916180,7,200,VOMkrFdii0o9enYqaxiU6Ui2pvZtTmLuxBZYU1egr-kBSqzniv75ctDzwMk40kqJUR-iTulXjEn3Aw,Vi,JUNGLE,484,1,1,-14,-368,0,-0.030013835808252398,-6792,-0.20364738436914798,1422,-0.1289855072463768,-6
KR_7582916180,3,100,YPfK7ej53HZBAViQS_DS5wY2yVqPlAEAB0hQB-mSgM6jA9gonl9t0bNNAWhXTy6-r8RJgH3dLyjbPw,Taliyah,MIDDLE,157,6,6,0,-9,0,0.03071869857920892,1631,-0.07699233638566794,-6231,0.10869565217391308,2
KR_7582916180,8,200,7eb9YIO-BPeleX-gSZHPf-Af5SDcgmXFK4XI95jx64CI19QYlzVNOQkFFivxlKTXvsoxmWQfkboqFg,Ahri,MIDDLE,-157,-6,-6,0,9,0,-0.03071869857920892,-1631,0.07699233638566794,6231,-0.10869565217391308,-2
KR_7582916180,1,100,sP1qoBXEnVEzNpepepZI_MQLg8exkA4aIJCyHaRJJ5eIKPhDBfKaCGTXt2imLpfJZ-qa0lvLn-fuzA,Aatrox,TOP,-748,-1,-1,0,-901,0,-0.07855788157815849,-10097,-0.20461909478831775,4498,-0.26231884057971017,-12
KR_7582916180,6,200,JPPmPaLLTE1iZg6n25EXtAtI53XPxNeisaTAzMCkNoRTjXqrvUZlZu9X07KaRheykQflDZkqeiVNsg,Fiora,TOP,748,1,1,0,901,0,0.07855788157815849,10097,0.20461909478831775,-4498,0.26231884057971017,12
KR_7583142648,2,100,afyjAWNV-Whomp4gf44hBb_o2Dxy_6FNHmsiM3tRMOe2cZtxhhFoEfH0eOXGi6QwNuSvRMjer3zxvA,Khazix,JUNGLE,1166,3,3,-3,247,0,0.0969209023939395,-1404,-0.04374688347441458,-5550,0.10997442455242967,12
KR_7583142648,7,200,kMOVG61ciLXtEf_2YMFGp7MxSeGPSCscWVC9e-837Z4X0tNM52_knRXpj9pnfOei3mp0u-dNrjwqQA,Sejuani,JUNGLE,-1166,-3,-3,3,-247,0,-0.0969209023939395,1404,0.04374688347441458,5550,-0.10997442455242967,-12
KR_7583142648,3,100,fqx7MAeNLEdQi6Y4-zBties2WPoEfcgElSo1jnaZcIeTbcCkjegOoQdmvEzVsoV8yLWaGNjmPCSzrw,Xerath,MIDDLE,-420,-1,-1,-4,-497,0,-0.0496910078874811,-6136,-0.4030770496191776,-7185,-0.19693094629156016,-8
KR_7583142648,8,200,FvyvHyjNaJDoV4a9T_zCDNtVLVccBX56gN8YvPfJ7q3FJVL_4JIdr-6gI6z0njK4c9e7YOzZYLb5aQ,Yasuo,MIDDLE,420,1,1,4,497,0,0.0496910078874811,6136,0.4030770496191776,7185,0.19693094629156016,8
KR_7583142648,1,100,Yd-PG69LrfoX18wF6qpdsWhJR3FPcHmzsawTxPnNyGjC4qyndAM7byW4rj8nmS8Yueg1RHeOyilAkA,KSante,TOP,506,-12,-12,0,-246,0,-0.052021961184264776,2933,-0.4374710091331716,4220,0.21099744245524304,5
KR_7583142648,6,200,tBld43yABZX18eggkgO2XlRFzjZ8J2503fCalo8iyfQO-WcCQlgOe6AJcWx3S9vIfzr4-v0kPPWrsw,Ambessa,TOP,-506,12,12,0,246,0,0.052021961184264776,-2933,0.4374710091331716,-4220,-0.21099744245524304,-5
KR_7583480018,2,100,T1ItW2ozSiVTBGyaXxYTVlIblTfF9NrDPAvP8CS7mGF0eMIJdC4Nfe5n8n9QkI8BUZmGlwnlvzaoCA,Zed,JUNGLE,601,-2,-2,22,1045,0,0.023887917511625598,-2128,-0.434693602564196,989,-0.07058823529411762,3
KR_7583480018,7,200,cR_13lgX5Gsr2Qpl2zzdco22NMlyhgf7som8GqDkBbCYcm5LRcew7uKZIQ8oAM3ikGixaPbOwS5MpQ,Nocturne,JUNGLE,-601,2,2,-22,-1045,0,-0.023887917511625598,2128,0.434693602564196,-989,0.07058823529411762,-3
KR_7583480018,3,100,2MLHBHpBwCF96EG8CBb_6-N8nXYKbaS_AMuRXzo0vyjX_WDrUyiiJzSD9RjqRxEXGjipVh8oCP6s0g,Vladimir,MIDDLE,-684,-4,-4,0,-10,0,0.009733223094569504,511,-0.3406782475367747,15709,0.07058823529411756,-2
KR_7583480018,8,200,fdPLem4jgijosrvTtIV0GUyC7cJ4V-Bhz5n2G_PCkTvEckFAeVWXUgcfjxhvWBYJmr953IZ1ZprPPg,Ahri,MIDDLE,684,4,4,0,10,0,-0.009733223094569504,-511,0.3406782475367747,-15709,-0.07058823529411756,2
KR_7583480018,1,100,cbMMLhDDtv4mtqMP05J6a_I48dSV0KCe4BPgQI2IpxkRa7XKZyRXieJPE4-qygO6CZsuNRqGE-pSOA,Gwen,TOP,16,3,3,0,24,0,-0.03366304992717728,-5392,0.2349098128537509,10801,-0.05490196078431375,-5
KR_7583480018,6,200,_By-LpyoH78S5YHW4zvNrVHMqS87dcabCF4XbcekDN38aC2SiDHv9OBvxpH2BXdkFnD0myktXDBjVQ,Ambessa,TOP,-16,-3,-3,0,-24,0,0.03366304992717728,5392,-0.2349098128537509,-10801,0.05490196078431375,5
KR_7583764341,2,100,-iQ1PMGDBEgbd_0kjBvoT3jHgBDnuGZEALlQzWEDcYxKJsDZy6LIvdln-47uV-3bR3wmqmczltGhHQ,Taliyah,JUNGLE,361,6,6,-8,-237,0,0.04777481500875501,-975,-0.3180048686781931,-14203,0.03333333333333327,-2
KR_7583764341,7,200,LRlXgISgxUbvn5fTukF1mztIST6ppTdj6h2Gj00BnlvU3pnKvLJj-u9ZU6MhYZbVIooONv7vpymwuA,LeeSin,JUNGLE,-361,-6,-6,8,237,0,-0.04777481500875501,975,0.3180048686781931,14203,-0.03333333333333327,2
KR_7583764341,3,100,iSUoSbOlUaeErYHQoL4-5K_Nm64BW6KHIxOFk97d0G0puExlLao-I_E1p-EAZJ3FlVJaPf2Y_nTgmw,Lux,MIDDLE,399,23,23,0,312,0,-0.045492466050780694,-1455,0.4614743628710257,-9936,0.10476190476190483,0
KR_7583764341,8,200,-_I4S6Cbbuw29ux8gJczmczA3ptkdYTZe1u4fvlSHcbPTvU3VnPNurVLUIOw9dt8NARUlgsALLP2vA,Zed,MIDDLE,-399,-23,-23,0,-312,0,0.045492466050780694,1455,-0.4614743628710257,9936,-0.10476190476190483,0
KR_7583764341,1,100,qf1MGCvqlFub2YI93ONohu6_dIPO-h2xFmUoz_UNF1Rm4beK434-hRWmLNqnRqiyHOurAdnqRfrsHA,Quinn,TOP,347,-6,-6,0,-170,0,0.011045219146740087,-5621,-0.23279409225179426,-6736,0.19523809523809527,-1
KR_7583764341,6,200,XkPqx3fRnd51FHHRQabbBar62ENRmVR4eIjw_tri1T85NqttoWU-alfF4l2OQPt_ifZ2muAZ1ZxnAw,Gwen,TOP,-347,6,6,0,170,0,-0.011045219146740087,5621,0.23279409225179426,6736,-0.19523809523809527,1
KR_7583901381,2,100,FkiPgWu_wuTVEukwAFoZE6NIzT4l-jRWGxtrwkrsA_VsMfJLtW1yE2dRyA0rOqsxGwqg0XEEVKnypg,Skarner,JUNGLE,-115,-5,-5,-7,-100,0,-0.1251414480566001,-2572,-0.23871856327031704,-11316,-0.3021739130434783,-8
KR_7583901381,7,200,YPfK7ej53HZBAViQS_DS5wY2yVqPlAEAB0hQB-mSgM6jA9gonl9t0bNNAWhXTy6-r8RJgH3dLyjbPw,Lillia,JUNGLE,115,5,5,7,100,0,0.1251414480566001,2572,0.23871856327031704,11316,0.3021739130434783,8
KR_7583901381,3,100,DEE2_BnsQASbo5ONl-VOA-nVeTvNyIJxFCTQEp4JdWT-4LBNYDifAaovDe2ptAQ5eA_PT4Tr1t6_Ng,Lucian,MIDDLE,-660,-19,-19,0,-809,0,-0.0646652757524186,-702,0.010163795163612432,-3557,-0.2652173913043478,-1
KR_7583901381,8,200,UQJ0f6mLx3QBY7Bs2TufI52iWjFevbKNn3-VOK-OUrZAt5Uyu_yCtguBeNFcYO3Ic3AOWjyW6A4qzw,Tristana,MIDDLE,660,19,19,0,809,0,0.0646652757524186,702,-0.010163795163612432,3557,0.2652173913043478,1
KR_7583901381,1,100,sP1qoBXEnVEzNpepepZI_MQLg8exkA4aIJCyHaRJJ5eIKPhDBfKaCGTXt2imLpfJZ-qa0lvLn-fuzA,Ambessa,TOP,840,14,14,0,844,0,0.1140703482371346,-1796,0.20060647966689849,87,-0.09782608695652167,2
KR_7583901381,6,200,7EgZPw0pPANEXwYAEu7mibSBhRT01Q9gsj-ZjZaURSKhj4Roe39uczpdvV4GvPR-gmnmd3Cv5kfG6g,Camille,TOP,-840,-14,-14,0,-844,0,-0.1140703482371346,1796,-0.20060647966689849,-87,0.09782608695652167,-2
KR_7583989309,2,100,wySJxalkTyZSfx2rYncpZ9uhVSG8mO10Xp3yv85_YjFNfGtWHIZ9N0rTMoe5nHQLae1Kwmy3_yKzuA,Lillia,JUNGLE,-1518,-7,-7,2,-97,0,0.006378350539464811,382,-0.08107835304650024,19508,0.05668934240362811,-10
KR_7583989309,7,200,mnAd6qBHDgx04YExCQtXoSsV6blE_9GlaYWHJ73NMt7myYuZ-mJHn_90fh-b-oKKau3gBh22TNbHxw,Talon,JUNGLE,1518,7,7,-2,97,0,-0.006378350539464811,-382,0.08107835304650024,-19508,-0.05668934240362811,10
KR_7583989309,1,100,3VSTkmubjfBTvqeFqW31xzK0L1jKO-Gj0O_cPCq-q8N2YAsnJqnUScLN5HuJ88wvCS105qabckDndA,Renekton,TOP,580,16,16,0,318,0,0.021701135843423813,15015,0.6265415302331636,11676,0.09712773998488289,1
KR_7583989309,6,200,0z4kq3uNa9sSLpH5T9nUi84QFYMssN6RX67ln3BkKQmgivcYtif_dmN4r3QS8wU-pCsxE8jzj9d3iA,KSante,TOP,-580,-16,-16,0,-318,0,-0.021701135843423813,-15015,-0.6265415302331636,-11676,-0.09712773998488289,-1
KR_7584255205,9,200,kIEcfzM03KFJuWeJIzGW51nIqDEsIKSAOe3jPucxLQ4ZmE-Ly9UOKwQVSSV6axRZTliPhfgeBJK7YA,Zeri,BOTTOM,952,33,33,0,559,0,0.08646234130637899,-474,-1.1565549131168837,-2487,-0.11764705882352944,5
KR_7584255205,10,200,axlyr4h-j44b2sQyd3E0qgvjlhXJa4Kly-Zow0s27WPv9DHLGB8QRYHXi15eMQ-hACkJwQPNia52_A,Senna,BOTTOM,-952,-33,-33,0,-559,0,-0.08646234130637899,474,1.1565549131168837,2487,0.11764705882352944,-5
KR_7584255205,2,100,VY0JmNK4wsph8yq62tH99OuvaCxRGV_WkarlG4g8c995FCv0xPXndQL2bD1psq6TtDh2G6rOAzueLg,Vi,JUNGLE,146,0,0,9,621,0,0.024914580914701695,7666,0.3705063018955599,-10120,-0.26797385620915026,6
KR_7584255205,7,200,BTt_A4ZzxOxQcxiFPix2PoXpIKJYa3euT3zvl8AMyDaAOvti1pvnP9zYVyTK3bn3xErIKlk2EFQBXg,Nunu,JUNGLE,-146,0,0,-9,-621,0,-0.024914580914701695,-7666,-0.3705063018955599,10120,0.26797385620915026,-6
KR_7584776892,2,100,EpPPgvzC5NGwt2ZAY4PUjfhhMi7SYZZKuNvOArlt6WUgtYi5YoImF6mtb99zwaooZxaiPSHlzqBSCQ,XinZhao,JUNGLE,456,-1,-1,-6,-191,0,0.0012764213455681017,4684,0.240743577273153,650,0.21428571428571427,4
KR_7584776892,7,200,YXF1de74qRCv-bDMiRNxtk0uHh56vdVINP4fpROlJJQmsCoIp46YMKu6pVvgiyLeBnm_JNXJ2X3H-g,Diana,JUNGLE,-456,1,1,6,191,0,-0.0012764213455681017,-4684,-0.240743577273153,-650,-0.21428571428571427,-4
KR_7585084967,3,100,QGt1mrMfZNNcJEswfQkwDqqW7yyAHIGGfJOn_V3aApXyAj3s_IbVIvoHIrRnlP8zTcBk0rYX7zJK9Q,Sejuani,JUNGLE,-1071,0,0,-3,-550,0,-0.05437692696172941,394,-0.037762771842895004,-4903,0.09868421052631582,-5
KR_7585084967,7,200,uo1CNTK7a2AnD67sTm5yxoJTVo2Idk3Kt6bzCbgcJM8CBCXrAlLU8auUZ7kVVlzJQ92yyOOvFsMvrQ,Sett,JUNGLE,1071,0,0,3,550,0,0.05437692696172941,-394,0.037762771842895004,4903,-0.09868421052631582,5
KR_7585084967,1,100,5ahSFUKK3Ix-KEPnZfCtfXySwb4VGgEF7NPj91FdMpFgoI2mm6SQq5UQqoS-XF2DQP9fIdRSsS-9kA,Jax,TOP,33,14,14,0,-346,0,-0.009464242886112889,6446,0.2547201864925114,2143,0.11184210526315791,5
KR_7585084967,6,200,WOsFXqygaP_mFw5tSJbIg2v2fvwjKrsf2lYD_7IFRZwk555YWc1U14bp3I5QZRHxek3j4wTdp77IgQ,Alistar,TOP,-33,-14,-14,0,346,0,0.009464242886112889,-6446,-0.2547201864925114,-2143,-0.11184210526315791,-5
KR_7585329860,2,100,VEWJoVHKLBUiEG7LyCyxd3Qw_PGVOEuEceDbv0hOxAFtjxWebqFyc1q2H90OBGQ4n3y8o6hQESypWg,Naafiri,JUNGLE,353,10,10,-18,-150,0,0.044183855518812515,-851,0.18639888450802355,691,0.11111111111111105,0
KR_7585329860,7,200,l8zCfPZXSxLhSvY_5qa83ADS2nkhHd_R7qI8vrc1NkLLQ3jn11YTMUKgrcuC0hMi8lUM7rRjHPHcog,Vi,JUNGLE,-353,-10,-10,18,150,0,-0.044183855518812515,851,-0.18639888450802355,-691,-0.11111111111111105,0
KR_7585329860,3,100,5pW1lAPayqXzAO6onUrGUYkCyS1E1LKAHwgWegpKFIevurYBFvmeKg_L8zwFuE38NyrDwKWkAIGaYg,Taliyah,MIDDLE,-154,-9,-9,0,-185,0,0.0669511297810777,-2637,-0.02130107993148156,-9671,0.22962962962962968,4
KR_7585329860,8,200,XDmgJL75yaoSJqq3RjzthdmI8l8Hdf0THAQb0bJnupuIJJV2B7LNgBrqwoHngXrEKW93RuI79oTkGQ,Galio,MIDDLE,154,9,9,0,185,0,-0.0669511297810777,2637,0.02130107993148156,9671,-0.22962962962962968,-4
KR_7585329860,1,100,kUoThVu13pE3zAW0DwPm0k7ZorEZAfkh2ltGMkWFqUqdE_jPizv-FxAVlZ3yW5l4qFs5JVpYz44clQ,Rumble,TOP,-115,-4,-4,0,-697,0,-0.06462770942366639,-5191,0.27676694018871184,5163,-0.1111111111111111,-9
KR_7585329860,6,200,36w9XCi-npXg0Qqte9R3HRosSxOUZTQaG6UETHn-vo4qLJ7XzbN1aS51hbLQ0UpJnTZfpCYw06huBQ,Akali,TOP,115,4,4,0,697,0,0.06462770942366639,5191,-0.27676694018871184,-5163,0.1111111111111111,9
KR_7585486841,2,100,d2zC8OEgWb4ysKl5zLUMMfq9m1k_BKdzOFHfzqFtK1IpSggKYTucaSARlT23tzHiLOScwITssqhBsA,Zyra,JUNGLE,459,-11,-11,26,1125,0,0.1370051124909145,-456,1.027872811420448,-20220,0.13636363636363635,-3
KR_7585486841,7,200,eatUj6rxaF2Xg3pcak94auX-TQQvzRs8pB8ZAiuQbkQubbRXhjF6KhmTupV_0GtbluXD-_W5agUZ9A,Vi,JUNGLE,-459,11,11,-26,-1125,0,-0.1370051124909145,456,-1.027872811420448,20220,-0.13636363636363635,3
KR_7585486841,3,100,G3lt3RwFXvzjGXZaUwJ1K-sLuhVCZGJzuy6UCoFugpMfIkvEckZI1uhykYmKMasoSFXkE9P5jCdVDg,Yone,MIDDLE,739,12,12,0,298,0,0.011574149793260713,-3414,-0.3802115386647905,13624,-0.015151515151515194,1
KR_7585486841,8,200,7SLto2ICAtmuNjC0Ug86-krsMRdTMplkRO-oKZlfCxilJzO5EpOWHpdpGOG4cwd19ySaCmhEaSifzA,Aurora,MIDDLE,-739,-12,-12,0,-298,0,-0.011574149793260713,3414,0.3802115386647905,-13624,0.015151515151515194,-1
KR_7585486841,1,100,WzAJn9saCN7wVjo5ghnXBFCt2U54EOyygl7RS1skHxXYP7_coK7Bs0mp2VCjg5K4sdx5zicB6FQu4g,Fiora,TOP,-220,-11,-11,0,-343,0,-0.16150964617659513,-7379,0.10938664525512054,14387,-0.44318181818181823,-6
KR_7585486841,6,200,qWxfzJONKU02DjfGo91jaBBPIUx75IhklOj9-Zih6TJnrVi422NWJinMpmgY3KHpjQ_tMn3rhli0Ng,Jayce,TOP,220,11,11,0,343,0,0.16150964617659513,7379,-0.10938664525512054,-14387,0.44318181818181823,6
KR_7585615872,2,100,9HN0Pr6xNnJcSqjbHmjJ_kHRiIRcIR52zJrYQnczUhnZ087n7s1WzSXgl1H6N1CAIFoyQSAhotPYJw,Gwen,JUNGLE,118,4,4,22,777,0,0.1002845059673702,5732,0.2123483665485113,-982,0.0600255427841635,5
KR_7585615872,7,200,VKomKlx64OI51e8KZxRfOBdRCaCf2RmkuLNCRXhS9xwrrhvDASERKqLHRtrZcH1utzwIJbsfsRRsfA,RekSai,JUNGLE,-118,-4,-4,-22,-777,0,-0.1002845059673702,-5732,-0.2123483665485113,982,-0.0600255427841635,-5
KR_7585615872,3,100,veVKEoOLFt2owOL4_-Y3BbQh5AOYe0ncC499EsFji_kAfUmLH1s2BUjejqPNdUDwXPaM3TsYmaPd3g,Sett,MIDDLE,-70,-2,-2,0,-637,0,-0.16938393866746773,-402,0.07795872210314714,4161,-0.04342273307790556,-4
KR_7585615872,8,200,_IDoagFxk4Sba9krxqIOMFU5NiyVehQEfVRUciyMHZwLxlSj28mX_iMT_vUTFtWQEs-nzlxNpdHdNw,Vladimir,MIDDLE,70,2,2,0,637,0,0.16938393866746773,402,-0.07795872210314714,-4161,0.04342273307790556,4
KR_7585615872,1,100,CPIqHUdYvN6ENJyt01KdA35PprwHlpb4xUqW7D0-Z868jE0lyh3qD7ZanjoaKTfgvGU5knWtidBWDQ,Camille,TOP,-1136,-27,-27,0,-1145,0,-0.0831408643669059,-472,-0.1772166027402149,272,-0.2554278416347382,-4
KR_7585615872,6,200,qXWiD9Qrm-rUXcR_qJoW7AX6c0ZTg_WO0xWJ6-TvpHFqmINm00J4leSMMFMg48aBZ5-2SxCymGzQBQ,Kled,TOP,1136,27,27,0,1145,0,0.0831408643669059,472,0.1772166027402149,-272,0.2554278416347382,4
KR_7586067878,2,100,JZ2Cd3NW46NqtcgXivYk2SH409AoHuY6hMv4_DGZnzP6s6UfzXmYl_q_ylLpuSqQdF4yrJq0RPCdWA,MonkeyKing,JUNGLE,179,1,1,-16,-26,0,-0.04933951547468679,3123,0.06674842710320616,4864,-0.026315789473684292,3
KR_7586067878,7,200,_TuBQGtHS5dCbydU_Al_wpXcOj9_J1tqW41kYkUY1VqU_yledjcVoi-wVT7KnGXchrck06qefV19Eg,Shaco,JUNGLE,-179,-1,-1,16,26,0,0.04933951547468679,-3123,-0.06674842710320616,-4864,0.026315789473684292,-3
KR_7586067878,3,100,zwhDPzTARCFvzwmrFKoRywNnxYB5zETCzNKhQFbXhxDHAcmy_YyD6vxmcwg6T8mwYCPw2aceMgbtPA,Vladimir,MIDDLE,-69,-16,-16,0,-420,0,-0.07370560158530401,6284,-0.10472041733409898,1730,-0.2302631578947369,0
KR_7586067878,8,200,htWqNhdwoNF-V0YNIGuxT814QJFCa48uAPMpCWYmUoMOG7yM-id2Y7NwVcrld5kUQi68TtRjgFOZCw,Orianna,MIDDLE,69,16,16,0,420,0,0.07370560158530401,-6284,0.10472041733409898,-1730,0.2302631578947369,0
KR_7586067878,1,100,cTeVTiAx6G2WU1bZ7Go0U6YYB2DMud41PIBeEzAXMQ_k3Q78BMnZLKIPjU3i7s6glPiiyFqruXR0KA,Jax,TOP,566,27,27,0,1022,0,-0.028894657090085513,12834,0.5378585280642038,826,0.008771929824561375,3
KR_7586067878,6,200,n5skzATJw2gBUqgLPEN49uk62lR9Xa2z1eF4j-8_x87TPNyTcowy96Q1M4RMP6x1izlJSksvaX4G8A,Swain,TOP,-566,-27,-27,0,-1022,0,0.028894657090085513,-12834,-0.5378585280642038,-826,-0.008771929824561375,-3
KR_7586407555,2,100,7f0PZETLPSsSke7X0D5D73gsHFkFyUK_L2v708u8Xn9zsBZZTpQXVEvaGbo69EZIMAUtIjLncQHVVg,Rengar,JUNGLE,-330,2,2,0,-234,0,0.0943585261669744,-2040,-0.27239935544537697,14047,0.04761904761904756,-1
KR_7586407555,7,200,VY0JmNK4wsph8yq62tH99OuvaCxRGV_WkarlG4g8c995FCv0xPXndQL2bD1psq6TtDh2G6rOAzueLg,Ivern,JUNGLE,330,-2,-2,0,234,0,-0.0943585261669744,2040,0.27239935544537697,-14047,-0.04761904761904756,1
KR_7586407555,3,100,7y6WPHDaH_SdE_xKPvD2zfaWR5PnrBfiXC3GTdaBW--EWniXHR1sOEkc2KdBii8Ajb3YEvSamikN7w,Ryze,MIDDLE,-735,2,2,-2,-351,0,-0.019857293739235005,-2865,0.03646956372361687,3462,-0.20634920634920628,-4
KR_7586407555,8,200,OGgniyK8lGxKCNEQFkvY9-jAAFoooC4Zl3EuI5rXsu_fTGV8aGCR2P_J1JnlUNR-iURtvpp3g34vXQ,Akshan,MIDDLE,735,-2,-2,2,351,0,0.019857293739235005,2865,-0.03646956372361687,-3462,0.20634920634920628,4
KR_7586407555,1,100,qXWiD9Qrm-rUXcR_qJoW7AX6c0ZTg_WO0xWJ6-TvpHFqmINm00J4leSMMFMg48aBZ5-2SxCymGzQBQ,Kled,TOP,-122,5,5,0,328,0,-0.033902196378403804,-3153,-0.3266435008018297,6806,-0.04761904761904756,-1
KR_7586407555,6,200,A-Z_AaM67jCgwIpr3e54SvbqnxJ2uTAqwGKTd7eogC6otN3xTfkhCiT_2Z_y6dzyAdx6PsNibpJ0AQ,Rumble,TOP,122,-5,-5,0,-328,0,0.033902196378403804,3153,0.3266435008018297,-6806,0.04761904761904756,1
KR_7586824029,5,100,aQ8EETK8dZELRaU-xUN11WXMc8ILWbBYQ_7UMLn3GMYdPRrafyNrOavyHaM-86EkqkOZujaBqRX0Sw,Blitzcrank,JUNGLE,-1553,8,8,-73,-1657,0,-0.1057840797783994,288,1.9976197580662522,-13366,-0.09523809523809523,-4
KR_7586824029,7,200,8NVmPXy1YIUOGoNCSJRGZoqT4G-FR3L10ewKneJ97pqa5VwIomrb4KAXQ9cjmsaesUfcvN64kLz1bA,Nocturne,JUNGLE,1553,-8,-8,73,1657,0,0.1057840797783994,-288,-1.9976197580662522,13366,0.09523809523809523,4
KR_7587115119,2,100,kU9wwZluCyJ1vIAIjnaUImqy5TzaxWvh4Ltg6Vnd8HfUbHT9k76t9BNcRj9uxVGVkn_qUHD36MsYYw,Viego,JUNGLE,1208,5,5,6,877,0,0.10694187623651269,2552,0.35365207395702714,-1345,0.24308300395256927,18
KR_7587115119,7,200,T2qUwkCEl_O0Wt-M0vXhJkKiuolBINwVIgBtFSrPDfNx7k5NvtU_3wSYhsWSI9h2fQw4YpS1bS4zAA,Vi,JUNGLE,-1208,-5,-5,-6,-877,0,-0.10694187623651269,-2552,-0.35365207395702714,1345,-0.24308300395256927,-18
KR_7587115119,3,100,cfzwY3LH5Pu1mYL6yUXWDd14GyCm2aa9MXG4xnnDWlwk9JLZtdOVvsePimQjPsP1QuGyA58YI6Sz0Q,Sylas,MIDDLE,-1165,-39,-39,0,-1422,0,-0.10113064064328,-1388,0.01987889473588178,10778,-0.19565217391304346,5
KR_7587115119,8,200,E8UGH9wbDwVQOuQQhVFCeQ90vU4ZA8nmaFGHk4j3mFRKSUvHn6fmmOyRNWEAqiZzZcYWjOwHQbj8oA,Ahri,MIDDLE,1165,39,39,0,1422,0,0.10113064064328,1388,-0.01987889473588178,-10778,0.19565217391304346,-5
KR_7587115119,1,100,cR_13lgX5Gsr2Qpl2zzdco22NMlyhgf7som8GqDkBbCYcm5LRcew7uKZIQ8oAM3ikGixaPbOwS5MpQ,Ambessa,TOP,-874,-53,-53,0,-687,0,-0.14714649010686529,-2993,-0.08218556204757888,1365,-0.2885375494071147,-5
KR_7587115119,6,200,qscSl8tOIxsoj8O6BzsSL9xypFkFsHC8HlvUewb5XpU-6GqF3cGZwc8T_-hBIBgioqubW9hkUAT_nA,Rumble,TOP,874,53,53,0,687,0,0.14714649010686529,2993,0.08218556204757888,-1365,0.2885375494071147,5
KR_7587369929,2,100,c7o6m66l3vzaLhIzVVp71aoiCWaQcJEa0PK9mymRUTwpPmXKsTfqiBxsM53jWwrALpq0MdiAJONQEg,Gwen,JUNGLE,-555,0,0,16,430,0,0.09719305258760783,3647,0.2920725272327971,-2258,0.11538461538461536,3
KR_7587369929,7,200,kU9wwZluCyJ1vIAIjnaUImqy5TzaxWvh4Ltg6Vnd8HfUbHT9k76t9BNcRj9uxVGVkn_qUHD36MsYYw,Viego,JUNGLE,555,0,0,-16,-430,0,-0.09719305258760783,-3647,-0.2920725272327971,2258,-0.11538461538461536,-3
KR_7587369929,3,100,5pW1lAPayqXzAO6onUrGUYkCyS1E1LKAHwgWegpKFIevurYBFvmeKg_L8zwFuE38NyrDwKWkAIGaYg,Talon,MIDDLE,-510,-23,-23,0,-530,0,-0.0339366466536187,99,-0.020773786409143957,5892,0.10256410256410253,0
KR_7587369929,8,200,E8UGH9wbDwVQOuQQhVFCeQ90vU4ZA8nmaFGHk4j3mFRKSUvHn6fmmOyRNWEAqiZzZcYWjOwHQbj8oA,Aurora,MIDDLE,510,23,23,0,530,0,0.0339366466536187,-99,0.020773786409143957,-5892,-0.10256410256410253,0
KR_7587369929,1,100,hAhTbgvNXWI7Nu-Plt4sdH1VNcqdMs9ZlTzSY4Na4IrwOAAi12qlcmGcvvf23ujJlg-BJHo_VkRWtw,Jax,TOP,-303,-9,-9,0,-498,0,-0.08592375515531,-3768,-0.12361421648278337,5092,-0.10256410256410253,-8
KR_7587369929,6,200,815axwnpkupzBTI5QsZz8ltORFA1v0Hpuo8GJWGu8ar6Khd4K2v72TD1RQXzSfUyU5PvoOSBe811Bw,Gnar,TOP,303,9,9,0,498,0,0.08592375515531,3768,0.12361421648278337,-5092,0.10256410256410253,8
KR_7587539185,2,100,w5cg43HoMwWBBnOkhwn_KkDVH9JIAhrK_Vrii_SU0f_4omsxIW42uKop2Lob08TCS1PvHHMX30qU1g,Zyra,JUNGLE,2138,-6,-6,45,2226,0,0.0983591999070961,-222,-0.22968609063540568,-14665,0.18358974358974356,8
KR_7587539185,7,200,7pLaumpVsNoi1dl1zRwFbb57Hh_rQY1hVtqXYIVmS9GgatQeuELZnVJ8wYF5wvQF3JBFkZZkLBfSFQ,Sylas,JUNGLE,-2138,6,6,-45,-2226,0,-0.0983591999070961,222,0.22968609063540568,14665,-0.18358974358974356,-8
KR_7587539185,3,100,CO7ee0mvW8W8DFFckMw0gS6kbDBGw2JUE8GXmPvl1dLCVuImisy6n65LJjKFOmY8llk9dLnYxWbgSQ,Yone,MIDDLE,1286,16,16,0,953,0,0.1668524976621679,1639,-0.4551614758881124,2773,0.3784615384615384,8
KR_7587539185,8,200,8tzvZD8pyRgmnN5eFgoARF3RDAKI_irxPhB54tI8HOx6KhQLDtwnc7ZcuZiYvg7HhoHSw2muZD_EUA,Yasuo,MIDDLE,-1286,-16,-16,0,-953,0,-0.1668524976621679,-1639,0.4551614758881124,-2773,-0.3784615384615384,-8
KR_7587539185,1,100,GekC7rWPBieVnHgrRnH3tt-crhgNHNWrq3KynItwXAM0VXx-Wbn28IUDRQTzss4Nv28jb7FM2eH6xg,Gangplank,TOP,-502,-15,-15,0,68,0,0.039830267634809596,-89,0.4031564643929325,-4367,0.03589743589743588,3
KR_7587539185,6,200,S9_mkbTnBtQHQcTJpswhcjWaNnhNO4ozqLbRgHwCW1xehb4hBOkXCWjyfpiVm0p4_9URnFnAQswlNw,Riven,TOP,502,15,15,0,-68,0,-0.039830267634809596,89,-0.4031564643929325,4367,-0.03589743589743588,-3
KR_7587990496,9,200,-Z4N0d1FLnUo6HpLCcszqtrrDSkGFATMWmspJeCkRMcQzxli_82jSRLG_c0WIOUwHeSY2Ndu4lRUCQ,Tristana,BOTTOM,321,37,37,0,843,0,0.1394597064672302,4360,-1.7101164325054357,15049,-0.1785714285714286,6
KR_7587990496,10,200,5zT-ua7LqYvJuK4Pd1fx-gx4CtqTk-9GkLnWhe_3iKGPCjVev1bdDJmOyFU-BDMvPHs82enKUrBodQ,Lulu,BOTTOM,-321,-37,-37,0,-843,0,-0.1394597064672302,-4360,1.7101164325054357,-15049,0.1785714285714286,-6
KR_7587990496,2,100,Ndm7fdeV66LFAknIcrq4lR5W5LUTWuzXk3rna5d8RbKxUw-kkWHtwvGEVb25m_FuBtBHR_qtfw6n8A,Naafiri,JUNGLE,729,11,11,14,828,0,0.0023003421071205177,1601,0.2069015723747053,-23493,0.041005291005291045,9
KR_7587990496,7,200,zK5_aAP2wjZ6YsK4IVVxVfcDqn8SDxmt4z3LyAzVIUcXLE0oA47OAJppC7osFz-I-SIwGSpo9rUrSA,XinZhao,JUNGLE,-729,-11,-11,-14,-828,0,-0.0023003421071205177,-1601,-0.2069015723747053,23493,-0.041005291005291045,-9
KR_7588419095,2,100,gB4kZ6tr5Lzl99YaZ1Il5VKYXJ7Xv0rUrOktLKSv2jHws_9v-2RUj7RMIxVKa09vxsOqPkK-MxAD4g,Gwen,JUNGLE,-911,0,0,-1,-60,0,-0.06999411415770201,4728,-0.16972543558353415,-2876,-0.1454545454545454,-3
KR_7588419095,7,200,TzbIETopQJ43l0w6Tha67XLyPl-vFiTqRh5Nki0d1N5gXTku17DISg2aZlDYFGuC1z4OPrqMzkGMcQ,Viego,JUNGLE,911,0,0,1,60,0,0.06999411415770201,-4728,0.16972543558353415,2876,0.1454545454545454,3
KR_7588419095,1,100,-3DyG3Y_jyCyLFjuKfLZr8RLWVc8kY_9nyR4ws_v1qjuVlw5NLl45CkVOqd6NLMRFt1jb0DI3rjsAw,Ambessa,TOP,395,2,2,0,-57,0,0.021719210644864206,2650,0.1503904831276338,-9273,0.2127272727272728,3
KR_7588419095,6,200,veVKEoOLFt2owOL4_-Y3BbQh5AOYe0ncC499EsFji_kAfUmLH1s2BUjejqPNdUDwXPaM3TsYmaPd3g,Sett,TOP,-395,-2,-2,0,57,0,-0.021719210644864206,-2650,-0.1503904831276338,9273,-0.2127272727272728,-3
KR_7588844880,2,100,Zh-QcpxNauSMljd3bdGsaWM3xuxcgg0N5hog3UQ9XJK8TkBUtq9rKwZIt5z1U7VjUmadBvkmXsJH6g,Rengar,JUNGLE,398,1,1,2,305,0,-0.025620040056820295,-357,0.040162508104106376,7859,-0.12179487179487186,4
KR_7588844880,7,200,EtsneL9NHGA1jc4i6TWI0hzv8nhtGoaWf4sREMwOABt2GQMd1pUjW2g0NC91pZUxMEj7uGvSL7PHYQ,Vi,JUNGLE,-398,-1,-1,-2,-305,0,0.025620040056820295,357,-0.040162508104106376,-7859,0.12179487179487186,-4
KR_7589122076,2,100,ZjhtrG2gWS3YYicBbJGf0KQznTqbcQ0AoEEOMX7zjR_oryB-1ZV_1oZp3fsvS57ddPreIkHQ5lkJ2Q,XinZhao,JUNGLE,1040,5,5,27,1257,0,0.024989196234288497,4676,-0.07694794925252069,5710,-0.011180124223602483,6
KR_7589122076,7,200,HH4kk_igp8LQZnPG7fjNVNCmV1jbe0CXxfcxOniE8LyP6NdnQhyJpfQjrTvrnqQJvJpjhTxxozKRbw,LeeSin,JUNGLE,-1040,-5,-5,-27,-1257,0,-0.024989196234288497,-4676,0.07694794925252069,-5710,0.011180124223602483,-6
KR_7589245963,2,100,NkbWUqj4ajJhWTcnTqDZeLkQHO80nHGAVeQGuIlY9lIljLd1Idneo4GMsfZ8yCzfcGpLvti4c0dYMw,Zac,JUNGLE,1093,10,10,-7,349,0,0.069080082524303,2016,0.20406113458907527,15818,0.2883116883116884,6
KR_7589245963,7,200,53wIvDEtQL1tGoRRtaDyJ0l7pIGKSVp5u42rI553srNJkmUG2mnKkGDFZ7Rz2WvL65B89Md9vdVGaw,Naafiri,JUNGLE,-1093,-10,-10,7,-349,0,-0.069080082524303,-2016,-0.20406113458907527,-15818,-0.2883116883116884,-6
KR_7589245963,3,100,FcgpDMb-nbwmj8-uG79CEdR-g9rPuAlpzzom9iceP3fJ1-AhGgG_4pj5ewoOWHQfYjcOtFncedpdpg,Tristana,MIDDLE,477,5,5,0,208,0,-0.048093024756364594,-5485,-0.1283745252435371,-10725,0.031168831168831235,12
KR_7589245963,6,200,qscSl8tOIxsoj8O6BzsSL9xypFkFsHC8HlvUewb5XpU-6GqF3cGZwc8T_-hBIBgioqubW9hkUAT_nA,Jax,MIDDLE,-477,-5,-5,0,-208,0,0.048093024756364594,5485,0.1283745252435371,10725,-0.031168831168831235,-12
KR_7589245963,1,100,evI0RjRt7-hJXtzPAwd_zPPmmZSf2RTeekQBHA1Lsxc0wmVtJ7087fU6wM_jhLKWZXNhEHpnH7n_Gg,Nasus,TOP,2,-22,-22,0,211,0,-0.09975202411284459,-1521,0.04595427388314122,9829,-0.2025974025974026,1
KR_7589245963,8,200,NOtp7tnoRFq8O9etgGMJ0ePYNwjwhVzTMBzkwFa7wO52VdsT3IcoXW9xIMr_DLgrPoJiJtEHvb7j9g,Sylas,TOP,-2,22,22,0,-211,0,0.09975202411284459,1521,-0.04595427388314122,-9829,0.2025974025974026,-1
KR_7589381415,2,100,QZtYupU3MN95L3X5waCuiMUaJOlekhn6fi1KI33N4fcRRw5M_SA8pGvziMBZDmTrgYwdBPkOprFzsg,Naafiri,JUNGLE,-1017,2,2,23,27,0,-0.0109082826407646,-259,0.4384879524668832,-395,0.018333333333333424,-5
KR_7589381415,7,200,j9XUxcTZ5X9rhd-vTK_ujWi_O_Iropxgr161B0F2Yf4tmZSTKUg4z4W4OBy7PI-Z6eGtDJ-_tkyk2w,Vi,JUNGLE,1017,-2,-2,-23,-27,0,0.0109082826407646,259,-0.4384879524668832,395,-0.018333333333333424,5
KR_7589381415,3,100,SwK9dfhLBhyVLvEd0UlkYo9EnmSjRDIH4fWolOh441ZucoyBZFRVgvBir1ePHUz3cF4nNQsRpizvgA,Aurora,MIDDLE,-1063,-6,-6,0,-1446,0,-0.022660113267306603,-405,0.2604637972020579,4006,0.14166666666666666,-3
KR_7589381415,8,200,VJMklQgjG2Hpfxs742RTcUuehjB710XCoC8zUxc7cYGiZeOqIazwFSk0kVyx4GT6vOCEl6e_P_aA9A,Neeko,MIDDLE,1063,6,6,0,1446,0,0.022660113267306603,405,-0.2604637972020579,-4006,-0.14166666666666666,3
KR_7589381415,1,100,tOerYGF2DEr3v-pxaFly2wbkd1kKj5YMht9bvO4PeOmR5ULcX97LrJCDaThFCzHMYYl3K4h-Zfof-w,Akali,TOP,584,30,30,0,676,0,0.08612027782350978,-872,-0.1942899791106918,-404,0.27333333333333343,7
KR_7589381415,6,200,IDohDRdLRSKC2GlLpCgFCRZUElPVlVeiw5by0z4vmEwOif66BKfVTQoA_e3Kp8hMRG4vHx3e-lrLHQ,Vladimir,TOP,-584,-30,-30,0,-676,0,-0.08612027782350978,872,0.1942899791106918,404,-0.27333333333333343,-7
KR_7589669280,2,100,ufzocU-R3CZJwJfVkszwQ6m9DlUHIxjOjOh9SlajNvFYCa90tWEGmRy7oUYWywo0x9NNc8fX14_gLw,Viego,JUNGLE,-162,10,10,-3,-321,0,0.0846560178999077,2166,0.22202971751160838,5534,0.09943181818181823,8
KR_7589669280,7,200,VOMkrFdii0o9enYqaxiU6Ui2pvZtTmLuxBZYU1egr-kBSqzniv75ctDzwMk40kqJUR-iTulXjEn3Aw,Vi,JUNGLE,162,-10,-10,3,321,0,-0.0846560178999077,-2166,-0.22202971751160838,-5534,-0.09943181818181823,-8
KR_7589669280,3,100,QegbXOV2D4PoDb1sRj8wsF4vwBhid-JpS-wUB5YhprXPME42SiT63ulR5wD9ddYstVf2U473E_CxFw,Ahri,MIDDLE,-247,6,6,0,-93,0,-0.0496584193314871,-3407,0.13792263143955674,-20636,-0.19886363636363635,-3
KR_7589669280,8,200,AsP8SbZUJn516zDmdP5iZNuPnd1acy254SZwwa8WrIpsSXdx6hQwdyXa6-oxDvtFN-Zrp4O0ymiC4w,Sylas,MIDDLE,247,-6,-6,0,93,0,0.0496584193314871,3407,-0.13792263143955674,20636,0.19886363636363635,3
KR_7589669280,1,100,_2gy_DC46aRGaj02qVS4G6kbPavUSh8Sn3pwDFx-ww2bLq4f-g_5vFY1iFrAsDwciaOJlU4qab90Xg,Gwen,TOP,1350,31,31,-1,525,0,0.14757450511062048,12674,0.41316520760692443,4965,0.4772727272727273,8
KR_7589669280,6,200,wNaSXmdDjzdHYs1wY0GriC0octg-1hW_tH6KFtt_jq0AMF7avZwUOTnkzGTGslVShCioMrSJW2iUvQ,Irelia,TOP,-1350,-31,-31,1,-525,0,-0.14757450511062048,-12674,-0.41316520760692443,-4965,-0.4772727272727273,-8
KR_7589900300,2,100,fp4g3t9KWpF9EHaF9Z2H9gPwdDqKyK5ZNjhiwvBppQQoYDQdtCvZzif3rCRj7DUIRjh_0KQT2m1Gsw,Vi,JUNGLE,426,4,4,14,835,0,-0.013192719275013004,-2173,0.7386901845127836,-967,0.1528571428571429,2
KR_7589900300,7,200,koasl7wnS-PjVfxU8MDkXhpgzVADsP3cDpHAbUM6hL5XFFkUiYxfftN-iuelNjgxLebgJRge5N9ZZw,Ambessa,JUNGLE,-426,-4,-4,-14,-835,0,0.013192719275013004,2173,-0.7386901845127836,967,-0.1528571428571429,-2
KR_7589900300,3,100,oQdZxzf3OMvD9SazjuO9PyhAQNTbKlweB8mIf4uB-O0vLA4z8gHmX7DjTaQOkXHw2Pbe8WScpK9dKw,Syndra,MIDDLE,-835,-12,-12,0,-646,0,-0.0641238154001913,-4344,-0.07277751467831894,-14103,-0.0028571428571428914,-6
KR_7589900300,8,200,E8UGH9wbDwVQOuQQhVFCeQ90vU4ZA8nmaFGHk4j3mFRKSUvHn6fmmOyRNWEAqiZzZcYWjOwHQbj8oA,Ahri,MIDDLE,835,12,12,0,646,0,0.0641238154001913,4344,0.07277751467831894,14103,0.0028571428571428914,6
KR_7589900300,1,100,cwWdLHPYwCoC_EZlbT_N2IHDssux-7MMBIbVkTVCmIfMKj70LRXOPFiWCE4TwwbNAh7BcUgYOGIZ8A,Darius,TOP,-321,5,5,0,-447,0,-0.0121999976203499,-8579,0.23210675517949098,-28381,0.14857142857142858,3
KR_7589900300,6,200,cTeVTiAx6G2WU1bZ7Go0U6YYB2DMud41PIBeEzAXMQ_k3Q78BMnZLKIPjU3i7s6glPiiyFqruXR0KA,DrMundo,TOP,321,-5,-5,0,447,0,0.0121999976203499,8579,-0.23210675517949098,28381,-0.14857142857142858,-3
KR_7590160745,2,100,T1ItW2ozSiVTBGyaXxYTVlIblTfF9NrDPAvP8CS7mGF0eMIJdC4Nfe5n8n9QkI8BUZmGlwnlvzaoCA,Gwen,JUNGLE,-493,0,0,-6,-481,0,0.0798997364295039,-4153,-0.11046723841585382,817,-0.1064814814814814,-3
KR_7590160745,7,200,MIx2xMIvExdaeq2chIWbkIELH3diUzOdAfT1V7db0k_CfyZpdOGCPvdUOOXVrddP3z7sfCOKDFY7Dw,Nocturne,JUNGLE,493,0,0,6,481,0,-0.0798997364295039,4153,0.11046723841585382,-817,0.1064814814814814,3
KR_7590160745,3,100,C6rzxtF9ePgp1fOPFxefl1aqtV-XwU5PV6Y_LjhZD4oZ1xuvWBzci-abQOYliYTuXJr22pfr2XDHiA,Ahri,MIDDLE,30,8,8,0,-116,0,-0.030207132071328496,-1626,0.15808085843035635,-3915,-0.05555555555555558,-6
KR_7590160745,8,200,Ub1VHsM1B0m1ctinxNljs2OZOvOXjP-fyZSQ3KxVgR_U1FnmEC1wzHDCP5JM4Vs6vuavFGta0WvxBw,Sylas,MIDDLE,-30,-8,-8,0,116,0,0.030207132071328496,1626,-0.15808085843035635,3915,0.05555555555555558,6
KR_7590160745,1,100,cTeVTiAx6G2WU1bZ7Go0U6YYB2DMud41PIBeEzAXMQ_k3Q78BMnZLKIPjU3i7s6glPiiyFqruXR0KA,Jax,TOP,-1395,-22,-22,0,-1301,0,-0.1107641025641673,-2102,0.04748453875211789,-1365,-0.2060185185185185,-2
KR_7590160745,6,200,4pAcnYzDn2fxDWfkJzJVxXOmMC-aOOE2Go9aGKs75njiw8E_JOY9HmRYGrM7dwdnztB_v-RhPi9Y-w,Ambessa,TOP,1395,22,22,0,1301,0,0.1107641025641673,2102,-0.04748453875211789,1365,0.2060185185185185,2
KR_7590420390,3,100,79Qp3ImYFRzn7IvCRrhYBQu72-6_EzqdH-ZhmVLZORptvRsjdG9j4XCX-eCACgHkUxBkfb2qf9C3fA,Pyke,MIDDLE,-646,-15,-15,0,169,0,-0.11562146936868441,547,-0.03448111272086085,-1670,-0.14439946018893385,0
KR_7590420390,8,200,B3GzwJKdqj1KmXpY-bGJpWsL2eeQlp8ii-u0epfGDp5CaQbOnwTAwM9jaCr8rDJP6ii6rztZWUjZ8g,Akali,MIDDLE,646,15,15,0,-169,0,0.11562146936868441,-547,0.03448111272086085,1670,0.14439946018893385,0
KR_7590420390,1,100,spk6YkGyrd4_5TbHRlVVFvDF1zmpYg2RxWlP6SUjSe11xy6yagLrLdIEn136N9wdTahpMrN_xk5N-g,Sion,TOP,13,-1,-1,-2,351,0,0.04129556249217689,-12852,0.1601864001081419,27651,0.1403508771929824,0
KR_7590420390,6,200,v2hqivnktUOEXlaNZPcpdyBZjg1IL1eRaKDp-E8K0tw2hLuwzkStQWFcD-0UrY5ldXupi_OD-2YFnw,Jayce,TOP,-13,1,1,2,-351,0,-0.04129556249217689,12852,-0.1601864001081419,-27651,-0.1403508771929824,0
KR_7590540270,2,100,7MjKPhlHyjWMu8KX4EhQB2AaYtAs9bVrUpGKBk50m6QKmb2BUfXXzy26xjPf1a7VgIDqpavM9GPynA,Kindred,JUNGLE,-769,5,5,-4,-481,0,0.0633611651454062,82,0.03036852030458692,15703,-0.1796338672768879,3
KR_7590540270,7,200,DiIRvAeP-l1qXvAUh28HTQa_A5Y6yqb7wj-gPzx5fAf4ulPrNEHugoYYA8QglwwAeV6zixRcdRuXww,Ivern,JUNGLE,769,-5,-5,4,481,0,-0.0633611651454062,-82,-0.03036852030458692,-15703,0.1796338672768879,-3
KR_7590540270,3,100,QCprdn3ACVBHssZXtpmz9bjD1jNCE-Y0sIEVRx4owiEfKqQV4kICqhls56fqkw8wWfL8Xo112VUgzQ,Azir,MIDDLE,-818,12,12,0,402,0,-0.11259563176206391,-83,0.09089338603601105,-2291,-0.11784897025171637,-12
KR_7590540270,8,200,ScN8TeY7xarFw8tp771CbsprL_0syhkiuQgyFbwTMjMVD0Lfw_L-eydmccm3rXqF-esRdJIgOVWn-Q,Tristana,MIDDLE,818,-12,-12,0,-402,0,0.11259563176206391,83,-0.09089338603601105,2291,0.11784897025171637,12
KR_7590540270,1,100,4pAcnYzDn2fxDWfkJzJVxXOmMC-aOOE2Go9aGKs75njiw8E_JOY9HmRYGrM7dwdnztB_v-RhPi9Y-w,Ambessa,TOP,133,-2,-2,0,405,0,-0.029313840085421178,-2514,-0.1115351454408029,-6575,-0.1430205949656751,-4
KR_7590540270,6,200,GDVLPtGTgMJrrGdHDWphotm3-jPfqZ4fnQePF1GYaAm5OxrOBZDPcV2MfH-kIa_aOhC30VrzHs008A,Jax,TOP,-133,2,2,0,-405,0,0.029313840085421178,2514,0.1115351454408029,6575,0.1430205949656751,4
KR_7590637262,2,100,w5cg43HoMwWBBnOkhwn_KkDVH9JIAhrK_Vrii_SU0f_4omsxIW42uKop2Lob08TCS1PvHHMX30qU1g,Belveth,JUNGLE,-572,4,4,1,-147,0,0.07287290999882581,-56,-0.7206419348179749,-9507,-0.02857142857142858,6
KR_7590637262,7,200,qDtHds-4bEYmINTXKCIlJFlHlrX8kwnkHnNqplMUzzD9QLBzo9yeTyka5xZesrw33KhPODW-6M2cAw,XinZhao,JUNGLE,572,-4,-4,-1,147,0,-0.07287290999882581,56,0.7206419348179749,9507,0.02857142857142858,-6
KR_7590637262,3,100,EWWnZR2IwHkl7pVIm3BmDWhZ6J4gJuS85TSVbwWhOHPlplvk4cL2ef-wPpLChRxdf9_ji3EgbcX-gg,Ahri,MIDDLE,-341,-14,-14,2,-634,0,0.018831808681704892,-309,-0.3428452130734848,2654,0.09285714285714292,-2
KR_7590637262,8,200,fNcRm5OSV6WJyZy92IBAEAWSGy7MMZ7sODYPbj6AiPxDLCRDAV--Cto1p1me3dcXDReMAkkvCbiUpQ,Azir,MIDDLE,341,14,14,-2,634,0,-0.018831808681704892,309,0.3428452130734848,-2654,-0.09285714285714292,2
KR_7590637262,1,100,VKomKlx64OI51e8KZxRfOBdRCaCf2RmkuLNCRXhS9xwrrhvDASERKqLHRtrZcH1utzwIJbsfsRRsfA,RekSai,TOP,-657,-14,-14,0,-281,0,-0.11972832708570658,-640,-0.19715567713799276,10628,-0.1785714285714285,-2
KR_7590637262,6,200,hjGAQOfZmONB0zAABeNob7yuOrVRjoehJtw-Fo-1WEgZeOBPggvvnHiVwdvRoD55lIrrMDikz5cVbQ,Yorick,TOP,657,14,14,0,281,0,0.11972832708570658,640,0.19715567713799276,-10628,0.1785714285714285,2
KR_7590940366,2,100,oU1pPzM-NIb1fkfUmzpBdi9AgViv_9iBFmiZ9RJ0pUGPFrd5tmv_W-8qCSKJ2tjd-vgSwZxVBTeuRQ,Vi,JUNGLE,572,2,2,-3,284,0,-0.009074293903018005,-2897,-0.33766546187487845,14860,-0.025000000000000022,-2
KR_7590940366,7,200,5inP8PGnEkjobwpubOfiXTTYyVXFlP79XzKQBk0zzEG_gZ6l_ixPSDy5rMtfG-Q9NlNqKHngmPtiNA,Poppy,JUNGLE,-572,-2,-2,3,-284,0,0.009074293903018005,2897,0.33766546187487845,-14860,0.025000000000000022,2
KR_7590940366,5,100,8miwoXaXu-EB-EEW7JkvTAdHfgPo3Fkf8Cs9nhcFesE1fFaqM87DHS1t-vxgAvlYsDJUsC__bQwRng,Pyke,MIDDLE,-1242,-78,-78,0,-3176,0,-0.1360650607114467,-9354,2.643977684603599,-391,-0.05625000000000002,-4
KR_7590940366,8,200,fbvsUMt5qEXBRP-bIZlDhvJk-SG2SaJ8ZY4pCHha6BrRnyUsyrv4du2-ugryZfI8D91gmqcdEIaVDQ,Diana,MIDDLE,1242,78,78,0,3176,0,0.1360650607114467,9354,-2.643977684603599,391,0.05625000000000002,4
KR_7591141423,2,100,TI0Ni6ihy9vAh5nnW29H4qPVHCMaN54Z94jgDU-tzvWC6_-HDyfqvxNCXHVcoGahlPlZg09jxG9SeQ,Kayn,JUNGLE,-639,1,1,-18,-719,0,0.045535515863946,558,-0.19562444877597085,-939,0.1428571428571428,-5
KR_7591141423,7,200,EtsneL9NHGA1jc4i6TWI0hzv8nhtGoaWf4sREMwOABt2GQMd1pUjW2g0NC91pZUxMEj7uGvSL7PHYQ,Viego,JUNGLE,639,-1,-1,18,719,0,-0.045535515863946,-558,0.19562444877597085,939,-0.1428571428571428,5
KR_7591141423,1,100,7mUZn9lPTbNrL_PJhCmAKC36BAuUnxNT7S4AQePZ_1w8exJwdNL5XOGxg43K2J3LxlOeYCazBVEvVg,Urgot,TOP,331,12,12,0,-116,0,0.011699677313939894,-2150,0.7847380601308829,-7694,0.17989417989417988,5
KR_7591141423,6,200,lli1QsRkzeUXjOyPMRQF6sdjrBNsgFzXrhfGFXRSJwcOGqZZy3_yVwnO7G0hJ4m5-s7iGzfO8ngWsQ,Illaoi,TOP,-331,-12,-12,0,116,0,-0.011699677313939894,2150,-0.7847380601308829,7694,-0.17989417989417988,-5
KR_7591385710,2,100,rAuhIugyDgG9c3KR5iiIjzCGi4r8HvUFDQoAvM5M6jG7Aoz38ALS3BeUWfWYCIyGKHVoCqkgi-JIdw,Naafiri,JUNGLE,-685,6,6,-13,-744,0,-0.035069037387539415,-4433,-0.4123571586111635,-6645,0.022222222222222254,-6
KR_7591385710,7,200,TsaNAWm02Y9Xbgl7F3hLg2u9FGVM17fahsCaXbUaSEGkPO08R1tw-WUOpaQzsG4_hNEpa1EfSQTBMA,LeeSin,JUNGLE,685,-6,-6,13,744,0,0.035069037387539415,4433,0.4123571586111635,6645,-0.022222222222222254,6
KR_7591385710,3,100,z6GTsMQYqrBXp_OBqhrMZwZM-0MDW4FZiwXg6Z_--Fzx76aQFaycSJpuJax2hnQsFyyd1d7i4E9S6w,Taliyah,MIDDLE,-1121,-4,-4,0,-51,0,0.07504241481554261,-4785,-0.3282129473416463,-11053,-0.2814814814814814,-4
KR_7591385710,9,200,tHruTdmYbd1liOC_qFwrs_Om-FRVV0eCvz66DufH3Pho0HE0l9vPRe4nVcNuDI4gk4qQ8yRkZT67GA,Tryndamere,MIDDLE,1121,4,4,0,51,0,-0.07504241481554261,4785,0.3282129473416463,11053,0.2814814814814814,4
KR_7591385710,1,100,j_iTdeTxM2UMwXy2rMRRUSENINvBRTMx7w4kL20PNyLDG_J0bZFbF6YhmYZ-uG0LK2Of8i1QififCg,Aatrox,TOP,-188,-11,-11,0,132,0,-0.0451747944155009,-3962,-0.43927042815095624,5720,-0.1814814814814814,-1
KR_7591385710,6,200,XGwq21SS9pYpt94XSZSFQ1fasAonlt_hI8T2r6BfAgT6rX_ycz1nDdt-jpO7kGoTi8_32d2DMnVLMA,Kennen,TOP,188,11,11,0,-132,0,0.0451747944155009,3962,0.43927042815095624,-5720,0.1814814814814814,1
KR_7591623794,2,100,QdS-6v4WM6ULInDbiakFAAfPvSejNBg76Ga-DqLyOpPVSb_Y995ri7WST2AQ3SpSQGtHt8RcdXBW9A,LeeSin,JUNGLE,265,1,1,18,476,0,-0.07416675727999719,-534,0.40497960588176485,-4980,0.01041666666666663,-1
KR_7591623794,7,200,qpNlg7kpPCz8-5oImmkZBd4mCtvMEr63ksFRvwfnsbYsKCFI5wuyVAaxC36ro353FHqDFtEF0E7wpg,XinZhao,JUNGLE,-265,-1,-1,-18,-476,0,0.07416675727999719,534,-0.40497960588176485,4980,-0.01041666666666663,1
KR_7591623794,1,100,CPIqHUdYvN6ENJyt01KdA35PprwHlpb4xUqW7D0-Z868jE0lyh3qD7ZanjoaKTfgvGU5knWtidBWDQ,Gragas,TOP,-670,-17,-17,0,-384,0,0.009608390987547205,-6275,0.30749780441535035,-3180,-0.2222222222222222,-4
KR_7591623794,6,200,5GLnl4b4WE6vP7fBHE5XEb4vfwis-gVcDQ8rQZ5YFae1OiHy5bdZ9g1stgMjVvpj4tsBglsajyhVFg,Aatrox,TOP,670,17,17,0,384,0,-0.009608390987547205,6275,-0.30749780441535035,3180,0.2222222222222222,4
KR_7591774146,2,100,fp4g3t9KWpF9EHaF9Z2H9gPwdDqKyK5ZNjhiwvBppQQoYDQdtCvZzif3rCRj7DUIRjh_0KQT2m1Gsw,XinZhao,JUNGLE,95,-2,-2,16,249,0,-0.050067257141527904,3798,0.2941428594716351,6425,-0.1391129032258065,-2
KR_7591774146,7,200,NXrIBtSmwzzAQZrwZ5yQVKE2WweSjLtyFf5_uWmYP1sSrazRxOZ_1NcoUQPs5YxUitoP5G4KvDsbWQ,Zed,JUNGLE,-95,2,2,-16,-249,0,0.050067257141527904,-3798,-0.2941428594716351,-6425,0.1391129032258065,2
KR_7591774146,3,100,wBKCLdk0sr5q0XWiDtDHfwGQpumMvnExbHSz7OPZc3X6sLVn-4aOcikT6YGpqDpgLOBw7STMTz6BRw,Hwei,MIDDLE,-69,13,13,0,-322,0,-0.026897224716843804,7911,-0.060746622276904305,-75,0.04233870967741937,4
KR_7591774146,8,200,qv4nR_5igvOlYNGCj2b5n6s_zcjuNmcI-g3Pg1WC5eB6DQc1Vl4GIi5HvVJ-XfZJkPvCiX50iIGwAA,Zoe,MIDDLE,69,-13,-13,0,322,0,0.026897224716843804,-7911,0.060746622276904305,75,-0.04233870967741937,-4
KR_7591774146,1,100,Jb0dsvR1HUVfx8UM5jmyxoqgSlsiwR_wH2FQJ_TZBOXXfCtKl0oH5VcPn_o2ds-G4pDnHuY3CQDfPA,Yorick,TOP,1823,17,17,0,1761,0,0.09802727666338881,5120,0.3465312749933456,-6420,0.10483870967741937,7
KR_7591774146,6,200,NQO2EN2nbSWp8E9FJWdszybac94LU_kc32rocEydcg8ULtFUkleIejLyCO2kJKxlDv7kvWLMxF3x-w,Fiora,TOP,-1823,-17,-17,0,-1761,0,-0.09802727666338881,-5120,-0.3465312749933456,6420,-0.10483870967741937,-7
KR_7591854623,2,100,7pVwTutPVZHdDzL1lqjU_OSkJUUaakSF7DSYy-L-4QkYVaMhmPrEtIQ5FA8rDf8mqNHS2FWmzNTuMg,Viego,JUNGLE,358,0,0,4,353,0,0.0038344316469386963,4036,-0.5103958067276033,-11386,0.11228070175438598,0
KR_7591854623,7,200,s-Uzwe0l1OeWmi253DYhire0rbmmBXIMzZkZ_YkFr73F2iiUvLxzQ-HV6EcpsjzRZJB1C0oKiJILTw,XinZhao,JUNGLE,-358,0,0,-4,-353,0,-0.0038344316469386963,-4036,0.5103958067276033,11386,-0.11228070175438598,0
KR_7591854623,1,100,ysJmnCtfN3A5OhI-9hoz4SEGQF7le1Px6JAPyKaklBbY083OvmswCe_eCqU2ry-yUt6x3GjYSRy4QA,Jayce,TOP,770,22,22,0,922,0,0.09022300784523096,4318,0.1893784380954987,-3211,0.231578947368421,1
KR_7591854623,6,200,nepu07Rvoaak5PnZmRKDGcXC1eM6b7a3Fx5HGmJ9zJt_3Uuq2CHD5XEhytiC0piomAu2e9wEDvLg3Q,Ambessa,TOP,-770,-22,-22,0,-922,0,-0.09022300784523096,-4318,-0.1893784380954987,3211,-0.231578947368421,-1
KR_7592021887,2,100,qgoAKOLsdcmLwS3ZhdDm0gzf2r5E4lyspwRjD4xIxE7dFgvVLBPDT60qLuNtNFaswrZV_AUCQFPYww,LeeSin,JUNGLE,-1294,-8,-8,-17,-1122,0,0.053798350937345696,-1474,-0.05923284724011024,1010,-0.007211538461538491,-2
KR_7592021887,10,200,A8jrTDHq7yGMiYmzxVX4WDwqe1vlcmcuwOgyYDIMSrQXkMaRBWb7gR2kXLSItwW2xwSq-ftZjVq1-Q,Vi,JUNGLE,1294,8,8,17,1122,0,-0.053798350937345696,1474,0.05923284724011024,-1010,0.007211538461538491,2
KR_7592021887,3,100,n2L_CD8JBHBxP3pRM11eI8OtyM714qJOOTt-VDvSfRUthLvY-rYZFJbnFuA0RNUgqRX6_WWy_RikMw,Ryze,MIDDLE,-1094,4,4,0,-1012,0,-0.011561706902633806,-14895,0.04849034755883541,11949,-0.08413461538461542,-7
KR_7592021887,8,200,pZLVhx45VjDZO8MU7FwtzORF86nQuqX7ZGAuiVzntRCSilXE_WeYWvH_z3ten0-pc8EuU3fmk6FwFA,Aurora,MIDDLE,1094,-4,-4,0,1012,0,0.011561706902633806,14895,-0.04849034755883541,-11949,0.08413461538461542,7
KR_7592021887,1,100,vgJCoYLzppYe-fiaDUivcypQZPfzXstutIBMyuZwsliBrGPKxCiDP0EW1pjvSubT4LyY3pgakWFruQ,Sion,TOP,-471,-17,-17,0,-161,0,-0.1202343344336132,-7601,-0.24341590392541662,7668,0.16586538461538458,-1
KR_7592021887,6,200,mx3ns8X8hqZBFOxFRA3SsfY4PIlD6JkjfKlilgIFvJPdOLbOrstO6yGUKBUNbDlik3cpx3VEmlr4MA,Jayce,TOP,471,17,17,0,161,0,0.1202343344336132,7601,0.24341590392541662,-7668,-0.16586538461538458,1
KR_7592281060,2,100,8rAjYoa_nSx3wXyVxYCA_A9MMtp3xdgYzfsLi-it9iJYQ2zgbzORQjoCqCY1sKOWujmnS5jEBFwS_g,XinZhao,JUNGLE,89,8,8,10,419,0,0.0499901484830087,369,-0.3037106787363716,21540,0.13749999999999996,7
KR_7592281060,7,200,jWhjGAcj-FjwSPY95SXOJN6Nj-yl6WZsK2hj0T1O4SVp1NKw2DwTCJjvVVqjqUM07XDKw5lEeUKZzQ,Viego,JUNGLE,-89,-8,-8,-10,-419,0,-0.0499901484830087,-369,0.3037106787363716,-21540,-0.13749999999999996,-7
KR_7592281060,1,100,Ub1VHsM1B0m1ctinxNljs2OZOvOXjP-fyZSQ3KxVgR_U1FnmEC1wzHDCP5JM4Vs6vuavFGta0WvxBw,Ryze,TOP,86,-1,-1,0,-289,0,-0.01585174726523539,1878,0.39245603952679886,-17566,0.0625,4
KR_7592281060,6,200,veVKEoOLFt2owOL4_-Y3BbQh5AOYe0ncC499EsFji_kAfUmLH1s2BUjejqPNdUDwXPaM3TsYmaPd3g,Sion,TOP,-86,1,1,0,289,0,0.01585174726523539,-1878,-0.39245603952679886,17566,-0.0625,-4
KR_7592500960,2,100,N4EJcR_R9gYsT-vFMlffXTlVwzyPzueMi8l6OsRcOvWY1Uuvs6DstgPVFT3L0G1CzlwENmK4yLosvg,Naafiri,JUNGLE,1276,8,8,0,411,0,0.013674045501759602,-32,-0.0992607415772171,-6665,0.10512820512820514,2
KR_7592500960,7,200,qDtHds-4bEYmINTXKCIlJFlHlrX8kwnkHnNqplMUzzD9QLBzo9yeTyka5xZesrw33KhPODW-6M2cAw,Gwen,JUNGLE,-1276,-8,-8,0,-411,0,-0.013674045501759602,32,0.0992607415772171,6665,-0.10512820512820514,-2
KR_7592500960,3,100,Re2k97yK9Tr1yOH6FAHcK7za-cP8L7BMXVbJ1HAhixpxRdmRCBVjtVaOYFCIrSGw3zN6dL1NFBhj7g,Azir,MIDDLE,-407,3,3,0,16,0,0.0833872929432713,5747,-0.09723076620285076,6488,-0.023076923076923106,-8
KR_7592500960,8,200,5mHBno_pUqjkdsHnYgQ_Gz_AfHZTx9pvP0WYNglDss6bXRr0POSHtHyddvdiMvIqeOKfjOqvoXZ50A,AurelionSol,MIDDLE,407,-3,-3,0,-16,0,-0.0833872929432713,-5747,0.09723076620285076,-6488,0.023076923076923106,8
KR_7592500960,1,100,5qQU7D46DaRI9FId_3Z2J4vvZQ5n3O6rLITR_QA0EvlCA5TAW0mSuQwpowisNciKehQN56Zu32kbgQ,Riven,TOP,-1300,-12,-12,0,-1121,0,-0.0845250547817866,4355,-0.2604171238649682,-9811,-0.08717948717948709,-5
KR_7592500960,6,200,0z4kq3uNa9sSLpH5T9nUi84QFYMssN6RX67ln3BkKQmgivcYtif_dmN4r3QS8wU-pCsxE8jzj9d3iA,KSante,TOP,1300,12,12,0,1121,0,0.0845250547817866,-4355,0.2604171238649682,9811,0.08717948717948709,5
KR_7592865759,2,100,UrfQEBsXA1UT1iAi3WCBc0V5LJaFFvijwwuoBMnrkJJk8MAANn7fAdg8j-e4C8GP6-nkBRH0opNymg,Talon,JUNGLE,279,3,3,-10,-70,0,0.0710808820401986,-7563,-0.5204439604162887,-9211,-0.029495178672717004,1
KR_7592865759,7,200,lo8TGOlVrYpAS5bDbBs4EQke5aLuvrxD9dz7pAORw7vwe4_r-dsrvX5UNt-hh5dunOegAnT9A5riwA,Viego,JUNGLE,-279,-3,-3,10,70,0,-0.0710808820401986,7563,0.5204439604162887,9211,0.029495178672717004,-1
KR_7592865759,3,100,6yFpzPNI2bZIhwsf49wnMRdy6-lcGtu1xpTkFz63xu8XXuZA4vRpHgyWTgo6iPTY6uoitEqVvFJV4g,AurelionSol,MIDDLE,-1059,0,0,0,-377,0,-0.0695151113997354,2438,-0.47541013650399644,-3992,-0.1622234826999433,-3
KR_7592865759,8,200,OGgniyK8lGxKCNEQFkvY9-jAAFoooC4Zl3EuI5rXsu_fTGV8aGCR2P_J1JnlUNR-iURtvpp3g34vXQ,Aurora,MIDDLE,1059,0,0,0,377,0,0.0695151113997354,-2438,0.47541013650399644,3992,0.1622234826999433,3
KR_7592865759,1,100,kbapmmjzV-9Xl6kdMZUf4GlExuP5Tk2IaQurk4xmv4XB-FAdP2O2zQUKHwqUjRvfNMysduD2Gf6_fA,Vladimir,TOP,155,2,2,0,394,0,-0.034929428218912095,-3086,-0.11967138959655266,5300,-0.08791832104367558,1
KR_7592865759,6,200,SUC-_TVeNFq7J2hGuUmmxZ4lAP0KZp6mjLNjJ7yq1PtN9zKU3N5UAV6VNDKrjtQCcLzxZujpSSqJfQ,Ambessa,TOP,-155,-2,-2,0,-394,0,0.034929428218912095,3086,0.11967138959655266,-5300,0.08791832104367558,-1
KR_7593035283,2,100,xSTMyQ8dMh0KJSqfW5m2R2T5rLKwbIbdDPrbErukzd32snuGKVl8ZUBHEfZzf9h_23zSNYuX53TkGw,Vi,JUNGLE,387,-6,-6,18,913,0,0.022703782076077983,-2249,0.27448383966161716,4118,0.1082621082621083,-2
KR_7593035283,7,200,KXcrg41HVhY65CdLceVcmUPALkxxKQz7NZViiFT8ZOT3VnJM5CNcC2hy04rpzypHOwdKUSsUtSl2PQ,Viego,JUNGLE,-387,6,6,-18,-913,0,-0.022703782076077983,2249,-0.27448383966161716,-4118,-0.1082621082621083,2
KR_7593035283,1,100,ZjD7btisgd0Qh22CXJEoB2BnAJanxb-CCXGFiw4YYm1_IGjOov560513tmjQpxau4bqcnAPkl376Zg,Yasuo,MIDDLE,442,3,3,0,576,0,-0.08149539940616099,1141,-0.07173065144098323,3924,0.03703703703703709,0
KR_7593035283,3,100,_ejWy88cj6_JMIhiBi6kkJtRefxkNwU6iTz7uYEaI-iuUSY2dKndZADQkLfFqpsbYhTDnpQ4Y58VVw,Diana,MIDDLE,-442,-3,-3,0,-576,0,0.08149539940616099,-1141,0.07173065144098323,-3924,-0.03703703703703709,0
KR_7593035283,6,200,oajIfY2cV8cLXD0ItzURaYDhD-Jr9zZHw3NhwYLY-lcIYBlFi3fIN-07feYAcKs9evX7mLcyi8VMvQ,Rumble,TOP,179,-8,-8,0,-206,0,0.10514696944660099,-8864,0.34116969942567366,-13530,0.10256410256410253,4
KR_7593035283,8,200,Q93BJJns6XG4v7eaoyyyl7zJPshp7IuwXcJAL9tV9KSyTyhMr9xcNiglnLeCZxzbj9T4NVfJ1a-IRw,Sett,TOP,-179,8,8,0,206,0,-0.10514696944660099,8864,-0.34116969942567366,13530,-0.10256410256410253,-4
KR_7593114288,2,100,KXcrg41HVhY65CdLceVcmUPALkxxKQz7NZViiFT8ZOT3VnJM5CNcC2hy04rpzypHOwdKUSsUtSl2PQ,Viego,JUNGLE,-653,-1,-1,-11,-567,0,-0.0563073535610793,7102,-0.36193042635108263,-17210,0.21778584392014522,3
KR_7593114288,7,200,hOEU-w-oxYJEjZ-eHbMRsbwjG5JWOFXu0OXWHCVQKpAAGcKEqH8ffNKTsJIG-2RLqgbGXbx9f0omFQ,XinZhao,JUNGLE,653,1,1,11,567,0,0.0563073535610793,-7102,0.36193042635108263,17210,-0.21778584392014522,-3
KR_7593114288,1,100,5e6_hOznQ3QLNBkfIU1K-acLiOU8cjv1CLWpsMEUW86MA8WlnhoQxr39Av8V57__2T887OY3tgEFxw,Rumble,TOP,421,16,16,1,619,0,0.05395434001116017,-482,-0.3326986643023213,-2650,-0.012704174228675091,0
KR_7593114288,6,200,-Wc5gxLmMlM_7_VVOp0dvgbA-XH62BxpiWPdT2eQKW1YHx8F89RYiQ7IZ_Hfmrjtuc4tFTudaRVOOQ,Gwen,TOP,-421,-16,-16,-1,-619,0,-0.05395434001116017,482,0.3326986643023213,2650,0.012704174228675091,0
