match_id,participant_id,teamId,puuid,champion,lane,Ct_raw,Ct_norm,win
KR_7461719584,3,100,hVPzeZALU-SPFNYByN1YOqA16Twwxyy30i5B0AoXsVa-ADZ6UoACZxF16nYPFG4BwKHubkrWaCHTMg,Lux,MIDDLE,-2121.3192114935773,-0.3086980846162453,
KR_7461719584,8,200,wfD8o6pksilt-AWa_8zCTnMueyVILJ4eXxEFvuNHulBwFrc0c0Id03DJ7hY9zoqXlzAaRAOsCuzI_A,Ahri,MIDDLE,2121.3192114935773,0.3086980846162453,
KR_7461831539,2,100,g5Np9PJ49io_MIbasRrBmEyOZv2zW9MisHw6Gj5ncteEei4zynsECmfMZ0e_WxILp7iAeSWccChC6Q,Nidalee,JUNGLE,-16324.744424340142,-2.3756053819431457,
KR_7461831539,7,200,lzXAUGcPkHXtpt8ESwzLeVMV6ea-YfhCdmlFlnxas6IbRka1bnq1ftEIoHGboM_NJqJT1y56EPjeQw,Viego,JUNGLE,16324.744424340142,2.3756053819431457,
KR_7461831539,3,100,HY5V5k0b8-4Cx0tf8kUyUkfWNRezfInG6VUDUgDnQmm3gkGZEeAnJ_5D3vPAt5b31xzfHNMsA2Sq2A,Corki,MIDDLE,9162.644722437703,1.3333640974496173,
KR_7461831539,8,200,6dJVL2dPnkQAQjmaBWrnR8UxkQJ4b6Vc0tr5aetSsbyoWyeA-q2MniZYxA3o0IRNerqjYCrwURHLJA,Cassiopeia,MIDDLE,-9162.644722437703,-1.3333640974496173,
KR_7461831539,1,100,Kf0x5W9HSaLB3nSZR2c_m2BpSIdYz3dM8IC_F_ySVnl93slBSAp_yclIVsMf_6lvKrSz-KInvSKbaA,Jayce,TOP,6722.790058563637,0.978312176268156,
KR_7461831539,6,200,T8tLvTlFi379ZYVL8ZDM8BYF9GRQcvQqevn8Zs3Qqdvj4bdkG0u2M0FnmEPVfw-YZPW7We6vQeH1Qw,Aurora,TOP,-6722.790058563637,-0.978312176268156,
KR_7461989772,3,100,8m7iOerPiTCDKOlbP8icjauELmc5ZCvqtVJkdFte_uu7VswhiUR1zuvVZOBXX1oSH5JcUsYuj-pLEw,Hwei,MIDDLE,-4157.0422311974835,-0.6049400615836507,
KR_7461989772,8,200,JYUDF7bS1t4U7dDtyL9NAqUoXAqqhthJ7VYj-uNWHu0eQJx0ga9MDWIln04AWJK_3tQw7phdEj8emg,Aurora,MIDDLE,4157.0422311974835,0.6049400615836507,
KR_7462492891,2,100,FXmDcUK1nvouSgXGJQ2KzNsrjkOwRlZ8m47Mf6CP2LGnG4fZS3ZKc22s_-Yiejhh4epoqh7b1jyy-A,Vi,JUNGLE,-9750.691348072038,-1.418937671674005,
KR_7462492891,7,200,7I2hI9rCWItYACGGa_dC1lAtbX1Qw-0IMFI92hQAPBUUWT3XxoDIU7ZVMsbyNEgPcQkxShvQ2kfycg,Kayn,JUNGLE,9750.691348072038,1.418937671674005,
KR_7463216397,1,100,aLdGTbpKtagHP4TxcaUTbL8xGp0o46vgYsq4RcToUy4WOFquUrt4SFO1MWHwZgTjX93fnl2vUfdIvg,Tryndamere,TOP,21314.995285011977,3.1017954216587356,
KR_7463216397,6,200,pe-2Kv5wEIejJdxZufMSeDttAoMOFrBjiYqg1Wv1C_ipvnVJG6BZltJEK0YvzG001InW1CO9Aw8r2Q,Jax,TOP,-21314.995285011977,-3.1017954216587356,
KR_7463298760,2,100,zMBiHs0VR4ipu5Gjapdy3iGt-RIpIgCi_0HL8ayQxqdVErIIlTNKjOib8p0zVwk-ulz6sWXpmOxqiA,LeeSin,JUNGLE,11306.995491424665,1.6454137746245945,
KR_7463298760,7,200,c3p_hWhPiMvzGpfMUBCvwjoZmtbt6ugKqWHXIM15Xjy139iw8xkTo1J980pYTHuh-6EGy0jnhb5arA,Nidalee,JUNGLE,-11306.995491424665,-1.6454137746245945,
KR_7463298760,3,100,EuvEAvlTv2c9dUDkVdMOKMUO3cSwxKFv8euyrNjpLSTNk_Q_CDTtdPXiSc1R9XW-0WE8XDK7EUyOaw,Ryze,MIDDLE,-16832.249338815833,-2.449458385387013,
KR_7463298760,10,200,xq48jMSekE3VuLaHXHMqrr88eZqIjVWIEqdMas2OJiqmgxQ9-sS-Pohlm6toVVF3Agr7sl9RQ5wong,Sylas,MIDDLE,16832.249338815833,2.449458385387013,
KR_7463298760,1,100,zSdTtNGm3-OZ2BO9i32NBI_RbzM9_WfJAFTE_XMSTOyvLwjXft8o_Q1T1oLAkuPnT5oN7VyG3LfoOQ,Camille,TOP,-8899.776741409589,-1.2951110887507593,
KR_7463298760,6,200,MJMMocHcZn2CHIPeB1GGDKjPZ-oe4wSCfbMBhPHJj_1xEDHK7IG1juK-xEMTu0Io07zqmrSvMSd43Q,Irelia,TOP,8899.776741409589,1.2951110887507593,
KR_7463349626,3,100,swSrWcQXIpzh318kAuCdayXkTi7vKoiVvQt7qdLE9xhFkhCbMfEOg5bcCnrw0O53-5dAgFxhpHSGAg,Aurora,MIDDLE,636.9680026244492,0.09269269863141402,
KR_7463349626,8,200,VmZmdFAaxL_f6ZhBod1oa46zxmn6FiSWqvRnNEuaPXdh4YAapUyh207hGhKAy9reiwvnJrR2NWIRfw,Viktor,MIDDLE,-636.9680026244492,-0.09269269863141402,
KR_7463424927,3,100,yWTIpO33rzAq5xJw3SBhQ47Ja2_zBFNVpYw3DgdXyuA_usde9LBN17IGVIA3mbTKRrEhNpde0v-14w,Galio,MIDDLE,-14696.985179666397,-2.1387310075799486,
KR_7463424927,7,200,mlm0JtHe6_GkM_q_8zaeoV_JvpSSJFcst4eLsdEKplI7F-XDyQC0Ii1OmA4OPIFIe5SyLg1nGWtLoQ,Viego,MIDDLE,14696.985179666397,2.1387310075799486,
KR_7463482624,2,100,JqNPa4M-BVNa95KNPGdweuSC7-k1GbJbvGhsHj2uo4xfFjNJ4I2wQUdMfUGN6iLI_mHMpqymJskrwA,Skarner,JUNGLE,15231.036504732449,2.2164470911572915,
KR_7463482624,7,200,ZUMR-Ilg-ODsa9sRy1u3dfvRiI1BsRp_gQTR-FevBqFKFJndfuUbA8f27J1puaT6Jm3Umg8SDXnrVw,MonkeyKing,JUNGLE,-15231.036504732449,-2.2164470911572915,
KR_7463482624,5,100,aGORlgrfTNwlNjyxVw1mtJnD_4r1XqN1ZHyJYWz1o3aMAxPYw51VX_5RLDOTp6O3VhnzA1F7zBw69A,Nautilus,MIDDLE,-5142.013297654868,-0.7482747751762051,
KR_7463482624,8,200,dwcfaZDtLTmUfnFXnZ7ZaH52KCz_V0RE6dBvAzWc9-bXn6_vzJOYsUrRsdLh-LIHGr8r6OcJYM1wHA,Viktor,MIDDLE,5142.013297654868,0.7482747751762051,
KR_7463482624,1,100,Gj8G4RbTxkL4V2iLdONzhga8JCnBxmn3JtRXHViyJ-sTbSXkkIT0KX9a3IvM7Eze33UHfpvU4bAzOw,RekSai,TOP,-5021.858757478127,-0.7307896761823622,
KR_7463482624,6,200,r1DzTSYoYOyKDMZwFbvv-lYEyWK-4d7gulV4K6da1Msrtm7F_5TIQ84S4ShcwhtdseMTWNUGFssd6g,Gnar,TOP,5021.858757478127,0.7307896761823622,
KR_7463537039,2,100,sMhDKMzvA5uZSz-QQOFOA8v52OgEdBIx0MIYXpif63iz1MzgHvHDRdebDPkIZlMgxjubIWFIZuS0hA,LeeSin,JUNGLE,-5759.464504982677,-0.83812735559567,
KR_7463537039,7,200,wFCquNUpr5N6ftxfeOV38Ep65t7hMAt-SKkfHq6aRnG-j11oBaeKOVzNm7bM3lM7szpDv20sBWYDrA,Viego,JUNGLE,5759.464504982677,0.83812735559567,
KR_7463537039,3,100,l7QHkgo5fUyum70PzlB85XP_qi8NvSxG3NdqneRG9KnlpojA61Y598aYKmzBRugHKaY8bhGZhvQYlg,Leblanc,MIDDLE,-1763.0386505302704,-0.256560470283919,
KR_7463537039,8,200,JjX5kGAaZaX_mEoqFmilcNRjyGsu-STgreG40S9QFzRQCQ8SlEcsBNCYtQcP9ExK8b1QeXyiIRHaUg,Aurora,MIDDLE,1763.0386505302704,0.256560470283919,
KR_7463537039,1,100,hwY8zywAVCnBmb3JhNiTKWLzOWtyT7wO2F4K9uPmf3V6uHPURZo4QiwSIhy7ot0LXkBF8TyyDUGDJw,Irelia,TOP,495.79705048456344,0.07214925458352311,
KR_7463537039,6,200,MabvIxFgnYOelNeLHN-FWSKwCkTutcOi9I0Ha87K1Nd4QrdCNZaiLhksE8YNBfoo6yVD5sIPe7fnrQ,MonkeyKing,TOP,-495.79705048456344,-0.07214925458352311,
KR_7463591250,3,100,3Zrfxk1yrsizXJrV85e7r-ZyxguwMT2SawMKj6vYlR1NVshXcG-37OeOlh8dWBmrEpZCPX3P6Ye5VA,Neeko,MIDDLE,-12001.744936688432,-1.7465149299241411,
KR_7463591250,8,200,EaJ-swiT5vtyI6E3SKO3QbQK3vFDrDb3nDVGE64MBag9OMhnyd8eI4Eiq0O1ClTr-NWSHuKTpzV_QQ,Yone,MIDDLE,12001.744936688432,1.7465149299241411,
KR_7463650347,3,100,JAbOgJqud3MLKTJGEC1NLBXFmb1BBT7mwrxge2YzG1TjukuLEJQPt1LPl5pXR_jNcSnBgrsZYGW2jQ,Mordekaiser,TOP,-11778.94743443792,-1.7140930474326361,
KR_7463650347,7,200,hd7eAvjraSXvbmfhIFxjq0UlPT2WsUX40N9F0vbqIVsqT3bRjUd9qQpdj5o5l5dJptTOeGPpjjWgyw,Maokai,TOP,11778.94743443792,1.7140930474326361,
KR_7463715479,3,100,rUxsP1xEAF--Qw5DoGKmukuaju2hw3_sV3TFWrf02Gu8Xof8MVwlhLXyKuLR1S8zIk1G917ftuuN2g,Maokai,TOP,10200.125605465631,1.4843401314578126,
KR_7463715479,6,200,H3-QZb35pVimbZ0BaV_Rd8TYY_Hsap31Fq95DA64FeOdcoux2Yld7q3-K-UX1CULTumUhhQ63U9mVw,Urgot,TOP,-10200.125605465631,-1.4843401314578126,
KR_7463863934,1,100,a8vx2SJn7LF3Bcsh5xasNfRO_-kOh4TbIIRk6ONRYmXUfdu_GNYM7NOgUtYj2JgJb9GRrd1BkZnkqA,Quinn,TOP,-12353.539681417798,-1.7977087169259354,
KR_7463863934,6,200,SEKijX9TFrOzraa4RGLYO5zGN4LTevs_Mz97lKkjRSJ-J47wWuW8w533GhxZWUO9wJwAH4FZh61AJg,Swain,TOP,12353.539681417798,1.7977087169259354,
KR_7463950941,1,100,dHHa-eWKxlme_Xiyia2NCgySrpZUXpl3Ku8bIAjT-2agQeEjqo_xUVUXffLst6rTimZHjiLnitkTag,Ambessa,TOP,7519.222256653616,1.094210383734999,
KR_7463950941,6,200,4OPGjeGSxY6aWLRsxAAXIhh3auChkV_FeWNATw5K1fxrP0OG-3s6njAJ3TZnDnjSTdXqfQkeOY1WcA,Gangplank,TOP,-7519.222256653616,-1.094210383734999,
KR_7464044717,9,200,tAwrryzgcvdHdG7sKkEYn_48IY7e6WVON-BfZF-yKjYcLTyE48Cw2RRj7pDN0OsDI8_Dtbak5hO7pg,MissFortune,BOTTOM,-2573.7966224634283,-0.37454338943492255,
KR_7464044717,10,200,gMUb0wU8BYDts08M30-RT8MTZsIbl47pEABg9lgJujpRdCD6A55sUYB7Kof8B3e_P5DNJaPzqV3hXA,Camille,BOTTOM,2573.7966224634283,0.37454338943492255,
KR_7464044717,1,100,ehOv9jPs-qLYXnwB_dmoh2qqiolCViHAjPJBe0hpUVaJyVXLkcvshza_DCLLyej24OwGZZvM8jy5Zg,Poppy,TOP,-4131.7217465660315,-0.6012553803414623,
KR_7464044717,6,200,815axwnpkupzBTI5QsZz8ltORFA1v0Hpuo8GJWGu8ar6Khd4K2v72TD1RQXzSfUyU5PvoOSBe811Bw,Ambessa,TOP,4131.7217465660315,0.6012553803414623,
KR_7464148230,2,100,byuCTpblGw1cN7crZfjeBG8oG7bmpvrD0SfNn2C9QdBuS9OsSCq5nfJkSj9wXIO6G4j6cQ8IQI0e_A,Viego,JUNGLE,19808.353486760585,2.8825462700916242,
KR_7464148230,7,200,eNVcFmrbQ77SX4ToqFBTx8JHSfbAwd4VLWN38xMi8cPFIl5idD8tvtO-isU05cmLrdowQJSe8SWj8A,Qiyana,JUNGLE,-19808.353486760585,-2.8825462700916242,
KR_7464148230,3,100,e-YAcXIvfMj9HsZMHyaGFYyRDDyEn0bLgf8kImpiI31B5K8PGcUReBxcgQsAOjKb2Z_f011aETDtTQ,Neeko,MIDDLE,-786.1104018568008,-0.11439616161267958,
KR_7464148230,8,200,lp1tR7rWxFyB81JDEzbyouVo0ql3UckCzbXIYdW5BN-XEgNOcwYqZd098YJPI-wtKtlVhTYmo09JuA,Sylas,MIDDLE,786.1104018568008,0.11439616161267958,
KR_7464148230,1,100,rx2so6Pdgip_2DJ9hiSnZSzGgejljBxgLzuL6ycGPsxr9GfRV98VLEcAnYJLWEKHDsHntYdp7x0RsQ,Rumble,TOP,-11174.729192351675,-1.6261661512768741,
KR_7464148230,6,200,L_9O4_zJIKPzY2jb9Z3q5bJhbFzmZxtujGLp8EBc1CRWfdHpuk9xpcPca8iuieOvWWVAwVN55gwkfA,Yone,TOP,11174.729192351675,1.6261661512768741,
KR_7464244861,2,100,VEWJoVHKLBUiEG7LyCyxd3Qw_PGVOEuEceDbv0hOxAFtjxWebqFyc1q2H90OBGQ4n3y8o6hQESypWg,Graves,JUNGLE,-6153.244682236492,-0.8954309362258152,
KR_7464244861,7,200,UrfQEBsXA1UT1iAi3WCBc0V5LJaFFvijwwuoBMnrkJJk8MAANn7fAdg8j-e4C8GP6-nkBRH0opNymg,Viego,JUNGLE,6153.244682236492,0.8954309362258152,
KR_7464328370,2,100,Dau5q9bVcUcdA2qZJaQKPBcQGOub0igpM9dfb5N2GJf3OgluP2-HXtmksmBfvisNenaWgCZ7l6qrUw,LeeSin,JUNGLE,-1459.370197005815,-0.212370105414044,
KR_7464328370,7,200,kyEIckP6VYuM44oj2JdhoaUi6jyRKW25czLbGi7EvW92RoI4uEYDtDcoNG0rtILjq9t6n8ex8qHaiQ,Viego,JUNGLE,1459.370197005815,0.212370105414044,
KR_7464328370,3,100,bRj54PkgZFg7_Ka15AvPIlN8s06dYODbZzeQoY3OYHwwQtZboBj91KIe5OGb527Z1Q_mOc9sXC_1lQ,Viktor,MIDDLE,-4755.932699917582,-0.6920916508339324,
KR_7464328370,8,200,sT0X1j_wO30EZ5CAqY2LiESHVpA70h2R2BTs7Rre4sp9lJQlKIFh1kyGv6vXNAhtcxQgafAZ2I4euQ,Syndra,MIDDLE,4755.932699917582,0.6920916508339324,
KR_7464328370,1,100,FysTBVM-ZdwCpFcIM-FFW_Wti6CmphHV9ldG0jeS5hory3nAekkxKvm6ngnzj-JBXwp2BOJQQoHxUQ,Gnar,TOP,-18080.784618024863,-2.6311474245374527,
KR_7464328370,6,200,VJXFAg8LjXUGORKQIUpKiHYQbmqpZyCAqAytIWa9abHo13jSkmOYW_XE3VQXqvtdEp2WgMN4HZsu0g,Jayce,TOP,18080.784618024863,2.6311474245374527,
KR_7464387513,2,100,OJoWhTV0KDGqKOLrEYR9gi89S-aOpMEHWSqdYSugcuXq8Bh6p7lzDbLhkJbfYfEuicKjmdK4AF8TQw,Graves,JUNGLE,-20.22562227660563,-0.0029432679547383264,
KR_7464387513,7,200,Y4wrW513EwMB_odTALc9shg-3lxmedyBY3n0MyujUlJ2EvFTDzLw1f45oAQpnlvNtUMfucK2HZsw8w,Karthus,JUNGLE,20.22562227660563,0.0029432679547383264,
KR_7464435249,1,100,VIEeNXEF-TpxnSVHy7Qo2KGGnOJ7jaenPHMrz_xUxi3dfHbY2UdmYV1MsjlE52InS5jsaCly670RSA,Ryze,TOP,5434.168355181653,0.7907896905085223,
KR_7464435249,6,200,XkSTDqQi7EEX5D_5CG3c8FVFpLTvSgGAhFde7tAt63d7be1xbDxVAiAyB4F4w5uDoeh5gIwmqLqp1g,Teemo,TOP,-5434.168355181653,-0.7907896905085223,
KR_7464480541,1,100,HsErdBOnu8uqIL4LOwW6X9ar5fSzcJ7VoJboGPDNRiglxfPpXRWdW7aeEICjkP5L1nAfDfMM_j4hoQ,Ambessa,TOP,-3047.4230181631083,-0.4434663315286989,
KR_7464480541,6,200,qx6Tl7QQmXO4zCVDLKtB9Cz1wMwKDE6qSuOka4gFWU1uQwQBcoqGZp4UoPCYTYkOulTNiro619MwmQ,Mordekaiser,TOP,3047.4230181631083,0.4434663315286989,
KR_7464523908,4,100,kWqyW1Xb8_E2zLpJCYzZWaK4qfNeuYcP_6bTAn9neaZuDCJa8ZwsJgKvHD2fNwyshbZPHbLBCgc8nw,Jhin,BOTTOM,-5181.558917499118,-0.7540295229929125,
KR_7464523908,5,100,MWJ4K0STiek7w1Z2AjpI_LE90X7NhpFdoRrdR-MFZ3W2QZw1OTrRomqdq-6djvXP-5th2MzRErmlGQ,Nautilus,BOTTOM,5181.558917499118,0.7540295229929125,
KR_7464565981,1,100,L39YbHl95EnYMO_5xVJ9ZCbjHhcbm1TNELt95LxLNbiYJ681skIEgSKP7wGGtzNXNE94gq8aNNenDQ,Aurora,TOP,-2101.2820963070076,-0.30578224854319425,
KR_7464565981,6,200,8O_Y7-71yJwnV3TAOP8ruJ-hvDtFGjv1vG5dPCaXaozKJbDk6k0N4ENzPjbqd7n_TdfCs60UpPVGXA,KSante,TOP,2101.2820963070076,0.30578224854319425,
KR_7464607694,2,100,K8ByLKr57UcfjNid78QlaoijqrR2NoITQ26E-M7TyyRoX5dwo9pzeymalU7ddKfpfmDxzucrFy9E4w,Zac,JUNGLE,8146.334035195729,1.1854687873865342,
KR_7464607694,7,200,8uk1NbkEVFevvK2dWr0NXefSHq5A3qMJpAyBh-wv9Q4BG81QDvuIoXrIRxQ00s6lyF6Eof7Wr_etwA,Nidalee,JUNGLE,-8146.334035195729,-1.1854687873865342,
KR_7464607694,3,100,W9DZBhnMDtOYbupb7tK2E-VulBnW052AV_wwYORSj-MX--4eJScWuDLntXIVJCotjtMJQYpLtpvaWw,Aurora,MIDDLE,5769.14255337672,0.8395357221375263,
KR_7464607694,8,200,mCNw7oE6sN35t7rT5XPemXKYsQ3WGv9jzNJtdQTT7ObBZb5Nhkpk4jz1FQQRpy0dDIxiFayZDVrHZA,Xerath,MIDDLE,-5769.14255337672,-0.8395357221375263,
KR_7464607694,1,100,F4PhRDXTHVSb8F-yAq9ZF6Y4VwwparmhlqlDz8tC2uCNdg-hPDxmhRRsDQvtFlS2zAkTXmKoHpFdNg,Gnar,TOP,-3081.850017544668,-0.4484762087365188,
KR_7464607694,6,200,FZPCalF141eAeDWD579uMEMMAr3v02AJswtzzJBFWe0O9VJocL9DDiMRgZw6wNcCCIz0yuLvCWsbzw,KSante,TOP,3081.850017544668,0.4484762087365188,
KR_7464721830,1,100,nAcxYyaM5Q6CFC4PECgvpnruO0Q8hPfSbn2pBEFvs_LaUzQsX_k8oN8XaiTujv6JOT159iM4OAqKrQ,Gangplank,TOP,2948.4460044784137,0.42906302325714996,
KR_7464721830,6,200,xOU5EvLPdMkmyMEFodiSzpO9ChFSwa-5ei473UmFr8U24NvdT3yDpsdGgmRG_GA-C2J6J3kjm2b6zw,Pantheon,TOP,-2948.4460044784137,-0.42906302325714996,
KR_7464816186,1,100,yQ_eXiA047-8Q6sxYqlIFSRcGxo8WUWhO6IsRyEhlemjphoUu25EU_-F4iJ72AXNFSJaJHDHbm9OaA,Singed,TOP,-11573.929594693585,-1.6842584925488964,
KR_7464816186,6,200,Qz9eFq3gcBkDqIo_sYsNA1tPaIcfjGfj6tGLTXoQ5Rwsq8CFgRUCiZeLJYlJvBw0Ohrybm0Dobb90w,Sett,TOP,11573.929594693585,1.6842584925488964,
KR_7464886585,9,200,y5bE-pzvQpIgeCIgvafNmU2B3tRazInfzLYSElvqlSOaInx9IAWof3IasqY8SWrZP4JF13wPS1yVrw,Smolder,BOTTOM,663.3062013594345,0.09652547941126063,
KR_7464886585,10,200,TEkQ9S42fJakv8m4N7qFC6nE3PyJBodRG9h1fomI5rwWgO2Kr96f5WUBiZOB1pB4_-CLFGYR3z9EIQ,Poppy,BOTTOM,-663.3062013594345,-0.09652547941126063,
KR_7464886585,2,100,T1ItW2ozSiVTBGyaXxYTVlIblTfF9NrDPAvP8CS7mGF0eMIJdC4Nfe5n8n9QkI8BUZmGlwnlvzaoCA,Viego,JUNGLE,-1178.0778408194178,-0.17143594939384127,
KR_7464886585,7,200,wYC8whxGiVROBdz5NPEnQhjwj0LesqDx1zfVKXjaAyZzioH7nYlHWYl0jQWxh2NHVfrz7h4cBguLIg,Skarner,JUNGLE,1178.0778408194178,0.17143594939384127,
KR_7464886585,4,100,S-8dYHLgIv_ZguIlTQu2AJWx7KW6fe-oX9FdsmlhnAT6TGI3QoF0Aa-2eQqv6tT6YATQcQhxV_Kwzg,Corki,TOP,3140.0400343781257,0.4569441218365128,
KR_7464886585,6,200,HAbtx9N_-badApAtrMJp3o37-K44jzYtrNlxeYDbnAH05jSot20fGvBFaPj2GIhBrXZCTm1XH1SQKg,Camille,TOP,-3140.0400343781257,-0.4569441218365128,
KR_7464975805,2,100,w4BMkA5xcdIMMX_oc-DtCtQ4-7JpUM6iz1Ddzw9BaHhSAa4QFhndOx54NxRqyrTJTtW7qJFo34zSHg,Skarner,JUNGLE,-4310.764539496763,-0.6273100009485821,
KR_7464975805,7,200,E9tZ6G_LXJC3ufFhRGdfirU2kmJ_bKxmaEJ__2dNTpOvqN602xOQ7C11YwhesQpPkYRQXDN1C_HlqQ,Gwen,JUNGLE,4310.764539496763,0.6273100009485821,
KR_7464975805,3,100,ajJtRVn6qPLJQsmM9prBTGKU1MAhTAhhVjbk8vKXE-Jl1mB9s5FNaqc2eU0_2jSJX8fTcR8XK4PEAQ,Sylas,MIDDLE,4364.695564407488,0.635158138089437,
KR_7464975805,8,200,ih9mVKePthEFZjqaV0K3k4WOQWwQLMT9W3XzWnK1Csq2egT9H_WNqZ9fotRJnODUB6HLXVOB_9KioA,Jayce,MIDDLE,-4364.695564407488,-0.635158138089437,
KR_7464975805,1,100,4OF9EdKMqIUCNeUkVv6W_sJZkv3P766WAgRKGoSzIPy26poJWM2BUgUKK-6plHygR2JhnGoWQaxwdw,KSante,TOP,2069.472464285138,0.30115325521475267,
KR_7464975805,6,200,X-BJ_apm8UIb1_TlfGQ5G5TMh-2phjg6V3j-gxNF74UsM77CHDf7pjxuBIqvfZdJZMFyulUuoQnTPA,Gnar,TOP,-2069.472464285138,-0.30115325521475267,
KR_7465040048,2,100,jioePyqOEnsGmW82iCUGTcSzBASoBuC6tZ9LHvpzfArkmyTswydJo1VGSd6ux0b2R0OoucgvtiVnEg,Shaco,JUNGLE,-7576.182342783075,-1.102499315166191,
KR_7465040048,7,200,ND_La1caRsi3lXJX1e19gOhE5OpWbQOTtH4-mHOCGzKSnWSbHU4GhkHIQjuOJXh03QFa6_SmwpcSTw,LeeSin,JUNGLE,7576.182342783075,1.102499315166191,
KR_7465114831,1,100,H68INhCIhbrWYU44xotdzukfVyfBTKxS7khwd36TI1E6JpLskmTMS47VCHWHC5kfsXrBMK97aWk3BQ,Ambessa,TOP,-23485.154345952298,-3.4176007666511974,
KR_7465114831,6,200,4OF9EdKMqIUCNeUkVv6W_sJZkv3P766WAgRKGoSzIPy26poJWM2BUgUKK-6plHygR2JhnGoWQaxwdw,Renekton,TOP,23485.154345952298,3.4176007666511974,
KR_7465192685,2,100,tZqum7dasDU-Mxs6d3o7dL5o5_Dhu34w9PKYm5KCPrbZoi9UXXqc002GlcGGqjnofCIpgfGUnugI3Q,Hecarim,JUNGLE,18107.2167707483,2.634993877666147,
KR_7465192685,6,200,p8cxPtDKnLGrEpOZUbQVwxz-2HMMZIyYvlkLClJ0b4zBXM3PLfWYpdaKV-5DBJJP6PrH2UsyvPqPGg,Gangplank,JUNGLE,-18107.2167707483,-2.634993877666147,
KR_7465270716,2,100,ZHQVkBdovhhE7HJuwwhBcvSOd73G0g5eMVqI6Xj_-BU7HsRDLIfa3msRhgbtoSA0oTeKkGCcRZACCA,Nocturne,JUNGLE,13486.378912387581,1.9625614646330058,
KR_7465270716,7,200,wTYNerp3ayJ0IHy4DvmE4anSUdy5OeE-0FOuqj-LRuERfNkepeyTCE8EwqrZamaJtAEfhDHUtVXoBg,FiddleSticks,JUNGLE,-13486.378912387581,-1.9625614646330058,
KR_7465270716,3,100,GUsCLCkUbsNSksq0uLh56W98Lenay8U3Xj2numkvwt-pabmbrAIrIboWXqiQNHaZQ_sKlT0xpMWLtQ,Viktor,MIDDLE,-5983.432407245782,-0.8707195567455668,
KR_7465270716,8,200,N-muwge2Y-rdJ9vllbjJz8wLvprNyJ2R2as-UwIHDK_IlGN6yprXmPtMQVOKlGM2y0y5zDqUaSXrXA,Yone,MIDDLE,5983.432407245782,0.8707195567455668,
KR_7465270716,1,100,i7G4ys_K-hY78_WiHvd9Khyhx8hQFlFapYYVCEx5B0CbM1Ju-wWimXcERRKcax5GQp34M8qDnfTJ-Q,Riven,TOP,-7128.995411825587,-1.0374238902588766,
KR_7465270716,6,200,ZjkCI1uGH1coOtdSkKU2s30kJ9BwLTqJyEB37tBuooogZfQFJC3oitxkIWgVZcRUa5CEP9DyEu-gNg,Renekton,TOP,7128.995411825587,1.0374238902588766,
KR_7465354984,3,100,G3lt3RwFXvzjGXZaUwJ1K-sLuhVCZGJzuy6UCoFugpMfIkvEckZI1uhykYmKMasoSFXkE9P5jCdVDg,Aurora,MIDDLE,2909.6031451991844,0.42341054238791104,
KR_7465354984,8,200,eEKJj-LSHuGdzfDEQe9-9gjCCoAZmQF-lTeRozhECBeomzQlzEkTavEmpwU7JlFwQLZCqBTiKkGHTA,Pyke,MIDDLE,-2909.6031451991844,-0.42341054238791104,
KR_7465440531,2,100,GSjKZ46d620xg5vrM9QgOlryYeo8_YRA-9YMi663OjsL8ISYV4ugxrFpr6ImQ-DrkqDwzeaoPIqQqg,LeeSin,JUNGLE,18234.502750348496,2.653516756207099,
KR_7465440531,7,200,n4SdZccPtePCXu5ey5ZIl84Xgb8PV3bXxiYxXXcvM0JkqigkW_ui96jUGuJdGfS1DmXLd0yQ5TTrwA,Kindred,JUNGLE,-18234.502750348496,-2.653516756207099,
KR_7465549762,2,100,cx6Q8pWtLZMQKvXqdydXKEEK4XZdRnPmU-xpSDiAuGY7VZRIHABKXxguyjMqTpZp7hH4vONhM7HwYg,FiddleSticks,JUNGLE,11716.781339750769,1.705046528524016,
KR_7465549762,10,200,3IwfLY8No2-ovmk7CK_6Z-dp2VQ2jXpFHFDEfkqXJ5WMWxVktkz9KSwbs3kP8SbABYh_iTARb51ZYw,Rakan,JUNGLE,-11716.781339750769,-1.705046528524016,
KR_7465549762,3,100,xq48jMSekE3VuLaHXHMqrr88eZqIjVWIEqdMas2OJiqmgxQ9-sS-Pohlm6toVVF3Agr7sl9RQ5wong,Irelia,MIDDLE,8307.320532543152,1.208895824256312,
KR_7465549762,7,200,9BCkH87pDAGMykpxwwOz-D7aBdbwIzMhH9hLP9EdLIdgMoCdcBNtKEfF1uVsvAKn3ixA7ioENZ-NXw,Zyra,MIDDLE,-8307.320532543152,-1.208895824256312,
KR_7465657406,1,100,PwaBfFpr6OWGIvQBuDi_OLdfGTzP543EuZMDkbXasOy-ieEl1xcZfW0RdzP_UfuIIp-5_DyH5CT7Dg,Talon,TOP,-10437.162679580884,-1.5188341813706958,
KR_7465657406,6,200,qDtHds-4bEYmINTXKCIlJFlHlrX8kwnkHnNqplMUzzD9QLBzo9yeTyka5xZesrw33KhPODW-6M2cAw,Gragas,TOP,10437.162679580884,1.5188341813706958,
KR_7465748762,1,100,nfQBfKu7usOy48PPSoZatpM-du60f-2IEBEL_emd8BVOt4UHVcmBBEG62gLQw-xJsaxzNMmm3OIL1A,Garen,TOP,7466.583995956576,1.0865503719052536,
KR_7465748762,6,200,hbaPG_nR7QpYvBc4mxv0fQl_DENob2AjTiJPgAPreFXeioikJCLQFxDotyymAJpVyc9xjRo6UeFmzA,Ornn,TOP,-7466.583995956576,-1.0865503719052536,
KR_7465841052,3,100,jqsfU57XubRUUL5utavNdOa0_6cBHxBItSjGak_i0QltKmxmDn5x0SwtQiOBE-qzXHy60OO3VIt_gw,Irelia,MIDDLE,31395.708033411047,4.568758385147071,
KR_7465841052,7,200,BpThbQhkQsKflDuen_Ih8jw2tewefD9zWOeYUjc2QDtVWcryEon7ckJV_hb_GNTwS1mrTzKOWMfREA,Ivern,MIDDLE,-31395.708033411047,-4.568758385147071,
KR_7465911841,2,100,c7o6m66l3vzaLhIzVVp71aoiCWaQcJEa0PK9mymRUTwpPmXKsTfqiBxsM53jWwrALpq0MdiAJONQEg,Vi,JUNGLE,-10155.130919751275,-1.4777924260381494,
KR_7465911841,7,200,kWtNX2ygblQjKUwgCRcMmJt2uemUgwfkDXstpBLlUXntuFafeuxvWu3Izy3XjG9QyOBK4OxZLmYZyg,Skarner,JUNGLE,10155.130919751275,1.4777924260381494,
KR_7465911841,6,200,eatUj6rxaF2Xg3pcak94auX-TQQvzRs8pB8ZAiuQbkQubbRXhjF6KhmTupV_0GtbluXD-_W5agUZ9A,Jayce,TOP,20384.030437278216,2.9663197875423015,
KR_7465911841,9,200,6i-wkmYYEpoCpby-vWuPpYJ2Qp2HIACeWYCFJGqH8OQIygRNJg9QtAqePuGe0kD5_g1rIZrECHFEmA,MissFortune,TOP,-20384.030437278216,-2.9663197875423015,
KR_7465968402,2,100,ZHQVkBdovhhE7HJuwwhBcvSOd73G0g5eMVqI6Xj_-BU7HsRDLIfa3msRhgbtoSA0oTeKkGCcRZACCA,XinZhao,JUNGLE,-4631.353305694852,-0.6739626393344647,
KR_7465968402,7,200,mlm0JtHe6_GkM_q_8zaeoV_JvpSSJFcst4eLsdEKplI7F-XDyQC0Ii1OmA4OPIFIe5SyLg1nGWtLoQ,Viego,JUNGLE,4631.353305694852,0.6739626393344647,
KR_7465968402,4,100,ZvA41QVj2CMwUmdjyOjw1xE6y-r0bkROxcFONeDvZS9p7uEToVbRPsTa8K1iqvIXGzSe-Fxy2PaDTw,Viktor,MIDDLE,4215.070361103251,0.6133844166145754,
KR_7465968402,8,200,zYPvjw0JlGRRCy95VHnlD_E3IXGoJORXVrXoKP_vAMLR85xPlPCyvkHekQlfriKv0hDgTR4_RkquhQ,Brand,MIDDLE,-4215.070361103251,-0.6133844166145754,
KR_7465968402,1,100,UUsZjYk2wPD4BkMfRhgfamQBp6lJndsS0C8q5TCHDXp5Ko36he5L3chD2VP9Rqi6DVPsbaute3gICg,Renekton,TOP,4075.6813887232925,0.5931002893803606,
KR_7465968402,6,200,ibY2-9aJK6aCyPj6iRp0SMELV0Ab2TpbHQ7sl2qpJHUGSRMQ8h_csYUgUqdK3YcNht_jE65_pxnLqA,Aatrox,TOP,-4075.6813887232925,-0.5931002893803606,
KR_7466020798,2,100,LjncZOFW6XPjR0FN2uOFgj_tRitSKnRT3MzXso9aMlLwVVE6fWh_E0_dmV1i3IOPPtewh_qrhV1Bjg,Hecarim,JUNGLE,23583.95800554522,3.431978848131889,
KR_7466020798,9,200,3xjTaGBfCFCIkV5oamEPYhh867kHso0XIXrbwMXSzErVY5RyqiNYas20cgJdbw6txxQBTaCUbHBTSw,Kalista,JUNGLE,-23583.95800554522,-3.431978848131889,
KR_7466072691,2,100,FfolE8xIaUQA9pID4COkWjy1vQggHl6dRiBt18ImJd3xr2DYqxJWVODCmX5PmZakwBHYS8uJqx_RxA,Nidalee,JUNGLE,3327.967987834882,0.4842917265551378,
KR_7466072691,7,200,1uAkj76cxbbllnEb3io_ZLy-T8uW4nXlQYjf5cLr4TzVHCzKYtaNYQRX96YIjyuHg4x79rxreSCzXg,FiddleSticks,JUNGLE,-3327.967987834882,-0.4842917265551378,
KR_7466072691,3,100,1eCQ96DoJCDj75QZKp47C6sdQcbSd7VptDXaAshxYtjqFSeOwkJcsxH5SuNhwKLrLmz3B-NVNqjYIQ,Talon,MIDDLE,1710.1855167117333,0.24886918974143946,
KR_7466072691,8,200,ZBqPye-ejNbrs982cnQxx1gBSxUaQtBxx3nnxUvYicDPODXeJ_7EuXd89gabN5AQCtGJxEIjeyXikA,Corki,MIDDLE,-1710.1855167117333,-0.24886918974143946,
KR_7466072691,1,100,bcgIIlaKeZWvhym7ceb32an8IRUZ2EIRPzUwAZLlgt4K6xI62x-b2nixBkrknfgzrzFJ2BugF-3F2g,Olaf,TOP,8894.660123515147,1.2943665095591084,
KR_7466072691,6,200,I0xZA_o5pxrsCFulhF9G1kwMla-1r5akTg-l9-JNDChknQkRDOpN6IZRSM78PrQAObnsl7yb1bWDZQ,Shen,TOP,-8894.660123515147,-1.2943665095591084,
KR_7466129448,2,100,Y9x_uMlkofmL6tyUP_P1CF2BMBq0xFHexPqVSsGIPz0vJiuX3mkY5k3ngUTk0EC23BFiac8lLtkdUw,XinZhao,JUNGLE,9869.109661566365,1.4361701119220933,
KR_7466129448,6,200,lIeDx2IGe9HCGXR_U6MoM-zPVBhFHc6GgRBQrkTrM42-PlwnKETXZZeSrlgbQ2j0YKdMYCUKPQ09YA,Urgot,JUNGLE,-9869.109661566365,-1.4361701119220933,
KR_7466129448,1,100,dm5f3_4MzdkWiqDFl7smalN4QrHHgCPUWU7hhFW61ptNy4jUbiiUdK_xFFt_X1w6VJP1YKDAmT6BMA,Ornn,TOP,13218.907425114607,1.9236385456478469,
KR_7466129448,8,200,S9_HctAdyaNqF_PGba_H96I9CbYfIBj37K7dmLO3Pzaccr3DQaFG-nSLqUKdQA30XReVUcQjFTY5dg,Syndra,TOP,-13218.907425114607,-1.9236385456478469,
KR_7466184197,2,100,q9kF89UN_jB4vk2nvr1avLqJnQ-UNOotXO0Bg00S4FgrE_dwJBXYZAGOIc1COcq-VY_RODoLCMGC6g,Viego,JUNGLE,15135.6534178249,2.2025667774008277,
KR_7466184197,7,200,LqD0impri1MT5ChKAlhUuXw7c1lapMXeHQcz-8LluQ6N8V-eDxqfhIrbR4n72tdbDwYseVp4rYxirA,Elise,JUNGLE,-15135.6534178249,-2.2025667774008277,
KR_7466184197,1,100,QTi0NGAtWdn0KknzKpF2cgXYzo88B60DtIKttFnZRRPHmXyZbS9ue3iyy3eyXiplErdQWPDUkhEKxA,Olaf,TOP,19663.052301974123,2.8614017873598288,
KR_7466184197,6,200,PvS-PXFpKcjI-_VEbUW_LSGdht2Vkwi_pKkqlLVHb2iqdusT_cht7kE5XQwOkWoFcLVLLoE1P6euYA,Vi,TOP,-19663.052301974123,-2.8614017873598288,
KR_7466363292,2,100,VOcw9CP2rX4UF8Jxew8XhwAOB06VSlyCwpMjR8JyjXnHstndKL789ME14lgG10WCPE27XCfTVqmFxg,FiddleSticks,JUNGLE,11310.274365336427,1.6458909220952698,
KR_7466363292,8,200,PMNg8M2RjTRxs2M9cSndhC0Mf7YNMhhb4gAXO6JLb5XUd89BIMaCjiI4trcFXLpD7c7oYDhju4NTXQ,Syndra,JUNGLE,-11310.274365336427,-1.6458909220952698,
KR_7466363292,3,100,_VXX6QSaJ0iUwKO1yCw43aIHaEiVt5I9vgTFfarvSjMIyY8ma2wg1fUvgZewTyZRa2fvDjAW2aMUoA,Jayce,MIDDLE,915.1208896016414,0.1331699935972585,
KR_7466363292,7,200,quiT9jj9-qN5ZjcNjuTQvu15G1QiMKoHh0E4tvm6fLGEPfLmwV1sUpiCBQ6suGfb-CjCBKiqoKOQCw,Hecarim,MIDDLE,-915.1208896016414,-0.1331699935972585,
KR_7466363292,1,100,3oQJFmsFifWEg8_q1-a9sqm-ld84DFqU-cJ5gZtNiJCcKM8-a4xydip7iTqF43__Xyr3DRa0htAygw,KSante,TOP,173.49604196339672,0.025247447697836704,
KR_7466363292,6,200,_nBYoegZGGdQA80c4BlVi-AAxo-JZ-SAUkBvKF7t11GUNd10DyLSmMUUBndsqVA0mVI1oD5OX2xdrQ,TahmKench,TOP,-173.49604196339672,-0.025247447697836704,
KR_7466573783,1,100,2IWjXXEl5tv2_4KL8psls7SN9IHghZLf_fkJgvPazxcRHzREMealsdwlZGhmHpCPuGpeAF9aHfOs8g,Jax,TOP,14758.926641039934,2.1477448374555945,
KR_7466573783,6,200,oDdk_3UzxdiIwmc3DLt7antLHQn_KFFTG1oLkYa5GdVbP4gb6eqA0DoFLAmd_-c_E2qR697zuLf5vg,Jayce,TOP,-14758.926641039934,-2.1477448374555945,
KR_7466650380,2,100,Kt-oBjXN7-JGqKRaaqs2y4FRoNK48_jT1iyvkr3gEiAifPCBG8xfnjyGzAMPMwXFOpb-kQ3Bo4Jz8w,Karthus,JUNGLE,-2816.363944622539,-0.4098422107227794,
KR_7466650380,6,200,OxHRFk-xLASRdxXWX3oZT4NNw0QGafjb__8g_DeDdJkJLpify6qpD_gp0z0K7zEw7NrEHT5ZzRGj4g,Kindred,JUNGLE,2816.363944622539,0.4098422107227794,
KR_7466650380,3,100,L_9O4_zJIKPzY2jb9Z3q5bJhbFzmZxtujGLp8EBc1CRWfdHpuk9xpcPca8iuieOvWWVAwVN55gwkfA,Qiyana,MIDDLE,6984.706989404278,1.0164267864791032,
KR_7466650380,8,200,lp1tR7rWxFyB81JDEzbyouVo0ql3UckCzbXIYdW5BN-XEgNOcwYqZd098YJPI-wtKtlVhTYmo09JuA,Akali,MIDDLE,-6984.706989404278,-1.0164267864791032,
KR_7466650380,1,100,Q8tuLUQmCbypZIlhhmohcibyLQMb8LpkI4Q_z4m52Ivz9u8ZFJPBrUzxnAL_XEt3zgtKgohw_ZV85A,Irelia,TOP,-13084.536467929493,-1.9040846487678524,
KR_7466650380,7,200,36w9XCi-npXg0Qqte9R3HRosSxOUZTQaG6UETHn-vo4qLJ7XzbN1aS51hbLQ0UpJnTZfpCYw06huBQ,Fiora,TOP,13084.536467929493,1.9040846487678524,
KR_7466729616,2,100,gjYiocysQx9YyeEuXrOjKqkG0ej4PNaOT4f2RsdbtdSN-WU1kPzDo199XZPTI9-H7PTKqtEuUGQzBA,LeeSin,JUNGLE,-1858.812681556321,-0.2704976749127793,
KR_7466729616,7,200,hRmWO2CXVkAqXyjYGp8K45AGgpRHVuL3uTNThN3G1FsLtjo-Y-oFmym8s2Rffvfuun2lNlw4LcECew,Pantheon,JUNGLE,1858.812681556321,0.2704976749127793,
KR_7466729616,1,100,3VSTkmubjfBTvqeFqW31xzK0L1jKO-Gj0O_cPCq-q8N2YAsnJqnUScLN5HuJ88wvCS105qabckDndA,Gragas,TOP,2880.2947583876858,0.4191455346404294,
KR_7466729616,6,200,i7G4ys_K-hY78_WiHvd9Khyhx8hQFlFapYYVCEx5B0CbM1Ju-wWimXcERRKcax5GQp34M8qDnfTJ-Q,Riven,TOP,-2880.2947583876858,-0.4191455346404294,
KR_7466823961,3,100,h-brGCWjwU6NezNgwArTkL3s8X9aJ6O22yUi7ZVbgp2OgbGYbGq38HqC04rj4iCdtx3SkqGNpptzWg,Leblanc,TOP,-14770.38626666361,-2.149412462234214,
KR_7466823961,6,200,c7X278adCS81_S4xp3y_Cv-_KTziWp-M5ARdRZrd1dpKWZ23iNISMv6S2-TCqCpZXAE3hlzBM9tSlg,Kled,TOP,14770.38626666361,2.149412462234214,
KR_7466919396,3,100,_4_FJsbc434KDhyrLST2Rznh01hOtU9WNXfaHt8LEHostm1vfrcJRcbXikCyR3-VJOq-ylLPn7qDDg,Sylas,MIDDLE,4404.419232173314,0.6409387957513307,
KR_7466919396,8,200,e-YAcXIvfMj9HsZMHyaGFYyRDDyEn0bLgf8kImpiI31B5K8PGcUReBxcgQsAOjKb2Z_f011aETDtTQ,Neeko,MIDDLE,-4404.419232173314,-0.6409387957513307,
KR_7466919396,1,100,xnQprDx1wydCG8EVhX_p8riuqqkXtOYYvmITZC3fvT5wOmzGPusAezrG9aki5Oev-LCVyygSbocTNQ,Ambessa,TOP,6377.583962220157,0.9280771809116329,
KR_7466919396,6,200,T8tLvTlFi379ZYVL8ZDM8BYF9GRQcvQqevn8Zs3Qqdvj4bdkG0u2M0FnmEPVfw-YZPW7We6vQeH1Qw,Rumble,TOP,-6377.583962220157,-0.9280771809116329,
KR_7467015008,9,200,dxl2qGtAVkc5klm053q5LZ-ZhlkHNmogo_lmhaf0BzQuf57Z0eEBsEjIocUvSovNh06vnrTWiZq3oQ,Jinx,BOTTOM,8353.21006595852,1.2155737494796843,
KR_7467015008,10,200,Um_hQ-0uAJ2hNCfxGRIbenYGBVqX1YfQr_Wwql5yWXJX_USPW0eQ3s0HpRin0f8Q5gx9sGN5kiMoEA,Rakan,BOTTOM,-8353.21006595852,-1.2155737494796843,
KR_7467015008,2,100,FejAuJpBEarNVPnOd-cQA7jGWza_36_tnqKGcRHJkjOw38jbCZATwPNKygZGhqKzns2wO7MgH34uFw,Nidalee,JUNGLE,4088.707856756247,0.5949959238088334,
KR_7467015008,7,200,OKxRrgPLncGJsMFVKR89sQ9NzFr1Fqz9hL4MZLsZiRUzZExGyleW9xFeHMRRmApn5cFAr-xErGzHbg,LeeSin,JUNGLE,-4088.707856756247,-0.5949959238088334,
KR_7467105899,3,100,KSt-CbL1yHxouBPLEnPRXvn9I8XqoZXspV7VfMzYmmaUHlN7J630DS-B7rsv5UpYfMn94SM-_YQt9Q,Zoe,MIDDLE,-8416.740874069063,-1.2248188638743438,
KR_7467105899,7,200,M8sdtaxCdTuNNGzvQuIXo1joGFCktgdLT2vCsleRIHgALR7Qz3wvMV5aFta20RBK9xmdvmRic09nJQ,Karthus,MIDDLE,8416.740874069063,1.2248188638743438,
KR_7467212457,1,100,-3DyG3Y_jyCyLFjuKfLZr8RLWVc8kY_9nyR4ws_v1qjuVlw5NLl45CkVOqd6NLMRFt1jb0DI3rjsAw,Ambessa,TOP,253.01508336517992,0.0368191977853528,
KR_7467212457,6,200,B1IiKJ03ecYTne62ryHMIF1C2iXaD_5QpyQZ5pEh_Tz63mdjq2QRjuyXKBdJf7qfEybAQdZHYyLcaA,Shen,TOP,-253.01508336517992,-0.0368191977853528,
KR_7467320462,2,100,F5UIFRzWRcDNcpMvAYYTaOvV6X3u0avg_Io9-uJWCG-CeBGDXGYLGZWX0Nb_zPge_EhBWDgJmArfEw,Viego,JUNGLE,36839.09846757659,5.360890088730798,
KR_7467320462,9,200,Wdlz9LAAf8e-QVp8dmd3-qZV-Afv9UZpuLcryZ375UUCuD8qto67W5sfqBbIc76Z_iGp9H_jEnceeA,Sivir,JUNGLE,-36839.09846757659,-5.360890088730798,
KR_7467320462,1,100,hAx91bVVkhaDihIpp4euUr9k7OWfJOetfULglnq4DPp-cCOTW4Rq52pWqi76XpAB_83AWqfR_4udMA,DrMundo,TOP,26705.826415350748,3.8862786033546772,
KR_7467320462,8,200,sXiopSbwBC8p5FwilU-afqec6L1QILbjcdtXJVZ4cSc7jl5Z6CV5pxOZkrpmyg1khVx87hF4qpIgZw,Yone,TOP,-26705.826415350748,-3.8862786033546772,
KR_7467523276,9,200,BXgeXu3ytWnCBunot9MOFFLlnW28asPGOmJfBit-0dpOZa3IyGXa-OAiRUj2vYqkBfjmP90dZMXi3w,Caitlyn,BOTTOM,2604.6804832536363,0.37903766291334895,
KR_7467523276,10,200,VEWJoVHKLBUiEG7LyCyxd3Qw_PGVOEuEceDbv0hOxAFtjxWebqFyc1q2H90OBGQ4n3y8o6hQESypWg,Blitzcrank,BOTTOM,-2604.6804832536363,-0.37903766291334895,
KR_7467523276,2,100,d2zC8OEgWb4ysKl5zLUMMfq9m1k_BKdzOFHfzqFtK1IpSggKYTucaSARlT23tzHiLOScwITssqhBsA,Vi,JUNGLE,-2856.5504676929695,-0.41569022389873794,
KR_7467523276,7,200,C3KgapaFd6IAQ1o9JFTiT732jarrBiXtYweAjyjZioq8J-7CLcdknsFYHnheRNt5jtB_xksoRKSI0w,Viego,JUNGLE,2856.5504676929695,0.41569022389873794,
KR_7467599479,1,100,yWe4CWdVMz6EY31xxjwkX0CwqBEe8k0wtt8wNUUvo6Rtx4YsS2QXk6fXlXMBCNUodOTbzwjhUYsC2Q,Irelia,TOP,14328.336369985282,2.0850845875465893,
KR_7467599479,6,200,36w9XCi-npXg0Qqte9R3HRosSxOUZTQaG6UETHn-vo4qLJ7XzbN1aS51hbLQ0UpJnTZfpCYw06huBQ,Fiora,TOP,-14328.336369985282,-2.0850845875465893,
KR_7467687286,3,100,wN0tkshO-ucgkyk4tqmTb8yx88rCdzmsV1HKKy1Y5whnpXSAFnUQ58uKvcmU3qO1BEnZ3FynvHVZyg,Hwei,MIDDLE,1736.406626269411,0.2526849314992623,
KR_7467687286,8,200,Axa9FqW9kjEyoAEuZpyszoGC2XuYAG4y4KHPrWth7VrsW6mjgfhhnLmgE-qM4w_D_qQUYckD-SPOMg,Zoe,MIDDLE,-1736.406626269411,-0.2526849314992623,
KR_7467876237,6,200,NrDugduJIgUMZ2uQWVeWnNayBunD-UCn9bjceGTFO-Xt2Wo69XGjuumEEENJqUzr0X45fRokYxp88A,Olaf,MIDDLE,3196.8119312947188,0.4652056676440596,
KR_7467876237,8,200,ih9aQPPW4xMADtvB4IkZF6Fyv_mPWxSNnFDl46UphaFASrSpBSK7PO9BVCCb-s7ABV9L9fGPbn4StA,Talon,MIDDLE,-3196.8119312947188,-0.4652056676440596,
KR_7467936586,2,100,_0WMMg3NGaXMmt2EzGipHy5ug1DCBvT5mwjQPR83S3o74aE1XrQlp0itveLKPzuBYc640We9n8tRAA,Viego,JUNGLE,-681.3965244722572,-0.09915801489425637,
KR_7467936586,7,200,0Yj7hVrh5f8mcUi1FtzVmPOksoBAUr3pBr3ULVg56jle-9iVpE0_A3dsp-a5RvhjM_5YLEWgOfGwFw,LeeSin,JUNGLE,681.3965244722572,0.09915801489425637,
KR_7467936586,3,100,H_FtaVxWt2_PRCjw-RxhZ6gM0UHwppx8mArxd_TaB7A_emN1LuYdme-bzHMVjP8uwWGqaEzY6rcB4w,Sylas,MIDDLE,6406.625949391896,0.9323034217172554,
KR_7467936586,8,200,GVDFIjC6KGqQzfogTXIKwm3_VT4RScTRaIAEStTQTgoIDgv9JipQVsypl1YcHMeq8N6lqQI3F_ZJmg,Viktor,MIDDLE,-6406.625949391896,-0.9323034217172554,
KR_7467936586,1,100,a4NyUtjCqsOXKHs2Hb2HvUboTCuxx7G1Uzrkeq_liZBHpDvzSjmieejs0e74sN3j6NSSUdvyW5H-zQ,Ambessa,TOP,-18006.23366608758,-2.620298639524492,
KR_7467936586,6,200,qWxfzJONKU02DjfGo91jaBBPIUx75IhklOj9-Zih6TJnrVi422NWJinMpmgY3KHpjQ_tMn3rhli0Ng,Renekton,TOP,18006.23366608758,2.620298639524492,
KR_7467992616,3,100,7oE3sk18qtqB_dtUi2g7e0NvS16zeiJp8TJHwIj7wSnHZHzp3pZptVpLu1UhiPhHXLpwnJ6Yyem1EA,Qiyana,TOP,3230.4589332051746,0.47010203825464947,
KR_7467992616,9,200,qLT89dXjtx0tdP0vrUmXGLpnL-kp966gteWnNn7dnQHMVtRUhWuRCrzSaiwZRD-JLzuI-KhYmgOXAg,Caitlyn,TOP,-3230.4589332051746,-0.47010203825464947,
KR_7468168842,2,100,Dx1GLYSVntl5ZHUlggmS4_C9xF2DA_TXc2G0q7m3ZMH2dzsD4Opkf2wQqNuZA8omLIRUDHofetKmPg,FiddleSticks,JUNGLE,6871.824987611026,1.0,
KR_7468168842,7,200,_-v3nloxa0PQEv4h6MBYNmfRzO5byDNBnKQysOKsj1XLx8I4dqzjr3fKKRXqdRxKRyLPYbt0tklX0w,Pantheon,JUNGLE,-6871.824987611026,-1.0,
KR_7468168842,3,100,S_9FEiacinl4AeHEO7O59cwKu_3khA0X1wZkIXaLuBsZDUPzNRtMh0ZYncBGTFsWtFPj5uRYUBpTVQ,Corki,MIDDLE,6099.275275649334,0.887577213716226,
KR_7468168842,8,200,42H8GLN0SYcFxmWFqTdyqVxHS0PH3AEr72Zlg7tRXWo0HWI8_OlrC9klnO5W96uIqkW8kDbi9F0QaQ,Cassiopeia,MIDDLE,-6099.275275649334,-0.887577213716226,
KR_7468168842,1,100,mJPlNkrGmzzFrh9eqjtQdFSGu2Y5U7fOvilbxQSvAAQI0t8X3drnqh2h3GGp4RKX3wvWNHkj70vSSQ,Udyr,TOP,6480.265000305275,0.9430195052971109,
KR_7468168842,6,200,B8d5HkOVzfP7Kb9jwbDUcuNQO9aaao-3ToIrvmJzixR8Fn_45eedAkCokAxzeCDJpE9C8nAyuf-okg,Malphite,TOP,-6480.265000305275,-0.9430195052971109,
KR_7468278271,1,100,81UMuKqftY-c4mbvy6B0LNWH6rr7_b7tWKn13Hyqfkl16wMXp28voq1X-fPH7Y19fm-Oiut_mhvXvA,Jayce,TOP,-13831.193488542494,-2.0127394852864082,
KR_7468278271,6,200,-W3_FlFixzuahDhuzTLGG4TlAlwr8aYrRqQrQURZMQN6lvoaLzQt9DVtVKSmHbfC516rzdtB7471NA,Maokai,TOP,13831.193488542494,2.0127394852864082,
KR_7468386595,2,100,Ir58Bi6Pmhg_a9vzepGMV9HtLNpoKxE_B6VNafQD9_cNSZ-WTLx4S5YNXJQNXbThY93SxiMxGpH2Zw,LeeSin,JUNGLE,-2659.7216431395273,-0.38704734883886693,
KR_7468386595,6,200,CWD6dpjMDpGAAYGduM1_PplkERG73VbOylmF-yN3xctRgxbbIielIGI91rOH0IAlZvmb700lYUFV-w,Renekton,JUNGLE,2659.7216431395273,0.38704734883886693,
KR_7468527356,2,100,Lv3BunKUDlOnzJDCRKvVQtrK1GKd3GXdGiFL7gSQWeIz7DN02lOrxkzaZOAH-F6Fxj8Gr6i3w3FdiA,LeeSin,JUNGLE,-1090.8369658630213,-0.15874050457187913,
KR_7468527356,7,200,kXd0BJICsU7hSvDZsa19ni4AE58kasmGIq0pHH8JRunXi--r_i7R0sNqDYWw8Dx1ihcFTRpo8ygRCA,Nidalee,JUNGLE,1090.8369658630213,0.15874050457187913,
KR_7468527356,3,100,RQl_TgEjk6QX60_CHI-fFTHEBOB_6Ug9sFSPQ7el3wCtZLOjObHixiICNGdT8wx3gBy3gMnl2ZlugA,Leblanc,MIDDLE,-2093.1673844180727,-0.30460138146588006,
KR_7468527356,8,200,JCtsw6KKYNtKqvz4W4Ag_ly0LPGyNqwhfpQ8LyldNCKyhssdiKd9VQn5Obqz81nKvs4AxQTPVd5YtA,Lissandra,MIDDLE,2093.1673844180727,0.30460138146588006,
KR_7468642556,2,100,jx6UJ_PhWaNoUSQfJ8PAYZSgrS5mJETzeMuU9q4HeGXniuH6ihaypEQPprMN909AUdTFN3Oyg3z9Yg,Kayn,JUNGLE,14020.831953043371,2.040336006566093,
KR_7468642556,7,200,QGv8eZOqOH3Qj8gNQ1uoqc9z3_RonHtaS2RXEHJR5Dj-JtNoa-88yYphBdZzWSwZWpkrkOTgF8afPw,Viego,JUNGLE,-14020.831953043371,-2.040336006566093,
KR_7468642556,3,100,9t6SQd_TvqNsWTfVkYYFGLWxawt3v0KsZ9QpgNbZ_KOL9JSAjC5o2LvwRoKbo7OPqNSUjMqOcoDNUA,Hwei,MIDDLE,-3183.2451730830276,-0.46323140924310346,
KR_7468642556,8,200,wXtvVjQvYn-BsTaSGoLYvpeSkOPAb5IdwYz5iPHQrd6vUtDuCD1TawUsEPh9XSFPmDYFXR-wVU0SKw,Leblanc,MIDDLE,3183.2451730830276,0.46323140924310346,
KR_7468642556,1,100,abcXImUS5_TGuWRJpVoSroMMU06qORFTXQmSAt5BQV59-bqkCQsK_R7t9e7ACo5WJZO5x3iRCKrGCg,Irelia,TOP,12320.931399405732,1.7929635026530377,
KR_7468642556,6,200,66DCPcBxZIO7lllEiwHfq6oO-rv4sIAQh359QrXgMeis-uHVfh7S1uwxqHu5w-QsJe32b1lsAzI-Kw,KSante,TOP,-12320.931399405732,-1.7929635026530377,
KR_7468769257,9,200,p5SEivDMQluZbWcxisKfdrnNo4-_PJghUBi7fAh3A97DICrOAyNvEKsFkDzZ35jzsgrTgOeqAiMhRA,Jinx,BOTTOM,3646.3249385925265,0.5306195872517648,
KR_7468769257,10,200,MHxAHDqrBMo_1vjiojlKYOQ0SMCaoJb-VDIxpIjVJATHrlBZyNDr6wtgS-IG3dv3UZZkMfVXvnJubw,Nautilus,BOTTOM,-3646.3249385925265,-0.5306195872517648,
KR_7468769257,1,100,IvxdY52KkxQIBI3xzP2pPj9_0UpXJzo6S1OJtbE45exBGc7w797Iy8c525HZxQTJDuvYmtLlChatPQ,Heimerdinger,TOP,-16305.925238554206,-2.372866781088225,
KR_7468769257,6,200,I3OXVOvBGhr2hfaygvBpZCNuFzh-36EHJEPjbmR7vrXbqUI7v4h3CfiKKGef4oi4tZmWR8-_bgcpMw,Jax,TOP,16305.925238554206,2.372866781088225,
KR_7469037661,1,100,u9ukiqmCEL3xbs-zBmPs4gR89HTmamtffjH8HH5IZQo4cmCG-nJLU7Kik0tsm6zpv7c0KY3rORK10w,Ambessa,TOP,15520.683386639634,2.2585970123833676,
KR_7469037661,6,200,I1BvAT3vq7oMS12IKHs6rRCUdKvm9vlvpS43vUi69NxyqOW7UbCySadBxMGKSBM3Hyo0YJHuABHoaQ,Jayce,TOP,-15520.683386639634,-2.2585970123833676,
KR_7469178948,1,100,1i4yhQzuykyKHHN9pkxaZgZtcthqtg_oHdcA_WmZW85hOUlge4zMBtJdNldthRKoc4HIgjuAFJiGzg,Rengar,JUNGLE,-10414.655598889534,-1.5155589115941914,
KR_7469178948,2,100,6eaE99BqWHTUaL11cUZOYo880Ywind-_JN4RU-DJTMI_LlUTIrrXX75dvDEH7C8NYuVBUpTKF9njrQ,Zac,JUNGLE,10414.655598889534,1.5155589115941914,
KR_7469307536,1,100,yGrbzwT0U55q8EgDMBk_zvle7ALYh-ToZGlAv1S1e_aMfHCc29BsLvjyBAH2WgUuqT79-LW02MeArw,KSante,TOP,6877.735642369114,1.000860128825857,
KR_7469307536,6,200,xiE2uyPvoUBu8mfjkxsFDLAv2S0ttuW7l-Ip0l5mRTobeZoj0i-BLIiuP7A45cBiEmOeZlnv1xIwSw,Riven,TOP,-6877.735642369114,-1.000860128825857,
KR_7469420435,2,100,q9kF89UN_jB4vk2nvr1avLqJnQ-UNOotXO0Bg00S4FgrE_dwJBXYZAGOIc1COcq-VY_RODoLCMGC6g,Viego,JUNGLE,-3082.144160412745,-0.44851901292152163,
KR_7469420435,7,200,KwxBkgWhWB4a-tUMKmXiYJy4-KzcQmReh2tp1H8W0X1JPg5qh1dwiaGTKf45LpHd-Or0up0wgU0LSw,LeeSin,JUNGLE,3082.144160412745,0.44851901292152163,
KR_7469420435,3,100,tYhIFozHYJy8XNTdaKTYi0lbGhjjCH-KIG2KoJMO969IY7m_IIL7Yw-u3NxryXF6kCNFpIfFplHYQg,Sylas,MIDDLE,6453.395836093406,0.9391094574917156,
KR_7469420435,8,200,KKilUSZ2vuh5c8sjIYtF_Zs8nBfunQSuT2ztzvsHIOO6YJ3VS_KqvFsNBAGJ1zc5522RfJjUF8qopQ,Hwei,MIDDLE,-6453.395836093406,-0.9391094574917156,
KR_7469420435,1,100,EgW4ZvOs3aCAvC7OVrgERUU-mU76zq-PyccptDk62vE4V4Ym9AwpFZdbvnX-bOnhuKA_XUT_5DQKAA,Fiora,TOP,8212.118827032646,1.1950419054382189,
KR_7469420435,6,200,CPIqHUdYvN6ENJyt01KdA35PprwHlpb4xUqW7D0-Z868jE0lyh3qD7ZanjoaKTfgvGU5knWtidBWDQ,Camille,TOP,-8212.118827032646,-1.1950419054382189,
KR_7469494499,3,100,Yfh3fEnwha6khSVWYWh4MMWzTwY8YI4RFtnVDBbDbyk7X7U1G11wZNJHJWZcCKjJnt9TurMsux_0ag,Aurora,MIDDLE,-4358.210588518022,-0.6342144330473037,
KR_7469494499,7,200,Tni7ID8xRK4hLWi4_kA2gcit-Cxq0riFaNvxG4xM_1Hpt67A1xnorc7gar8G8jMvCpEC2bVIHhNqOg,Elise,MIDDLE,4358.210588518022,0.6342144330473037,
KR_7469565227,9,200,CGYP2Zjb3UnoveyDHt5yJx-OMne117piHOn4a_52fQ3KH9ArWDOISxK3vlUhyN9pgnH2Laa0IiUBnA,Corki,BOTTOM,-1370.9556045745371,-0.19950385917077126,
KR_7469565227,10,200,sZBN6A6BWnYqqk2lSzNn6Eu_VZcNfuCb10oR34itZhW9ZrCJ3tQyMYNPotAG_HDGfR9_ZYjTOOsrKA,Elise,BOTTOM,1370.9556045745371,0.19950385917077126,
KR_7469565227,1,100,lmugjp95Ki7bhPDp6TVbw6jXScAisrOUDsUFtQ3W62KcdvybBtz1qYCihc-5LYsP_CTaG0kgYAAZTw,Vladimir,TOP,12622.907421698314,1.8369075819677763,
KR_7469565227,6,200,wn-Y1K32_NkI3pU8930tSSHEsTBqUctON4l5owh7kjzg2QBtmI6Kr3choF9gobpHi0iqQGJjteOy3A,Pantheon,TOP,-12622.907421698314,-1.8369075819677763,
KR_7469620126,3,100,eQKJLXQBPoA8A9q2StvQ11mEiyJBiwwGYWvZMAgZ-lEY3-tsFBGbsvwmlmSWtsAOYIvKQwksANPMjQ,Akali,MIDDLE,6447.420556627545,0.9382399243652706,
KR_7469620126,8,200,eSNQ1QN-c8WQ5cuujbwwZ_RH5f9DR6Rx6MEvAQLtNgQ26EyKFTl1ALOefFfxNtWJhTkJ6E3XgsHgFA,Syndra,MIDDLE,-6447.420556627545,-0.9382399243652706,
KR_7469661765,4,100,_Wvq6COXDAM5P6JoF2X_aM65PFUgxlKFuCF_rDiIjzr3jclfP2UtkRfvqmZoOAea2qmEcy_HXTqUiw,Samira,BOTTOM,5136.032395068478,0.7474044237634183,
KR_7469661765,10,200,hwgxQhLtxjgK5UGy6mT10jSok4jSzO9gg3ABVbYCBNd0fsE1nzOA1AElsoVZlin0lQxl5dyVtb9TEg,Pyke,BOTTOM,-5136.032395068478,-0.7474044237634183,
KR_7469661765,2,100,iygariqWisTw8mIkBaUJcuoO0uoG15aXPVdlTli5-PWjijLkHyz9dhGGKeDr8ptas6qTbNJBWhe5lQ,Skarner,JUNGLE,12068.90176560416,1.7562877092130202,
KR_7469661765,9,200,-dmcxCMyxZsRxB-TJZEBf64fzoeS7pqmzG-4kTLE15U9uBzhV0XYTbq00kAK-nUHES0EgzQ8viofqQ,Kaisa,JUNGLE,-12068.90176560416,-1.7562877092130202,
KR_7469661765,5,100,InG-aw75ZisgsmJJ_XjOrK8BPs1ElVMwNsklk0lWIJkZCKbwve8iTzbvh4bz_vsIu4HgbYRQAUyMeQ,Rell,TOP,-15807.638984451949,-2.3003552932373847,
KR_7469661765,6,200,fAEZTDGcRvXKmE4od4bVdtV1lXjs8sQJvIaOEOiYAZQ1FZuc0wJEcPEiNN0jNooWDwInTSG4LEAvkw,Fiora,TOP,15807.638984451949,2.3003552932373847,
KR_7469704908,3,100,S9_HctAdyaNqF_PGba_H96I9CbYfIBj37K7dmLO3Pzaccr3DQaFG-nSLqUKdQA30XReVUcQjFTY5dg,Zoe,MIDDLE,-23753.77377587137,-3.4566907362594685,
KR_7469704908,7,200,1cWoZeC7z7IgW4EirL1DS9fMHrWswvv2fgkcrUECGiT4voVldCoGsbDb-Q60QXIWJodnCc2vT0x98g,Viego,MIDDLE,23753.77377587137,3.4566907362594685,
KR_7469752471,9,200,1gxIVrsa1zIFM-DsrGI2LzaIVqlwIA39hKi0TEyG7rJlGzMRm_KaQGH1FuRm76UIYh8dA93BSapr-A,MissFortune,BOTTOM,14329.627222966463,2.0852724347317997,
KR_7469752471,10,200,i41N-y6n6sIi1bsq8EdYmeH3Cf2FQsvY4ycDTdYqmGfiZsH4RFNwduuJUPjZ8rBQYbKG7-BdG5RRFg,Pyke,BOTTOM,-14329.627222966463,-2.0852724347317997,
KR_7469752471,3,100,NuDyKigJbccbEmeYXSI8XVXWYu8nwDbcyItw0DB3eu_9dU3-z0cUy30KCWl0kII32q0Fy3-Pp2W6OA,Yone,TOP,-5006.308297446394,-0.7285267460204666,
KR_7469752471,6,200,rvV4X9JbCKZTqd7MS8CkluUXT0MOP-m_zEA-xOtq-ifAuaICoz_SG2BUtIklDP9F_--EDtK4S4r4Qw,Ryze,TOP,5006.308297446394,0.7285267460204666,
KR_7469796769,2,100,p86GiUm0fG1voNNVQgJiVbBHXW0-p9HxdOaje6-XC-eieqMxWPUFjKSoC5OZpKkQwKjZ6uD8vOkf3A,Taliyah,JUNGLE,-20690.138151499923,-3.0108651178982955,
KR_7469796769,7,200,7By0Jo-pidiJKS4nMAsGntuZzNMNRliyqrYccX_UAEbPmD4hkcx5j_L9tCRKyPPRourJodyz8N04tg,MonkeyKing,JUNGLE,20690.138151499923,3.0108651178982955,
KR_7469796769,1,100,8tzvZD8pyRgmnN5eFgoARF3RDAKI_irxPhB54tI8HOx6KhQLDtwnc7ZcuZiYvg7HhoHSw2muZD_EUA,Swain,TOP,-25907.98146713197,-3.7701748100163446,
KR_7469796769,6,200,VIEeNXEF-TpxnSVHy7Qo2KGGnOJ7jaenPHMrz_xUxi3dfHbY2UdmYV1MsjlE52InS5jsaCly670RSA,Kled,TOP,25907.98146713197,3.7701748100163446,
KR_7469935128,2,100,csfUtzW41ZlGTyqeZbx6Hgobb3u-8MAosee_qGAQz8TRwJFiTZyDkg_STFOagV0pq4GZtunJonXsZQ,Graves,JUNGLE,-18281.63396750875,-2.660375373422355,
KR_7469935128,7,200,-hZyPB8eQM0Jt7hYlQXTnafZjqDU8WB7jNcsAD-LgYAfwd_v_Dsn1_k9xFFHN6ewb4mm6ZTi85n_Hg,Viego,JUNGLE,18281.63396750875,2.660375373422355,
KR_7469935128,3,100,yWTIpO33rzAq5xJw3SBhQ47Ja2_zBFNVpYw3DgdXyuA_usde9LBN17IGVIA3mbTKRrEhNpde0v-14w,Azir,MIDDLE,-5017.583449151962,-0.7301675258316369,
KR_7469935128,8,200,unnc7NDnUN_zXjX1OGpGZBIMr0pj8qgybmiaGpyyOfnQsDzGY4gckFt_BTZL8KKgSy-JVwvoNRaR4Q,Lissandra,MIDDLE,5017.583449151962,0.7301675258316369,
KR_7469935128,1,100,zGbb8g7hKlg960HSkiZ_PT0kioh8PZpB791kYVqODQtOp0w4-42bJgQYk0IWxDtHnDj-nm4nrpFUqg,Jayce,TOP,10457.131115665048,1.5217400231405553,
KR_7469935128,6,200,-Y867q0f1upNaAJeh80elcK9wygKEcBY66CcpyybYQ-5nLydHHaVCPQkbUCM_JhwMgj57HYCcEFmJg,Ambessa,TOP,-10457.131115665048,-1.5217400231405553,
KR_7470029583,2,100,D1Yl0FZRW_6Hrha8y2b9zIXpwehgsqvYCTvLxdz0BtUckxfnCtneKcloxasTLGHFPwWR1fM6LGLeqw,Graves,TOP,-856.5790484100502,-0.12465088240086829,
KR_7470029583,6,200,g2y35aOLnM1W9jg9G-J0Pp2HzKwDFHyXZgjtbYrkZvUhEzcUpq4mthwokdVClh1fsBgJ1B_KLwS5Sg,Rumble,TOP,856.5790484100502,0.12465088240086829,
KR_7470109549,2,100,BpThbQhkQsKflDuen_Ih8jw2tewefD9zWOeYUjc2QDtVWcryEon7ckJV_hb_GNTwS1mrTzKOWMfREA,Ivern,JUNGLE,-20093.14749799966,-2.9239899930840636,
KR_7470109549,7,200,ZsKl0bkB9lFx-tdYvLLN_VfHmwThI3SuAVuIZOPviYzPrigw7QVpO5cktaOiS3bUszw--Ag5KIhVHQ,Vi,JUNGLE,20093.14749799966,2.9239899930840636,
KR_7470109549,1,100,KXbiI2aonhKsbkCHRy-iHN0LEKZYj1UxOZHTbhl_w0ArS64yuzSf3XSgkH1e2Y7oZRym137b34MIAg,Nasus,TOP,8814.180001614068,1.282654901355149,
KR_7470109549,6,200,jogad5bUDh2dTSG8qrReVluwyblKzjzwbC1VDy393OkiWNAur4oGVKoNYyYziSQUIBfHXNiy_uzzjQ,Rumble,TOP,-8814.180001614068,-1.282654901355149,
KR_7470206157,2,100,pD5tiF_NYP6jyGthIF7Vr7gkMDiGsS7YPNonr_MIiYBD9VTBcxuQuxgjk2R6zMp5B-VpIMi4JK3aQg,LeeSin,JUNGLE,5398.246632870577,0.7855622986037752,
KR_7470206157,8,200,x9FV7dBck_yHIzAEnnYN0IhVuTJViRnyYoXjLOvoWqQrPa_pYeCkDrQ8LVHuGlUCGucCnOfSuB1jHw,Yone,JUNGLE,-5398.246632870577,-0.7855622986037752,
KR_7470206157,3,100,42H8GLN0SYcFxmWFqTdyqVxHS0PH3AEr72Zlg7tRXWo0HWI8_OlrC9klnO5W96uIqkW8kDbi9F0QaQ,Azir,MIDDLE,-5843.708785833,-0.8503867307983569,
KR_7470206157,7,200,wn-Y1K32_NkI3pU8930tSSHEsTBqUctON4l5owh7kjzg2QBtmI6Kr3choF9gobpHi0iqQGJjteOy3A,Nidalee,MIDDLE,5843.708785833,0.8503867307983569,
KR_7470206157,1,100,5iyXobLS4woqVPQzl3NCZODMBawHRNhSATVSPoUOihSEli1qEZtOB0ivAKeej3ogHKbRwcKtnOBcDQ,Ambessa,TOP,-16094.217448210917,-2.3420586928838585,
KR_7470206157,6,200,45FTXK4jpVFtMjemwUPT8-ocyU5ws3dkz4eJhclwGufpkKDcoVtkvbnXMmw2y6hxYwYZ-QjKLEsA_w,Renekton,TOP,16094.217448210917,2.3420586928838585,
KR_7470282807,2,100,R5_s1IiU3f0R5il9MzWmJIVpX-c5Jefd3IG8hXjjt0M5unXrB-z_tmR4q5h-DtodNtbeQbcNc9sU6Q,Nocturne,JUNGLE,-3991.0618300894794,-0.5807863030977689,
KR_7470282807,6,200,w5B2xPn944UYbM2A4JzPq_hqqQVPjPnKPGJoxml5k1wTwyNJYBm2w2BOVQzg6L22EtPnK6OyTK0eaA,Hecarim,JUNGLE,3991.0618300894794,0.5807863030977689,
KR_7470282807,3,100,WARjQafHLcIvJMym5BiTxnqCAiodWrDPGxSdCpqe9YvggykW9knLTaor4OSTHuOPqsUcJ4Mn1WWNMQ,Akali,MIDDLE,4588.154348262372,0.667676251437456,
KR_7470282807,8,200,yZ39RecUhjsL74K-GCIbAauHwDlAJ2I8HyU_oXx4h5-t0wsV8UEImUNQ-qlRHf3p_QjMcT6cF-4qKA,Katarina,MIDDLE,-4588.154348262372,-0.667676251437456,
KR_7470282807,1,100,1uUV-2pUzAllcWEHftjpF_byERJCqIRtIJI4of9b7rUviAkW5V5zidKl3pjhxo-pvfaouwKTEy0qeQ,Yone,TOP,-1249.6884950822998,-0.18185685714279973,
KR_7470282807,7,200,7fp_6KeeCM3CXTbjzQBXW6hB3QMfWIFs6_5cGBVMXWby0Ytzk3M2aYIOEAe8PjypDIfBqCeEWoooNw,Jayce,TOP,1249.6884950822998,0.18185685714279973,
KR_7470388726,3,100,s4x5jZcQFBIGE-4EUuBpLK5ml1uJth-0u_T-uQD4P3Rf7MaKk5VUfpNCMa8toOGV69uZvydnL3XPQA,Yone,MIDDLE,9342.66615481592,1.3595611313820548,
KR_7470388726,7,200,F-QF-xri9QvKz9re59aj8chaHzs4Fav-D5bxh8NBxgkADCb3_RPTGEEhXT4d4LyjTyFWVLH-w-DcRg,Elise,MIDDLE,-9342.66615481592,-1.3595611313820548,
KR_7470502093,2,100,qXZpQdb0HvRe_6ERq1W0THtzc03hguINIorO0rAexLGUd72Ma33l3zt5CEn5YEXSGUIojaYePjQKIA,Viego,JUNGLE,458.3507248572537,0.06669999973567405,
KR_7470502093,7,200,YhKhlhLXqBvJSiUblnGb1BqsBOlrA8mUHDov6sq45NfJCm9r4NPynAJyfZmreiFAPSfutkh7MNE96Q,Vi,JUNGLE,-458.3507248572537,-0.06669999973567405,
KR_7470502093,1,100,9BCC7TgtqR1PPkkhf2BpEb30I7n2wTmOO-aVgJi2gzffl7NEb9LxDHhbzYobBcKdBMIo-gKXNTxdjA,LeeSin,TOP,-45.24677280485006,-0.006584389574301425,
KR_7470502093,6,200,VuSvEMS9Z01HpXiEuK4rhO3rRLuMcBjQwGZtrVgy-ZAVo_3lshIJjWU4Lukrhtv8o7AKZe2OHGxTLw,Gragas,TOP,45.24677280485006,0.006584389574301425,
KR_7470621406,1,100,82-9lE7P_VIDQHQg285e-NyCGP0QAqyi-CYiandWYy6G23iVjfjREVg_J2SJoW81oyjyR2Qf9qoLIA,Cassiopeia,TOP,8885.09698346057,1.2929748646799362,
KR_7470621406,6,200,gstoaNTz96Z4Ua0RBpDGeGOlgRo1SxjBNcs-eYcj-EoJiznj9SPWviL3hU3G973x-YeB990pDbhkaQ,Aurora,TOP,-8885.09698346057,-1.2929748646799362,
KR_7470730531,2,100,VAeZo4f03GlvS7ljES-6FLFUi-bTgckRwUookdAigA2-8r4wjZ4eB34Gc7_Y09vsIrjuq0gsHIJTLw,JarvanIV,JUNGLE,6149.7166635947715,0.8949175327779566,
KR_7470730531,7,200,EJDJ1EEb3vtOGDYzAwFjBpUjLd72nMIMGrKYTQRfNr5GVqvpVU3EpPaUgDVaIWlR8Y8J3g4buzcZvA,Vi,JUNGLE,-6149.7166635947715,-0.8949175327779566,
KR_7470730531,1,100,slfMo7EHx2dL56BTAdhboUgQfGyw8CGcF3vLlYfiJQYQX_0tWsTjWFg0rmj8goecighSSWPb1SJMVA,Sion,TOP,7338.931592492416,1.0679741707222639,
KR_7470730531,6,200,t0XpWIIWzNlgXyKlUG-k_grCAciPuXoqnJuIrK-8019WWujg5vxX5I28j88BHctGUsIPXG1K21ZQag,Poppy,TOP,-7338.931592492416,-1.0679741707222639,
KR_7470832083,9,200,D8GtXUhzQj4UkjZsK4BSIHczTC8gkUS13xMeLm6rUVtm8NZRsKmNHZNVzswaSSwS1nrji7EbA43kBw,Jhin,BOTTOM,2047.1737685443507,0.2979083099809918,
KR_7470832083,10,200,IhYBGiXd_fTVVEY1VWBbe8rJbOdYrJIc-7PVbDrGeG1YYkClR7uboBYCui9Gz6nRSBY98aB__JEnRg,Karma,BOTTOM,-2047.1737685443507,-0.2979083099809918,
KR_7470933050,1,100,nuAN9gobcswl_Q6S6jcDWaSFYg9ZTp5vPeUMvV3xJd_wM7QMiVAMPUIVJ9maZPqRj05B3I-lIA2fpg,Mordekaiser,TOP,817.6097272842501,0.11897999858236935,
KR_7470933050,6,200,72lIpS7UXgt6zge6zZMPLUElUfqAciBjEzXx8T9wpEnvYhpQjGX5-F1_3sLwDOIyBfHj0EbP1CtbeA,Gnar,TOP,-817.6097272842501,-0.11897999858236935,
KR_7471007331,9,200,FLK1CLdctDFPVgKub2_CGmPf7cTDOQWzWFluhQ592Zf7FxM8g2zdmsUGzU-z45G5QLZKhf_jme_Jdg,Varus,BOTTOM,4604.079969597266,0.6699937757288351,
KR_7471007331,10,200,hy7tnbza4YtylJDecYULVXcj4BLDMCmaNbXInqM19cUK6JSI9kjvHij6Z_T4MJ7dmjuKL8yyh6BksA,Leona,BOTTOM,-4604.079969597266,-0.6699937757288351,
KR_7471055697,2,100,hOEU-w-oxYJEjZ-eHbMRsbwjG5JWOFXu0OXWHCVQKpAAGcKEqH8ffNKTsJIG-2RLqgbGXbx9f0omFQ,Ambessa,JUNGLE,-2923.020918052912,-0.4253631201788062,
KR_7471055697,7,200,-C_ziZCdCT0zTMH3kGTmp03dDf6WVNXXsUDj8J9nO5WTWp7VJt_uMG3XhC0voAovAGkqNk1jwKwjyg,Vi,JUNGLE,2923.020918052912,0.4253631201788062,
KR_7471055697,3,100,krGCpOgtfe1HZBmDbCJjAPJgYIRxuZ-HabfTvAHqEprhEBRtVVtJ2SnW5oV6nv_Yi7zSLeCagIq7XA,Syndra,MIDDLE,-4196.202863461683,-0.6106387853338626,
KR_7471055697,8,200,wTYNerp3ayJ0IHy4DvmE4anSUdy5OeE-0FOuqj-LRuERfNkepeyTCE8EwqrZamaJtAEfhDHUtVXoBg,Ivern,MIDDLE,4196.202863461683,0.6106387853338626,
KR_7471055697,1,100,36w9XCi-npXg0Qqte9R3HRosSxOUZTQaG6UETHn-vo4qLJ7XzbN1aS51hbLQ0UpJnTZfpCYw06huBQ,Akali,TOP,2655.5431823517188,0.3864392919114362,
KR_7471055697,6,200,XjqyhA2nxKSuUcoER58VgXDt2z6cc5TprvUDxihfToF0bXlQgknRgRo7F38GpAMJsuwIihJbZudtRA,Viktor,TOP,-2655.5431823517188,-0.3864392919114362,
KR_7471138244,2,100,YHIC3TBLcbXwgZkB-pJPe3lQxLvFP7sY3mOxFbazFKNmqWJldhCK1RZTYCMfn6oPGk3Mes1b6YBtpw,JarvanIV,JUNGLE,6337.4564867540375,0.922237760446405,
KR_7471138244,9,200,IdhlPR1k-tV15pexC3WNO-fxFHVXKzSbN020Pj0jWFDOpN3-UsVr176cx8LLGtTGEcNn_6pZy0Xchw,LeeSin,JUNGLE,-6337.4564867540375,-0.922237760446405,
KR_7471138244,3,100,GuY805ou9Wvmv7qgGPNvvbqDmGEC7i0zR0y5Myyge-wbb9CYniAnLSA7VgfIrS-TU8ojCV5WL7xwjw,Azir,MIDDLE,12421.989749218537,1.8076696906009264,
KR_7471138244,8,200,Mu-t7fC1a0-ztSi7VGyjw0TI_B1vCFMWxSyaVjk9WeeL2efDuuSsGBj0a0JC2iOFfuiRiBpQoVVFXA,Viktor,MIDDLE,-12421.989749218537,-1.8076696906009264,
KR_7471179662,2,100,sb6k7M3EFNMh_mU3Y9khspqnjRKtpjueacenfNDTVogF-alZ_xGWcvbCbMQHwBKZaPLLq9Y-gDhScA,RekSai,JUNGLE,15062.286026441328,2.191890226191237,
KR_7471179662,7,200,iygariqWisTw8mIkBaUJcuoO0uoG15aXPVdlTli5-PWjijLkHyz9dhGGKeDr8ptas6qTbNJBWhe5lQ,Nidalee,JUNGLE,-15062.286026441328,-2.191890226191237,
KR_7471230388,9,200,fk262ri-FfC-cz7d6FKiyqQ_RBmxROmLOwUQpxyL8tciyBk5aODCkEcmblsy4ou5f24E1sVQoZ-2Tg,Jinx,BOTTOM,23091.25452387734,3.3602797750972644,
KR_7471230388,10,200,ePeIgSKe7swXOkstc9n7JinN_RMxaCunkWIVPL-JA-2rMTLvpfpc_c9-6NWFxaBPGv88y-Sm35KYPQ,Lulu,BOTTOM,-23091.25452387734,-3.3602797750972644,
KR_7471441448,1,100,sPzen0qbUTXRPmRMfgljOa5fQcUMfm_N2G5tkR-JibKb6WnvDAISHssjWL81XLNOuKrXeOJSQlMjDQ,Renekton,TOP,12713.508193289514,1.8500919648288854,
KR_7471441448,6,200,YsXUbpRIfDLQM55Z1sleL6jx1ByFWg9iAfJdO9hQF_k2SKamcOyxZTAOhzyAUe5na9gTFw8_eoxuyg,Ornn,TOP,-12713.508193289514,-1.8500919648288854,
KR_7471521805,2,100,1ENie03w4q-kajyhgCdJOmHHKHntODI-KqxsRRWgE553uiW8-iIms_gSPypzs83EFOXvryWenbbe2A,Zyra,JUNGLE,-16190.751994972143,-2.3561065690936376,
KR_7471521805,7,200,8rAjYoa_nSx3wXyVxYCA_A9MMtp3xdgYzfsLi-it9iJYQ2zgbzORQjoCqCY1sKOWujmnS5jEBFwS_g,LeeSin,JUNGLE,16190.751994972143,2.3561065690936376,
KR_7471521805,3,100,YD0G8fGiYPYuO2p73QJWJzV0fAXGHyVtKYFMPBqvhPCZL7CQXLV2AZh36uLaab4zWpos6xlAcK_Hng,Corki,MIDDLE,-5768.053267326459,-0.8393772073249074,
KR_7471521805,8,200,42H8GLN0SYcFxmWFqTdyqVxHS0PH3AEr72Zlg7tRXWo0HWI8_OlrC9klnO5W96uIqkW8kDbi9F0QaQ,Cassiopeia,MIDDLE,5768.053267326459,0.8393772073249074,
KR_7471521805,1,100,M2S-GM6bjojPnioj5gic0xogrbfVMCYemg9RYYC6NL2k1w_Wz66sRh-e_DQHX_GqL-66cZt8oZ_CNQ,KSante,TOP,3114.754181039893,0.45326448020072907,
KR_7471521805,6,200,pbcvPOHtWgP9YmQOEDsoTKurCsXHHPpnzeLvBegvMG3jH4wFkl3_Vk4aDOD38x4IuR3bs1Fl_6MbGw,Gnar,TOP,-3114.754181039893,-0.45326448020072907,
KR_7471592886,2,100,wn-Y1K32_NkI3pU8930tSSHEsTBqUctON4l5owh7kjzg2QBtmI6Kr3choF9gobpHi0iqQGJjteOy3A,Viego,JUNGLE,-65.28771328796121,-0.009500782311200613,
KR_7471592886,7,200,oyhJiMJ8FUFmjYm73RNOOo-XcGpu4E3iO0-8TQRDRlRwSfckmMfcj1vSGOcL6C_6qMjrZ5KpbRu9vQ,MonkeyKing,JUNGLE,65.28771328796121,0.009500782311200613,
KR_7471592886,1,100,HFlni_O450TSWHHfgflgkxEq21A2_mRtywpBBE2JhKZKELW8xsgYVLMguTFWs1g-I2erllW-8KwGxQ,Sion,TOP,2769.12078597416,0.40296730358623967,
KR_7471592886,6,200,t0aEW1Sgx_jEb0lcjvsrPNBQkJ_D-YhzPvUv3ae0X-wgi32A6TFbVeqAH9SG-ASTdA-ME3uuooqSdQ,Gangplank,TOP,-2769.12078597416,-0.40296730358623967,
KR_7471684038,1,100,mBT3V5zo9ZHLsrbzOQ-qlZyNxvzWq-nLSBtX5Rs9GVO1bNrUKyA3eRwLiVrWU5qWKRAdqkesRdQ0iQ,Akali,TOP,-22890.423425796922,-3.331054482188541,
KR_7471684038,6,200,50t33MNnK1amyWv5uZv1B3jZ3442iYS8BE2G6a_IJqCpvVR46luEyGOmt-hl_LUdwaqhME9dSw3iAw,Fiora,TOP,22890.423425796922,3.331054482188541,
KR_7471777241,2,100,u8psbmjdaGNIEXv1y3bRwjwSBUubPJdppkBTTmNYydh7OG2cNrfbCwCg2WLBSgIFt7S5Tb6U0_xbUA,Zed,JUNGLE,-2692.6377150805724,-0.3918373532409564,
KR_7471777241,7,200,Nxm-hI5vRj6Job2vOXIXVOKtEMehY4z9_qtT0iALqfc-8B6d8Nt6yTDnGNkdJN4lY-KxWpoPMAW_UQ,Udyr,JUNGLE,2692.6377150805724,0.3918373532409564,
KR_7471777241,3,100,NYlboJa90Tv_hNnKw0i2rRh9Rc9rlLvYdHYSQKa10yz-iNFs7xdrjmOHcaq2IxJgOMB2fo66JJL0AQ,Cassiopeia,MIDDLE,-270.51418118030216,-0.03936569712820143,
KR_7471777241,8,200,ih9aQPPW4xMADtvB4IkZF6Fyv_mPWxSNnFDl46UphaFASrSpBSK7PO9BVCCb-s7ABV9L9fGPbn4StA,Talon,MIDDLE,270.51418118030216,0.03936569712820143,
KR_7471777241,1,100,e3c-yY5TDmztWAewFOWuYmM0F5m6vMEjUBaq15pkQxZwDilXluXzR_OjNYPLD2Asuc8dcGiwCDc5tA,Sion,TOP,9760.691301055049,1.4203928823350798,
KR_7471777241,6,200,NiyN-BE00QLTGZ4Q-N3JWS4rU0jBgLWGBBEgXm2ODwzhW79tv9g1llXkryxq_LOriEN75NNV2YttwQ,Heimerdinger,TOP,-9760.691301055049,-1.4203928823350798,
KR_7471893365,2,100,xNWix_PWXYrjrSIQwoRlLeYyekW140nGjn5_JGQAlmVoCmF4hieqZnd9UBTcrelkRhMwBBocDshMSQ,Rengar,JUNGLE,-2369.0132294880905,-0.3447429516553611,
KR_7471893365,7,200,v4h7UG-PEMoL004U7hSlqBZ1xPduGO5shuMyIuD9MlNkISUJNeC0PQzfCAPUgYRtLrx9ItMWWv4BYQ,LeeSin,JUNGLE,2369.0132294880905,0.3447429516553611,
KR_7471893365,1,100,3__KVHZbKoywOUvrj86mkrrv0J8RnTzFZhEiN3SqK_5sQsF4CKx7sIWEDHreQZ1d9feisg4rSkivow,KSante,TOP,6597.952311204568,0.960145568768091,
KR_7471893365,6,200,pe-2Kv5wEIejJdxZufMSeDttAoMOFrBjiYqg1Wv1C_ipvnVJG6BZltJEK0YvzG001InW1CO9Aw8r2Q,Jayce,TOP,-6597.952311204568,-0.960145568768091,
KR_7471993877,2,100,nrub1hJtr2HlWT-J_j84CggDEWhkIpQXJMOeKcRw0CV2MBLtPIpqpLve7mn3lqB-j0SYW2N58c235g,XinZhao,JUNGLE,-1326.7615039142138,-0.1930726562894407,
KR_7471993877,7,200,O_qYE3MsKuR31l100-5NWlPK4gHNeDwtypsB7VCllgznuHQ4ccYp92RIcCtLPdBtxlSctxlFoV-cuQ,LeeSin,JUNGLE,1326.7615039142138,0.1930726562894407,
KR_7471993877,3,100,oQdZxzf3OMvD9SazjuO9PyhAQNTbKlweB8mIf4uB-O0vLA4z8gHmX7DjTaQOkXHw2Pbe8WScpK9dKw,Syndra,MIDDLE,-3282.2612494510577,-0.4776404019847031,
KR_7471993877,10,200,WH9wOkznQ8HvQ4-pNOSS7Qy-6PfZxRndbC1PVNDNJqqgFgoeVfroWjN7DNB0DUYAFbqD7wp1uUW6zQ,Sylas,MIDDLE,3282.2612494510577,0.4776404019847031,
KR_7471993877,1,100,St0l6KblZnuJvRWxiWLPB9lyAhj11MwBMyYy_mH6b9g7E1v66JtwwkOeEAZSc727AkOJlwiTw7AE_Q,Poppy,TOP,-2294.7058076482863,-0.33392960556843804,
KR_7471993877,6,200,CM9Xxuk0iPff1UuE3B_9pTMjXpjtbqZFte9ziUuUKA8_t0E0GHTGL1lzIMOlwFfHd2VazAA8aqWxYw,KSante,TOP,2294.7058076482863,0.33392960556843804,
KR_7472126518,1,100,gasziEBkt_1s7AeNa3M6uuN9lfH22IEH42mj3IH89g3oHs0zQmfIW5kSwoz3AcG4APaBkyunDPFzmQ,Yone,TOP,-7048.048393956803,-1.0256443385364855,
KR_7472126518,6,200,uomnBFqhXP8jSgvG__jR6wNO0HEE3frsDHF7CKFKwAFO9x5KTdjXn5Q1hD2dITIOFtehLb1WTw91Qg,KSante,TOP,7048.048393956803,1.0256443385364855,
KR_7472240456,2,100,C3KgapaFd6IAQ1o9JFTiT732jarrBiXtYweAjyjZioq8J-7CLcdknsFYHnheRNt5jtB_xksoRKSI0w,Graves,JUNGLE,10480.695038505715,1.5251690864364265,
KR_7472240456,8,200,slfMo7EHx2dL56BTAdhboUgQfGyw8CGcF3vLlYfiJQYQX_0tWsTjWFg0rmj8goecighSSWPb1SJMVA,Qiyana,JUNGLE,-10480.695038505715,-1.5251690864364265,
KR_7472240456,3,100,_IDoagFxk4Sba9krxqIOMFU5NiyVehQEfVRUciyMHZwLxlSj28mX_iMT_vUTFtWQEs-nzlxNpdHdNw,Galio,MIDDLE,8888.628491669095,1.293488775935664,
KR_7472240456,7,200,g3FFjEe-iLD-sRtceJQmtj9dfyVkPJfatazC8rsbcBdUIoqO1vjViUl31jhAqNQMI9dm1x5UZvb90g,Taliyah,MIDDLE,-8888.628491669095,-1.293488775935664,
KR_7472240456,1,100,hnjD_qsDAUQQxIhnOhk7dgdDDaRw1SoJoiVIeRPz_D7UVMKYlqdKqIOh9BTVXZ0KRgsbM2gV9yqdhg,Jax,TOP,-4622.825959282305,-0.6727217249590374,
KR_7472240456,6,200,EgW4ZvOs3aCAvC7OVrgERUU-mU76zq-PyccptDk62vE4V4Ym9AwpFZdbvnX-bOnhuKA_XUT_5DQKAA,KSante,TOP,4622.825959282305,0.6727217249590374,
KR_7472324067,2,100,1YBY_KZuDW8RzGh-wiCKDwAdUTpnsnILCqGW9bN8EsXFc-cnF_oDKO3uL2oh7W2YH1jt-L4XbDmAOA,Elise,JUNGLE,12167.117581855437,1.770580246701729,
KR_7472324067,5,100,YvWr4b6HjU7Js7Tt61SpXFsutfYde-8kGjy3rKvnMJmvSM3hDpXh8UsQ9hw3nDUOznnH43Hh7N8VCg,Poppy,JUNGLE,-12167.117581855437,-1.770580246701729,
KR_7472324067,3,100,ih9aQPPW4xMADtvB4IkZF6Fyv_mPWxSNnFDl46UphaFASrSpBSK7PO9BVCCb-s7ABV9L9fGPbn4StA,Talon,MIDDLE,5258.24419097374,0.7651888982117043,
KR_7472324067,8,200,qrc6YSl3R6wULxBBPqZpM-RoQJOaS6vfFiGUR7v3Azt_LR5sZCB9bm8McGxQRPmZ2WZAsTqLMRSjcQ,Aurora,MIDDLE,-5258.24419097374,-0.7651888982117043,
KR_7472526081,2,100,FxlXi3wfcAqyUKFRaqERor0xtdlW_iG8Qv7mTkaft3OeR7kFOqxBk6R4nSgxNaq3WAKc76hhEVixnA,XinZhao,JUNGLE,23291.13053996264,3.389366082802372,
KR_7472526081,7,200,V2-1s6OXsi2NtudTm3jbylQyOb0zVtG3KhGv8RPqw0OmOggRH8bcPrcZ__S-gMem_HQS8js9h7nbcg,Graves,JUNGLE,-23291.13053996264,-3.389366082802372,
KR_7472570167,2,100,CbLIEFCnZjojYJdhcd1owDZU5kwnShJWfCVDywfIK_nrJsOU19lQEAbXVw78Uu0FedQ-hVDKkYSqag,RekSai,JUNGLE,-11286.084378674468,-1.6423707528963205,
KR_7472570167,8,200,f1Kk-Ckc3PyDVwgbcVVtG27zZ2mXF6kNvOT5XdsE7iIV76nkxqSvrBZJOahdZff9p_Zd1cQ3KQ-SBg,Tryndamere,JUNGLE,11286.084378674468,1.6423707528963205,
KR_7472570167,3,100,iWUbWLZt36-Qr8uWDJ5OIEVulONKjBLcIJkfFu8s7qMAI2U5dDaU5-rKJSkAIoPSHQNpH0HlMWAyrQ,Katarina,MIDDLE,4126.400456273324,0.6004810168641763,
KR_7472570167,7,200,OSsHSvCUYUS6YgTlYRqBV9lcdJ666aslO29LFx7qJE5hwv1dbVYnAGwIhLPGoAVnLinKd287xZS8hQ,Graves,MIDDLE,-4126.400456273324,-0.6004810168641763,
KR_7472570167,1,100,m3EKB0iH-S345YGKzz0V1hnCHOhj3sRD9cAlC7ffu06HA3eAYoxo8qYiyv17RiHmjy2GgNl58xWUcg,Cassiopeia,TOP,370.2732212478056,0.053882807247762905,
KR_7472570167,6,200,qWxfzJONKU02DjfGo91jaBBPIUx75IhklOj9-Zih6TJnrVi422NWJinMpmgY3KHpjQ_tMn3rhli0Ng,Rumble,TOP,-370.2732212478056,-0.053882807247762905,
KR_7472612415,1,100,hAhTbgvNXWI7Nu-Plt4sdH1VNcqdMs9ZlTzSY4Na4IrwOAAi12qlcmGcvvf23ujJlg-BJHo_VkRWtw,Ryze,TOP,13780.21917669594,2.0053216142058066,
KR_7472612415,6,200,eE9YQM8Z62v7hhajjHt9pnIbLdWsRmOhLhK9juipN56FVmdAmmypZ1sJ5uG2DdFiINwnER-RWPwnJA,Yone,TOP,-13780.21917669594,-2.0053216142058066,
KR_7472665199,2,100,Qj5D-krPhKBUIELQ21zlDUAunjd996Z_Ia3nTT6vFSI84iLpgPWjFRy6CgM5h7XYYHA0s-xoEsXTnQ,Lillia,JUNGLE,16030.838964667946,2.332835745026887,
KR_7472665199,7,200,FySTXZBG7jd8d-iOSlqHfYq3fEoByl4r2maACtm_UXV5UeMDHBwvQyJy2yxA_Q4S8T2e1edbuVHgng,LeeSin,JUNGLE,-16030.838964667946,-2.332835745026887,
KR_7472665199,3,100,DZ9zx9HXpRczu2Z9uYfOWF9ksTSktQZ5YpD4wvuKo-oY3mb55_PYtGSxuZFWTQjdjQxGHOjRKJ2toQ,Yone,MIDDLE,23537.565792381123,3.4252277720716378,
KR_7472665199,8,200,oeYdf9Htp4CRlYzxsabIJ-JNMPmEIZSgWce8nhsK6CLAf_mRa3SEmZbkMhHVrbrXvRMadVWlLerrhA,Xerath,MIDDLE,-23537.565792381123,-3.4252277720716378,
KR_7472665199,1,100,50t33MNnK1amyWv5uZv1B3jZ3442iYS8BE2G6a_IJqCpvVR46luEyGOmt-hl_LUdwaqhME9dSw3iAw,Vladimir,TOP,17274.85381342972,2.5138669632265014,
KR_7472665199,6,200,FSPZbTHSGsNpdB0WQKkdM3AzVo00K9BftZYjWSRYFofwOExZwYh9hE_e19MTmd_FDtLfLifji33DNA,Rumble,TOP,-17274.85381342972,-2.5138669632265014,
KR_7472765121,1,100,45FTXK4jpVFtMjemwUPT8-ocyU5ws3dkz4eJhclwGufpkKDcoVtkvbnXMmw2y6hxYwYZ-QjKLEsA_w,Yone,TOP,-28106.25006440287,-4.0900707039359485,
KR_7472765121,6,200,jU4Lvkm6w0YCzqzIVvi70v8zgjad6x9LwTXbb8PbZvwIXa7flG6IIsAlzo2_MnROoC_8Vb0HOq-OJA,DrMundo,TOP,28106.25006440287,4.0900707039359485,
KR_7472888862,3,100,fQbRvcfJOR3lLs_9Yzc-xGg97r4jbUebM8tD4hTUd5Xp8XrSbm83B9GrqRXCfxelxO3AIe5_K_ZqKA,Orianna,MIDDLE,-14614.224852363332,-2.1266875798948326,
KR_7472888862,7,200,tgANenw7Rtzsyl2r4lpruQR6OzFpmEvsuXUxDrvQyE9IZZRGZZRaxZpCmgKX66sYc8WZwlbwjY2Jwg,LeeSin,MIDDLE,14614.224852363332,2.1266875798948326,
KR_7472960835,3,100,Xo63ApKKllikULtRSNmG-TuQjNuDAzybXcKFIdI5_nw3cv-pLkcRnLpUYhRiuBdPRy90Epkkb1Ts7w,Zoe,MIDDLE,-4858.43730553307,-0.707008300457619,
KR_7472960835,8,200,W8jC2J8fWpPxr3OZ2ivttPUfFPBj1e9JVhXao3qMxsbo5JVEaMJzsTCQTBvq4d-4abUxKL3DAhGHQw,Ahri,MIDDLE,4858.43730553307,0.707008300457619,
KR_7473057205,1,100,OxHRFk-xLASRdxXWX3oZT4NNw0QGafjb__8g_DeDdJkJLpify6qpD_gp0z0K7zEw7NrEHT5ZzRGj4g,Kindred,JUNGLE,4755.203805684963,0.6919855808694131,
KR_7473057205,7,200,D1Yl0FZRW_6Hrha8y2b9zIXpwehgsqvYCTvLxdz0BtUckxfnCtneKcloxasTLGHFPwWR1fM6LGLeqw,Graves,JUNGLE,-4755.203805684963,-0.6919855808694131,
KR_7473142120,2,100,QxQOikkiab042ZonGsCiH78HnP6ezZ_swwblNwiFz8Ro2_p3mjamQ47OQC5Rr5EqTgNoeqItQy2r8w,Viego,JUNGLE,-2267.326117744915,-0.32994526517083866,
KR_7473142120,7,200,N2xwA3eSN-n5JYWoX26yYwEinq84BpyriVFayH8bLWEl0zusaE6JQHDLxLLLp2Z-5WSoyoGQSHnmIw,Nidalee,JUNGLE,2267.326117744915,0.32994526517083866,
KR_7473142120,3,100,5mHBno_pUqjkdsHnYgQ_Gz_AfHZTx9pvP0WYNglDss6bXRr0POSHtHyddvdiMvIqeOKfjOqvoXZ50A,Aurora,MIDDLE,16812.253620364092,2.446548573439271,
KR_7473142120,8,200,bEjokd3FC_JfK_sSk6591HrWLNQIzU6ZEC9GQW6STVoyRFBWyYdO3QmwBbCwYNp1ipUWt5O7KvcFbg,Xerath,MIDDLE,-16812.253620364092,-2.446548573439271,
KR_7473142120,1,100,P_fAaADqynr9sV8xXoqz48Hs4t4xoLJuYYrLeOSEa53BuZOvjkgvZGOVqrZ_Ag4QkR6KprD5wPRyVQ,MasterYi,TOP,-18451.10146841862,-2.6850365807748986,
KR_7473142120,6,200,kyhIxEFnM109mWDRy_hwNi_Jyi3PNa8vXI4HsKen-8dDVifPuD81x_Wj_3PJmllLwPQix9TauZvH_Q,Jayce,TOP,18451.10146841862,2.6850365807748986,
KR_7473249534,1,100,E70G5Qtt1oVEzH5RJHDJEqB914Wdcz7H1DcdTmV2efT1BK3qUI1nQKfEN4s-ewUdzs0uuNhYsJtOcA,Jayce,MIDDLE,-17850.41880127616,-2.5976241876732975,
KR_7473249534,7,200,K8ByLKr57UcfjNid78QlaoijqrR2NoITQ26E-M7TyyRoX5dwo9pzeymalU7ddKfpfmDxzucrFy9E4w,Zac,MIDDLE,17850.41880127616,2.5976241876732975,
KR_7473356884,2,100,Stw6SgfpmOIJBamN6q5aK5JITR9yoAa0Un1MhvbzJW5OlvnTukRrDYOwaP3u3MbPyOTaQdPmsK9xGw,LeeSin,JUNGLE,9816.755421866541,1.4285514313249867,
KR_7473356884,7,200,VmAMbZM_yQPfTKqx6DSwKo5oZ-4KS11Zg3iUGQEutgxxNr_pMWVyE7eVTYVw6x4t8drCOTGXo9t7Aw,Gragas,JUNGLE,-9816.755421866541,-1.4285514313249867,
KR_7473356884,1,100,yvX5WjLNgRXoO0fB62kuZT5qEfOIrQClUFJNKiORuM4qtgw_OqslGyz0Hqqjld8Cv6PVpzpbVd_N4A,Gwen,TOP,-8776.11892235684,-1.2771161864830667,
KR_7473356884,6,200,iWSKQQjC9Rw_0eLQGASF3u8P04H2topUGQUeW_n_ahqSR292n4eOIArZg2T8lz1h_SEdgIfgXLwKLw,Renekton,TOP,8776.11892235684,1.2771161864830667,
KR_7473470018,2,100,7139LmHR_6QiRqN69rF4rszW8LSZGXh-WnNqf9JqF3x3nPsRRQ-HEd32UubRf3HTpirhUq_VCSl9ZQ,Lillia,JUNGLE,8307.050245630566,1.2088564916317075,
KR_7473470018,9,200,EZo9fk9zJfB3Ax4cBHWOli3v8bysZhOs6L--lmCsaAaWqV-c6LvSQ8qJEiLMR4_lyih3_ZORevycUQ,MissFortune,JUNGLE,-8307.050245630566,-1.2088564916317075,
KR_7473470018,1,100,FOWbphYJn6_tcARD8CYaNTFzIVmg6ayGoeeL98DM5XfkaLHlDRWwUhube07-20dq7Izc_BeKF-pZGA,Urgot,TOP,-10220.431196300331,-1.4872950365770943,
KR_7473470018,6,200,bSFhBUSdaLDFTVV_m2d3SaKb3NtPN88-oicHoQVw6x6YGo9tDozvPlA1liydrBozDe_dGfZB8ZLmcA,Jayce,TOP,10220.431196300331,1.4872950365770943,
KR_7473596006,9,200,f5RM4hDzl8Wdu98v1dM6p_VyBio5k_Nf9_W5LBt93QtvR-SkOFyGPRzldeihprsDPciZ1zRXirHMbw,Ezreal,BOTTOM,4127.285408150459,0.6006097966102744,
KR_7473596006,10,200,MrD0ybm5geZWq7XUXxkdm-AFoOuzML3q-Ol_qq_6UbvjV1F1X1uL7ia4PTvR9UoCte0QVUJLLQQZ4g,Rell,BOTTOM,-4127.285408150459,-0.6006097966102744,
KR_7473697034,2,100,NXrIBtSmwzzAQZrwZ5yQVKE2WweSjLtyFf5_uWmYP1sSrazRxOZ_1NcoUQPs5YxUitoP5G4KvDsbWQ,Nidalee,JUNGLE,5790.351260906501,0.8426220503790076,
KR_7473697034,7,200,Cz1urSExngA3Ml9eFfmkauUQ2-9MVrT0dI_DFnjZsm77OgEOLVlX8tJDzBjPndT5bqn7uSSeeoLK9Q,Volibear,JUNGLE,-5790.351260906501,-0.8426220503790076,
KR_7473697034,3,100,h441MHT8F8EHW-J-e6tLRU5bVX5iWkjMy23Xc4j-18fyhZpaIsbTUatgto7Q0NzvNKiXfMygzoy66w,Corki,MIDDLE,14382.83775857984,2.0930157250090273,
KR_7473697034,8,200,G3lt3RwFXvzjGXZaUwJ1K-sLuhVCZGJzuy6UCoFugpMfIkvEckZI1uhykYmKMasoSFXkE9P5jCdVDg,Orianna,MIDDLE,-14382.83775857984,-2.0930157250090273,
KR_7473697034,1,100,xiE2uyPvoUBu8mfjkxsFDLAv2S0ttuW7l-Ip0l5mRTobeZoj0i-BLIiuP7A45cBiEmOeZlnv1xIwSw,Riven,TOP,-14711.555672924314,-2.140851331261676,
KR_7473697034,6,200,B_0MBlcCwbkmxHl5-qHo8lqGGyVe1fyaa29No-ntdX9dnlVqyJQSx7lf8ENBJ7D5x4G05yUHSs9W2A,Jayce,TOP,14711.555672924314,2.140851331261676,
KR_7473774735,3,100,eJvOBbHjNh5Id8Z-W70w70ORzcTHwPTz47eKsSvB9Sn7QNsq8drWFezMgDOuR0SdGXTjQRnv5dcQ4A,Cassiopeia,MIDDLE,-14027.603450395014,-2.041321406712903,
KR_7473774735,7,200,Iu6pHIm6cSmSZ9JjmTdqC3-OR0Nczm1zN2gvl_LSaTtzcWcfRSUTl47FFGhHAja9d3-VbQM9gjkOvg,Gwen,MIDDLE,14027.603450395014,2.041321406712903,
KR_7473848439,9,200,W-ZxH6cPofPbcc9OfsW5ecuQC8MerNL3DF5qReKJRVUF68vsOSTJ03rHZwf-tqw5_YWjl8TmQdHMWg,MissFortune,BOTTOM,-4656.6767954336165,-0.6776477578851291,
KR_7473848439,10,200,P5Wu6qVXcRP_bx93HzUCIjO0Wc5sOKQsO7H9xcuGdTTXfhJYk5rCiI9lz6hkqs7r_R5BWJK97eFDBg,Rell,BOTTOM,4656.6767954336165,0.6776477578851291,
KR_7473848439,2,100,-FtkFbtaFLClM8McJFND1SQr0VclxM1fXelYOYdqy_POO-NgF8y-7-kxWoigoXfGKskPhNVnLcXZOQ,Zac,JUNGLE,10499.90805559809,1.5279649983123857,
KR_7473848439,7,200,W4Tu7UiMdbFWHBnyGwBRSSSE3ptdvXiNNO8VwLO1fo0sHYYDEWcRLEgDQZevL161FZzNEkTnomm6rw,Gwen,JUNGLE,-10499.90805559809,-1.5279649983123857,
KR_7473848439,1,100,oGU-LjZ3zY-GqimblsuEq3Rv4HxkKad-t1CHctDWBeP93xNP75j8a5iLtKO3x5kHvXRZYmgbNS6-gw,Kennen,TOP,-604.5136038653901,-0.08796987771883694,
KR_7473848439,6,200,xiE2uyPvoUBu8mfjkxsFDLAv2S0ttuW7l-Ip0l5mRTobeZoj0i-BLIiuP7A45cBiEmOeZlnv1xIwSw,Riven,TOP,604.5136038653901,0.08796987771883694,
KR_7473904751,1,100,1VJbF67fK5x3G5aiG72c9BrJTDjnOsIe4_OArCQG5bTxwRwOROm4vT2N-NVKm_kz131hzlfGhZskSw,Jax,TOP,-4329.313725449544,-0.6300093109551994,
KR_7473904751,6,200,iTauGf0tzgKOgNDZfc-5suo0N5zo5-swuWpQRdXutw5dItAKPN29qbf0XlB9kFKJdtg1CC6JQqe62w,KSante,TOP,4329.313725449544,0.6300093109551994,
KR_7473956541,2,100,yWuudCYwWnLAS-XSZXnOgNhGVnbj53gKtw7imCceoQGxK6JZLGQH2GnrzXi0U7W5VOCCKnWHCn_QXA,Graves,JUNGLE,-10870.09491244959,-1.5818352376620337,
KR_7473956541,7,200,mlm0JtHe6_GkM_q_8zaeoV_JvpSSJFcst4eLsdEKplI7F-XDyQC0Ii1OmA4OPIFIe5SyLg1nGWtLoQ,Kindred,JUNGLE,10870.09491244959,1.5818352376620337,
KR_7473956541,3,100,dR_nFXesZPM-qDvV4a0cqBOE-ebnubk6pGBaMoTc-sUSrETPofUEVQGGz47qQRH10hXmILD-FpT_CA,Leblanc,MIDDLE,-1612.7469597847016,-0.23468976039003714,
KR_7473956541,5,100,IlWxRAVeuA0Vs5vfVXqgEdkmpSNGYpVmhMcEMzvop4NLc6c8oZPum-uiiRYjtjmQiFtzFe2uBxudAw,Rell,MIDDLE,1612.7469597847016,0.23468976039003714,
KR_7474054345,9,200,xasuoYti1sZD0c9cXD1Kkejh28cW8xqpHG7_Qzy3KkrZzjnaAo61VcPHUhPCmOpE65fo4sK7eZ2w0Q,Corki,BOTTOM,7763.539951323498,1.1297639222943126,
KR_7474054345,10,200,TJtceLujWbPhqDkHuBwK_SDZiT4nDc7oJ3OV0accT-nYI5EA1sg5xsKbNnEek5tgB8b5LLzXqSMyCw,Lulu,BOTTOM,-7763.539951323498,-1.1297639222943126,
KR_7474054345,2,100,qWxfzJONKU02DjfGo91jaBBPIUx75IhklOj9-Zih6TJnrVi422NWJinMpmgY3KHpjQ_tMn3rhli0Ng,Viego,JUNGLE,-3520.549690397187,-0.5123165529890915,
KR_7474054345,7,200,CCdggFUQL9m1uF5wBXmXyTsa5OdjRrP8UyGwGD1HZXML3waTVRoqz4lo3suTE353RcslKxb66JmP4w,MonkeyKing,JUNGLE,3520.549690397187,0.5123165529890915,
KR_7474117567,9,200,hag9B4oBguUNpcJK1eRGyqy2PrJgIts181Z_OuyINkCyO2hBHkpC5ml-r-I0fRgHbfHbjhDh1KYYlQ,Jinx,BOTTOM,4467.385116148994,0.6501017013970942,
KR_7474117567,10,200,eymXRjyeoX5QtmkNopSFhKTVx2asZ1StHNBUO1sdjsrDvd1vm9gV1aQhk2uFw0BRUgxC5B1PjPANGg,Rell,BOTTOM,-4467.385116148994,-0.6501017013970942,
KR_7474117567,1,100,FSPZbTHSGsNpdB0WQKkdM3AzVo00K9BftZYjWSRYFofwOExZwYh9hE_e19MTmd_FDtLfLifji33DNA,Irelia,TOP,-5900.484167117127,-0.858648783657166,
KR_7474117567,6,200,gJFSYbNRggou-CfVkdQv0CG_qcJZF5pB9wbmpftYdim7bgkn7flAtHfxpLf6x5LMdOVJbiDTohlDPQ,Fiora,TOP,5900.484167117127,0.858648783657166,
KR_7474239366,8,200,-3TfMzKEZC2fZZQZs5YMpp3s_YDBCR5-QePXGfHouMWBDliUT2V43PeqO76Z6idIL43rH4ppMgXXGQ,Zac,MIDDLE,6870.273293456466,0.9997741947506874,
KR_7474239366,10,200,42-WopOhzb5kJvmWymyr7jvneImI-r5l2Eyjy1QFk7QY5uukXL6GXTIkZk2LqrUFbMqcu3c_7SKRYg,Kayn,MIDDLE,-6870.273293456466,-0.9997741947506874,
KR_7474342411,2,100,qf8BWr2ICWvQJt48TFsooFumwWmkZRUWXTvPYaD8q2EdoUkBaFzNPPn0yTjZjJWmdmvaHPB-jQ9xzg,Graves,JUNGLE,-7835.079537005877,-1.1401744880190443,
KR_7474342411,7,200,CUIyfTan5DMj50ZdqzMbnjvvpE8D0JTjlaKfqR1PRKVRkXzb3u50avZmkh6gkuHDqevvXBSH7vS2LQ,Viego,JUNGLE,7835.079537005877,1.1401744880190443,
KR_7474342411,1,100,SiGIOgRl8bIeJzxls80H2cNivm5k-3R0uji9VunYCp3k8M-4KYotGHFcHpHcudsfJ2NJ2b4fkfbp-A,Teemo,TOP,-5239.027460222454,-0.7623924459176004,
KR_7474342411,6,200,bv5rmgsATesf-AnLQGa5wnLwq7NVltbJRAg0F0rXOffaeqYdvCAhOX5z3hDDedku-6T7RZ2do1J-9A,Akali,TOP,5239.027460222454,0.7623924459176004,
KR_7474443977,1,100,SJQP6pevH9IjugNMby5b0_P8kdfg-YYYobWOcp_dWceNqxFiTuA5NSdxXoBVCugUtdcoigo6tSqRpg,Cassiopeia,TOP,11972.247906645993,1.7422224704835094,
KR_7474443977,6,200,_1hY6s7E1U9n1iDV1yTzw_MkCkivTkwSaQaEFD8s9PAz5p4FBmH2DZRQ3PiKrkhiGUClDvNSJAns8g,Quinn,TOP,-11972.247906645993,-1.7422224704835094,
KR_7474523722,1,100,CB1MThoQq64yokvlFhHq3SRzYsrVWXA31k5-b-VfEDududYxVg-Y04HebZhLRnqLovUhl2LCJfmoRg,Renekton,TOP,14090.142932819579,2.0504222616586145,
KR_7474523722,6,200,66DCPcBxZIO7lllEiwHfq6oO-rv4sIAQh359QrXgMeis-uHVfh7S1uwxqHu5w-QsJe32b1lsAzI-Kw,Rumble,TOP,-14090.142932819579,-2.0504222616586145,
KR_7474595025,2,100,CUIyfTan5DMj50ZdqzMbnjvvpE8D0JTjlaKfqR1PRKVRkXzb3u50avZmkh6gkuHDqevvXBSH7vS2LQ,Skarner,JUNGLE,-5481.5181206207835,-0.7976801112518468,
KR_7474595025,7,200,2ejCu-zdcSFJ_sUP0tEC0Crit19e0aAG1wtsuvJicW4kDuEQwTi5LkbBhOLVc0dBHyNbPDUxUsRomw,Viego,JUNGLE,5481.5181206207835,0.7976801112518468,
KR_7474675265,2,100,ufyNFDCsHvnxVm7jkaxIiUEVwy6p9PfLl42gJi9tNVvgNTpFmua7ymCwPQmKRNUg6wrOTTIcWJNDWw,MonkeyKing,JUNGLE,1211.7443878393294,0.1763351642429691,
KR_7474675265,7,200,l6FitQ83tT8MB4BSmEbEagjClLoVEcnTH0XSVqxA_bZ1uh8fHL26MoYc-kE-o-ll20_3XJ2LN8bWDg,Nidalee,JUNGLE,-1211.7443878393294,-0.1763351642429691,
KR_7474675265,3,100,xoY2JY3CflGoCOWeb0-XmmK3YJ7PA1WmYotS2fi3At14-0vBQOjzrto3CFK-dzruLVjbXIYXphkJsQ,Galio,MIDDLE,6097.131281529809,0.887265215939305,
KR_7474675265,8,200,golF19g6a4mExiQXPUGKQsCV8dWiMWrsZBi50zjjLotFBm_UW_mDv2oVa5ZqhgESbA787VokecWZAw,Lucian,MIDDLE,-6097.131281529809,-0.887265215939305,
KR_7474675265,1,100,sJNO1sQnoOpjttxpsq55r40t73muU5a67bR3TDkHzjLiPZty9FHPxo-CrYXel-_IBRA1_CDv86QQ9A,Gragas,TOP,10301.39904223095,1.4990776192354993,
KR_7474675265,6,200,iH_cEPgB_XUPJ5kzQ-2113Pt9Gu62i-YYGKgczAwTHwoFVEmYVNASZeLV-z7zt9Ky1n6wuVa6HfVug,Ambessa,TOP,-10301.39904223095,-1.4990776192354993,
KR_7474776298,2,100,1ENie03w4q-kajyhgCdJOmHHKHntODI-KqxsRRWgE553uiW8-iIms_gSPypzs83EFOXvryWenbbe2A,Lillia,JUNGLE,19411.949975395153,2.824860937289917,
KR_7474776298,7,200,6QpsUWgkiPJEEwUEYX9CkqZh25DIqIOf6n-ynQnbv6W9D8nBYHDXdjdwdx6H4NFst1MjDa_AS9WjyQ,LeeSin,JUNGLE,-19411.949975395153,-2.824860937289917,
KR_7474776298,3,100,KXZRxjqC0FNmZmcnvU1tVi37UUl9l5Iz-7WO3C0afZlyYKaBEN7yapLP5wQ-RAeXYVjshfiEv5sqnA,Sylas,MIDDLE,12791.408493542473,1.8614281528711307,
KR_7474776298,8,200,rVwDa-w4V413L6fpm10XfL408hcasv6gAcw3-S4NfW4EHYx95zZCs7l4C6cHYVPXkf71Kfyf_SNjxw,Ahri,MIDDLE,-12791.408493542473,-1.8614281528711307,
KR_7474776298,1,100,-rl9fhG6IM7RabtSDEx973QkNTPEevV3oBOlkFCG290xF0cziuJ5RUGR4DrfeGcNBgXy2gzuDHB_dg,Aatrox,TOP,2167.146092519454,0.315366892554238,
KR_7474776298,6,200,SJSP1phjEbN9L7LfiXXB1ZKf5_B6WF2hWrvnSj3ARPY3R6S3h-lx-kri5fMCOWNi26xdt5O1LAcPFQ,KSante,TOP,-2167.146092519454,-0.315366892554238,
KR_7474855608,3,100,2CiUZB9evowvoEyxq_Lnicv102bhsMG5I9C7ZNPxOG0pYIONXc_5bNUki5PEWulw_IjckughncaNXQ,Azir,MIDDLE,-10864.030220336022,-1.580952693050595,
KR_7474855608,7,200,w5cg43HoMwWBBnOkhwn_KkDVH9JIAhrK_Vrii_SU0f_4omsxIW42uKop2Lob08TCS1PvHHMX30qU1g,Viego,MIDDLE,10864.030220336022,1.580952693050595,
KR_7475084727,3,100,A-457hhSExaw2l-XRasgdQeAyMIr9XtGdUsh30X_gEennv7NnnOz7IAxz6wRITekmjy8AjGtZSwBiA,Smolder,MIDDLE,-14486.248463919084,-2.1080642318504674,
KR_7475084727,7,200,VqGC8lKuo4pIhHHg9yTdzs91Zp30e2ZzYgIQpB47WQrue7VOGFgwLs20MabrhaATupgIAn2hcMaycw,Skarner,MIDDLE,14486.248463919084,2.1080642318504674,
KR_7475165652,1,100,45FTXK4jpVFtMjemwUPT8-ocyU5ws3dkz4eJhclwGufpkKDcoVtkvbnXMmw2y6hxYwYZ-QjKLEsA_w,Jayce,TOP,12906.671236983428,1.8782013890418363,
KR_7475165652,6,200,kK5Wtk912LhhRKtdH_tmI2_7Ql0_OaqEoSbqcYMCo0RkRnQY78VOThucNHqsDS9eu3EJTl226bEjSw,Rumble,TOP,-12906.671236983428,-1.8782013890418363,
KR_7475245286,2,100,_Uxd1-1Jh_IuclrKlBaGFksDIRHU-YX3Rjlbw849cwcChHwIoVaaYWUBPvkTqbImxl_FzeSg07WOng,MonkeyKing,JUNGLE,-3804.101340490933,-0.5535794854131494,
KR_7475245286,7,200,eRCZGBfUY_Pah51jKcTFRTg35zYfVLWg5ynxRsYxDtuWKUu5wdBJKhfmabH9_BUix399tYmB_9m2lg,Viego,JUNGLE,3804.101340490933,0.5535794854131494,
KR_7475245286,3,100,ffUx1WWAlDlJK36yvX9pPqH6ZQCYIiMhyYJ8qe5QJxcyibJKsIvMzgQ6c4F4FYQRoGzITuHmDA3ZVw,Viktor,MIDDLE,-10636.719239335956,-1.5478740012314818,
KR_7475245286,8,200,JncbFPz_xCb-AwjGVEcvbhGyrdtgtrcmLQBQxKTi3yrb5mJrO22JSzQHugPoG5jr2D0UrsNcMEKuhQ,Aurora,MIDDLE,10636.719239335956,1.5478740012314818,
KR_7475354601,3,100,1qhbhJ9OsW1PXvoiGoMcJLGAU6_F7bcFTPrANayxoCJrw9FYxFnFeDMxbJFX7UGHXEpMvQNqBFa8GQ,Katarina,MIDDLE,-6308.654611815046,-0.918046461193162,
KR_7475354601,7,200,c8w9PmWeV4MuNIuuHw3QU1gSOEURcsbAVYYPBmibu7aCvgDbrzkFwOxibNPyQEHfWsaTqob0gn6s6Q,LeeSin,MIDDLE,6308.654611815046,0.918046461193162,
KR_7475392235,1,100,kto-nUpd6AJiA6zOpFMt-k2yj61rr8dnul-MJ0KpBi2798PnlGaQ3ab729z13-fhqteKDNbIckVTbQ,KSante,TOP,270.4239590238878,0.03935256784208354,
KR_7475392235,6,200,CPIqHUdYvN6ENJyt01KdA35PprwHlpb4xUqW7D0-Z868jE0lyh3qD7ZanjoaKTfgvGU5knWtidBWDQ,Camille,TOP,-270.4239590238878,-0.03935256784208354,
KR_7475430449,4,100,n7hJnRMRMlerJz9uC3ivAIZBEyyj47OrR7kn_0OS5VK6Oh5_4tiJf68tUAuxrWLFCZMeIKQB0osAIg,Karthus,BOTTOM,2137.2202861022392,0.31101203682505874,
KR_7475430449,9,200,1k8iVDIZCt6d1W9FxmD8rf8DiolHvtUNT-BrbeCyOzxy4gEGSaChxCHWy-3ju5zT1L83Fx_vq6kb3g,Jhin,BOTTOM,-2137.2202861022392,-0.31101203682505874,
KR_7475430449,3,100,yuoduo9Kib_UXf696-aqv_loPuGtYxwmEs3XkZHZhi2Apde8BG86v14EDBgIRsKDu-p7Z91JkUaX4g,Irelia,MIDDLE,32917.90250017376,4.790270788257894,
KR_7475430449,5,100,fJRsk5v3Tqf1woic7KvTo1MUtK3cELxOAtf1Fe8xy3eXc7vgbRAAzPtRzjdVpf7roqf_lofb5NO5GQ,Rell,MIDDLE,-32917.90250017376,-4.790270788257894,
KR_7475581896,2,100,VOcw9CP2rX4UF8Jxew8XhwAOB06VSlyCwpMjR8JyjXnHstndKL789ME14lgG10WCPE27XCfTVqmFxg,FiddleSticks,JUNGLE,-7642.23074057169,-1.1121107936173582,
KR_7475581896,6,200,nAcxYyaM5Q6CFC4PECgvpnruO0Q8hPfSbn2pBEFvs_LaUzQsX_k8oN8XaiTujv6JOT159iM4OAqKrQ,Udyr,JUNGLE,7642.23074057169,1.1121107936173582,
KR_7475687718,1,100,Cz1urSExngA3Ml9eFfmkauUQ2-9MVrT0dI_DFnjZsm77OgEOLVlX8tJDzBjPndT5bqn7uSSeeoLK9Q,Volibear,TOP,-2829.7513575194425,-0.41179037047961825,
KR_7475687718,6,200,-yxLpVKK3VoOP41e21vEunHXe858UE0ScigNGbyM6ENZQN6Ugsz_ntsmpLXOSS7Q4c1blzK0fFzSCA,Renekton,TOP,2829.7513575194425,0.41179037047961825,
KR_7475773777,2,100,eFuRgeT-jeCqKY7jsuni7--KXAUX50ufQmt6J8weZy-UNRyOnkVIA9QqHZ2AJW481Xiz7ku6XND_GQ,Kindred,JUNGLE,-12263.118736440498,-1.7845505027484325,
KR_7475773777,7,200,qDtHds-4bEYmINTXKCIlJFlHlrX8kwnkHnNqplMUzzD9QLBzo9yeTyka5xZesrw33KhPODW-6M2cAw,LeeSin,JUNGLE,12263.118736440498,1.7845505027484325,
KR_7475851743,2,100,unSdf1op3HaF4Gcw6Nuhei5fjyYsiT6BJAG3oNubjyrfgWe_LV0k8MCuoBCX1uTNOanlewZkPbdhgw,LeeSin,JUNGLE,-9803.126483599146,-1.4265681243734905,
KR_7475851743,7,200,cc5rv9Uxq6PPu38w7qWtgzuphjKu8MvKfjkMjHmKmq5R4Xadb4ijVqxF21v6U7NvY6C0fm4is94MXg,Zac,JUNGLE,9803.126483599146,1.4265681243734905,
KR_7475851743,3,100,nxV-5cWbIEkJM7JodmQKCJqSW35AC04xoS7kWTi8OXliv0VONPyG0LVb2_JKu3CB0Q5zNXMELsr0Iw,Azir,MIDDLE,6634.164738360016,0.9654152645506137,
KR_7475851743,8,200,VmZmdFAaxL_f6ZhBod1oa46zxmn6FiSWqvRnNEuaPXdh4YAapUyh207hGhKAy9reiwvnJrR2NWIRfw,Aurora,MIDDLE,-6634.164738360016,-0.9654152645506137,
KR_7475851743,1,100,-kcQTw433rGfdGIVx-JJSDPwtulk4dpmJG9COUon2sNCqSe0aXz4_fga02HsD33SexwwN2FdQN8IFQ,Aatrox,TOP,-10491.600530912516,-1.526756072779423,
KR_7475851743,6,200,jWO3K3Gy1OzLWi-zDU33vVpE8YJbynGOew3436dbyT-txX02R1YicvEir2ArV1Xk-Fm-Lv_WUnzTBA,Irelia,TOP,10491.600530912516,1.526756072779423,
KR_7475935165,1,100,vQUzD5poRGaHvt-vbwTgYXQpO9NVqPYX_KYG7nZqZ5FR_F5WXg91KBzNC808-udNK6vl5GjFwc9jvw,Kennen,TOP,-13592.879475041702,-1.9780596129191055,
KR_7475935165,6,200,GnmBfxA-JR_Im-UXEZ3A2bKI0eTJ8LRHiXZZwoovetrGmCB6zulA4UEVYx20HQPQ-GTNXk5buy8nqw,KSante,TOP,13592.879475041702,1.9780596129191055,
KR_7476038525,2,100,FTKf0W8UvND_Yrmg106xa2YkrqG-7zk_cdIbxskQdccwzniDmzuOsTp4elAseUBZSGHzlDV0sBMZHQ,Zyra,JUNGLE,-30690.4816435116,-4.466132606526273,
KR_7476038525,7,200,JRoyw2RQS7vxG2-XdtEv441PMwL2fNqA6honmfHOdi-2o8U2jMGyQYowGQ1-iNftSID8st6cFF8svw,Sejuani,JUNGLE,30690.4816435116,4.466132606526273,
KR_7476038525,3,100,AOhh-UtB5mHCXrCLbEerAJFkuW0SuVgwAL4BkKPvhU49zSPlh1PVV-dCDCkEMIwsgiaQL94KnTM5Wg,Aurora,MIDDLE,-4023.8135952311864,-0.5855523972868314,
KR_7476038525,8,200,AA7ZDzmHow0g-dRlT-BjTVVE7gkmgijLszXkYtw1HPuoiSo5hZ-4fSDMPZZ1bpZqnaat0rmzRX2wxw,Yasuo,MIDDLE,4023.8135952311864,0.5855523972868314,
KR_7476038525,1,100,3_igjAdW6HSHsRagJ6cIdztb-l-5mrFZdoBFQSdm-efF5kS_vFzYGR_DvhReLxa48sa8aauOuQjWQw,Renekton,TOP,14079.273782510887,2.0488405638813445,
KR_7476038525,6,200,r2T_aiVqEs1JIVZSH5106vG1VDr7qwvcAaYz_1NQd8PYXCm3GQ7_6JpuVLjDUsq56bkDdpSjgUQu8A,Ryze,TOP,-14079.273782510887,-2.0488405638813445,
KR_7476134066,2,100,wMugmjtRo-lsGs6hldk63VreqJbLyImZV4GQwP9uY3u3odzpLiwrUoSLQZuzIRRvxvPIXnrtTghqRQ,Talon,JUNGLE,1705.5971929318885,0.24820148883402157,
KR_7476134066,3,100,zQpHZFZS-DvEwsilwI53E-Fr7txoWuqP0oGFLeueg-l0z3JoGX8zb4CxKqNYbbM9lySUIv3MsulHJg,Irelia,JUNGLE,-1705.5971929318885,-0.24820148883402157,
KR_7476134066,7,200,nrub1hJtr2HlWT-J_j84CggDEWhkIpQXJMOeKcRw0CV2MBLtPIpqpLve7mn3lqB-j0SYW2N58c235g,Vi,MIDDLE,6120.348784923493,0.8906438676709109,
KR_7476134066,8,200,HO_Kh0ie0PlgSM8LnZ3ockFsDTKAyVYYTMCV-xr42QYZdgN41yTBvywNqBz2cxPIx5M4YfGCvW4HRA,Viktor,MIDDLE,-6120.348784923493,-0.8906438676709109,
KR_7476134066,1,100,ZZB2x7WrP6lfToc317Uuv8Co2D9wBCEH84DybXrXIDAZY9k-jqZIq5rctY0N9hzhdWyU78c6TY9fOQ,Vladimir,TOP,1587.8989565675106,0.23107383547023946,
KR_7476134066,6,200,LiZJ2RupH-dusLiS3WZSw7AZKf2pFOzApHi31bnqIMRrkJQy6J0GyFFHSm4Ym2_tvYixjexUQYrJXA,Illaoi,TOP,-1587.8989565675106,-0.23107383547023946,
KR_7476232100,2,100,ofMYZEuzkODUwYROa9LtEryQ6KxuRb77M2yf5kPmDxFER9AJhPoHu4DcivCHEtyUNQ5_FZa0RsTBng,Lillia,JUNGLE,-2861.889728316576,-0.41646720245003,
KR_7476232100,7,200,K8ByLKr57UcfjNid78QlaoijqrR2NoITQ26E-M7TyyRoX5dwo9pzeymalU7ddKfpfmDxzucrFy9E4w,Zac,JUNGLE,2861.889728316576,0.41646720245003,
KR_7476232100,1,100,_By-LpyoH78S5YHW4zvNrVHMqS87dcabCF4XbcekDN38aC2SiDHv9OBvxpH2BXdkFnD0myktXDBjVQ,Jayce,TOP,1366.79832947038,0.19889888522110694,
KR_7476232100,6,200,13jxOrGKy2n7OHPtmTeDHNjnOnrpBtf_KLb0LoRT023RxdmWMizGv5bJuKBVSxjXOVeH5JeikSXIuw,KSante,TOP,-1366.79832947038,-0.19889888522110694,
KR_7476339054,1,100,rWRoVUoJ3Fs6Ru-9D_hwjrUH5oV7ZSPh3g2U7qvvn7p_Uiy_pfb8fvdXBthaJRnmtMB_5424clIHAQ,Ornn,TOP,720.1486617122142,0.10479729373354897,
KR_7476339054,6,200,x-paL6A5DQ1ChhqUhO2TvjRIGQobsnT30ktz-eCv9UGcMQFabjCkottPLxpbyMWuNrm7tYNkXGq0RA,Aurora,TOP,-720.1486617122142,-0.10479729373354897,
KR_7476479029,9,200,z9v09TJit9P34jyzD-9b5cwB9911woYjPwG4l75zvfbeNqhvEb6LGhBM24qfhQOTODp9oRcqWLAMPg,Jhin,BOTTOM,9925.51901929378,1.4443789003922762,
KR_7476479029,10,200,ga5mBesGu0UpFGXqGf9M00jrRrU_jQR2m6XiePCStZ5abBF2eiVMARgqK-Pp0N3jgT6DLhlAs6NFow,Kennen,BOTTOM,-9925.51901929378,-1.4443789003922762,
KR_7476598050,4,100,g2A5ZnWh9qyB49gK70nwjPAVuZiihseMrMvvM3UB9w-NEa6fTEZb0Rfucwut6xkN8RakAdK9hU_5hw,Zeri,BOTTOM,4602.075951656403,0.6697021475304341,
KR_7476598050,10,200,as7NA2egoWHegTEAMg6M3yXI0tUmr5Zoh_mEbktpeC-u6t9Vs3lLZQv57sNWsGgCnPJTFnMbmgcXXA,Lulu,BOTTOM,-4602.075951656403,-0.6697021475304341,
KR_7476598050,1,100,uSwfkCgdg8y_rkWo6Crs5HGsLDSGX0LoP7lLv2aS0GxOCXljiJVWt0YVf3If6MenQsZ_LagRzjLT3g,Jayce,JUNGLE,-378.6636224723411,-0.05510379311973465,
KR_7476598050,7,200,mnAd6qBHDgx04YExCQtXoSsV6blE_9GlaYWHJ73NMt7myYuZ-mJHn_90fh-b-oKKau3gBh22TNbHxw,Shen,JUNGLE,378.6636224723411,0.05510379311973465,
KR_7476708634,2,100,CSqlJmAPT7AaP4iEDfmGHqE9nrFX6K2KAc8jQ5Lxju08n2lnkzumv7KcKgtJafvwgDAsWhue4CcwMA,Gragas,JUNGLE,-2618.1657340253155,-0.3810000602089715,
KR_7476708634,6,200,OU58kHnN8Maf-u8yr-UZMT3zKyFqw61CZawCXdfiV_J_kumU5FxqSKiLVT4t7i0_N-FzHWFPCmSVQQ,Jayce,JUNGLE,2618.1657340253155,0.3810000602089715,
KR_7476862155,2,100,unSdf1op3HaF4Gcw6Nuhei5fjyYsiT6BJAG3oNubjyrfgWe_LV0k8MCuoBCX1uTNOanlewZkPbdhgw,Skarner,JUNGLE,9197.970548043195,1.3385047734227655,
KR_7476862155,7,200,YJ43NfnkyKmLDW3M9c0HN1bdV-jioNGwW4LXry4DC8kRU4nsmSyGQ4_M-WsBjBqMD9jRTahNwNQnhQ,Vi,JUNGLE,-9197.970548043195,-1.3385047734227655,
KR_7476918269,1,100,aLdGTbpKtagHP4TxcaUTbL8xGp0o46vgYsq4RcToUy4WOFquUrt4SFO1MWHwZgTjX93fnl2vUfdIvg,Warwick,TOP,-1206.2334431369661,-0.17553320192403654,
KR_7476918269,6,200,iFRRr_HuFlOrqBw8rn9DSbapGnaWIZgSv-4gZsY3xzVhpjTKy947KzPz8aMeILWD8uapA3NqR2PpZw,KSante,TOP,1206.2334431369661,0.17553320192403654,
KR_7476996119,2,100,9x6ZbKVAJtBhjKaE410WXb9rfPNJYiIuni-TG1pcSorqv32iRNWVnNagoQR8XvTjSzELXm19uwi6bA,MonkeyKing,JUNGLE,6493.718932775449,0.9449773450986817,
KR_7476996119,7,200,EX8zeQRRdG2z1wgoL5oSjcNetrY1nk1_2yy9oPouAeEbe-HwOUrg67PPvonp6PIxDB9zexF4grZn6g,Viego,JUNGLE,-6493.718932775449,-0.9449773450986817,
KR_7476996119,3,100,xfq6_sC0pVmRz3eAzPXt9n9DAUkQcGwdItmilkMx5zmj3Wh_Cf4pRCEXMhq1DfvO7KUKKcumkSMypg,Galio,MIDDLE,1103.0910814039373,0.1605237449138565,
KR_7476996119,8,200,rb08xSp_DOiN9lm7Os3QKOYVayLQOCG_fe3FbsVeEPjlWf0dhYnghsglxA7MiOglsLScxtfTVZ7MuA,Ahri,MIDDLE,-1103.0910814039373,-0.1605237449138565,
KR_7476996119,1,100,YhV7NCQ0KNU3SNhEcJDm6HGlScLJoqs8YnEg3Bvl02cbIOrIqLTybyR5yov3RgRCcAWPfufDxgsV4Q,Gangplank,TOP,6900.349228768489,1.0041508974994109,
KR_7476996119,6,200,I81zliIM_X96HZsmPLiOyQmalOBWQywF8NNavwEEUuwvYGaHBIkWpbwH1eTtDhWlbB8GJfBPgtPUlQ,Garen,TOP,-6900.349228768489,-1.0041508974994109,
KR_7477146334,9,200,l9r8b5ap7--gWjJmRtVgR6zBsVmjE-dRHIYmgtOxRoLJCEYXeTczXkAgiBhwwvx5IYFb0SM-7y8g1A,Ezreal,BOTTOM,-3208.3752128487126,-0.46688837661508853,
KR_7477146334,10,200,clD1tJIzc9iOoG5VeLpV3svoEwfkGfLtLNZZmoUPbLmbZIC-RcBbTAgci84nrflDv_u0JCylTvFRJQ,Singed,BOTTOM,3208.3752128487126,0.46688837661508853,
KR_7477146334,2,100,Wr4NMwZo9ogBWGaWXIdS3CB_I0orusfNG99uo4s_n_hzAf9iAwqyuGx3VvKD8IL3BU9Na-9MuUNHMw,Ekko,JUNGLE,1466.9140466381862,0.21346789961659887,
KR_7477146334,7,200,umX1zpxnR9q9fk2gxLgV_vHH6vWeDT9DwvaNuEU_T4v50rd6F8AH49eB1UhM-SJI2Yb35fDpJVSmNg,RekSai,JUNGLE,-1466.9140466381862,-0.21346789961659887,
KR_7477146334,3,100,ih9mVKePthEFZjqaV0K3k4WOQWwQLMT9W3XzWnK1Csq2egT9H_WNqZ9fotRJnODUB6HLXVOB_9KioA,Irelia,MIDDLE,26541.66776013763,3.8623899485200335,
KR_7477146334,5,100,h28-WW8qDpkWZrZ_Il-8pVnu9D2WmFz4Gra94qvV_uFsSLcx_LhbbTTNqkZIRPN0EDLIT1GWDs8z2Q,Lulu,MIDDLE,-26541.66776013763,-3.8623899485200335,
KR_7477268972,1,100,_JytPlyuYdSaA15jo44h3u_3ZTW2W4NogsPN95CQ_SfL3u7k6xzda0Z-B8lFyfklwTH8Vlb7DbRcfQ,Rumble,TOP,-10926.500693657252,-1.5900435056708022,
KR_7477268972,6,200,cT8DGjplJ6iyi-_C3mlU3AhjpJXypY2LrOSXuNbvl_rCH6TPOLivINnEqxsS6fWlKUCMtFujDEl2dA,Kayle,TOP,10926.500693657252,1.5900435056708022,
KR_7477384211,1,100,nAcxYyaM5Q6CFC4PECgvpnruO0Q8hPfSbn2pBEFvs_LaUzQsX_k8oN8XaiTujv6JOT159iM4OAqKrQ,Gangplank,TOP,7694.246838081173,1.1196802671710737,
KR_7477384211,6,200,nj5-IWVenZNaHEu-gTJzpgO4qM1hW6aIDqvgABtqqnD2Hz_SN_jYdxU6toajWmj1VqO37dyowvzLIA,Lucian,TOP,-7694.246838081173,-1.1196802671710737,
KR_7477498149,1,100,1bDUKAtw8iHw-YG9bU1QMy96aAunByx2ca1Q93D1fhk0PdGjX3yqXdVqTUsuuLQhUxgeeZ3DglIDng,Warwick,TOP,14387.270170663996,2.093660737373595,
KR_7477498149,6,200,YPWLMhWnmQBp-jRyD1KU81OjBrTOhk92Az7dZLw5zC2TT6XQWnqZs6vRor7-6H_WifPvyWEU1t00Yw,Gangplank,TOP,-14387.270170663996,-2.093660737373595,
KR_7477593510,2,100,QP28VKKAky1fbqsypxLZVFautW7inKhANn403zNqpTpkhq3EZ7Dh1KjBtZkx339UkGd-eVX1LxMOHg,Viego,JUNGLE,10119.281666079944,1.4725755798967006,
KR_7477593510,7,200,n0g4A_sddHB9DJ1gjL34iHTAW3a5UdLT3rxfp2K0JiC9z_CTMRIkvUD61IHZz_ZP3YTQK34DXVu61Q,Graves,JUNGLE,-10119.281666079944,-1.4725755798967006,
KR_7477593510,3,100,_2Ode_9zHgOVnKQjQvSGjTZe88nLATjVhNVSkPhOKmN1znYudOfrQsgF8yoVJDdlB8vJJyHut5EwXQ,Galio,MIDDLE,-16739.876239273963,-2.4360160902604044,
KR_7477593510,8,200,GmAn9NJsSOkkLdz3Jub2CRw--axncNJB_gLzJ2HCAxWlh7iMmQL1fmbo2IlVcFBSoBcuq9Bu6ydDSw,KSante,MIDDLE,16739.876239273963,2.4360160902604044,
KR_7477593510,1,100,7DU1pE60kK05D5RoKHLEJZyHV696txXpTDfZC-a7xwjUoMUBerGOpsHRHD3y6Td33yQZkUHkifAyfA,Warwick,TOP,13577.159712270655,1.975772045526253,
KR_7477593510,6,200,lmugjp95Ki7bhPDp6TVbw6jXScAisrOUDsUFtQ3W62KcdvybBtz1qYCihc-5LYsP_CTaG0kgYAAZTw,Vladimir,TOP,-13577.159712270655,-1.975772045526253,
KR_7477687931,1,100,_VQpdaA4nBvG1fCtXzavfwcWvNjM9z0yuPJ-Rvvf9W6z-pAgBwkQRuqpK8Q3rE3BnEEm2T3cUSPHdg,Cassiopeia,TOP,-4024.908053539476,-0.5857116647754916,
KR_7477687931,6,200,IHh_06d3_oPVCLtIVFsPxIBHg-TqVz240VEiSO2hsLk0Nzd4wgJZ-uCWLqnxBofbQ4IJToCEbOpq8w,Poppy,TOP,4024.908053539476,0.5857116647754916,
KR_7477789163,1,100,5iyXobLS4woqVPQzl3NCZODMBawHRNhSATVSPoUOihSEli1qEZtOB0ivAKeej3ogHKbRwcKtnOBcDQ,KSante,TOP,2051.310903430939,0.298510353090944,
KR_7477789163,6,200,e-YAcXIvfMj9HsZMHyaGFYyRDDyEn0bLgf8kImpiI31B5K8PGcUReBxcgQsAOjKb2Z_f011aETDtTQ,Ornn,TOP,-2051.310903430939,-0.298510353090944,
KR_7477892804,4,100,EUkSyCCPVxsoH66ocbh4X6XCSIfdJhf_5c7h8ibHPLiYpc6uj5vhRichOc5cZD-z6ILgA-hKslVJSQ,Jhin,BOTTOM,-7385.537548342295,-1.0747563509922653,
KR_7477892804,5,100,niH9-qzOA44-dtTxINEc1nD2dkd8tefdE3Wi7uIehqQX3mvpH2ujJLChr4haCYKBBSLwIeiGftSigQ,Pyke,BOTTOM,7385.537548342295,1.0747563509922653,
KR_7477892804,2,100,sPzen0qbUTXRPmRMfgljOa5fQcUMfm_N2G5tkR-JibKb6WnvDAISHssjWL81XLNOuKrXeOJSQlMjDQ,Viego,JUNGLE,10236.479745030054,1.4896304494781294,
KR_7477892804,7,200,tyNtASKk8AXHcPXm3ohXSIXtTgjcVe2DC-7GVp7nBfbLFluIlEtA5GViN5MBTAvBl6ZBBHJgjeCs6g,Taliyah,JUNGLE,-10236.479745030054,-1.4896304494781294,
KR_7477892804,1,100,jqplLuRXDjsplsV_20-I0JMVdBWxZoWFcRpNc9_95sbntgmyG9Rof7ar09BZppX1a51_S0dTSWAFzA,Vladimir,TOP,8.785453735069742,0.0012784746047678356,
KR_7477892804,6,200,-cJ21LCdFZBgcZrk3ZM4t_6dj8aGiFlcTgw3OQa2Yd9eKEWkstXArUsaE60s4SzeWOE-9q6rovjDmg,Volibear,TOP,-8.785453735069742,-0.0012784746047678356,
KR_7478006021,2,100,hEomOGPPFI0Y4So7iNQecB5XTi1ozHmRXxazPhp8hWRxmEpwK1W52uxZfwQOS9mkehrO_IuP-WKpTA,MonkeyKing,JUNGLE,-4845.912128834684,-0.7051856148215664,
KR_7478006021,7,200,oHtjBx8SuRnTyYFGaTY02_aOBc_ERjJFgesJm0qh3IuiXkzFZsNLlctEniuhyROhno3keJ5W3Axe4Q,Nocturne,JUNGLE,4845.912128834684,0.7051856148215664,
KR_7478006021,3,100,CET9Jo7tuBw8vGNOGplBvlpS2XigQUNDzgiSni7B74SEooMlkhwpush3Pv364KX-hXU10fED7AmtQg,Cassiopeia,MIDDLE,2697.363531153329,0.3925250622674925,
KR_7478006021,8,200,sgLdPWQIQQIl8C6Ri9YODnVANSRN_PleLgphk0xSgfzdKpi6WCv1msmubhv_bMjtSUP3ITNFnBx4sQ,Naafiri,MIDDLE,-2697.363531153329,-0.3925250622674925,
KR_7478006021,1,100,qhKi5hdjQ_YStbpYirCCrNqzkInpP3xeKvHLoDyNeI8EpiyRJYCTEK13U9tZ1ewAJb8uo80gO8hnwA,Sion,TOP,4287.367448844615,0.6239052153647918,
KR_7478006021,6,200,i3x2oyzDFF2st5UGre1xVs6XiCEWqFrb86NEnOJweAp1JePD-bwl6cblIS-f4mNOs9e-69umgzTCjA,Rumble,TOP,-4287.367448844615,-0.6239052153647918,
KR_7478134370,5,100,-M-rVEo6IUAvPKR2-UrBjHafyYADtd3HFEmVlL_LE2e7ASbHJl--UfQLhSGW4oFL2r3Z_1t7XcsssQ,Senna,BOTTOM,-4393.272418182211,-0.6393166918689998,
KR_7478134370,9,200,w82FOokSvJsuo_b1g8RMVpDzscKBv3SWcvpngFpFEKC0hB78cW8bC-1coS-RePcYxsMV6a6IRBXgOg,MissFortune,BOTTOM,4393.272418182211,0.6393166918689998,
KR_7478134370,1,100,unnc7NDnUN_zXjX1OGpGZBIMr0pj8qgybmiaGpyyOfnQsDzGY4gckFt_BTZL8KKgSy-JVwvoNRaR4Q,Lissandra,TOP,18077.540536661683,2.630675340139345,
KR_7478134370,10,200,1g3xxTtKgGKMrLIVdL6bfiUF_XTQ7Id0HUs-MW6iYQZjxtkY0zel1FMKQzAxguD09odKill5qYM8jQ,Rell,TOP,-18077.540536661683,-2.630675340139345,
KR_7478282794,1,100,X0GsEur_mtu_A2AOH8gmfpefaZRK_t2PrhK3eqPsfel596hYohYfW7sYRtzRd8UKD_bgPmFuz4Bpgw,KSante,TOP,-1299.8962491341465,-0.18916317739140392,
KR_7478282794,6,200,bDYLTtVe1PTI2qHlPWPbT-ixNK0H8S6Ix3MUAnd2sHrZgm5VBWLRIgUEI2ymWw8TEhfLf7iYrSyUog,Vladimir,TOP,1299.8962491341465,0.18916317739140392,
KR_7478399271,1,100,50t33MNnK1amyWv5uZv1B3jZ3442iYS8BE2G6a_IJqCpvVR46luEyGOmt-hl_LUdwaqhME9dSw3iAw,Vladimir,TOP,10270.849934979597,1.4946320596779683,
KR_7478399271,6,200,oav7OWslwcfkyqdHlOASI4wdPb3kCGtEFq2oeqL-4r8AzszD8VXw-UJw5Od9CL7kzJhV8xaybx15GA,KSante,TOP,-10270.849934979597,-1.4946320596779683,
KR_7478505587,1,100,-cJ21LCdFZBgcZrk3ZM4t_6dj8aGiFlcTgw3OQa2Yd9eKEWkstXArUsaE60s4SzeWOE-9q6rovjDmg,Volibear,TOP,586.5111355965726,0.08535012702651379,
KR_7478505587,6,200,64iMl7lQGK-Un7IWLelCNPGDz9TJBIq2V7fOVtTWM1hwnr1vEdDBJ07q1gYLT0_GtaIiaajOZtN6Tg,Shen,TOP,-586.5111355965726,-0.08535012702651379,
KR_7478578822,2,100,Q1niC_OYnOogC7nqe4BpiqXkpH6Ahzk6A7D8qFA5adQn1rKzwQUjVpEdAQly9zTOOpxHb0KLi1xtxQ,Nidalee,JUNGLE,-2612.2705842111745,-0.38014218768969615,
KR_7478578822,6,200,2U7M9XDUOeG2NQjP5Xiwv6PxYdiRM0TNZU9Dop0XxuVjX7fYYZI0S5BpJ8UgR4uBRKO-fQAD7huCTA,Renekton,JUNGLE,2612.2705842111745,0.38014218768969615,
KR_7478657211,5,100,RAzQHn38LQOKAox06zWUU152IJlhwXEh4qbpJJc1Js2knGU68Igy4yOZhcjZn_avhKSy1oj0TATUNg,Nautilus,BOTTOM,-7788.393483198429,-1.1333806517540614,
KR_7478657211,10,200,sPI4kF-U99c61HsdEes7UPfdeAidWUI8y_IGLDhOkj1wJwxGWvjewLwDfakuGDG2eQFzHFHEFTa9DA,Leona,BOTTOM,7788.393483198429,1.1333806517540614,
KR_7478657211,2,100,jhyLGxugBXGKD-ZPYucTdgkm7sIDYvP67Ybx-YtUVZKsPsmfsNNw_LS99jSknoD8phYZAbWVTZD8ww,Kayn,JUNGLE,-9864.463371244474,-1.4354939756220177,
KR_7478657211,7,200,-nD76mV52QvvYirTVZqrlaZuGjwnB_6f-0sKVwFRcQvFmh9Tue5iQO9I56JCQthIoUp9n2L02f7UKA,Briar,JUNGLE,9864.463371244474,1.4354939756220177,
KR_7478657211,4,100,IsfR1kcPj95Bet3g4dyGhInhTbcXAYX6raYohy3hdpsVh00kDcaI627sbSURKM_3gcMgp_xKDAUYdg,MissFortune,MIDDLE,419.0833382424174,0.06098574090550446,
KR_7478657211,9,200,5pOwRXFjlnfrddchyz4Y7aDin3PhqJWAGneNUAvWZgzw_R35Xfh3FwKsLJaUYOgSoWygcxj56EgYuA,Zeri,MIDDLE,-419.0833382424174,-0.06098574090550446,
KR_7478916729,2,100,Dg3gMX7E0X9JnO5263vno83MENXONzJARtWdCEvC72riobI6hlAANBavv1THnxUG72GeXb9NP0FFDQ,Vi,JUNGLE,2659.971029375671,0.3870836399604531,
KR_7478916729,7,200,xTnhmCdoDHsTlzC6iYQIeEKPXR5DGCZY-yNxSK-7Il-gEEOY4v2IhFH31RuniLAJ9oisPqzvSCXobQ,Zyra,JUNGLE,-2659.971029375671,-0.3870836399604531,
KR_7478916729,3,100,5V6mY-_W2-_fXQ1yoZYlZxWE3KZWNpvogRzFOJ7POMYFiaVRNvsY0K4heprjnvbqSToG1PE_Lmax-w,Ahri,MIDDLE,-18728.79731066009,-2.7254473657908327,
KR_7478916729,8,200,yuoduo9Kib_UXf696-aqv_loPuGtYxwmEs3XkZHZhi2Apde8BG86v14EDBgIRsKDu-p7Z91JkUaX4g,Yone,MIDDLE,18728.79731066009,2.7254473657908327,
KR_7478916729,1,100,64iMl7lQGK-Un7IWLelCNPGDz9TJBIq2V7fOVtTWM1hwnr1vEdDBJ07q1gYLT0_GtaIiaajOZtN6Tg,Shen,TOP,9846.935572129576,1.4329432996157896,
KR_7478916729,6,200,v53XxoEwIbwbPzPfV4BF8qVazTWKypP1PPoJnY8tahGwvIinEd1nYW_44lV2BGyo_IdhuU9qbQKhdA,Darius,TOP,-9846.935572129576,-1.4329432996157896,
KR_7479042931,3,100,oyhJiMJ8FUFmjYm73RNOOo-XcGpu4E3iO0-8TQRDRlRwSfckmMfcj1vSGOcL6C_6qMjrZ5KpbRu9vQ,Hwei,MIDDLE,820.0896955027258,0.11934088789822747,
KR_7479042931,8,200,wSqvnCbBSNKb1RMF4YyWnPlWgR-kyJWGvUu834VhRxwEkxRiz2pIMwXi_6DSVhrel9CufINWOLCG7g,FiddleSticks,MIDDLE,-820.0896955027258,-0.11934088789822747,
KR_7479042931,1,100,9FrJ39-n3IJwtjlfHeSRxLQYJFUi65Yog8reCLUcuILClU4-rdVvbLMy7FFQcjjy0vCHiHPDpIFRuw,Jayce,TOP,-9746.37893150216,-1.418310121266704,
KR_7479042931,6,200,Ns3J2YXtRy_3yu-3d4qKqD8kInbiJoISwPBdPf2ytr-EB6n4ljJHPSSdjzkXmavspCIFNKI64g0Zsg,Irelia,TOP,9746.37893150216,1.418310121266704,
KR_7479155911,3,100,_VXX6QSaJ0iUwKO1yCw43aIHaEiVt5I9vgTFfarvSjMIyY8ma2wg1fUvgZewTyZRa2fvDjAW2aMUoA,Corki,MIDDLE,6585.469527253269,0.9583290521987948,
KR_7479155911,8,200,-3TfMzKEZC2fZZQZs5YMpp3s_YDBCR5-QePXGfHouMWBDliUT2V43PeqO76Z6idIL43rH4ppMgXXGQ,Xerath,MIDDLE,-6585.469527253269,-0.9583290521987948,
KR_7479155911,1,100,MhzzndPHLDWpnaKaFJuzzKcm1U9X74V1K98LrKXrtfuIANZRrxf-oBf-0lwm8DW-skqu60FTcYRXzw,KSante,TOP,-13786.316174740745,-2.0062088600329044,
KR_7479155911,6,200,9dCIrzomUW7qKXTsqvviywLiWH7BKbeMlHzNtH0kqsgrVQHwmqkyJg5RezfGkmh7ksbDBjxMaxIHIw,Renekton,TOP,13786.316174740745,2.0062088600329044,
KR_7479267529,1,100,0oaW02aml3hYlyNYGPvuo4l1IBYycZrv16RC4Y9xGxx0zAJkVQjmfx-hwm6HmG1xu2v9jNuH-k2OQw,Jayce,TOP,12381.540188377418,1.8017833997081802,
KR_7479267529,6,200,lNEkwmBVczoxPWRXKSsdwUJWImemCFRD0kTo-gqFDE9jLcYjkjx18DNScYk20rJY9RmkUNFs-qblpw,KSante,TOP,-12381.540188377418,-1.8017833997081802,
KR_7479385824,3,100,6aTEsF6bx37P3xGRRY2mc2UviEbQf4C37ULeK_cu9D8dJJ2shhAWkEPXjzdfBPHctnL4WW-OSjGw1A,Yasuo,MIDDLE,3700.0254372928785,0.5384341778149947,
KR_7479385824,7,200,p4qWShNC3RnI073l3N4heLAQpz4DbXcFrzGFHjyWBhUKt4PSfDQpgCKnzKn4O-qPE0nn9RAI0AT77A,Zyra,MIDDLE,-3700.0254372928785,-0.5384341778149947,
KR_7479525680,2,100,Mk8vRRg0yox8EQkUBIXKWC9OSqNHhLhA4i2z1gTxIfFtLvR-Vb2H8sYWJVeV_JUYYQpqBghwk4mYkw,Viego,JUNGLE,4151.525420080875,0.6041372455738491,
KR_7479525680,7,200,JbjFMcBp-ELHqqsB-t99na07xu5rYjPtZFkI9FUQ3-bKw9VuAkVwuSukUCwe6X77trfm5XelceBsRQ,Vi,JUNGLE,-4151.525420080875,-0.6041372455738491,
KR_7479525680,3,100,NZllxfYJPbXEiUZ3HRQXl6PHxHZoQSk1FuCi9SOdPO8AWHXdbb0TkgSuLR42HyAT2Rg_Xgdsh3fWqg,Hwei,MIDDLE,7367.652246446956,1.072153650555688,
KR_7479525680,8,200,Yu85OxRtybeePnz8UNIZODwn81eV-FEsRu4Af5yJyNIF8oScJYN-COFmHqwmHidZjF5C2LLoJuJxkA,Leblanc,MIDDLE,-7367.652246446956,-1.072153650555688,
KR_7479525680,1,100,7Txil6ZbeGmCQKVIVfkn7x4ViPwwU3Dnu1F3Pc0gsNsn7IyXrvBsf2yZu7rAP2ENlO1ncQ8jWNc0ew,Ambessa,TOP,12354.111420216443,1.7977919173566324,
KR_7479525680,6,200,Kvk1XitXakAMLhuE0tQCT70QMr9wCp6rFfh0n8i7T3pacuAiuX5p1smtw4tqkyyM7IWruWTueq9vuw,Gnar,TOP,-12354.111420216443,-1.7977919173566324,
KR_7479673034,1,100,6r548KMDI4NF1h_lxL2CtIp_EZZY4YcvlQ9-OV22p8YxG1GPgtFE0T5--RSUvUm77yE3OvAGf6psDw,Yasuo,TOP,-5061.027836105923,-0.7364896290621885,
KR_7479673034,6,200,tpTGmLHmaMBLCUiEhL957Oj0sTeyNqh5gBBn9H8cWuDJPcPwlheubYgaKRZzU-JodoxJ_fhOdvmSlw,Gangplank,TOP,5061.027836105923,0.7364896290621885,
KR_7479830026,2,100,6c1ZinfemyMCWfZkw4IE3froYQuVhb7_p1wO8vILTzZvReNGiTrXfJARwJ22MAbcfF1-B1gYuqPjQw,MonkeyKing,JUNGLE,2508.4151290286054,0.3650289600726066,
KR_7479830026,7,200,wlTK3d2HXxqFEIfQMY0MU9y2B2ZG0DMhYRywJkJpDtGxFL7hVzBRZ_9GCoXkyaojOh6GQTjnSWkQgg,Viego,JUNGLE,-2508.4151290286054,-0.3650289600726066,
KR_7479830026,1,100,etVlgYspfWvzCvtD41xMgqNNNNcZbNRJCiamC5AU2rCoMe2bmkyXx2eaPmv2yuS7zXSojDQFLR1DEw,Gnar,TOP,-2663.087777816387,-0.3875371946488124,
KR_7479830026,6,200,G400UlTC3HrYRN4yh4k_lTfhCpuVhx7GcMKg96sI9YHQzL_lA1xFaR9RXUfffQ4Rj3-FP20WF-A4VA,Jayce,TOP,2663.087777816387,0.3875371946488124,
KR_7479963843,2,100,T98jpQ1_ARC4H1CfSt8CrJlIp25G9krksJt80Ne6PeGrwZp_VdFtL6rH3FxwLDxyH-poMo_kiKYTuQ,LeeSin,JUNGLE,21534.23617111105,3.1336997391427133,
KR_7479963843,7,200,Tfu0hOAKTOtuYAPdtB_N9yN1fvggfVYqJI-6ZILWkG8gf5TxSfVHUbD7FVolHtXNa4rZfSgWYAYveA,MonkeyKing,JUNGLE,-21534.23617111105,-3.1336997391427133,
KR_7479963843,3,100,UZJwRwzHTJHK7i0BkaTtu_CCaVGjA4VzLwXr3qprMqUgUwQsX0a_3HgkzmwjXsA88MBStuMUcZU0fA,Katarina,MIDDLE,964.6177443434977,0.14037286253398093,
KR_7479963843,8,200,vgJCoYLzppYe-fiaDUivcypQZPfzXstutIBMyuZwsliBrGPKxCiDP0EW1pjvSubT4LyY3pgakWFruQ,Zoe,MIDDLE,-964.6177443434977,-0.14037286253398093,
KR_7479963843,1,100,ybLhFA2MGeYxU-VJkUIDSsUrp0Dr6AhF75pufLsXfooIGf5uBRu53z601NQa8zAJ1Z4y96nswk9dkQ,Singed,TOP,-34778.01545867518,-5.060957681747608,
KR_7479963843,6,200,K8ByLKr57UcfjNid78QlaoijqrR2NoITQ26E-M7TyyRoX5dwo9pzeymalU7ddKfpfmDxzucrFy9E4w,Zac,TOP,34778.01545867518,5.060957681747608,
KR_7480078439,2,100,N2xwA3eSN-n5JYWoX26yYwEinq84BpyriVFayH8bLWEl0zusaE6JQHDLxLLLp2Z-5WSoyoGQSHnmIw,Nidalee,JUNGLE,19145.223729093832,2.7860464670753533,
KR_7480078439,9,200,BZWTebPySQAvr0t9Pqb0Z_-MJ8oEfwP-FSDAWlTi3oPrJnZJthxN-XbYl-inkJxofOHFGQwNkSD83A,MissFortune,JUNGLE,-19145.223729093832,-2.7860464670753533,
KR_7480078439,1,100,l15bQWXzgRkZ6U5NymgDpIatqFWn6pK2zyz1Ukv5HAF1q5DKynN-UFwpdQTGlX_twnuiUCp4YjHRDA,Teemo,TOP,10590.582517048926,1.5411601046508487,
KR_7480078439,5,100,nl1irASUsHZ_fT59A8gRjYwvJINTObSpUBnjGsL_aFsMNwHe6lEr68POeKrwxps-8R06e6mppmiNsQ,Nautilus,TOP,-10590.582517048926,-1.5411601046508487,
KR_7480321584,2,100,kva_InRvFOEeeum2YAVo__0Hpdm0kZ6cIuDkAXFabzLB8-hHnqJGfCi-pQ-5lMNMhhY4-xyjqf2FHA,LeeSin,JUNGLE,-7509.206475405364,-1.092752869717062,
KR_7480321584,7,200,gB4kZ6tr5Lzl99YaZ1Il5VKYXJ7Xv0rUrOktLKSv2jHws_9v-2RUj7RMIxVKa09vxsOqPkK-MxAD4g,XinZhao,JUNGLE,7509.206475405364,1.092752869717062,
KR_7480321584,3,100,8m7iOerPiTCDKOlbP8icjauELmc5ZCvqtVJkdFte_uu7VswhiUR1zuvVZOBXX1oSH5JcUsYuj-pLEw,Galio,MIDDLE,-13399.113863020475,-1.9498625019084845,
KR_7480321584,8,200,-_I4S6Cbbuw29ux8gJczmczA3ptkdYTZe1u4fvlSHcbPTvU3VnPNurVLUIOw9dt8NARUlgsALLP2vA,Sylas,MIDDLE,13399.113863020475,1.9498625019084845,
KR_7480321584,1,100,XjqyhA2nxKSuUcoER58VgXDt2z6cc5TprvUDxihfToF0bXlQgknRgRo7F38GpAMJsuwIihJbZudtRA,KSante,TOP,-409.1213275502424,-0.05953605167300288,
KR_7480321584,6,200,igfUITk6Vdt9SavyqwVgbiwE8f2keQyCw5cnnRT4o8dfh9OXXCA8hnz8z_2wf6BfTp8TAVlH3nguVA,Renekton,TOP,409.1213275502424,0.05953605167300288,
KR_7480437154,2,100,quiT9jj9-qN5ZjcNjuTQvu15G1QiMKoHh0E4tvm6fLGEPfLmwV1sUpiCBQ6suGfb-CjCBKiqoKOQCw,Hecarim,JUNGLE,-1356.6338336051158,-0.1974197299918062,
KR_7480437154,7,200,f1Bv5pRv_WszosQwQNqeS4rhicYHTZz_kWM5Ff606fdyWQsGL4bt9gELayM1Bcpr7Fb4xmtcuC5Zag,Rengar,JUNGLE,1356.6338336051158,0.1974197299918062,
KR_7480437154,3,100,XvYmTow4-BJh1hBDNHA3n1Kef54TdM4AWFunXKgg-dvQoZYNCLcttFLziNg06c0H08Zw8Q7iCNk0Cg,Azir,MIDDLE,3336.01889894835,0.4854633092319351,
KR_7480437154,8,200,yd9Mg89zXCf8rWY74Zoa4mpwUvVfaG21zfiygCR95qt04HeVYXEeta7CTseL_vcJGOHaq_ii1ILVqw,Ahri,MIDDLE,-3336.01889894835,-0.4854633092319351,
KR_7480437154,1,100,7oE3sk18qtqB_dtUi2g7e0NvS16zeiJp8TJHwIj7wSnHZHzp3pZptVpLu1UhiPhHXLpwnJ6Yyem1EA,Malphite,TOP,2100.325774275565,0.30564308288732167,
KR_7480437154,6,200,gzouY6lJMtHKWTIDK747_6O_VEnVDoOmWjKzVLsPjGcXr_RHs-PGoS_M87JmBuUPziyjMpI0zbkMhg,Rumble,TOP,-2100.325774275565,-0.30564308288732167,
KR_7480666006,2,100,x9rHvFuYWtev9piaEGZ0k10nknwRXYgHRxH2P8GZkno1Gi6_S3GgeNiq4bokOzrNic9hZfOXsnfXjA,Kindred,JUNGLE,9444.66520901993,1.3744042122794728,
KR_7480666006,7,200,Jq_fif6vf2045bpbe4opfGS9jV8pmZBcylkxucrK9UqMJH0MCc5LreENDEorEx9vadZPDsQcXjUVBw,LeeSin,JUNGLE,-9444.66520901993,-1.3744042122794728,
KR_7480666006,3,100,LuR9qQnc234nc8nUy62hcbWaAS0zanmFQE_X5DVle2YtC9xwyM-QWFhRQ_MFPe4rSv25bx9A7TmuDg,Akali,MIDDLE,13693.750282823312,1.9927385094223584,
KR_7480666006,8,200,4sU_zD7SlxES8CruaUNSJHsE2N7LYSkAqPpN2UmNUEWnW4f6mc2x1Lkv37YMHC-EmkfVfUU61yIPvA,Taliyah,MIDDLE,-13693.750282823312,-1.9927385094223584,
KR_7480666006,1,100,XI9SPyaV3DRS8AsjSIU-PPLE6sa_3SaL3pzL6SRmeEolVoxGsH0exPYnl7y1vUhf3pJy6DxN5M-fag,Udyr,TOP,12073.286382897184,1.7569257663959272,
KR_7480666006,6,200,xnQprDx1wydCG8EVhX_p8riuqqkXtOYYvmITZC3fvT5wOmzGPusAezrG9aki5Oev-LCVyygSbocTNQ,Vayne,TOP,-12073.286382897184,-1.7569257663959272,
KR_7480746888,1,100,ZBb9VnMpUoRJkKNsv-C6h38VwDXrC8dcwA2aFMvah6fPIxDud-a0_-rO4sofIQIpbahOmsAU2LeXew,Ambessa,TOP,-4784.197153658359,-0.6962047436137593,
KR_7480746888,6,200,XSENFzSacOWiyWy5fcg959UAcCho-0g8wJ-C3g1_yleFLqAQhKQP1t7VMjqUObWeI6fSEPc5Q2hD1Q,KSante,TOP,4784.197153658359,0.6962047436137593,
KR_7480817361,3,100,b1GVzKrgrXVuGSlKauDQ44fn5q7-D9cd0PB648yRht17AN7lq5qUQpK8NLEcIQdepi8s6cDNBpzeow,Yone,MIDDLE,-12807.565580266555,-1.86377936041108,
KR_7480817361,8,200,2m0QA9Qe_zm20oOjc0WjJ19qwP8AbzJMcH6iF3EzsexN2HMoVTMuVPj8i01i3KPXt6Q3m4Z_crcXIQ,Vladimir,MIDDLE,12807.565580266555,1.86377936041108,
KR_7480899916,2,100,JRoyw2RQS7vxG2-XdtEv441PMwL2fNqA6honmfHOdi-2o8U2jMGyQYowGQ1-iNftSID8st6cFF8svw,LeeSin,JUNGLE,4219.338868303201,0.6140055772535098,
KR_7480899916,7,200,g5Np9PJ49io_MIbasRrBmEyOZv2zW9MisHw6Gj5ncteEei4zynsECmfMZ0e_WxILp7iAeSWccChC6Q,Nidalee,JUNGLE,-4219.338868303201,-0.6140055772535098,
KR_7480997494,1,100,b6tTIZnA6Ft_UEHFcijLy4XPvwEQTR2Y2TaHIcY509BJjlA9_G19CKtH1jYnLVJsr0t0JMK1fdeqaA,Volibear,TOP,6676.875259540841,0.9716305743493683,
KR_7480997494,6,200,v1eE8OuD-zKSNkVxHrncTR-6yxU9AOvl_ZEZWLMME3wlv09Xjhn-_iFp7BU2Iv006YhGsRpudmtLNw,Cassiopeia,TOP,-6676.875259540841,-0.9716305743493683,
KR_7481102063,6,200,9El19hngvbUklRmB-VfjOpvbqPRzFyc9gC2-7ob4hFT_t7TRBidzspArnKhuZQWF_DI_yB3XEhfRfg,Swain,TOP,-8960.075508107715,-1.3038858708220193,
KR_7481102063,8,200,wBKCLdk0sr5q0XWiDtDHfwGQpumMvnExbHSz7OPZc3X6sLVn-4aOcikT6YGpqDpgLOBw7STMTz6BRw,Jayce,TOP,8960.075508107715,1.3038858708220193,
KR_7481243631,2,100,OxHRFk-xLASRdxXWX3oZT4NNw0QGafjb__8g_DeDdJkJLpify6qpD_gp0z0K7zEw7NrEHT5ZzRGj4g,Kindred,JUNGLE,-6314.662795797087,-0.9189207826423945,
KR_7481243631,5,100,HcAuzbrBXCqGEZKFo--MmdKkLJnvAneMCOUxUmp2RSFLb3j3L4UWKD048bMu4Xh_FOQJ7b9YYcnkpw,Pantheon,JUNGLE,6314.662795797087,0.9189207826423945,
KR_7481243631,1,100,yWe4CWdVMz6EY31xxjwkX0CwqBEe8k0wtt8wNUUvo6Rtx4YsS2QXk6fXlXMBCNUodOTbzwjhUYsC2Q,Jayce,TOP,3800.0687371936806,0.5529926539230398,
KR_7481243631,6,200,LwBWtRIDWOoyXuoymWGvaYrGHNANsiC4tBLyehEg9rPv1KGDwFXL4D8tOBWVb-6Scpo_jEW-huG13w,Vladimir,TOP,-3800.0687371936806,-0.5529926539230398,
KR_7481394541,3,100,hNnUK-1z3SKixJ-71chpRl98fbZPjCiUx7CfBa4DdSEWixi5Q_bUDDKbGiNFdOHPdHWodvNXYLlwtg,Viktor,MIDDLE,-4588.2884909126915,-0.6676957721107213,
KR_7481394541,8,200,D_E9cYico1jINlPOVYnWb0rQp-vQlR2J_ESEgvRVw_weyGkVzn1BeHnbV6rnW6nAyRSo9uXheL7Ohg,Yone,MIDDLE,4588.2884909126915,0.6676957721107213,
KR_7481508095,2,100,wTYNerp3ayJ0IHy4DvmE4anSUdy5OeE-0FOuqj-LRuERfNkepeyTCE8EwqrZamaJtAEfhDHUtVXoBg,FiddleSticks,JUNGLE,11247.570702834613,1.6367661753773513,
KR_7481508095,7,200,1FAvL1iJ-IUo2pLZy3DyERfkS_UPasUeQf8UwxQvGJmFu6u-mVV7n3pcIpobkjBMP6Kfs3R6byv9Cw,Belveth,JUNGLE,-11247.570702834613,-1.6367661753773513,
KR_7481508095,3,100,Di508kwCrS9NpLIsTqeR_jaf3puNNZ4yozvCBGqmx2jX5zG-E847P0JKDOOf-_KunvXR0oSIBo6otA,Corki,MIDDLE,-3175.9846562487896,-0.4621748461252523,
KR_7481508095,6,200,_KYCosk0sttuuB9X88B2n8EFkhVSRnWndieCOCh4NpMmzPZ0x5CJf-MshbV1CJ6-C94Vo5NgBjc7Tg,Aurora,MIDDLE,3175.9846562487896,0.4621748461252523,
KR_7481508095,1,100,GME1HoM_bVLeL_BMqCJ9DIJM501EFoO77sxrxCcrZ0i51oYeWhNa44TT8so9wv5nTcdboZ-J36jvtg,Tryndamere,TOP,4156.486890328642,0.6048592474083999,
KR_7481508095,8,200,bwgLFrg3suxzCbQAct3DBaKlwHIrPAyOA_2ZMRemRv3GuSYQ02C7bAhGO3LPhCgbjDM6JqOoVH7RhA,Sylas,TOP,-4156.486890328642,-0.6048592474083999,
KR_7481588495,9,200,Bkkiwtpkv-O82VZB_Mh9SpynacgAC4Uc9XQ0lEf3KVq_CoPXGYJeG6Uz6X6KhOrHoK8dcNzTZtDmsQ,Varus,BOTTOM,2965.8367915106005,0.4315937610252887,
KR_7481588495,10,200,1Xz_QSWX2B1I5TwF8vbeCTnqhVYCaL_brP4uW7yVOUteD2xkHA2NPCyMA0l1Ta_KYKPpViVB5RQmZg,Rell,BOTTOM,-2965.8367915106005,-0.4315937610252887,
KR_7481588495,2,100,nyXJDPnb4nig5IzVayj672i-A5N07GepUeyc2fWuD7E_61m7vQpB9W9zo3SlkrALp2zDQ-UyUu8Mzw,Viego,JUNGLE,751.8441080234286,0.10940967055751596,
KR_7481588495,7,200,_0WMMg3NGaXMmt2EzGipHy5ug1DCBvT5mwjQPR83S3o74aE1XrQlp0itveLKPzuBYc640We9n8tRAA,JarvanIV,JUNGLE,-751.8441080234286,-0.10940967055751596,
KR_7481642965,2,100,Tv3wn-oHNDdJhLEGRcE5O27KHcnkFgRCMn3M-yZILnBRQwYIl6KeqS3UyA_4wFENb-dCiqn_5qvxjg,Gragas,JUNGLE,680.1832587246996,0.09898145833908435,
KR_7481642965,7,200,dqpl5g7lAqLcbuK2SxX5P2R8djBXB6417tTkiZCrTvlM4uvP27r4i03SfQTeSqNIPP7sc08nj_n8pA,Skarner,JUNGLE,-680.1832587246996,-0.09898145833908435,
KR_7481642965,3,100,g0HhMLVkNGUzXDeC_UITIm_uHxVn10SXicZNTpqcCkPgWlwIxldwPoMKaDS8T4qy5OMeP3nKOjMD4Q,Zed,MIDDLE,-4232.138368309255,-0.6158681828974444,
KR_7481642965,8,200,CWfFTNtblCWwAePUiZqgR1uCWdajOa7IPynLS2cmPHzItZZkW3uPApdXxNLAotF2BjhcAEBaj_iYPA,Ekko,MIDDLE,4232.138368309255,0.6158681828974444,
KR_7481642965,1,100,gKZwXe5bUz7N5bSYdlp0T42hOAQLwYt_MEnzHIYAupWcQ64wE-enG0ZrmHnG3kLHUhGZaRl2xDekow,Jax,TOP,-11214.730501218053,-1.6319872117576772,
KR_7481642965,6,200,6ELlFcnvbXRPPXCbN58Uq-Pxt6ii5o-SEiiVnv4lw3a2LqY89PL7BZ3jy-sCiGRaa1SzkiGKZCiKNw,DrMundo,TOP,11214.730501218053,1.6319872117576772,
KR_7481692856,2,100,O7SUvmgSDubWV6Vc2grEUys_lQwTXcG1B_OryEbTZsryIRhuo1mEePYU8wDP9YPhPm9vW0WAKipiCw,XinZhao,JUNGLE,15303.388847211649,2.2269759306736705,
KR_7481692856,10,200,_2gy_DC46aRGaj02qVS4G6kbPavUSh8Sn3pwDFx-ww2bLq4f-g_5vFY1iFrAsDwciaOJlU4qab90Xg,Skarner,JUNGLE,-15303.388847211649,-2.2269759306736705,
KR_7481692856,1,100,4OPGjeGSxY6aWLRsxAAXIhh3auChkV_FeWNATw5K1fxrP0OG-3s6njAJ3TZnDnjSTdXqfQkeOY1WcA,Gangplank,TOP,5883.447475690816,0.8561695745013702,
KR_7481692856,6,200,J4JDZnz0vtiTWWi9Wv-_FZK2RjBP2pr0kjfVwqNmylEi_-UalAkovmJw2aMnxZQs6MNWKrM7wra2ZQ,Poppy,TOP,-5883.447475690816,-0.8561695745013702,
KR_7481741228,9,200,oeYdf9Htp4CRlYzxsabIJ-JNMPmEIZSgWce8nhsK6CLAf_mRa3SEmZbkMhHVrbrXvRMadVWlLerrhA,Xerath,BOTTOM,2066.382861805013,0.3007036508540923,
KR_7481741228,10,200,kbUYVPedrL3vbB2BNt871bCtsRSsE-0Ie1zwREvNwhs_Yhpiu2KcNbkAGiDNvAcX-BzgVUmSH4XWDg,Ornn,BOTTOM,-2066.382861805013,-0.3007036508540923,
KR_7481788970,6,200,CPIqHUdYvN6ENJyt01KdA35PprwHlpb4xUqW7D0-Z868jE0lyh3qD7ZanjoaKTfgvGU5knWtidBWDQ,Camille,MIDDLE,-22054.733927638576,-3.209443483703425,
KR_7481788970,7,200,hKNDL0up8nY8XXYlxGcidnCWfmWm1fci8YePFLPHQtayFViQWrh-5df61ZB26jttq8e02YlnJVHSLg,Hecarim,MIDDLE,22054.733927638576,3.209443483703425,
KR_7481788970,1,100,d-vNRUTdqFBsIvSbe2UDxy1haKnyR6vqbue2AYhmJtT12UID6-Rtfz0gpJwxBabM8eMOcHWyqQiY4Q,Fiora,TOP,13905.720460086417,2.023584780630554,
KR_7481788970,8,200,UQI8dUjdNb826T5dGZnx1B92yEm0KLOH7akBJ-pIWDChZzKYwycKmztNaxhAC5X_ihs808LD555XZw,Ahri,TOP,-13905.720460086417,-2.023584780630554,
KR_7481892682,4,100,zFFStctrHdVXt4VsKj14beKDuI8r5rqRx8EmErd9EnbXB5I2mhCAp0tvEZr-F2YHvZ4enGXn-GtUTA,Sivir,BOTTOM,5563.520922382907,0.8096133024943425,
KR_7481892682,5,100,OP_O-u4Pyf6rAGYkoEBrXgHWQE4DfNJuX9hUM0HXwp9fbPNxv2fWTOlJc2v2sFAc9-NUgxHrR0zXog,Thresh,BOTTOM,-5563.520922382907,-0.8096133024943425,
KR_7482015288,2,100,J43Uigwk6arj2ZQReL5VcO3DKr_Tv79Np2JRj0E7wxsc4JF2Jjb-JjzBIOLhDCE1Ma-KJ5uAsefVEQ,Viego,JUNGLE,-438.12041224576444,-0.06375604923519393,
KR_7482015288,7,200,yecFL4-QvIKwDhUdZ-ZOny7dSeClRv35aYTPgNiXbjV7HCJBQX_grXm0mvrbnUlKKA9qZ9qcVH59vQ,Belveth,JUNGLE,438.12041224576444,0.06375604923519393,
KR_7482015288,3,100,aICYAnNv_KIyhGl8CHiZdncr52bigXaq02LJmIVBPvOIqYf2djUBPua0GdrqF-ZWas1F0QJcaX4pLg,Sylas,MIDDLE,8398.337326969206,1.2221407474885166,
KR_7482015288,8,200,7_PXdQZgpd9Uv9PbJRpB1oe6k9qkW--ZJjJ19Ax5CyuBGJr2uHnZYT9pgFe5t0LA7jVqkuaL47vuuw,Lissandra,MIDDLE,-8398.337326969206,-1.2221407474885166,
KR_7482015288,1,100,w77af0AbP6KBO6q3Nr_qkvtStEL0xcgVKO25OtPO-pXClv5HkU28VFUdg1lhZpbaZmr0ahMTOLiO1g,Warwick,TOP,-7592.133644855698,-1.1048205765634735,
KR_7482015288,6,200,5zgpLh4rkHniikZaDzVt9pN5VF8OQVtP1p9PAf4tEbXJ98cO2Qkl08XZDinLIi5t2VlATd851JMwbA,Vayne,TOP,7592.133644855698,1.1048205765634735,
KR_7482088054,2,100,tXFfrGlPQnzpZ85SBazp6UNcD1BHdp_gSVrFqb9B58MQnd6Y6mDEXcubdJlkm7QCJNtGbxFC1KZiow,Lillia,JUNGLE,18214.61328361868,2.6506224061959047,
KR_7482088054,7,200,Q_U86g5MGpWv0LPsUTs4Hd9afIUCSCFMxhfrWgzT8oHPMWbNHKV6T8U95uFvHK4wm2_XgSJyEzaYOw,Skarner,JUNGLE,-18214.61328361868,-2.6506224061959047,
KR_7482170176,4,100,fJG5cjLrYeUIsZG7w9ifbEhPyaznMOxcRZV74u7EORUO5wYDHjkMmFW8StD4vXvXkYgbBx49QQy4_Q,Kalista,BOTTOM,14742.49222899897,2.145353273050128,
KR_7482170176,10,200,OKgopTmAgxP090TRlGJzSYPz7PFvi50tM1I4F_witz3uo6z5D7LIaE5KLey2xAOkmObgEVY2SQmVSA,Bard,BOTTOM,-14742.49222899897,-2.145353273050128,
KR_7482170176,1,100,nAcxYyaM5Q6CFC4PECgvpnruO0Q8hPfSbn2pBEFvs_LaUzQsX_k8oN8XaiTujv6JOT159iM4OAqKrQ,Gangplank,TOP,-25955.695621197076,-3.7771182572303132,
KR_7482170176,6,200,vQNfXMUGaZQ70Gdb9U4-S0zAmbwdkIXvB_gLQwo4PV1It6x_yvLc03LRkKciO3VchnUThmMiOgN02g,Zac,TOP,25955.695621197076,3.7771182572303132,
KR_7482249854,1,100,UUsZjYk2wPD4BkMfRhgfamQBp6lJndsS0C8q5TCHDXp5Ko36he5L3chD2VP9Rqi6DVPsbaute3gICg,Ambessa,JUNGLE,350.3942756121332,0.0509899882846037,
KR_7482249854,2,100,Ek6iyFdwcoO1nQrAzMG8-fjsolRfNT2dvTCbr9A6IAAkTY9FEBfY5NPd0M78Ms7eJzRuFZBDOTCyaA,Shaco,JUNGLE,-350.3942756121332,-0.0509899882846037,
KR_7482319812,2,100,tyNtASKk8AXHcPXm3ohXSIXtTgjcVe2DC-7GVp7nBfbLFluIlEtA5GViN5MBTAvBl6ZBBHJgjeCs6g,Pantheon,JUNGLE,-4568.396071312663,-0.6648009923926853,
KR_7482319812,7,200,7B_pgto1GCXIVE0A4PSo14xaPSZcIyUF_s1cy9hQM3XomOmrPHI_17myu0dGT0U7J0hk2kpGmvuMgQ,Nidalee,JUNGLE,4568.396071312663,0.6648009923926853,
KR_7482319812,3,100,RpfgaSJMUK_WXacjFMN2Jw07IPONubosibIrVZc8rdyAsZte53n5Pxh50nTvkFkvy0eg1XWtCX3sFw,Leblanc,MIDDLE,712.1932148218431,0.1036396031775884,
KR_7482319812,8,200,Jbtf8qEh0LhlKrtvmxijQJ9za3ERocnlpKAX1Wl-DlWvdG5jqTpMVoux7N49emjJ9eDNFiSGQI8CKg,Vex,MIDDLE,-712.1932148218431,-0.1036396031775884,
KR_7482319812,1,100,CM9Xxuk0iPff1UuE3B_9pTMjXpjtbqZFte9ziUuUKA8_t0E0GHTGL1lzIMOlwFfHd2VazAA8aqWxYw,Jayce,TOP,-4323.809862916901,-0.6292083792460005,
KR_7482319812,6,200,nuAN9gobcswl_Q6S6jcDWaSFYg9ZTp5vPeUMvV3xJd_wM7QMiVAMPUIVJ9maZPqRj05B3I-lIA2fpg,Camille,TOP,4323.809862916901,0.6292083792460005,
KR_7482499992,2,100,01eWG_WPB4nXtrIqhom0z6aj3PkyX-VLrTuqC6KyyenNFFW44TVBVRWMwvsZ9rylBO4L9HcHyK4G3A,LeeSin,JUNGLE,-11860.54637610845,-1.7259674682477242,
KR_7482499992,7,200,mlm0JtHe6_GkM_q_8zaeoV_JvpSSJFcst4eLsdEKplI7F-XDyQC0Ii1OmA4OPIFIe5SyLg1nGWtLoQ,Viego,JUNGLE,11860.54637610845,1.7259674682477242,
KR_7482499992,3,100,Zk-hWcm6jTW-llaj3_axFoWsZvOKhLEei_wGiDTktBlfBKRz92EbyXlv9Rnq5sMFW6sk9Aol44vhlw,Aurora,MIDDLE,4718.1536044954355,0.6865939707430895,
KR_7482499992,8,200,n0mmWdNHd5AxRmw7eJ_hijJQQSySkOrYRgsKBteqWpvoAhvjvoUodbtWiUc4pUXrszcArZVZEq_iqA,Syndra,MIDDLE,-4718.1536044954355,-0.6865939707430895,
KR_7482738518,1,100,tygnpUL3TQNdJB0G3SNFe2zEJONiJ9O_N_wJUx0w7q_wDBjQGwcIcimUs9aLnLCLN2qSreuhDKJ4Bg,Camille,TOP,7623.8289040205655,1.1094329261535765,
KR_7482738518,6,200,2_CtPcwDfb_y8mq4EBbzvrrwvzQV0bp8UjNIOUZJPVnrfxFUUXVskmqXLEQz7LLKVZ3Uri-hAWdBvw,Gnar,TOP,-7623.8289040205655,-1.1094329261535765,
KR_7482836407,1,100,jC4VF0WYGM9ksWQo7dFL-4lyI0g0w0sT15KL8jdZ7VzDgKB6C2YGpPLeEwKTEC4XKDcF4WGUacJs0A,Jayce,TOP,5808.596100502189,0.8452770713710411,
KR_7482836407,6,200,uSwfkCgdg8y_rkWo6Crs5HGsLDSGX0LoP7lLv2aS0GxOCXljiJVWt0YVf3If6MenQsZ_LagRzjLT3g,Irelia,TOP,-5808.596100502189,-0.8452770713710411,
KR_7482927436,2,100,_yZ0OILm1Q0pY_sxwYiHLy5ukRzlWTTbQo-BlciZrqmSSdKMML5fz02zFoiysw5qpqxtFNlPS0K7QQ,Kindred,JUNGLE,5422.547862105189,0.7890986560166058,
KR_7482927436,7,200,Q_U86g5MGpWv0LPsUTs4Hd9afIUCSCFMxhfrWgzT8oHPMWbNHKV6T8U95uFvHK4wm2_XgSJyEzaYOw,Skarner,JUNGLE,-5422.547862105189,-0.7890986560166058,
KR_7482927436,3,100,eWZ8SUlZsrCbHjsnRqJAaFcAvhVqAoi4gTsaAGC04nO97iUJeP15wcL-bd8sDxYDVp7zvagNVJKqQQ,Ahri,MIDDLE,4424.680438010674,0.6438872418881122,
KR_7482927436,8,200,7tvnghjOL16x8LjWfayTJOHgwCrzDJ4EjKx7cZ0h1YYX60U7Bvn4372DG5iamk7vKFLuLcV_YL0rUg,Viktor,MIDDLE,-4424.680438010674,-0.6438872418881122,
KR_7482927436,1,100,HsXyTvw_1ojEOJCFs4oikolJtljQJUpNoWOGDQWDNhlF7FxASc1DInYNNFOkpxNWEcdaiP2jlnFkfA,Gangplank,TOP,-8226.130477662105,-1.197080905362507,
KR_7482927436,6,200,JncbFPz_xCb-AwjGVEcvbhGyrdtgtrcmLQBQxKTi3yrb5mJrO22JSzQHugPoG5jr2D0UrsNcMEKuhQ,KSante,TOP,8226.130477662105,1.197080905362507,
KR_7482986697,1,100,qhKi5hdjQ_YStbpYirCCrNqzkInpP3xeKvHLoDyNeI8EpiyRJYCTEK13U9tZ1ewAJb8uo80gO8hnwA,Sion,TOP,-1090.9840422543664,-0.1587619073857765,
KR_7482986697,6,200,qscSl8tOIxsoj8O6BzsSL9xypFkFsHC8HlvUewb5XpU-6GqF3cGZwc8T_-hBIBgioqubW9hkUAT_nA,Ambessa,TOP,1090.9840422543664,0.1587619073857765,
KR_7483041502,2,100,mHje7nvkX5QHQ_En-Ws545Yqsz1J77RdW6Mlo6xscF7ZBdRJ6YMSVvAMbh5Kj2jSDX47F8f-oOt0Ew,Skarner,JUNGLE,2826.19301320126,0.41127255398624163,
KR_7483041502,7,200,1x_WHykXYO5wr6igZo7A3xxzFxxGhkfOZFEk2IBbGn419Y8RVGlNv0gzmpY-R9zhxL4LkQJj9jGFgg,MonkeyKing,JUNGLE,-2826.19301320126,-0.41127255398624163,
KR_7483084457,2,100,uHShjC909KfqFmJOew0oMSR_pHB4KTS3tY0wvQkdUcImDbCu9Au-PmwNlMXbTxJHt55K1U8suK9U0w,Hecarim,JUNGLE,3252.86371339281,0.473362421082796,
KR_7483084457,7,200,FG2VUJQGt72ABgrwcrr9A5NU2GhOS88fF4faTwmf9mryaykBwkYCdU4xYo6YrOFP80G2wHVFW4BEgA,Vi,JUNGLE,-3252.86371339281,-0.473362421082796,
KR_7483132005,2,100,MGMO2dkpLmkDT7JjORmpp0izSLIek0fyWOd0Q4r8rnMGZKIxIkYXC3GzH0s43Yzc4Dlh2UGtSgQ88Q,Lillia,JUNGLE,1720.2171031069975,0.25032900375203343,
KR_7483132005,7,200,Er6NmudjLAikmUsEDVUdVjt-lS43SPFskSK1AUlYHkDPJ_ydOkMRIrACPH4Z6ArvifRq9K9FwVMoBw,LeeSin,JUNGLE,-1720.2171031069975,-0.25032900375203343,
KR_7483132005,3,100,vx6dL5HVCa50G6W3vOOEnsYAt2p04Ws8veYgnlvz7s593zZl6qNZ6XTB_EeBCv2YsZlSNDZkkcqblw,Talon,MIDDLE,15278.545047402977,2.2233606174412377,
KR_7483132005,8,200,ECu5XgOKdQlnedQWdnqutR52YFqhNZS-E_xlhDdA9wqz-xAiTXxLua1q5jsekT8j5wcd8zDiEYE3Eg,Zoe,MIDDLE,-15278.545047402977,-2.2233606174412377,
KR_7483132005,1,100,wqY2F7A04lN9UK7hORAss1u8I8P2IslRJlQbCg6Dx0zhnwBIb2DQ_4otmU2E4h47GfQSFWxhphFEyA,Jayce,TOP,-14266.463624958855,-2.07608075739405,
KR_7483132005,6,200,CXmU0hsfQqcvN46z7PGmCSgR7n33V_4vF2qIT9uv47hhGLLd57tdCkFZEdym7VwGTNnMZQobB9bk3g,Rengar,TOP,14266.463624958855,2.07608075739405,
KR_7483192958,1,100,CPIqHUdYvN6ENJyt01KdA35PprwHlpb4xUqW7D0-Z868jE0lyh3qD7ZanjoaKTfgvGU5knWtidBWDQ,Camille,TOP,6491.25074308575,0.9446181698149474,
KR_7483192958,6,200,XoH8KxrLKSSmQ0TmeKAZf8360WW-1yy2UOKKmYBa_zkYUKJXvcjxgm8gOThbXB94gLfqBQyqyXBvbw,KSante,TOP,-6491.25074308575,-0.9446181698149474,
KR_7483328304,1,100,nAcxYyaM5Q6CFC4PECgvpnruO0Q8hPfSbn2pBEFvs_LaUzQsX_k8oN8XaiTujv6JOT159iM4OAqKrQ,Gangplank,TOP,13502.491407376096,1.9649061831055459,
KR_7483328304,6,200,JB46PlavWmGzk1u5CuibPFNslZxKMNyS668MajlEx8L7-gt1Gs6i57i9bozbC-JvTbKV9EDOQy3Ghw,Rumble,TOP,-13502.491407376096,-1.9649061831055459,
KR_7483453868,1,100,krGCpOgtfe1HZBmDbCJjAPJgYIRxuZ-HabfTvAHqEprhEBRtVVtJ2SnW5oV6nv_Yi7zSLeCagIq7XA,Yasuo,TOP,-1974.8094277592338,-0.287377724450135,
KR_7483453868,6,200,IfjUzlSvAxxBvjx9L8nYpGqkVzH67JSzU8KJ4cXOYzs1LkbdHXyqZKcJyRVmrPoMNuhhbNTS93VOMQ,Jayce,TOP,1974.8094277592338,0.287377724450135,
KR_7483543211,2,100,3v7jZ16aTGpUKoDaUtwSO3XKX_2aHY0BaGnS6sJGgOD8Da6YxHWz7sdMz8qSXWeZ7-6fO99XB9nHmw,Viego,JUNGLE,17189.291202213037,2.501415742281419,
KR_7483543211,9,200,otY5e7zzkrGMRO4E3j3JtXsjhhntexEFmU2XSm3l_wjjUo7Y1octvaJC096bajzpMAEUnEu5-TSiZQ,Corki,JUNGLE,-17189.291202213037,-2.501415742281419,
KR_7483543211,1,100,T8tLvTlFi379ZYVL8ZDM8BYF9GRQcvQqevn8Zs3Qqdvj4bdkG0u2M0FnmEPVfw-YZPW7We6vQeH1Qw,Rumble,TOP,-18660.171283415882,-2.7154607861896447,
KR_7483543211,6,200,sp2tvtUvHzQH9ZHQ2Y14QrUO8JLXFy7HOG0AKN3mS3tvSvQH5MfUNyCjaHdgg0Ai-caOT8GRJR9gOw,Tryndamere,TOP,18660.171283415882,2.7154607861896447,
KR_7483619843,4,100,sTXaPKBvFsT-e6g3LB7fuhMWUq0lesAEqZvtO-8qB5ryU6xpGJkdbcsbauu-adGlucZ_1MYXZ7L_4g,Corki,BOTTOM,14586.03665625462,2.1225855842590984,
KR_7483619843,5,100,q_b-GcsY2y6NnXeh8Ox1AA_B4mmQ4TD7RUtrwsB5bcWTU8OlaXDaEL06AW0jCKH60gvPxmhsyPP30g,Blitzcrank,BOTTOM,-14586.03665625462,-2.1225855842590984,
KR_7483619843,2,100,Vl4u0vynG0x_c3VBg0XSpnoVhqxM25KMMj9-qKZqR6Hxwxl7TBZZz3KZJ3bL7HlzcHVqXRSDbBcAkQ,Viego,JUNGLE,25820.057422970996,3.7573799492159767,
KR_7483619843,9,200,bqnYEzUGknrj5Yc1Ow7P3MVbk3n41r1_crz4yPw-_Dm1nq7-y_AQIBtPaA0MSK8fZLfHVmJHOsA6-Q,Jhin,JUNGLE,-25820.057422970996,-3.7573799492159767,
KR_7483619843,1,100,g9OsH9YLlErJ5JPmG_h_qn1swl_2Fz4bxMvHnTVOpBDR-LXsyRoUYaKXTub8I35gVzFyMy4UQEIsxg,Jayce,TOP,-8062.231865216234,-1.173230092406508,
KR_7483619843,6,200,uHq6Jo3alD9sVdrSfjN7uIPa5wjzfXnKudXovowzuh_WCKXBn7ToCNR5D7alP_qnX3F-9rx8Njwg2Q,Aatrox,TOP,8062.231865216234,1.173230092406508,
KR_7483693999,2,100,sC__E7ZIpUrYH6jCPbldayLgUBA4xS35ynVlOVkVjxsNtyPjpizFE_pzMKc7DEGw-Xlwmv3CRFj3Uw,Belveth,JUNGLE,7952.790781015811,1.157304034278175,
KR_7483693999,7,200,gtB0nsz4zT1MUt9FT5chEM_aSs37iMHVynylWmUn4BrMe4xV_FMb9PDPPmQtWXkkXyMqOs26E_5qYA,Viego,JUNGLE,-7952.790781015811,-1.157304034278175,
KR_7483693999,3,100,Jbtf8qEh0LhlKrtvmxijQJ9za3ERocnlpKAX1Wl-DlWvdG5jqTpMVoux7N49emjJ9eDNFiSGQI8CKg,Neeko,MIDDLE,-2072.8058819978664,-0.30163833999481304,
KR_7483693999,8,200,YBQLz2NGaXvFPvJBnwPC0shvmPOEwY3oQKI5kHY28Xz5mtm9BGDpn49bEAFjrRm_G7m6vrNneX60cA,Akali,MIDDLE,2072.8058819978664,0.30163833999481304,
KR_7483693999,1,100,5iyXobLS4woqVPQzl3NCZODMBawHRNhSATVSPoUOihSEli1qEZtOB0ivAKeej3ogHKbRwcKtnOBcDQ,Ambessa,TOP,-84.75805311300145,-0.012334140241611042,
KR_7483693999,6,200,JClpk2kNRXtXEOJk094Lf_3tHryWBnpgu4vIgCFJ-CfqoAhJ8iJk2-frmhKIHerQ5pQKmJ_43mQvdA,Olaf,TOP,84.75805311300145,0.012334140241611042,
KR_7483802549,2,100,HKNAeV1InsOhqf-Nu-R-NFac2AFZli2vDHriuAAIiZV3fvWAfo86JYOPt_KNM3nx3BqEzVHmKDGSSw,Vi,JUNGLE,-11645.779186054293,-1.6947141708425437,
KR_7483802549,7,200,fbEG1bGYu3EXw9e6r8WRPp1AUeHFnu2tU4cdHoFuArApzR6xZ1D9unChA4GkntU_CPj_XScTwwYtOQ,Nidalee,JUNGLE,11645.779186054293,1.6947141708425437,
KR_7483802549,3,100,_WglPSM8lyISpNX4rmMCtpHgXApcUUh0bP9C0tNnjytPs2tIfcZME4e0X9TFvPN4dv_IxkkKqGeHWw,Aurora,MIDDLE,128.98781527282495,0.01877053264676743,
KR_7483802549,8,200,5PNa9hBvdeu7c3uGpKPJJfw1670eU74XQ-AkP761ewdMI5eoO3cKQhtcDXsEJbs6rem6ZI-t5fk6Rw,Qiyana,MIDDLE,-128.98781527282495,-0.01877053264676743,
KR_7483802549,1,100,Hr_xFoHTgW1eWvXm3NH3SjIhlmbf0keglyW5w_t6XENZKXsbTEiv_6qtsEDLxHu3HL5X0ngrAN-IFA,Singed,TOP,-8539.693941627385,-1.242711209471036,
KR_7483802549,6,200,Z09zsev909RRVvgaPi_SqcYmNbEp8UiSqLgrzn0Ba8WD45U-unlAvPZloD9stHkaN7dEazix-S0Pdg,Fiora,TOP,8539.693941627385,1.242711209471036,
KR_7483912993,3,100,TRbaSp8arrNumyxvhKHif7ULaPAgEQTYFDwU2u-REQZLy8kBQ-TnbvgJk1yhdwBhAb5oF2ILLlXYpQ,Aurora,MIDDLE,-8714.974460364243,-1.2682183373523288,
KR_7483912993,9,200,t1GyKKUBbLE4RIKVPKMddMy3C7M2Ru_s-HJYlSHeea-NnKI89SmykoSjUyfVNLkgrHoNRDWoz08Tcg,Galio,MIDDLE,8714.974460364243,1.2682183373523288,
KR_7483912993,1,100,lRKyzJ4aai3J2HQPh_2kS4Z91DmydvXsGuEUP3O_FNW-GN0y0MFcCP3XOVlnBrmLh5xThGCGozr0JQ,Yasuo,TOP,-61.59884117824676,-0.008963971185136577,
KR_7483912993,6,200,OOGTjiMZDgaF0NeWGVLEJKlO3X2wMv2Y0-7FHBbBQBOj890fy7bbf2XpVKw2e19yUqIg1dR7dUWx6A,Yone,TOP,61.59884117824676,0.008963971185136577,
KR_7484042814,3,100,qqWu1I3cDUJupF6ZfnTgnOjJz8rO2zVE8eKe5t6HRd_RfAoqBkUQucauM-xlRTPh4DIM-Lyi5Sm88g,Lux,MIDDLE,-3922.5109314957417,-0.5708106563492958,
KR_7484042814,8,200,z6GTsMQYqrBXp_OBqhrMZwZM-0MDW4FZiwXg6Z_--Fzx76aQFaycSJpuJax2hnQsFyyd1d7i4E9S6w,Qiyana,MIDDLE,3922.5109314957417,0.5708106563492958,
KR_7484156826,2,100,CSqlJmAPT7AaP4iEDfmGHqE9nrFX6K2KAc8jQ5Lxju08n2lnkzumv7KcKgtJafvwgDAsWhue4CcwMA,Gragas,JUNGLE,1655.966054780095,0.2409790787404479,
KR_7484156826,7,200,8Um0Xv7dGnSrOskVMvzAW2cSQNL9Ab_d5mJ-OZixnrOvS2i__OCYPqT1Wxs_AxOymdQ2rBbIEhWOUA,Elise,JUNGLE,-1655.966054780095,-0.2409790787404479,
KR_7484247724,2,100,4MbeXo1d079TD3SkUdE6heoUc1zty9Ff7yVozxcFhgeyV2MOecNKOg-y2rH-QCaiLJ2SVfqKvkfiLg,Viego,JUNGLE,28597.360777428745,4.161537994489954,
KR_7484247724,9,200,KEEwY4YPlabxLhtHYs-dVl9smf6lqTXLwREpanEbY192KRWu9wO4V5SXLIJde4mIt7Ip-5MXF3paQg,MissFortune,JUNGLE,-28597.360777428745,-4.161537994489954,
KR_7484335091,4,100,YNiWpOG-yQ7lASEXXLqWSUuftQWKHQZDufT5ecuQZ4NI7OWSPvDVrfdQclEjpZtHDRwYl7PYaaR9Zg,Corki,TOP,10713.93730507581,1.5591109093132602,
KR_7484335091,9,200,X5nSO5uPTMPwxHeDbQzP2YqSn-EcaColsT3ST58x7OMOMMz7z5Ez_5dvTs-mzDTdMsP0qpti1z68_g,MissFortune,TOP,-10713.93730507581,-1.5591109093132602,
KR_7484394270,2,100,_7ZHR6wvSkIFgGoLCG407PZLqDjSpA9N7ejP5lENcoVWDQP5vKU56ahEZep2f6QnFHpBfmNBvd1meA,Nocturne,JUNGLE,6139.8999616060455,0.8934889891223158,
KR_7484394270,7,200,MNAemi8SKWVM2z0ICdhSQZHyiniX7lDOPzXlwq899x8vkiRBPqmWSmetXRNxr41IvvqXewx90T1pnw,Kindred,JUNGLE,-6139.8999616060455,-0.8934889891223158,
KR_7484394270,3,100,HCmFh-vSFJG900q6dxuf5Saic012nQShBEx34V6wdWbDAggagfW5NMN3kB5wwrqEhGbxcUgoCLS1eg,Akali,MIDDLE,3089.0953619361035,0.4495305639339369,
KR_7484394270,8,200,vx6dL5HVCa50G6W3vOOEnsYAt2p04Ws8veYgnlvz7s593zZl6qNZ6XTB_EeBCv2YsZlSNDZkkcqblw,Talon,MIDDLE,-3089.0953619361035,-0.4495305639339369,
KR_7484394270,1,100,rhuSHsy_ARFUHPceRanPxOVm59MYYp8HB8wc4DEBHr9WFlxXC_86jtnW8qmp_Z4IExidDG6AWdht4g,Sett,TOP,3251.9671880733604,0.47323195714911526,
KR_7484394270,6,200,wgpTUraKg-n5BJVf2ZbIYwuyU2DQeOs32468lNIsmkYGlh9Dw4ysa7MD52g7iTPd8mshLolzVjhobw,Gragas,TOP,-3251.9671880733604,-0.47323195714911526,
KR_7484451885,3,100,kWqyW1Xb8_E2zLpJCYzZWaK4qfNeuYcP_6bTAn9neaZuDCJa8ZwsJgKvHD2fNwyshbZPHbLBCgc8nw,Ahri,MIDDLE,8160.15987505306,1.1874807478020364,
KR_7484451885,8,200,9rNCgjlkmzuolY6303-ORlgezjitKHMcDiQFVnCt5DHvmhKoTNnwnSNrywMuuyZhilNm3QZbseTFIw,Orianna,MIDDLE,-8160.15987505306,-1.1874807478020364,
KR_7484451885,1,100,NwNAsPf7G8r9Ug6cS7PiSzXm-zkxMel0kgNqPVRXUdRKbDYdG483otEYjmwsiiEjyGCwntFKXeNhPA,Leblanc,TOP,3812.898207871343,0.5548596209515645,
KR_7484451885,6,200,kXP-8AzB9CM3WWtVZfS9u88KrtUtzHppsJkB_693CtxKdmMiE59BsjYnQdD2vQVJsMRrw6Vf34GnSg,Kennen,TOP,-3812.898207871343,-0.5548596209515645,
KR_7484590273,2,100,KkVVvLEdU5m8otYGepncIsZDrqnPlCd5N8_2DvfnjpFIv7zhe-xO4itOjE10T99-q1qbkDsACFJecA,Nidalee,JUNGLE,-1746.496599474872,-0.2541532420606709,
KR_7484590273,9,200,6KAITHM4y1UvaDYoXP5ALa5xm7SxOw4_GE5nk57wSxflDe9H25SRLiry9RXesNDVLBsJd49dHVxOtQ,Nunu,JUNGLE,1746.496599474872,0.2541532420606709,
KR_7484590273,3,100,wM6IXCcK3epVUj7bamIjmx28vkgO14Nhm2yLfapFDjj_II7GkSNyPyXIBIL0qY3z9oKNGuJSPJD65w,Sylas,MIDDLE,9075.118680876929,1.320627154684257,
KR_7484590273,8,200,_E8bvWEQew_vT4oqCxHxSyWG3Jx4UkNOjn_9urTXkmVY8hPFIU7WBMkPL6QKRYyiQd2R8KRfveucsw,Qiyana,MIDDLE,-9075.118680876929,-1.320627154684257,
KR_7484590273,1,100,szHIH56QlFqrdxBina4SffxT6XkT3xoaRAQF5i_j8MFwafwiULgWZpuKpwPW5w7FnmDwrry9jomvoA,Ambessa,TOP,3092.7391115094647,0.4500608087495325,
KR_7484590273,6,200,TDllxfDmaxP876Oyp6VRZ-27yiDcXPBhOniHK_5EcrrhJPSB3HrdOukmb3Z3QCkng945Bw8h1grQBg,KSante,TOP,-3092.7391115094647,-0.4500608087495325,
KR_7484711972,1,100,5VqPlnwU0t8doGgf2D7wRSTzZdtr8J5D5lnd5vOm1FZhku2AC8PX4_mlpO3xT9yJQt08C6yeqikzFQ,Olaf,TOP,-24617.531327358796,-3.58238624699274,
KR_7484711972,6,200,aLdGTbpKtagHP4TxcaUTbL8xGp0o46vgYsq4RcToUy4WOFquUrt4SFO1MWHwZgTjX93fnl2vUfdIvg,Tryndamere,TOP,24617.531327358796,3.58238624699274,
KR_7484986528,3,100,QCSpl7UPCpN7v-k9TO59nVxipbDsP2FtxGgbOlgp3371aetgq7agOH9NNjDXbjF-2JLwtjL-3xt02Q,Irelia,MIDDLE,-3826.8524095265707,-0.5568902608005689,
KR_7484986528,7,200,oIzEuBCfGWfX9mdNmSRqmH6CpyXsfBT0U1sY3tF5yex8PBtNFbqj5yNDVa-nMY-vfAlJUXpk07geBw,FiddleSticks,MIDDLE,3826.8524095265707,0.5568902608005689,
KR_7485071115,1,100,OIlC7peRjeMN6sIc6gx7mAyjDWD3a1HfjC3VeU0dxMbsZqQsOcahrcLwBSUPmnUQa9hVJyd4P-vnLA,Maokai,TOP,15518.050252912522,2.258213834154606,
KR_7485071115,8,200,7_PXdQZgpd9Uv9PbJRpB1oe6k9qkW--ZJjJ19Ax5CyuBGJr2uHnZYT9pgFe5t0LA7jVqkuaL47vuuw,Lissandra,TOP,-15518.050252912522,-2.258213834154606,
KR_7485152741,2,100,RWNUovfzn1YVFmbcu2VZQAm_ieQ4srLpYQRPVd6SBp-kRJ4iBk1u1AbZv0xb0J_pNd0BVZio6oZ9NQ,Ekko,JUNGLE,8574.837485006976,1.2478253594156212,
KR_7485152741,8,200,N8EqSTo9dhM4nDBWPrp-ULSK6f64NAyM2VPrxhWbiKp95nLreCAqoBtg-F11ng-vX9W5aY_MCELohA,Akshan,JUNGLE,-8574.837485006976,-1.2478253594156212,
KR_7485152741,3,100,ih9aQPPW4xMADtvB4IkZF6Fyv_mPWxSNnFDl46UphaFASrSpBSK7PO9BVCCb-s7ABV9L9fGPbn4StA,Talon,MIDDLE,1606.9386908853228,0.2338445309335463,
KR_7485152741,7,200,anpt2RkmvfYbtjnMucfmI1zJTAyDiF6fQJSL0oJrwd48HFI7NUxBReAwPXxdirC8hO1OtAB0nMSiww,Graves,MIDDLE,-1606.9386908853228,-0.2338445309335463,
KR_7485152741,1,100,zFFStctrHdVXt4VsKj14beKDuI8r5rqRx8EmErd9EnbXB5I2mhCAp0tvEZr-F2YHvZ4enGXn-GtUTA,Irelia,TOP,-13227.57599865255,-1.9249000116417525,
KR_7485152741,6,200,ReDR7l3MfyO83PTpyBFbtGuJQQmpVhYI3vbGqp_BgwD2ZelpoidZ-kEt_7HxlnwNsl9pew3nRpO2ZA,Camille,TOP,13227.57599865255,1.9249000116417525,
KR_7485268749,2,100,2OSEoOByyWzdF-7GfRv1pBi6WFcdYEbMTbUL41khpfBfGZe6w9K7mM75zX1O7jiB-fs1xBykfAii1A,Lillia,JUNGLE,6854.583305679306,0.997490960267061,
KR_7485268749,7,200,czZcRXyYUWqH9VMdrGZeTpqkZ_pn7wlgh0j3p84ZigqN2e-kfW1yYbJ9kep-vHimtMoMaAH5ZWmjRw,Skarner,JUNGLE,-6854.583305679306,-0.997490960267061,
KR_7485268749,1,100,YYkiGgMzW-ysxC4v_LEqc6-zwTnyhvtRRrBDuflF-oCc4iWURAlUlEncsZ1Nvm3X3VMNklyul5rNVw,Rumble,TOP,-9338.775414595762,-1.3589949440552278,
KR_7485268749,6,200,YrtgSvcwlTwwc3mykplHVY6FNK7q74DNmQGa7oqbUN4JIjWKinHCm7MAkpuqGH8OnN0dEagZi0xBDg,Jayce,TOP,9338.775414595762,1.3589949440552278,
KR_7485414681,3,100,kb_v0EIAx9y6xlPUQ_DJzrVm5xlx-v-bZDHTpvmrSk2YB90BUNKbMnU_DFj5ROG3_j-NZ0i8qayLIA,Veigar,MIDDLE,-21722.459828411163,-3.161090375202196,
KR_7485414681,7,200,d38Wo2aVTChFPHTErR1JRZskuJmHkDk3YVHpqCUDAFI9_t6DwRKs-BnwRZ_GqilItQ6f8hRuueXo8w,Viego,MIDDLE,21722.459828411163,3.161090375202196,
KR_7485414681,1,100,YrtgSvcwlTwwc3mykplHVY6FNK7q74DNmQGa7oqbUN4JIjWKinHCm7MAkpuqGH8OnN0dEagZi0xBDg,Gangplank,TOP,11893.18313701523,1.7307168268192272,
KR_7485414681,6,200,xx4sKrK8-GbFD6Kuyva-KxAqCakbjAW1oetWWX2VRSFiPCRO4MMc3riR2kcH_gP6Ey0u7vZ3cYfxLA,Gnar,TOP,-11893.18313701523,-1.7307168268192272,
KR_7485542950,2,100,AiU6hEM8PQdfI50gyqR1hwAWsPwFd8lZpxasmPmVMImhxhRmauWeXr0oIqrDH9Vrd2AjOOGzl78tIA,Nunu,JUNGLE,-8559.952516671688,-1.2456592727702072,
KR_7485542950,7,200,P9paedZt9zpCpm9ok1vXnn9CWScymwAV7YMyhtHHDS7onoqKre2FPvH_1HyrUf2zxNwA0nvOmHPJog,Viego,JUNGLE,8559.952516671688,1.2456592727702072,
KR_7485636818,1,100,MIDCm22qFa1YuFcxFLaBkIs7KblaOevw8hA-tox8aDzf66TKnDvGEm2XJdQpVXBOGoBHqHLvp1nJmw,Jayce,TOP,1425.1768927455544,0.20739423592931372,
KR_7485636818,6,200,YXMDyZoxYFONwUM2Yv2N7MVNOTnIFqnsv_Gs2lRbS7nmP4T889PjX4D9gJJCTW7_RQxvchsNfMvIAA,Irelia,TOP,-1425.1768927455544,-0.20739423592931372,
KR_7485770590,2,100,Q4RyyID1Rrr0TFqWBY_RhcWS3WLSnRKASStgxEKwwUjZ0oFiM_uFmJcNBZL-fDT50TrNQCr-JPO79A,Hecarim,JUNGLE,1052.0709363457106,0.15309920410407027,
KR_7485770590,7,200,b2h4pyeLTGEgl5d6sYkQw9Nn2pR6MvXvGVS__QinSxv255IOXUip8iztT68mV2o9n2loadYz9VeXlg,FiddleSticks,JUNGLE,-1052.0709363457106,-0.15309920410407027,
KR_7485770590,3,100,P2S8rsCmwZyrM276u9gL-7dChWvm4S0Ozp38ZYhEdD_0uZu6RA3p8CcVI_l6-EZW2gaiS6RgXXIJNA,Vex,MIDDLE,-3262.518346201953,-0.47476738014775316,
KR_7485770590,8,200,Nc7aCezYrVp_drc0LQkUulFJqZ1PymjbHzRkPd29-bk9e5Ccjpph4fRmiokZYPpLNKJycQ2dN_hBZA,Qiyana,MIDDLE,3262.518346201953,0.47476738014775316,
KR_7485770590,1,100,qy6LFBa4wld3KXdY_UCKtqPnEsKRNhBuGgUdgcpccK2GamJXX0jJQQeH9btJ3XlcvmrE1OKdTuYdiA,Jayce,TOP,11492.468421889076,1.6724041201003297,
KR_7485770590,6,200,wuLC7CriDEJja7D9UYt6Xzmb9VJ83rwqVaxqsUWhQWs7l-xbSKeJiJv2tmpzNMVvn6QJuWR49G2C2A,Yasuo,TOP,-11492.468421889076,-1.6724041201003297,
KR_7485825658,6,200,shSC9R0eGBfVnl3OtmjsqT8vNBx1yfqM4PMz5qwbVdGIqBxVkd_SAXHCXFAEDgVmmaMzHN8Y_MDe3g,Cassiopeia,TOP,5556.592090240418,0.8086050067133846,
KR_7485825658,9,200,RAcslrdkK_wkSQtBaC41J4yz-EYYqtN-4y4QH2pIjU7a-PDrS2KeXI0Vqq2r09oOTAqbz4TbDJoZRg,Kaisa,TOP,-5556.592090240418,-0.8086050067133846,
KR_7485880810,1,100,TnnWBdnBP7TaKjrb0iV46Cre6J4MH6uLuZ3qf-K4VAe1OGechVq4xGISw0qdt1c22jE__zuRIpnRJQ,Ahri,MIDDLE,-31332.195393346075,-4.559515914598204,
KR_7485880810,8,200,xq48jMSekE3VuLaHXHMqrr88eZqIjVWIEqdMas2OJiqmgxQ9-sS-Pohlm6toVVF3Agr7sl9RQ5wong,Azir,MIDDLE,31332.195393346075,4.559515914598204,
KR_7485880810,3,100,wzeMgl-kYyZGkPCWxN1bFE3Mi1yzbCy4lIlT0qauqnxAzCoKKBCov1EBGDRCYCxCW0aO04wKeiJlrg,Vayne,TOP,-7248.748899006132,-1.054850627318747,
KR_7485880810,6,200,DIgfWbZIyA_cMuHGaj4RP5Qf8TwzvuoMU1kZDullvn7i0BaKFMuAbmNmLFgn_tYmjK4R7wcZcIYpFw,Trundle,TOP,7248.748899006132,1.054850627318747,
KR_7486007531,2,100,x_nF3tEJ6rUJdqmR1O9Fnadlx2l6ruJtNT5Sdct6aBEPmR3JWZK0V8i736JAKXyEHvMzqid_MyeKag,Taliyah,JUNGLE,-14776.386384870642,-2.1502856099377494,
KR_7486007531,7,200,CjnxeaWjfTZ3BOvV4fhobDlQUqnxOUVhQc9DJt4TY9y3X5WEbJS0DE3JGmXi5qh929dgkD_c3bJAlQ,Viego,JUNGLE,14776.386384870642,2.1502856099377494,
KR_7486007531,3,100,z6GTsMQYqrBXp_OBqhrMZwZM-0MDW4FZiwXg6Z_--Fzx76aQFaycSJpuJax2hnQsFyyd1d7i4E9S6w,Qiyana,MIDDLE,9349.81576008974,1.3606015544555043,
KR_7486007531,8,200,8u2Y0sd6_0tEGfLpVe3f4ZttSCFiK5GBeehvxn0ld1vAMSoNA0F-B1WhkiDVuxX8q-bvtxE1tk-5QQ,Aurora,MIDDLE,-9349.81576008974,-1.3606015544555043,
KR_7486007531,1,100,fuLZOlEoYDtJ8lOnsLymNaAn95sccl2sB7H_uiaIrHbdM31ZdiWDP0tln3lC3lbSVdLqhHVCDf2aVA,Singed,TOP,-1752.215707826988,-0.25498549671826576,
KR_7486007531,6,200,DwiExsYt-cPiLp85fXinGoVt9y5RSSqDfNAovEq8HCUF-RW3eUrqLmyjmwj1IFCB1ubS_kwKbkUfwg,Malphite,TOP,1752.215707826988,0.25498549671826576,
KR_7486176228,1,100,EQoW2LVpri_UHTt5d8nOooUGatmhFqsh5CMq1kHaEMtZ2uuH7dVRoeaWtoFGaGALL98a086YaQn6bQ,Maokai,TOP,4762.822841905654,0.6930943163558999,
KR_7486176228,6,200,fuLZOlEoYDtJ8lOnsLymNaAn95sccl2sB7H_uiaIrHbdM31ZdiWDP0tln3lC3lbSVdLqhHVCDf2aVA,Singed,TOP,-4762.822841905654,-0.6930943163558999,
KR_7486311200,2,100,n7AIDl9Yc4wOwcr41Ic6xoDzIBchVvxJPpK8iX8G4DyyNuFpcDPn-fKX5Cok3UDzsoRmu4orPKWqTA,Nidalee,JUNGLE,-16751.090948822217,-2.43764807442305,
KR_7486311200,7,200,gA0kcu6ZAijRwlCFcT5UdPBV1jWEcitiipoYyvbOKdNYpQlnMyMSbw57f9HB6vfAipSKPIBwPSf40A,Skarner,JUNGLE,16751.090948822217,2.43764807442305,
KR_7486311200,4,100,fJG5cjLrYeUIsZG7w9ifbEhPyaznMOxcRZV74u7EORUO5wYDHjkMmFW8StD4vXvXkYgbBx49QQy4_Q,Yone,MIDDLE,10246.024533918337,1.4910194238634624,
KR_7486311200,9,200,P9eSiyVOfuQGgHSXyk3a11RopivgyuHbkgtLsAuZvLrQAouwTaIfMMJUrooI2UqwoI_ZwcG00ma6vg,Ezreal,MIDDLE,-10246.024533918337,-1.4910194238634624,
KR_7486423706,1,100,IJCa4-dTZE5vzx0yFN-wKEyzVmOe7T0E-48iydcJ8zq2I11R6TORm_KydiZJVHMJV4-JeyuvI0tLcQ,Jayce,TOP,-4718.8677938748815,-0.6866979008316371,
KR_7486423706,6,200,L08zbcmCA6M9qyH8nn5BAAvQK6uG09YHkU7lavS1pxV77K1sjFYRHrGx1ua9sJXirBYeEs-6h_QVaw,KSante,TOP,4718.8677938748815,0.6866979008316371,
KR_7486503057,1,100,2kWZ8PHMd8r-JqH6jp6UiZlcZQlg2N4TQCWu7URgiHa2Wq4O_MBLUWyOduXGrGH9KO3__xLfoPIvJw,KSante,TOP,9161.351745670094,1.3331759412072886,
KR_7486503057,2,100,xDFFhYOduOpaTyZ9VBszwiAdvVNim33nwn0mM3hh0DOG-A06SdIV5J_4eEj8OeF28Z1XJk-Lr0BsFA,Pantheon,TOP,-9161.351745670094,-1.3331759412072886,
KR_7486755103,6,200,pHqzuUx7NonxAoHilfDK9isWbPaOcMehsh0B2UkwXFRgWp2DDQnAdTLSSIJxhTC5Pp2_iJmIX0kZNw,Urgot,TOP,-3601.386866690446,-0.5240801203731558,
KR_7486755103,8,200,h1SCSY7OeuTxWIK3oMVLM0xRqbbg0txAvCFApegVU9bzTy8p2uAFivkdqebcUcSMo9p421tUdc_2VQ,Cassiopeia,TOP,3601.386866690446,0.5240801203731558,
KR_7486952905,2,100,S5-isyema71phrH0Xcim1BpeAmb9iM9x_atH7lj6R4DW4cmJ0a9e3hxSXBz5eZD_xnPyXmuVciaWKA,Viego,JUNGLE,-18581.843400453097,-2.7040623755630646,
KR_7486952905,7,200,7B_pgto1GCXIVE0A4PSo14xaPSZcIyUF_s1cy9hQM3XomOmrPHI_17myu0dGT0U7J0hk2kpGmvuMgQ,Nidalee,JUNGLE,18581.843400453097,2.7040623755630646,
KR_7486952905,3,100,0XXQAHlGZ5HFhNh15lPFV-SAgSXKh_h2uaqwVFn_-iPXlyhh65-P2TTohX3dzPYlrrhl2IhlaHf5sA,Mel,MIDDLE,-18301.008230895535,-2.6631947501413067,
KR_7486952905,8,200,UQJ0f6mLx3QBY7Bs2TufI52iWjFevbKNn3-VOK-OUrZAt5Uyu_yCtguBeNFcYO3Ic3AOWjyW6A4qzw,Jayce,MIDDLE,18301.008230895535,2.6631947501413067,
KR_7486952905,1,100,4Up6raifuCEkJED53lb_YI9rmyTvknwYXRTaXbQdPeFmnQ_g67-yGoLcYSYLhKhRx-ljCjBRuCt9DA,Irelia,TOP,2821.161617106197,0.4105403764200007,
KR_7486952905,6,200,2IWjXXEl5tv2_4KL8psls7SN9IHghZLf_fkJgvPazxcRHzREMealsdwlZGhmHpCPuGpeAF9aHfOs8g,Renekton,TOP,-2821.161617106197,-0.4105403764200007,
KR_7487126792,2,100,1O1mxb1l1l8zpxLC1k6GHCWJZuxOqEKpVKlRWWFQbj47KD-r_3OlJ36dKXXM8XednkR850yLc1T26w,Rengar,JUNGLE,14450.379969032492,2.1028445856936955,
KR_7487126792,6,200,CnRUF4cAVxHbu0Iy6RGRs9mfCJsY1HksXOUMz8w3R_96lS9_QX60kmTOxMB7zs8diiCD44b8wPV5hA,Singed,JUNGLE,-14450.379969032492,-2.1028445856936955,
KR_7487315751,2,100,pzRzcTIEpMeIGT87oyK5ZuGHftuM1OxZBiWeIJrqTQbCs3KOfyS3OJa6vKbYP2YDE21Gu3Xo9WuKaQ,Olaf,JUNGLE,256.3883234147321,0.03731007758156904,
KR_7487315751,8,200,za95mLSEjXkLETiwfyZgff84sPScT8lJJUHB3_eQb5MPfv_x4v9_bl8hi1RUmuuNJMw2kmThOtpx9A,Vladimir,JUNGLE,-256.3883234147321,-0.03731007758156904,
KR_7487315751,3,100,KyARHa3rXeNm_rukgUzP3lnk_PNGls_rUgEu9AAL5vplcQLnreunXXhx8PbYoHfJYehyyVecVy7f4g,Katarina,MIDDLE,-17305.612436231848,-2.5183430118536974,
KR_7487315751,7,200,movLc_CIAlAPLKy64GHbbu0fNwWlQ9E6yCH3Bn4S5TqbxSjrVT7bkSLMMdGm6DLfWAbYYkGITMXXUg,LeeSin,MIDDLE,17305.612436231848,2.5183430118536974,
KR_7487315751,1,100,qy0gL2CPZMrmeUKjIjgv2PyZmTOGfcH-HUiMH_2fCs1iYK4B8yHzYRwiwu9NoH2ZwQpYBGuR5oMSJA,Jayce,TOP,-15423.941528706517,-2.2445189678889967,
KR_7487315751,6,200,3PQ6YBvk1s4J12O2GQc1KsqBQnaP8Esos019Vsjto0xdlDtjpZX5n_pW7W2PEmSEqa2xDb3Crw_IgA,TahmKench,TOP,15423.941528706517,2.2445189678889967,
KR_7487467536,1,100,CnRUF4cAVxHbu0Iy6RGRs9mfCJsY1HksXOUMz8w3R_96lS9_QX60kmTOxMB7zs8diiCD44b8wPV5hA,Singed,TOP,-11541.06630787101,-1.6794761695296367,
KR_7487467536,6,200,aOSXrJtu-9BjFh8AHHuEQWXFRLCjFsZrKOkiiRCI9I3UHMgM-PdCLz2Krp8GlZ_N9zFz1uj4ZWCfzg,KSante,TOP,11541.06630787101,1.6794761695296367,
KR_7487581400,2,100,8Um0Xv7dGnSrOskVMvzAW2cSQNL9Ab_d5mJ-OZixnrOvS2i__OCYPqT1Wxs_AxOymdQ2rBbIEhWOUA,MonkeyKing,JUNGLE,-1999.9120290685032,-0.29103069892991673,
KR_7487581400,8,200,1O1mxb1l1l8zpxLC1k6GHCWJZuxOqEKpVKlRWWFQbj47KD-r_3OlJ36dKXXM8XednkR850yLc1T26w,Rengar,JUNGLE,1999.9120290685032,0.29103069892991673,
KR_7487581400,3,100,6r571uB-kh7FHoG0z3PLTmhUI8KSaRnB2PrBbdbWBb1p951c0Axrin7si2W3ArdhnLh3VbmQJ6jSTg,Aurora,MIDDLE,-811.5179019580702,-0.11809350549833961,
KR_7487581400,7,200,GVhEtI0pGyRgPpsIJYz9vBWCRGDg8IMVWPEULeQE0K873Tao4sMI7tpRH_pmt-Rp83SKsjAwPfcuXQ,Sylas,MIDDLE,811.5179019580702,0.11809350549833961,
KR_7487581400,1,100,mfBTWz8hcGQRwh3jlqGJE22ByHv3ptgdJc-HM275pp7CG3J-XwVQ_0MP-U4DoPlkOErmbLsp6jEBEw,Ambessa,TOP,-13987.535824300865,-2.035490695633039,
KR_7487581400,6,200,UFT9kbbZA-mKNs6Ywy-w1PKJd4IyNQiiWW-4Ly5ENnzHc5yNErSvT31FFY7T5g9QZJbmP4mb1vs2_A,Nidalee,TOP,13987.535824300865,2.035490695633039,
KR_7487660679,3,100,Nz6cd19RqBPcnBRa9jVVvGsyOdCnuBpqRq61KL2LgbICVST-aqd9tF4axa9MGmNaG4ePBaJby5-tyg,Jayce,MIDDLE,24140.601029809965,3.5129825153190333,
KR_7487660679,7,200,Jq_fif6vf2045bpbe4opfGS9jV8pmZBcylkxucrK9UqMJH0MCc5LreENDEorEx9vadZPDsQcXjUVBw,Graves,MIDDLE,-24140.601029809965,-3.5129825153190333,
KR_7487774980,1,100,DmH0y1023OsgrABsqFB59xJnMuRaH6b8RgmDXBRI41KBYmOw2foH39cM5q-mCt5d5cSb_51NYoKBbQ,Pantheon,JUNGLE,13.277426917769944,0.0019321544046461245,
KR_7487774980,2,100,8zYp5ZAlGfltviS2FnZKK6HmVsFUn8P8R3YoS9T8JV6ZCnJAGX9aTlGA5HzyqSpmW1MT2Q0U4YQE8w,Viego,JUNGLE,-13.277426917769944,-0.0019321544046461245,
KR_7487979857,1,100,T-OB8zoDSsIubrCEebROPgytPFuQEm51NwX8Gy1CuKux3JmV8LIfD6rSgQQnnikHnmhy2U_-2vuwFQ,Cassiopeia,JUNGLE,-13030.738714115172,-1.8962559054702117,
KR_7487979857,2,100,Wr4NMwZo9ogBWGaWXIdS3CB_I0orusfNG99uo4s_n_hzAf9iAwqyuGx3VvKD8IL3BU9Na-9MuUNHMw,Ekko,JUNGLE,13030.738714115172,1.8962559054702117,
KR_7488152331,2,100,v2dt2l9p7SCMTX5UL8EYZ4PkUQzqSFvV5o0j_uhhU5tFEmRmBPkQh-BaNGDH39ViTSFZhl2FJv28PA,Viego,JUNGLE,-10163.522357143213,-1.4790135626950154,
KR_7488152331,7,200,_3YK521He78HW1SVEJb3wV_JLZ3LWEjSGKuuBRFldi_AFsVYNQesiOBgsGwCf9A9OaasS7Sf1lbWoQ,Khazix,JUNGLE,10163.522357143213,1.4790135626950154,
KR_7488152331,3,100,uwkpUVOJh65Vhhq2kkXkTgoaOF4I7hStQMXwxF5zhdYSUZ1mGj4ydK6S54QLWu4XZjQpUs7dj0dsPQ,Qiyana,MIDDLE,4020.3880123703116,0.5850539004730955,
KR_7488152331,8,200,gobHWmRql_7mJb0MZCPjZK2kZGKoIL-B4MmbKWZSOCeSAnqCoRNhY2RsJGaFf70pUOIWhRBCZvLiAw,Orianna,MIDDLE,-4020.3880123703116,-0.5850539004730955,
KR_7488152331,1,100,Qd8eJM9xhdJQcLU9TqVKbPuYmHYTf9ybwjERP2Yn0BcYkUFLydhgTWDv6RqRWY7dx0X6QLmNEdwmtg,Karma,TOP,-3579.49279861397,-0.5208940572653281,
KR_7488152331,6,200,4KRENS5MnfFtoHt551MyTRTRX0g8H_sNLBeqlU2ar8Fvl-QO53KOJ8wmdyq4w39Eq-pxPbJeBQplHg,Riven,TOP,3579.49279861397,0.5208940572653281,
KR_7488286795,1,100,Io5a2tq7Wdi4RRUqcmHkIoHKsWf0KhRosmBjQl-3fh6I7YHKRkwsadUh39OAeXE_lcqnfHiGjPriNg,Fiora,TOP,2696.3384680894146,0.3923758932962567,
KR_7488286795,6,200,YhAv_cnAXfweYFsTKRZovqUdfF4YABdGqsH147ao3Yvpn9agn9a1ssCJWku-rgsIbOFSOxgRauDlfg,Gwen,TOP,-2696.3384680894146,-0.3923758932962567,
KR_7488545347,1,100,ijPniEQcEjW4hcNtjkT3PNlE9Zf1yQK0Ow-BqJQK-iB6u2q3xHulfc3L4G-0NW_haMCgeKoM6YV9QA,Cassiopeia,TOP,-8095.402801129152,-1.1780571850598744,
KR_7488545347,6,200,EBFRlcS8dbnFX9FGFsw0juZmYntGCTLROAaMWdy8fpRmy1nf-4f45c_W9sUlXFKNKxIfUW17vM_Szw,KSante,TOP,8095.402801129152,1.1780571850598744,
KR_7488745136,2,100,wRRWFdKZ0RAAKHLkxc9KY3Kxi1MamtJqdJ-kAttdtnnCFqtxx9gDt0GdceSuLQ0rYjCNV4blaGflag,LeeSin,JUNGLE,-3466.67811570553,-0.5044770671481715,
KR_7488745136,7,200,RWNUovfzn1YVFmbcu2VZQAm_ieQ4srLpYQRPVd6SBp-kRJ4iBk1u1AbZv0xb0J_pNd0BVZio6oZ9NQ,MonkeyKing,JUNGLE,3466.67811570553,0.5044770671481715,
KR_7488939778,2,100,dXjU7d5fQ4eSNfxc-v4qtXK76YTIFi_j5qHb7zsW5PDJaaUDNu8gKlCAa5mZfSlXwY5FfLveyeilgQ,LeeSin,JUNGLE,-6690.921599920827,-0.9736746223868706,
KR_7488939778,7,200,jKYB8rAf8niML9X_OevSP8B6S5RO5_nYIqasbsLqsFOxBFEfd1I301-IJevklF3I4BS9B7nQcGNUVw,Viego,JUNGLE,6690.921599920827,0.9736746223868706,
KR_7488939778,3,100,Aq21CC70TBC5qJ3ih181QhKpzhzTflRiXqnhCzctkuFz7Lu6uKpc-1VrerbN-0hnl3SowTUnrSSEXA,Aurora,MIDDLE,-7312.284556419214,-1.0640964473923997,
KR_7488939778,8,200,GgHsT07WovzFNEr0rPVtJvcu10V3OhD4s0GsnmnqsKgwjJOWYxU7IvUsI5K41ZN6QHNjuCJcx-mcVA,Galio,MIDDLE,7312.284556419214,1.0640964473923997,
KR_7488939778,1,100,QCoNGXggrYY2ObzsFcnt8hrk1eLmqJ7FLeRhPC_YVgu25DnH9TJadJrNNenS_3_3SKrwkc01lT9muw,Kled,TOP,3589.992391602232,0.5224219764144903,
KR_7488939778,6,200,K0caY2V9YuCQ2V2xBM8p6RkHErA7dA4371q-j_NEb_42bX5Q4Zc7mA7_bbMkNI0aFxRcYnUshe9EVw,Ambessa,TOP,-3589.992391602232,-0.5224219764144903,
KR_7489143825,9,200,-9AgycObqvtk7K-WRiEL7OhV1HgBl6EKASud_r02sZvo26kedkoV52xxyI8Nf1CzrhmDXZ4MONSrpQ,Kaisa,BOTTOM,-168.03293780891875,-0.02445244721916805,
KR_7489143825,10,200,_8UujuP8pAHZCeAP3lrE6OqGXU1BQ04YPncScgLnsuBb0Ty2cSL8fi5vyPCjH0AZM5fiRvRmQEpCng,Rakan,BOTTOM,168.03293780891875,0.02445244721916805,
KR_7489143825,1,100,cbMMLhDDtv4mtqMP05J6a_I48dSV0KCe4BPgQI2IpxkRa7XKZyRXieJPE4-qygO6CZsuNRqGE-pSOA,Jayce,TOP,8928.35743744899,1.2992702016634032,
KR_7489143825,6,200,Mbiy_CF-WE3bdB4B86s42ojNhuNXZBJtk-6SYvngt7p4DlNXRWHNlPsDFl1ncV7BcWgXg-hyjcHylQ,KSante,TOP,-8928.35743744899,-1.2992702016634032,
KR_7489321773,2,100,L56PWrLM4Fa1xENo4GS_qCGTB3n5E-mywGf9KvUD0DEuq3JNLGYb5bBWV6vZaeUTr99fq9LjfntMVg,MonkeyKing,JUNGLE,-1489.5934886011405,-0.21676825170703223,
KR_7489321773,7,200,a7Bp3oGLHNVKG_ZgwRXi6Lvh2UxZxO4N1q3DIPgKB3YmVhdwu8ldBQAIfLnV638TTi3dOsfn-w-2rg,Viego,JUNGLE,1489.5934886011405,0.21676825170703223,
KR_7489321773,1,100,A-Z_AaM67jCgwIpr3e54SvbqnxJ2uTAqwGKTd7eogC6otN3xTfkhCiT_2Z_y6dzyAdx6PsNibpJ0AQ,Jayce,TOP,13185.128966758315,1.9187230452651698,
KR_7489321773,6,200,Chy18wZOoZ9ugQHuO6boS6wgtSU01jLuY9qjX-3y9tS7AzhkxtCcBLm_kc6gqTYGEm8WdSS7rfX30g,Pantheon,TOP,-13185.128966758315,-1.9187230452651698,
KR_7489449991,5,100,pZJba0GbtAo72mtmTVufV7BmQ0sNJF4-dB5AZLoOYP8Zp9xScVPY0sVpuOnDbQrfoncdz0SVp4eyMA,Karma,BOTTOM,-16596.798797348234,-2.415195210481935,
KR_7489449991,6,200,aLdGTbpKtagHP4TxcaUTbL8xGp0o46vgYsq4RcToUy4WOFquUrt4SFO1MWHwZgTjX93fnl2vUfdIvg,KSante,BOTTOM,16596.798797348234,2.415195210481935,
KR_7489449991,1,100,_rSSWD0PLP7DX6-jhjZ42k7EQY_SvmMC9YP145wSYkNrgKZRxkyPFzgvgfz2JWOr8ocVJy7UXRAT2Q,Warwick,TOP,9171.696483669157,1.3346813255873788,
KR_7489449991,9,200,TpptFzF2od1BZjn2hKLKKGjMt9GaqI1nFlK663msYc6etJWWwdLIlFg5T7Xe46r__QPUTMDfR8WRVQ,MissFortune,TOP,-9171.696483669157,-1.3346813255873788,
KR_7489655164,1,100,V4SWotri1hzhCevpTO-pH2zZ66ad9w9C9mnXAbRDtIeEv9EzYSZzkI4q5RqZjKWOSfcu_Ch3vgaZbA,Teemo,TOP,-7546.197674091332,-1.0981358936957955,
KR_7489655164,6,200,-zX_vSMCfKH8Qts9FiY3e8WegjYJGZ8fn2iPmglwBmmSkYXMU9vxxVhm5F9sxLhay_o-hInOnOMhbA,KSante,TOP,7546.197674091332,1.0981358936957955,
KR_7489798451,2,100,yYGfXfbdGy7b8JAUPHPBSi0o9PL8-uGmPp71dBKkQKPsjNxan186L9h-tuZj1mpaWG57VYp6ufhsbA,Skarner,JUNGLE,-5135.172945771677,-0.7472793551974478,
KR_7489798451,7,200,EX8zeQRRdG2z1wgoL5oSjcNetrY1nk1_2yy9oPouAeEbe-HwOUrg67PPvonp6PIxDB9zexF4grZn6g,Viego,JUNGLE,5135.172945771677,0.7472793551974478,
KR_7489798451,3,100,lXi4wBiic2w0Aev3YTJ4YMyC2ZTE0_YbXmOBB6w2LI3vkujv0qkCa5FTb8UxZtQGibpYhmFEovhSvQ,Corki,MIDDLE,5132.0255627794295,0.7468213425155297,
KR_7489798451,8,200,Nz6cd19RqBPcnBRa9jVVvGsyOdCnuBpqRq61KL2LgbICVST-aqd9tF4axa9MGmNaG4ePBaJby5-tyg,Mel,MIDDLE,-5132.0255627794295,-0.7468213425155297,
KR_7489798451,1,100,nAcxYyaM5Q6CFC4PECgvpnruO0Q8hPfSbn2pBEFvs_LaUzQsX_k8oN8XaiTujv6JOT159iM4OAqKrQ,Gangplank,TOP,-3897.5966252728344,-0.5671850829000558,
KR_7489798451,6,200,lxTAV5N6LlCEKggcUTsYLZyZqrvmgv_52eW1GWK8dllZt_6nbXDwKrJGU1pJP7Uopwzjra20YUaqng,Warwick,TOP,3897.5966252728344,0.5671850829000558,
KR_7489990508,3,100,zL3jDVqakusuosLwztbESA5KND5k_V2W48N4-TPAjMXrF5iLfW8OpZm2gVm_wGkxvOPJfB8-yfMyHg,Xerath,MIDDLE,-11402.332187340066,-1.6592873374826824,
KR_7489990508,8,200,Mu-t7fC1a0-ztSi7VGyjw0TI_B1vCFMWxSyaVjk9WeeL2efDuuSsGBj0a0JC2iOFfuiRiBpQoVVFXA,Viktor,MIDDLE,11402.332187340066,1.6592873374826824,
KR_7489990508,1,100,_KYCosk0sttuuB9X88B2n8EFkhVSRnWndieCOCh4NpMmzPZ0x5CJf-MshbV1CJ6-C94Vo5NgBjc7Tg,Aurora,TOP,4548.25958866767,0.6618706961931611,
KR_7489990508,6,200,hT_FBW7usUMKq_DfxaimjksWkz0JsrwOWIA2vr33hXqFVH9NuUSG5oqqnyn1lcLP_eZ2-2HlA1pd4A,KSante,TOP,-4548.25958866767,-0.6618706961931611,
KR_7490184663,3,100,7_PXdQZgpd9Uv9PbJRpB1oe6k9qkW--ZJjJ19Ax5CyuBGJr2uHnZYT9pgFe5t0LA7jVqkuaL47vuuw,Lissandra,MIDDLE,11311.190400621306,1.6460242251532684,
KR_7490184663,8,200,Nz6cd19RqBPcnBRa9jVVvGsyOdCnuBpqRq61KL2LgbICVST-aqd9tF4axa9MGmNaG4ePBaJby5-tyg,Mel,MIDDLE,-11311.190400621306,-1.6460242251532684,
KR_7490324521,2,100,wn-Y1K32_NkI3pU8930tSSHEsTBqUctON4l5owh7kjzg2QBtmI6Kr3choF9gobpHi0iqQGJjteOy3A,Nidalee,JUNGLE,-10463.542004006173,-1.5226729468329778,
KR_7490324521,7,200,hKNDL0up8nY8XXYlxGcidnCWfmWm1fci8YePFLPHQtayFViQWrh-5df61ZB26jttq8e02YlnJVHSLg,Hecarim,JUNGLE,10463.542004006173,1.5226729468329778,
KR_7490324521,3,100,QGt1mrMfZNNcJEswfQkwDqqW7yyAHIGGfJOn_V3aApXyAj3s_IbVIvoHIrRnlP8zTcBk0rYX7zJK9Q,Leblanc,MIDDLE,10733.085302009109,1.5618973593418655,
KR_7490324521,8,200,qSUgBYwBmV1_zeRPK-f275P7b3uUxRT3r3ATWFGKXM7JjTT6Fg5-mW1pULeEavfi21kYm8LFbQbylw,Mel,MIDDLE,-10733.085302009109,-1.5618973593418655,
KR_7490324521,1,100,A-Z_AaM67jCgwIpr3e54SvbqnxJ2uTAqwGKTd7eogC6otN3xTfkhCiT_2Z_y6dzyAdx6PsNibpJ0AQ,Ambessa,TOP,1142.335443648236,0.16623465319732572,
KR_7490324521,6,200,7V2RNguHCy1dNaOx63_DQUrHQ0yrIP6HQjgFkCshWXnhl42fg223_O0Znq8Yf_9D4OHH832x_iQ0qQ,Gragas,TOP,-1142.335443648236,-0.16623465319732572,
KR_7490462831,3,100,JRSToCe69po8x75rF-YqeAQm2cIfDcNWutxNoSKEYEL8I9gUsJGZXqFSuSYySYbK_8LbnH4yLFHHRw,Aurora,TOP,-3778.1928084364627,-0.5498092304806999,
KR_7490462831,6,200,Dq1stnX7yCtI7qgTrGNJvUSONNK27JXkH37pB8SImGOvrmb96i-2ZvMarinvOAf_JslaKMuSVNsBOQ,Shen,TOP,3778.1928084364627,0.5498092304806999,
KR_7490598943,9,200,DbqvRSHsalKP4eBWP_-z8aM3zqe8Zp3qcqncNX0iwb5TcdzMS18N2zxr_GRC6xmeQkYgftPNCGvWOg,Jhin,BOTTOM,-3618.691185608034,-0.5265982751499124,
KR_7490598943,10,200,iB2epDT4TPvEaNpJXTJVQWDvs66xu_BvQx2YTgK8Br4j4ibyw7aDOOa3kVO3Mlcuzr1i9sqqxbj5gg,Nautilus,BOTTOM,3618.691185608034,0.5265982751499124,
KR_7490598943,1,100,5iyXobLS4woqVPQzl3NCZODMBawHRNhSATVSPoUOihSEli1qEZtOB0ivAKeej3ogHKbRwcKtnOBcDQ,Ambessa,TOP,-1421.7961240007708,-0.20690226054418986,
KR_7490598943,6,200,49-zRGhv7cwdXJlLPlOc3pKkXJAKG-kY2yV6K3kfykcLbaZreNWA9EG4b9k6qGdicKI5-tke2JjFrA,Irelia,TOP,1421.7961240007708,0.20690226054418986,
KR_7490761686,5,100,NrYia8qqj_G0p5O1fn98vItyCDzrvvg9PniK828_Wjin33zfAhWlHd6gomOABFmuaA0GmoOyeuNauQ,Poppy,BOTTOM,-3905.4951290386944,-0.5683344869928695,
KR_7490761686,9,200,RTLk3L0dbqjOp7wQ3WjkHpq9ON6cECsUeE-GpljMqYxNUvHH6KFIlN8Fcetfbrif2KnAID0Zmtg5fQ,MissFortune,BOTTOM,3905.4951290386944,0.5683344869928695,
KR_7490761686,6,200,JANv1hF44mslzr5mioR_6SwJGePvkvPi6kZuH1zEdV_ObVHlI5pdw2AFc5Fg84qkzouvhWTrmbS6rA,Kennen,TOP,5276.334846017097,0.7678214819978125,
KR_7490761686,10,200,lMkaGoTb47JF3YYJiAIiSrb2RXieEgLXIQBlIrjFsUL5RXdV0YV2ROK1xFHTrmVNP9WAb23SHDWy5A,Leona,TOP,-5276.334846017097,-0.7678214819978125,
KR_7490931675,2,100,MGMO2dkpLmkDT7JjORmpp0izSLIek0fyWOd0Q4r8rnMGZKIxIkYXC3GzH0s43Yzc4Dlh2UGtSgQ88Q,Viego,JUNGLE,15443.896606530296,2.2474228657414237,
KR_7490931675,7,200,ZapfZb6wtWhLhLQOKLmoOeukfv2i8pXwGtLlX6vuHmBiH8yvmDX39QYFY2LSTfUSqxL1tCpn-8Ke5Q,Nunu,JUNGLE,-15443.896606530296,-2.2474228657414237,
KR_7491124387,3,100,vUYAqy_Xn2l6q_V2LlgIC2_0rPtmde-LjSEF9tqDQVYPC2GGtn-C3i7gTmCy_ZPj7_9HqZ4OexoeeQ,Anivia,MIDDLE,-7488.3602898756435,-1.0897192963115545,
KR_7491124387,7,200,wuicHM_pSRIMSaJl7yMg-a59T2w4TEQ6wQcoSgHhywlKN8e2KAIV2FXIv_4wzYDOL2VYa9V0alDzpg,Pantheon,MIDDLE,7488.3602898756435,1.0897192963115545,
KR_7491299943,2,100,FySTXZBG7jd8d-iOSlqHfYq3fEoByl4r2maACtm_UXV5UeMDHBwvQyJy2yxA_Q4S8T2e1edbuVHgng,Graves,JUNGLE,-11829.457564323011,-1.7214433699417444,
KR_7491299943,7,200,PwIanMI5j-FEnEV7P2yYpGVjOSb5J5dyX5OjGbO0jKlQQ2BMWdY-78Sz0JOreKRq0TCFC8iNJBrtfg,Skarner,JUNGLE,11829.457564323011,1.7214433699417444,
KR_7491299943,3,100,BZWTebPySQAvr0t9Pqb0Z_-MJ8oEfwP-FSDAWlTi3oPrJnZJthxN-XbYl-inkJxofOHFGQwNkSD83A,Hwei,MIDDLE,1032.722808942454,0.15028363073918705,
KR_7491299943,8,200,Rp71tOVWcE4E2R-wDlJ_3dkZ1esSrgkX7tEQOV3RoRdVUKkMU8jgLZUdsAIqZnD_p2dPB1bpdQ9qDA,Viktor,MIDDLE,-1032.722808942454,-0.15028363073918705,
KR_7491299943,1,100,Ja9vRnhWQHxo1Y3Iio4eGOujTIa29LVlW-zRslNVxVehtUzggcf0In_CPGhOw1YT8RLT56o6rA9Svg,KSante,TOP,9326.95849433416,1.357275325135522,
KR_7491299943,6,200,4BkPDm5aWqG-oMXvyzrUU6vLk5swPWFnPKyHMMzOGo31J71qPcFIUur3lVe7jW_qvukYUpTR8m89NA,Gnar,TOP,-9326.95849433416,-1.357275325135522,
KR_7491448476,1,100,9BCC7TgtqR1PPkkhf2BpEb30I7n2wTmOO-aVgJi2gzffl7NEb9LxDHhbzYobBcKdBMIo-gKXNTxdjA,LeeSin,TOP,-45002.585907480076,-6.548855069594128,
KR_7491448476,6,200,ZEnu9XOMeFNU7Z0guxmwjHLC2ech40MB2C_D6S91-1BtOQmyOU4ZJd_YYV2FGk-5Xfz2D92SdiVRJw,DrMundo,TOP,45002.585907480076,6.548855069594128,
KR_7491570995,3,100,eElmBfLR2MRdSWMq3P2lR6dNCuROuzUumXm2xn3qTsrhjCJjyDmggDUVjI5rByliZVeL_1Kf0WlqLg,Corki,MIDDLE,4693.770356316705,0.6830456777899525,
KR_7491570995,8,200,-LfJHiunEhhPckYMX64efn687JWe8BLRVgI3aADAt4DPyBsyB4P_KCbkSPgiVAv8jgY9a8CU9MzVdg,AurelionSol,MIDDLE,-4693.770356316705,-0.6830456777899525,
KR_7491570995,1,100,aw2-LufZthUZJXdGKMnY8vXpCb0KjMq-zTTtJ1HPCzlMC29WvEo_AMAnaMzUKVyXALNXyxCzx-toPw,Gnar,TOP,-3737.1335503292785,-0.5438342153746387,
KR_7491570995,6,200,2y90Rh8GsKZ-J3_EePGpxjxwfduAFAlpMlbIIWX963I24uUh6DSY_ggIh-FJuBy5Ldxv4mzuOKXqHw,Urgot,TOP,3737.1335503292785,0.5438342153746387,
KR_7491843962,2,100,EWKgCOR7mmw83t7KwKrln4hdgF2pJZoiDHKQ5aLrWCyLQ_eT_K6rAm3kRdQ4zSwKlKvD1LsyS6VmMg,Karthus,JUNGLE,1899.4036250061597,0.27640454005020915,
KR_7491843962,7,200,9HN0Pr6xNnJcSqjbHmjJ_kHRiIRcIR52zJrYQnczUhnZ087n7s1WzSXgl1H6N1CAIFoyQSAhotPYJw,Qiyana,JUNGLE,-1899.4036250061597,-0.27640454005020915,
KR_7491843962,3,100,CyVFh0AWDIgeUxvpCQenP0L8sFeeoiQj5QaDdxI-s8nVDmD127OOx4xSWgwBWT5bqAj-o59BXcoqGA,Xerath,MIDDLE,-17087.811150391466,-2.4866481875191067,
KR_7491843962,8,200,wyyftsgV7NwWSFbuKytF0zJrz_AuJ7580lkahIm-ZzGW28basBEsDav15wnQii3aKt39vgpvDyjN5g,Kassadin,MIDDLE,17087.811150391466,2.4866481875191067,
KR_7491843962,1,100,atlzipeOSLRoTo7P6VDLXW5qXNCKes4-28iO4qZuFsC7JBU_S1ekmVDWnQwJikE9OiqNtcE_O0fRXQ,Urgot,TOP,-442.0509494463885,-0.0643280278882752,
KR_7491843962,6,200,uJLXQr3VChadoWRqF0fKGKMKZgfuHJmfmPGy4pV24FGxcEF2gzhWsm-E7eZNEjE21au5eL18v4nBzw,Teemo,TOP,442.0509494463885,0.0643280278882752,
KR_7491989930,2,100,EJDJ1EEb3vtOGDYzAwFjBpUjLd72nMIMGrKYTQRfNr5GVqvpVU3EpPaUgDVaIWlR8Y8J3g4buzcZvA,Vi,JUNGLE,-1734.708189953382,-0.25243777207376894,
KR_7491989930,7,200,5P9XbhhtFDx6kzJNw0UMjZGLFAvbM1UsFyV25dh6WJ9QEs6dFNeuhl5v7LBfpJkxxE3A0c0EEV85aQ,Morgana,JUNGLE,1734.708189953382,0.25243777207376894,
KR_7492184749,2,100,Bl56JSEuA_lG0t1uxnI1x--Q79YwJ5Yj6j1YcWtNdrrBsqp00dnYNJHaE5Mx2_iGAtp8WEnFmGSLaQ,Qiyana,JUNGLE,10893.772589075796,1.5852808546078807,
KR_7492184749,3,100,qv4nR_5igvOlYNGCj2b5n6s_zcjuNmcI-g3Pg1WC5eB6DQc1Vl4GIi5HvVJ-XfZJkPvCiX50iIGwAA,Zoe,JUNGLE,-10893.772589075796,-1.5852808546078807,
KR_7492361849,2,100,wuicHM_pSRIMSaJl7yMg-a59T2w4TEQ6wQcoSgHhywlKN8e2KAIV2FXIv_4wzYDOL2VYa9V0alDzpg,Zyra,JUNGLE,-9328.773341428187,-1.3575394248611843,
KR_7492361849,6,200,45FTXK4jpVFtMjemwUPT8-ocyU5ws3dkz4eJhclwGufpkKDcoVtkvbnXMmw2y6hxYwYZ-QjKLEsA_w,Aurora,JUNGLE,9328.773341428187,1.3575394248611843,
KR_7492557911,2,100,aZ3Gbiym9jBrcBjACg4TaCf4gn3Weq3667fw6aVLOW6jxtEXKRmuZOj0cSyW0rB8szY7V8IEOWXcLg,Viego,JUNGLE,-2631.049843506545,-0.38287497837182605,
KR_7492557911,7,200,dOEAgE4duBAT656_Ae32h03fbnk1VKNh2iKq3WEXChMs17PY3T9Ryu4IK3dbFNMYaYJDHcDMh_0ElA,RekSai,JUNGLE,2631.049843506545,0.38287497837182605,
KR_7492557911,3,100,AnvpyO--1r9ipGZUCzB_67jyUxiKzR5jwodsNbLBlYwR83AemhpqVdGM71Q7xWvi5oqUWk8gTT0JbA,Syndra,MIDDLE,-6946.784635938342,-1.0109082592269825,
KR_7492557911,8,200,Nz6cd19RqBPcnBRa9jVVvGsyOdCnuBpqRq61KL2LgbICVST-aqd9tF4axa9MGmNaG4ePBaJby5-tyg,Akali,MIDDLE,6946.784635938342,1.0109082592269825,
KR_7492557911,1,100,rvV4X9JbCKZTqd7MS8CkluUXT0MOP-m_zEA-xOtq-ifAuaICoz_SG2BUtIklDP9F_--EDtK4S4r4Qw,Jayce,TOP,-3605.229676458497,-0.524639332776699,
KR_7492557911,6,200,SJSP1phjEbN9L7LfiXXB1ZKf5_B6WF2hWrvnSj3ARPY3R6S3h-lx-kri5fMCOWNi26xdt5O1LAcPFQ,KSante,TOP,3605.229676458497,0.524639332776699,
KR_7493331015,4,100,qyhdoDH_T1z3Q9KDflgiNcIUeUZs7u5M4n241KJeK_q4Ie0VCM-mY0w0IfyRUcu7TvqMgBGu5moWvg,Ezreal,BOTTOM,14818.31324341397,2.156386879777845,
KR_7493331015,5,100,AyiG5a4BGTliIhoM60OL2rPcuTU-q_Yp6mP4gHtHHKu2_lW-2cnvWVg27JeJtVHTOXudslOmxOTj8A,Karma,BOTTOM,-14818.31324341397,-2.156386879777845,
KR_7493501704,1,100,k6lL5z3cEbmccp_SszGtXFr_43HEhbjZTP9shEMA2P7I3nojC8lk2iG4LEs8GEFaRJNUvKxOlNuKYA,Yone,JUNGLE,-5102.270245995294,-0.7424912967361654,
KR_7493501704,2,100,bPaLEL7tC6O8TPre_tuW0zslHsxb5GlJp7azlMiBdBBTohBF5E78XVmSLwbP9peF22mYgGybUnnF0g,LeeSin,JUNGLE,5102.270245995294,0.7424912967361654,
KR_7493634795,2,100,hRmWO2CXVkAqXyjYGp8K45AGgpRHVuL3uTNThN3G1FsLtjo-Y-oFmym8s2Rffvfuun2lNlw4LcECew,XinZhao,JUNGLE,3304.1719392884215,0.48082888392026835,
KR_7493634795,7,200,TC8JwFNRR5dsq44ANlbN395ON6lQYeY3gLA_7H1ASZ1rJ2IF5JSSDBnrDaIEGlcZ9z_K4tfrOhWmUQ,Skarner,JUNGLE,-3304.1719392884215,-0.48082888392026835,
KR_7493634795,1,100,Mbiy_CF-WE3bdB4B86s42ojNhuNXZBJtk-6SYvngt7p4DlNXRWHNlPsDFl1ncV7BcWgXg-hyjcHylQ,Jayce,TOP,-10474.603008021193,-1.5242825634973955,
KR_7493634795,6,200,2IWjXXEl5tv2_4KL8psls7SN9IHghZLf_fkJgvPazxcRHzREMealsdwlZGhmHpCPuGpeAF9aHfOs8g,KSante,TOP,10474.603008021193,1.5242825634973955,
KR_7493746026,1,100,w6CbUENZw6X8prWwxeBN3mEZyu2FkQqPnfSBaKHSjtHJF81rOZt7fpQDpu62dt5zBsCIewxJ45W8qg,Ambessa,TOP,1075.6516371306557,0.1565307089557593,
KR_7493746026,8,200,cnPV4iSWitIBt-Q9XyJhcSqPJsRLLTJ5zP6eS4vVbCmRJp6kJ1I6Z5HHq7B_U_UM1hTspBAaTg3h9w,Akali,TOP,-1075.6516371306557,-0.1565307089557593,
KR_7493838891,2,100,kPM8xbnb0xm83-wWR0VP3bx_-pc7sS3ZxQBNahOoiHpWZ_cKf39dcM4JZlB9Qg-ifUHE0T60ZQLBBQ,Nunu,JUNGLE,-7232.546855270542,-1.052492877555795,
KR_7493838891,7,200,aLdGTbpKtagHP4TxcaUTbL8xGp0o46vgYsq4RcToUy4WOFquUrt4SFO1MWHwZgTjX93fnl2vUfdIvg,MonkeyKing,JUNGLE,7232.546855270542,1.052492877555795,
KR_7493838891,3,100,oeYdf9Htp4CRlYzxsabIJ-JNMPmEIZSgWce8nhsK6CLAf_mRa3SEmZbkMhHVrbrXvRMadVWlLerrhA,Corki,MIDDLE,-2168.04139840387,-0.31549717903359825,
KR_7493838891,8,200,7oE3sk18qtqB_dtUi2g7e0NvS16zeiJp8TJHwIj7wSnHZHzp3pZptVpLu1UhiPhHXLpwnJ6Yyem1EA,Akali,MIDDLE,2168.04139840387,0.31549717903359825,
KR_7493838891,1,100,yuoduo9Kib_UXf696-aqv_loPuGtYxwmEs3XkZHZhi2Apde8BG86v14EDBgIRsKDu-p7Z91JkUaX4g,Gragas,TOP,6.481440279868572,0.0009431905340362618,
KR_7493838891,6,200,J4JDZnz0vtiTWWi9Wv-_FZK2RjBP2pr0kjfVwqNmylEi_-UalAkovmJw2aMnxZQs6MNWKrM7wra2ZQ,Poppy,TOP,-6.481440279868572,-0.0009431905340362618,
KR_7494341294,2,100,N4EJcR_R9gYsT-vFMlffXTlVwzyPzueMi8l6OsRcOvWY1Uuvs6DstgPVFT3L0G1CzlwENmK4yLosvg,Zyra,JUNGLE,4930.852661600788,0.7175463098216923,
KR_7494341294,7,200,0xeTlAU0qgDqR5vW79_cXtoVVUNVRbrzGTO9sBOI-l4UxE2rij_CRzFXSWn9VTK_Zg1o4fDexHesqw,Ivern,JUNGLE,-4930.852661600788,-0.7175463098216923,
KR_7494586776,5,100,1uhnRryFuQCG-R8VkY2ZVqhA0OiWsVBC7eGNuUthaXhMjTTitRzTMdaxsxsT9l-VIFQIWxAYenm3PQ,Nautilus,BOTTOM,-8361.889473498071,-1.2168367920564669,
KR_7494586776,8,200,3Q7P41w52-DKxdmak4dFoLAu3ZBWnh2OksZc4R3nBqkLIt8kSJPKLgiIMxF4i_NOVDsQ8EFGGm3upg,Zeri,BOTTOM,8361.889473498071,1.2168367920564669,
KR_7494586776,1,100,NGsKH9z5Rn-VLPC7ZBvRwhkkl_ZnW8YXzZQtdXr5wApKF4x9rt84_9Nl88BnwIMYj3qaGR1gEeq1nA,KSante,TOP,-1334.0452539386504,-0.1941326003417948,
KR_7494586776,6,200,4OF9EdKMqIUCNeUkVv6W_sJZkv3P766WAgRKGoSzIPy26poJWM2BUgUKK-6plHygR2JhnGoWQaxwdw,Fiora,TOP,1334.0452539386504,0.1941326003417948,
KR_7495228061,3,100,n0mmWdNHd5AxRmw7eJ_hijJQQSySkOrYRgsKBteqWpvoAhvjvoUodbtWiUc4pUXrszcArZVZEq_iqA,Orianna,MIDDLE,7236.010850599599,1.0529969642191341,
KR_7495228061,8,200,QCprdn3ACVBHssZXtpmz9bjD1jNCE-Y0sIEVRx4owiEfKqQV4kICqhls56fqkw8wWfL8Xo112VUgzQ,Mel,MIDDLE,-7236.010850599599,-1.0529969642191341,
KR_7495382128,1,100,45FTXK4jpVFtMjemwUPT8-ocyU5ws3dkz4eJhclwGufpkKDcoVtkvbnXMmw2y6hxYwYZ-QjKLEsA_w,KSante,TOP,41709.03478158037,6.0695717450278694,
KR_7495382128,6,200,as7NA2egoWHegTEAMg6M3yXI0tUmr5Zoh_mEbktpeC-u6t9Vs3lLZQv57sNWsGgCnPJTFnMbmgcXXA,Lulu,TOP,-41709.03478158037,-6.0695717450278694,
KR_7495527319,2,100,hRmWO2CXVkAqXyjYGp8K45AGgpRHVuL3uTNThN3G1FsLtjo-Y-oFmym8s2Rffvfuun2lNlw4LcECew,MonkeyKing,JUNGLE,-1752.1325481820325,-0.25497339518117695,
KR_7495527319,7,200,w5cg43HoMwWBBnOkhwn_KkDVH9JIAhrK_Vrii_SU0f_4omsxIW42uKop2Lob08TCS1PvHHMX30qU1g,Viego,JUNGLE,1752.1325481820325,0.25497339518117695,
KR_7495527319,3,100,8OzkzMQ5CFahleYtCXdGLwxx3u8h3iRkHM5-H_GQvwet3HVNxVIa7qMFbHwYf8rzDyHvEhjTnRS9Rg,Mel,MIDDLE,-10774.184523025055,-1.5678781899203569,
KR_7495527319,8,200,jvlijG2SB2XBQop5bAcU8IJo_Pg_TVSLPxNGv5j-Etqdq9i9ch_c3_Ubg71ItZ_BtpHSPoUEPmwnew,Ekko,MIDDLE,10774.184523025055,1.5678781899203569,
KR_7495619229,1,100,qy0gL2CPZMrmeUKjIjgv2PyZmTOGfcH-HUiMH_2fCs1iYK4B8yHzYRwiwu9NoH2ZwQpYBGuR5oMSJA,Jayce,MIDDLE,15603.960526003846,2.270715647464201,
KR_7495619229,5,100,H3Nyv0fqnkz0sA_OqzoGSXYmp7rpobbr41sEUhXeG0bL7P5zgNW1-6sBi7IoC_szbDYq9FdZrpaqcg,Poppy,MIDDLE,-15603.960526003846,-2.270715647464201,
KR_7495693820,2,100,w5cg43HoMwWBBnOkhwn_KkDVH9JIAhrK_Vrii_SU0f_4omsxIW42uKop2Lob08TCS1PvHHMX30qU1g,Belveth,JUNGLE,1826.5094890323528,0.26579685779619,
KR_7495693820,7,200,7B_pgto1GCXIVE0A4PSo14xaPSZcIyUF_s1cy9hQM3XomOmrPHI_17myu0dGT0U7J0hk2kpGmvuMgQ,Zac,JUNGLE,-1826.5094890323528,-0.26579685779619,
KR_7495693820,3,100,YHXlTN5uuDU6gQfYZztcUwNcoBsunnogtDzsoEKeDx37kQ0vDUJpT70Gktum-dUqX4X1ChHS6o27-Q,Sylas,MIDDLE,24614.219658935126,3.5819043272072917,
KR_7495693820,8,200,57FondTDBRhuC3CTDnlUu6SpzGIKUQ6F2mbZToPN0LLn4t1suh1wGHwoKW5MDudwnmCzqmMp4HKOzg,Qiyana,MIDDLE,-24614.219658935126,-3.5819043272072917,
KR_7495693820,1,100,gzouY6lJMtHKWTIDK747_6O_VEnVDoOmWjKzVLsPjGcXr_RHs-PGoS_M87JmBuUPziyjMpI0zbkMhg,Ambessa,TOP,-23295.64870351867,-3.3900235738712183,
KR_7495693820,6,200,Xi1_F6Gto98WJGc9Zjl2pWFtglMgM68LieCtn2qII44f4rieyjCnyV9EDSVXhW09fNRcodBROeKJHA,Fiora,TOP,23295.64870351867,3.3900235738712183,
KR_7496137290,2,100,3O40pCWrddkdUSx4zL_M1lbEeyex-nc9mYraYUYdL70us2aLcoBoA7Ih2mD8CZeS2IrZ5a55SEf5Vw,LeeSin,JUNGLE,-9897.160139981916,-1.440252066638071,
KR_7496137290,7,200,hrBshxWuXpHTAO9yuRQlXIK-ANQC6jtuplZ-GWaFGtht32wXBdhmDmm3abzF2OrOzsFt2K-yzbnc8A,Pantheon,JUNGLE,9897.160139981916,1.440252066638071,
KR_7496391665,1,100,9FrJ39-n3IJwtjlfHeSRxLQYJFUi65Yog8reCLUcuILClU4-rdVvbLMy7FFQcjjy0vCHiHPDpIFRuw,Jayce,TOP,-8566.043254889662,-1.246545607656348,
KR_7496391665,6,200,oajIfY2cV8cLXD0ItzURaYDhD-Jr9zZHw3NhwYLY-lcIYBlFi3fIN-07feYAcKs9evX7mLcyi8VMvQ,KSante,TOP,8566.043254889662,1.246545607656348,
KR_7496621156,2,100,3OQPOR8Nvc5LekHklNDN3h1nYuV5p5dRZDimIrOiZV7ChsK0_yleP2Ak7-9OiXmgmu-y_9pC80P1Qw,JarvanIV,JUNGLE,-5553.249993758029,-0.8081186589835728,
KR_7496621156,7,200,K8ByLKr57UcfjNid78QlaoijqrR2NoITQ26E-M7TyyRoX5dwo9pzeymalU7ddKfpfmDxzucrFy9E4w,Zac,JUNGLE,5553.249993758029,0.8081186589835728,
KR_7496621156,3,100,AnvpyO--1r9ipGZUCzB_67jyUxiKzR5jwodsNbLBlYwR83AemhpqVdGM71Q7xWvi5oqUWk8gTT0JbA,Syndra,MIDDLE,2824.7026224663095,0.41105566971785046,
KR_7496621156,8,200,n0mmWdNHd5AxRmw7eJ_hijJQQSySkOrYRgsKBteqWpvoAhvjvoUodbtWiUc4pUXrszcArZVZEq_iqA,Xerath,MIDDLE,-2824.7026224663095,-0.41105566971785046,
KR_7496621156,1,100,GtlfC1FAkAPlnrdoI5cigQLUT7IL8UM2_GHKa1tTqm9pmDch0M1bGIewz2WZSyWHBJIkCkjNuW01qg,Rumble,TOP,7015.786147448641,1.0209494799557843,
KR_7496621156,6,200,KuDuZg6wiEv1sMTUhpsE705buF-qxvvu9B4wsuGo3ksejPBLfc8EaiC-yScpMWGCxArkxg8EYIiggA,Aatrox,TOP,-7015.786147448641,-1.0209494799557843,
KR_7496908304,2,100,r-XZ4SmzbafP_8wCuWSUnGqI4pny4o01Iy-taKoYF3eoGAvIlb7CsPnZkjsEp97shCQV5oWE62ApXg,Viego,JUNGLE,15819.364160871764,2.302061561432654,
KR_7496908304,7,200,EJDJ1EEb3vtOGDYzAwFjBpUjLd72nMIMGrKYTQRfNr5GVqvpVU3EpPaUgDVaIWlR8Y8J3g4buzcZvA,Vi,JUNGLE,-15819.364160871764,-2.302061561432654,
KR_7496908304,1,100,7INbcIEExThYp9fTGNn5ShMmI9840hJM__ic6JwqrDVsRc-3RrRU0aU_KPJGmm9YY_7H6Xkgds_-KA,Zed,TOP,-14371.393377985512,-2.091350318713762,
KR_7496908304,6,200,_NxnI7kJ5_ReovJwPnd6yjq-NA7YaLxn0kAWhsvrzJ72DPUZOFElbiuWS-KncUNFQqz8FY4SDphPXA,Camille,TOP,14371.393377985512,2.091350318713762,
KR_7497156289,3,100,WH9wOkznQ8HvQ4-pNOSS7Qy-6PfZxRndbC1PVNDNJqqgFgoeVfroWjN7DNB0DUYAFbqD7wp1uUW6zQ,Sylas,MIDDLE,10440.374809599,1.5193016161531454,
KR_7497156289,8,200,ZWoD0gjo3EW0tE7HoYhl-1r5Ci8XrQpOe3UyLDEF16kcrZctMwC_ljUi_KactxHvMuTrKVNFHCm3uw,Yone,MIDDLE,-10440.374809599,-1.5193016161531454,
KR_7497156289,1,100,7j5hFNOtTGvcrT-jUIANylatnka20wckEZLDqWWQBGeMjQwAh4Uf43eBKEvxDl7EKewTASsHc_VjUQ,Malphite,TOP,-2897.1540259613103,-0.421598924766636,
KR_7497156289,6,200,SBbp19y2DvYMLCHaB0ybpvNoovFQHm54PAgKDPM00Pg38btx3ACmbdtPFwFZEeUmNwP2kYh84vti1Q,Yasuo,TOP,2897.1540259613103,0.421598924766636,
KR_7497565307,2,100,3y33WQu2wEctmH2FeKYLnLX8MIJBdC1iiIHOCr23rjBtcoWZR1hq8FD299iqIk9jom9INyo36peo6w,Poppy,JUNGLE,8195.046280987399,1.192557478655519,
KR_7497565307,10,200,Vzr_HrhYU21519YzBi3auLvip8-dHjezHqWs9PMsr1DBnTOZJGX-TpaiBqvDTlG0atyWzlWFdDVYow,Graves,JUNGLE,-8195.046280987399,-1.192557478655519,
KR_7497565307,3,100,jC52ZIOW3HUhHnoG6aXp9pKRPmGQpY4wRjcDbL7h2PopCxJzrmCi_PXKBNq9aeViaQ30uCygBOzMwg,Malzahar,MIDDLE,-1707.156313941889,-0.24842837485233715,
KR_7497565307,9,200,HSy2vsdpsrRmvZdbttJ_w5EBHwAnJwYJXTHSbBURPQbI9-UZFqGXZ7jmcMxgX6D8AhEtsdUVYtG86A,Leblanc,MIDDLE,1707.156313941889,0.24842837485233715,
KR_7497565307,1,100,GEkfEg4tZHkID4Ncik8pM7_2HiKh_FIAf5eLUN1i7FdfhFGee3swAdyCJQEQmKhflYh4tXYJQiMGcQ,Volibear,TOP,-6936.941668994489,-1.0094758934490997,
KR_7497565307,6,200,am3pJyAcnwNG4KXF_5684NkpBbfwrgRwYL59MPBQH2DaAjsUUR533V-V-O4jvjMkyWbAwpzF3DtROw,Trundle,TOP,6936.941668994489,1.0094758934490997,
KR_7497711422,2,100,hRmWO2CXVkAqXyjYGp8K45AGgpRHVuL3uTNThN3G1FsLtjo-Y-oFmym8s2Rffvfuun2lNlw4LcECew,Sejuani,JUNGLE,2651.4641590517963,0.38584570530128875,
KR_7497711422,7,200,d_zdXJIPu0SwvmgoT0ILlSAw3bPn5bex4kUJOUlq0nBMF7W1t3T4JHQnDuwLOWRrSLQuS9MzhNDk7A,Viego,JUNGLE,-2651.4641590517963,-0.38584570530128875,
KR_7497711422,3,100,tpbEn_KS3KH2Di9DZREgaeL2PqkazJYiV51-ocLLhz00k_YooXspbDkplsnGPSOyUayoPFWCwIjC2g,Sylas,MIDDLE,-12599.347567376632,-1.833479110729909,
KR_7497711422,8,200,oyhJiMJ8FUFmjYm73RNOOo-XcGpu4E3iO0-8TQRDRlRwSfckmMfcj1vSGOcL6C_6qMjrZ5KpbRu9vQ,Galio,MIDDLE,12599.347567376632,1.833479110729909,
KR_7497711422,1,100,s9yl6XBFLjZBXnGSxwNVJ3r_hD6NCNFeQeee81IdI5M-N6cdcKD5u1LRVcdPbDbJYRbsfw64-FVLWQ,Fiora,TOP,14279.024186128447,2.077908592240286,
KR_7497711422,6,200,CB1MThoQq64yokvlFhHq3SRzYsrVWXA31k5-b-VfEDududYxVg-Y04HebZhLRnqLovUhl2LCJfmoRg,Renekton,TOP,-14279.024186128447,-2.077908592240286,
KR_7497960936,2,100,_e2YDQm27CirkktYcM07iXpBH5E3uRNza4mlM_hpNFE90l5FdvhB0MzDjG2tESuKaQ_EtHBGikPdGg,Nidalee,JUNGLE,2993.975772710023,0.43568859482128225,
KR_7497960936,7,200,_WRMnp_JRTljsURQ4S4k2ImtSOpGf0C84TSHmvvcQYl2jrRvaBIxYxwjl7IuKgBbQevRTwUHnt1glw,Hecarim,JUNGLE,-2993.975772710023,-0.43568859482128225,
KR_7497960936,3,100,Chy18wZOoZ9ugQHuO6boS6wgtSU01jLuY9qjX-3y9tS7AzhkxtCcBLm_kc6gqTYGEm8WdSS7rfX30g,Galio,MIDDLE,11175.730894545444,1.6263119207333978,
KR_7497960936,8,200,oQdZxzf3OMvD9SazjuO9PyhAQNTbKlweB8mIf4uB-O0vLA4z8gHmX7DjTaQOkXHw2Pbe8WScpK9dKw,Syndra,MIDDLE,-11175.730894545444,-1.6263119207333978,
KR_7497960936,1,100,cwWdLHPYwCoC_EZlbT_N2IHDssux-7MMBIbVkTVCmIfMKj70LRXOPFiWCE4TwwbNAh7BcUgYOGIZ8A,Darius,TOP,17586.68150083995,2.559244674092598,
KR_7497960936,6,200,o55SVIENZWlT9YeuANdPY127zp4Z1hmAHpadrz4GR36Rj6OTr-koChZIIsAo5UwUot8AqRkq8duqzw,MonkeyKing,TOP,-17586.68150083995,-2.559244674092598,
KR_7498431034,2,100,J3d1FF-Gg7hZG19n_-dXrw7OuILJxEVu3fnXORUiqe0gnP4lxM5PGPRpLKgdV1gfXOidCXnAnMX-aA,Taliyah,JUNGLE,-17792.17828823689,-2.58914892627705,
KR_7498431034,6,200,bwM-oqq5NTCg_CN0UHj1TgLjTiOF-sOF396di5bdJCldnsFpldC6p3hbxlaAmKHoNddSCTdDa9xaBg,Renekton,JUNGLE,17792.17828823689,2.58914892627705,
KR_7498870069,2,100,CPlMrwmj71Oa6LOSxCupKrFWb2nafS_kf5xwwZGdMzJRyRG6GwJismSuwEFGd0y42AlDPxT2iehojA,Kindred,JUNGLE,6268.498104218096,0.9122028159214406,
KR_7498870069,7,200,c3p_hWhPiMvzGpfMUBCvwjoZmtbt6ugKqWHXIM15Xjy139iw8xkTo1J980pYTHuh-6EGy0jnhb5arA,Viego,JUNGLE,-6268.498104218096,-0.9122028159214406,
KR_7499055687,2,100,Bl56JSEuA_lG0t1uxnI1x--Q79YwJ5Yj6j1YcWtNdrrBsqp00dnYNJHaE5Mx2_iGAtp8WEnFmGSLaQ,Pantheon,JUNGLE,-902.7892649645537,-0.13137547399594154,
KR_7499055687,6,200,UrfQEBsXA1UT1iAi3WCBc0V5LJaFFvijwwuoBMnrkJJk8MAANn7fAdg8j-e4C8GP6-nkBRH0opNymg,Renekton,JUNGLE,902.7892649645537,0.13137547399594154,
KR_7499183828,3,100,L3gruYIz3BoyWPIa_2frKlUJETwWrf8hW4oYWbIHZs1SfMkE_CDzMZLBDKyU8izpCWjTeXrBCtvYxg,Hwei,MIDDLE,2099.7137036108743,0.30555401329288434,
KR_7499183828,4,100,zvk37ME2DqI0bmgutQKx6MDwb6z_OlmdfbWuYmmqkDCQtOVY2sAp9oG3dKrjaNqjQ241czpPZtTl_A,MissFortune,MIDDLE,-2099.7137036108743,-0.30555401329288434,
KR_7499284793,2,100,Bl56JSEuA_lG0t1uxnI1x--Q79YwJ5Yj6j1YcWtNdrrBsqp00dnYNJHaE5Mx2_iGAtp8WEnFmGSLaQ,Nidalee,JUNGLE,16353.761384777526,2.3798279808145804,
KR_7499284793,7,200,l8zCfPZXSxLhSvY_5qa83ADS2nkhHd_R7qI8vrc1NkLLQ3jn11YTMUKgrcuC0hMi8lUM7rRjHPHcog,Zyra,JUNGLE,-16353.761384777526,-2.3798279808145804,
KR_7499284793,6,200,hoPfiNt_PrOn6Tasni94rv-sMnzMbnhhhvn_bpxx9aOChLbxY6h6Y1zs6PXynkLmMiZKftln2522Cg,Poppy,TOP,4648.683022830662,0.6764844901043916,
KR_7499284793,8,200,EaJ-swiT5vtyI6E3SKO3QbQK3vFDrDb3nDVGE64MBag9OMhnyd8eI4Eiq0O1ClTr-NWSHuKTpzV_QQ,Yone,TOP,-4648.683022830662,-0.6764844901043916,
KR_7499376515,4,100,mGSCKTxKcU4y2MJ6pCkEN3picnBEpHfR_PY9z4l1RZSbJpm0SuFpdusxV3Lr4FbFmjBESTIitGUfJg,Jhin,BOTTOM,199.4392195383167,0.02902274430706235,
KR_7499376515,10,200,CPIqHUdYvN6ENJyt01KdA35PprwHlpb4xUqW7D0-Z868jE0lyh3qD7ZanjoaKTfgvGU5knWtidBWDQ,Camille,BOTTOM,-199.4392195383167,-0.02902274430706235,
KR_7499376515,1,100,I_JnUgYVQGisG9mpPceBmjZAsDiUps81McC-QXOyBT428m3EyeNY8bafrEZ10I9F6kIRfI1_BCc3IQ,Ambessa,TOP,-8822.638131412528,-1.283885743207744,
KR_7499376515,6,200,tBld43yABZX18eggkgO2XlRFzjZ8J2503fCalo8iyfQO-WcCQlgOe6AJcWx3S9vIfzr4-v0kPPWrsw,Renekton,TOP,8822.638131412528,1.283885743207744,
KR_7499491514,1,100,ZuZEZk09SmEzkYCHF0W3Tt6dub2oRtsZNeKVHpBwwD8ZCLgKovAebHuvXVVSXHklxvr3rDqXjtA8Tg,Ambessa,TOP,-1597.6625803747818,-0.23249465509601192,
KR_7499491514,6,200,QwlSO9EE1q_9BJQc6zmwXHHfks1vRjx_NyQNWO6qGiQydPiWG0_KNuA6f3MCivkPJCflk5m_Sibf7w,Galio,TOP,1597.6625803747818,0.23249465509601192,
KR_7499589455,2,100,NGsKH9z5Rn-VLPC7ZBvRwhkkl_ZnW8YXzZQtdXr5wApKF4x9rt84_9Nl88BnwIMYj3qaGR1gEeq1nA,Skarner,JUNGLE,6897.216027732877,1.003694948600645,
KR_7499589455,7,200,tLDTaYr8ttjx3CUpCTp8Mm1Wwni4vIk11qNiE6o7-wnxlMSbCZbtOYLwIuvFFYiLTGo0xTTpzaCxxg,Shaco,JUNGLE,-6897.216027732877,-1.003694948600645,
KR_7499589455,3,100,jzWWV4FQ9GxHHjH4qYeAIle3LNgwdumF4VFIe2STS8QUsCqRDnjGJXtYPMmSewbiAGK8sPXdYXF4xw,Akali,MIDDLE,-8256.595436140205,-1.2015142194432678,
KR_7499589455,8,200,szHIH56QlFqrdxBina4SffxT6XkT3xoaRAQF5i_j8MFwafwiULgWZpuKpwPW5w7FnmDwrry9jomvoA,Sylas,MIDDLE,8256.595436140205,1.2015142194432678,
KR_7499589455,1,100,_By-LpyoH78S5YHW4zvNrVHMqS87dcabCF4XbcekDN38aC2SiDHv9OBvxpH2BXdkFnD0myktXDBjVQ,Rumble,TOP,-19212.984129421784,-2.795907079132575,
KR_7499589455,6,200,lxTAV5N6LlCEKggcUTsYLZyZqrvmgv_52eW1GWK8dllZt_6nbXDwKrJGU1pJP7Uopwzjra20YUaqng,Warwick,TOP,19212.984129421784,2.795907079132575,
KR_7499729041,2,100,HKNAeV1InsOhqf-Nu-R-NFac2AFZli2vDHriuAAIiZV3fvWAfo86JYOPt_KNM3nx3BqEzVHmKDGSSw,Vi,JUNGLE,-27815.6151416971,-4.047777001283488,
KR_7499729041,7,200,sPzen0qbUTXRPmRMfgljOa5fQcUMfm_N2G5tkR-JibKb6WnvDAISHssjWL81XLNOuKrXeOJSQlMjDQ,Skarner,JUNGLE,27815.6151416971,4.047777001283488,
KR_7499729041,3,100,Q3bjmXJUxVNKmieHblik11zP5C-uxVrsieK6qZ1GvJ97HYaVD_cw_n3b_tsZ-4B4q5_eKaHn_K4YYQ,Xerath,MIDDLE,-5865.393832720572,-0.8535423767769241,
KR_7499729041,8,200,DXziv3Fwjc9n2YkTBbL_7Xp-d8sSsz5dppxXuK8kkoa93NhDK77JlJBlBl9qh6_XR7DtHZgIsUeobw,Hwei,MIDDLE,5865.393832720572,0.8535423767769241,
KR_7499729041,1,100,6aTEsF6bx37P3xGRRY2mc2UviEbQf4C37ULeK_cu9D8dJJ2shhAWkEPXjzdfBPHctnL4WW-OSjGw1A,Aatrox,TOP,-5711.240752647013,-0.8311097507494167,
KR_7499729041,6,200,g9OsH9YLlErJ5JPmG_h_qn1swl_2Fz4bxMvHnTVOpBDR-LXsyRoUYaKXTub8I35gVzFyMy4UQEIsxg,Fiora,TOP,5711.240752647013,0.8311097507494167,
KR_7500003952,2,100,Nqe-u1RGgiybcEnUBd4bt8Vw2O5JHcmsKcxvsWL7ROlNllsoy1xVroRE_h_LoUMXa6LOKDcrrgVntw,Vi,JUNGLE,-5597.357536319269,-0.8145372657788215,
KR_7500003952,7,200,sPzen0qbUTXRPmRMfgljOa5fQcUMfm_N2G5tkR-JibKb6WnvDAISHssjWL81XLNOuKrXeOJSQlMjDQ,Skarner,JUNGLE,5597.357536319269,0.8145372657788215,
KR_7500003952,3,100,_-xvLFAGAoL1Tp7vckHPCHdwb3jo3evG11XsFUSPXYO9OIWQV-aF0dpnZK9diHX6UnwJGlTEaG1Ygw,Hwei,MIDDLE,-2876.874699362431,-0.41864784166492136,
KR_7500003952,8,200,HwE7QHDnMF_qqnqy_00ZYqQOFJaiA8CeMG6vBCH5_qvUe8wctBAhRHhCk8sI7jBxqFyL6aQeQdnt2g,Orianna,MIDDLE,2876.874699362431,0.41864784166492136,
KR_7500003952,1,100,yQqGVtu0s2OVsZZBGkOfm5aj9orU_D9dzkIjZ4jzaPLUankXS4QIElb_7Wy-jZ9MZX1thgPLoop7Mg,Sett,TOP,4817.215407153971,0.7010096176545184,
KR_7500003952,6,200,T8tLvTlFi379ZYVL8ZDM8BYF9GRQcvQqevn8Zs3Qqdvj4bdkG0u2M0FnmEPVfw-YZPW7We6vQeH1Qw,Ambessa,TOP,-4817.215407153971,-0.7010096176545184,
KR_7500142238,1,100,_gIWgkwMYy0TjIBpV8d18ahNi5udN7tTDVoA93syJWI7q7cJckDlU9SlEtkVwRAvgTYx8r9Xy_5YkQ,MonkeyKing,TOP,7983.042333204551,1.1617062931021818,
KR_7500142238,6,200,g9OsH9YLlErJ5JPmG_h_qn1swl_2Fz4bxMvHnTVOpBDR-LXsyRoUYaKXTub8I35gVzFyMy4UQEIsxg,Jax,TOP,-7983.042333204551,-1.1617062931021818,
KR_7500283901,1,100,jCW4u4IbClNLJn6zGIOsK0klpWr9O-Lbjc4xKcN225Nm3h_yRXdIRTkfPYTb9t3tHRBT0hYXVzIOqA,KSante,TOP,13106.211949997716,1.9072389028571668,
KR_7500283901,6,200,WnHpxqZc6jRagX8Z3TY6nYvTUwWGqt33F8bBSk8S5B-FA2CRlMp9OtgfClylnGW6r_ibOJLR37wMnw,Shen,TOP,-13106.211949997716,-1.9072389028571668,
KR_7500443824,5,100,4VbYdDm5NNZK-jqdZZavVls0DuidARlgBMMuHYvxxr1X-rX6mRSMAs9pZesqrGE_poXTv54gvaCVxw,Karma,BOTTOM,-1049.6331441712882,-0.1527444523199638,
KR_7500443824,9,200,k080GlBsfnHr7tD_rjn20CWKNnprj143WyV_TahtrcdenwJdEC8c3K4Xsk8oY_Y78bGwMFhkiVyeDQ,Ezreal,BOTTOM,1049.6331441712882,0.1527444523199638,
KR_7500443824,2,100,JbjFMcBp-ELHqqsB-t99na07xu5rYjPtZFkI9FUQ3-bKw9VuAkVwuSukUCwe6X77trfm5XelceBsRQ,LeeSin,JUNGLE,844.0731078638595,0.12283099604335232,
KR_7500443824,7,200,aRu0GEbIE4y7LCulb76wZ55BcRPLkae6RL9_pDdsI5VkhDVfZkJR-CF--cDezA4QwpWGFQhBKO0zQA,Graves,JUNGLE,-844.0731078638595,-0.12283099604335232,
KR_7500443824,1,100,QwlSO9EE1q_9BJQc6zmwXHHfks1vRjx_NyQNWO6qGiQydPiWG0_KNuA6f3MCivkPJCflk5m_Sibf7w,Galio,TOP,-4958.741334081544,-0.7216047182548284,
KR_7500443824,6,200,H3-QZb35pVimbZ0BaV_Rd8TYY_Hsap31Fq95DA64FeOdcoux2Yld7q3-K-UX1CULTumUhhQ63U9mVw,Urgot,TOP,4958.741334081544,0.7216047182548284,
KR_7500623024,6,200,qGPhsDm0NyrNjZ_XSPY58DcHZZTA0E83-ux5u3XjlzaemcB9G3BYUuwYt-trcyxbqk3X67ZmEF-77A,Sion,TOP,27600.765415553175,4.0165116930820615,
KR_7500623024,10,200,JRSToCe69po8x75rF-YqeAQm2cIfDcNWutxNoSKEYEL8I9gUsJGZXqFSuSYySYbK_8LbnH4yLFHHRw,Blitzcrank,TOP,-27600.765415553175,-4.0165116930820615,
KR_7501046588,1,100,nmDfS-bLz9FBo14PGB8edFA3doT_XRre9aHyZIb9E6EXzg6d8kYArUlcTCeg_Jgdtbi9ZBGlsvEGBg,Nasus,TOP,4826.743570398378,0.7023961726470547,
KR_7501046588,6,200,27_XLT-vuYGR4nwPmGNwBTUjL0xSBCNp7-wokQAhtnR1ffOGL_y22NVNJoFkLmJNUz231Bf6-HcbhQ,Rumble,TOP,-4826.743570398378,-0.7023961726470547,
KR_7501357616,2,100,ok2MCz4HtluzZ85RbruPE34a35NxWovIeJe_wXiXE2FG5yXGUEK3rlYu-KYqBr8B6MWP2VqOsrf6lQ,LeeSin,JUNGLE,-2075.4536331061026,-0.30202364537046067,
KR_7501357616,7,200,UQI8dUjdNb826T5dGZnx1B92yEm0KLOH7akBJ-pIWDChZzKYwycKmztNaxhAC5X_ihs808LD555XZw,Viego,JUNGLE,2075.4536331061026,0.30202364537046067,
KR_7501357616,3,100,wzqCnh7CnjVTJG4mPoUudU2S6xRskvt-B6ShxznF4Trs1khA9OuBfPEXhMxQlK0buGazCFIQ4e9jEQ,AurelionSol,MIDDLE,3284.565858686199,0.47797577275437436,
KR_7501357616,8,200,knMhi874us_TUaLdHuII3UaVBXSTWWGtj7oBqEaiu-SOvOZP2rKrUbvANIGTRjYPGgKtv5EmKInh8w,Orianna,MIDDLE,-3284.565858686199,-0.47797577275437436,
KR_7501357616,1,100,DfKCqUJ2ioniqCDF3-JrH7ASIh1n3J99CKi0lAw-fem2S6QuP8PyJYP6loRLI3yJZc2fA0SAa0fWXQ,Maokai,TOP,6022.424771379687,0.8763937938229374,
KR_7501357616,6,200,nAcxYyaM5Q6CFC4PECgvpnruO0Q8hPfSbn2pBEFvs_LaUzQsX_k8oN8XaiTujv6JOT159iM4OAqKrQ,Gangplank,TOP,-6022.424771379687,-0.8763937938229374,
KR_7501526293,9,200,tAhVKUF54OJQ08pODyrE4cd6TjIFYYMXbRZvr-ZS-ERnSRShpHEefdHWEYAfTYJ8qJLeVPApOQOicQ,MissFortune,BOTTOM,-341.28381082066926,-0.04966421750204028,
KR_7501526293,10,200,jF-hpmp0pU7-v_yM-trsRcEovA6b2qOwS0LQCoOF7wUTa_2AiRtISSDjGddCOsFvTSz6Wd0kd5rf7g,Senna,BOTTOM,341.28381082066926,0.04966421750204028,
KR_7501526293,2,100,VY0JmNK4wsph8yq62tH99OuvaCxRGV_WkarlG4g8c995FCv0xPXndQL2bD1psq6TtDh2G6rOAzueLg,LeeSin,JUNGLE,-10114.653744387811,-1.471902116631778,
KR_7501526293,7,200,cc5rv9Uxq6PPu38w7qWtgzuphjKu8MvKfjkMjHmKmq5R4Xadb4ijVqxF21v6U7NvY6C0fm4is94MXg,Zac,JUNGLE,10114.653744387811,1.471902116631778,
KR_7501661786,2,100,4nYhRyPA16m-fs5o4G9KkU3P03o40Jy9C65_miWxr0ky1UUTbRfQn7MugRw9KNYWJM7hGDppCEwdeQ,Karthus,JUNGLE,-374.547043668372,-0.05450474136690469,
KR_7501661786,8,200,Chy18wZOoZ9ugQHuO6boS6wgtSU01jLuY9qjX-3y9tS7AzhkxtCcBLm_kc6gqTYGEm8WdSS7rfX30g,Pantheon,JUNGLE,374.547043668372,0.05450474136690469,
KR_7501661786,7,200,4_XiAWFgYDLwV1w1tRpCYA-jg6foAw9kiF1OIhv2mFynExn5P9nUmde4_FBZo0eIGGXXDZbHNBtvMw,Zac,MIDDLE,28611.42320360191,4.163584383360235,
KR_7501661786,10,200,FKROELY-BrzN6661TvfbB27tHUSwvT-MxxdFhtTdGR5aahhJ1RDiYPTBtG1H4alqn-e0J6aeNUXKSQ,Poppy,MIDDLE,-28611.42320360191,-4.163584383360235,
KR_7501661786,1,100,bcXtgAqVUjbLlrrlePvzfirzFHsMEnSf0yNxBZ53qf1DbnFXmz3HpS-WYSmKfiqLpZ6dNA-iU-VzsQ,Yone,TOP,-1373.35481421038,-0.19985299635633236,
KR_7501661786,3,100,_ejWy88cj6_JMIhiBi6kkJtRefxkNwU6iTz7uYEaI-iuUSY2dKndZADQkLfFqpsbYhTDnpQ4Y58VVw,Diana,TOP,1373.35481421038,0.19985299635633236,
KR_7501816056,3,100,_-xvLFAGAoL1Tp7vckHPCHdwb3jo3evG11XsFUSPXYO9OIWQV-aF0dpnZK9diHX6UnwJGlTEaG1Ygw,Smolder,MIDDLE,-4846.649832138409,-0.7052929666975316,
KR_7501816056,8,200,z6GTsMQYqrBXp_OBqhrMZwZM-0MDW4FZiwXg6Z_--Fzx76aQFaycSJpuJax2hnQsFyyd1d7i4E9S6w,Yone,MIDDLE,4846.649832138409,0.7052929666975316,
KR_7501816056,1,100,V4SWotri1hzhCevpTO-pH2zZ66ad9w9C9mnXAbRDtIeEv9EzYSZzkI4q5RqZjKWOSfcu_Ch3vgaZbA,Teemo,TOP,-19718.116651758126,-2.8694148479199098,
KR_7501816056,6,200,jqsfU57XubRUUL5utavNdOa0_6cBHxBItSjGak_i0QltKmxmDn5x0SwtQiOBE-qzXHy60OO3VIt_gw,Jayce,TOP,19718.116651758126,2.8694148479199098,
KR_7501951525,2,100,MMIeQmfIiyT-2B2FGei3YyxcsHFCYDX29LhsSV0pYA1QT0ZceRC3L52rMhayEQ_YIygqCzxYTAZUow,Kindred,JUNGLE,-7964.542034555149,-1.1590140972615202,
KR_7501951525,7,200,d38Wo2aVTChFPHTErR1JRZskuJmHkDk3YVHpqCUDAFI9_t6DwRKs-BnwRZ_GqilItQ6f8hRuueXo8w,LeeSin,JUNGLE,7964.542034555149,1.1590140972615202,
KR_7501951525,1,100,qy0gL2CPZMrmeUKjIjgv2PyZmTOGfcH-HUiMH_2fCs1iYK4B8yHzYRwiwu9NoH2ZwQpYBGuR5oMSJA,Jayce,TOP,-4556.7356223501065,-0.6631041434502897,
KR_7501951525,6,200,HYdpTAPVgj8l1zgPInkoDPwe8T7j4k7dZ_O3PY7lVpf4uawfYk0scmJWVnWxvi01yxQt1MBSTmurHA,KSante,TOP,4556.7356223501065,0.6631041434502897,
KR_7502098635,1,100,dHdqWJup-tBt-CtbTxGjPWbfvYcw-_egRuDxChE80r55taJSSPVQ8SSjXhUeFAyC-3PKxqhverUisw,KSante,MIDDLE,-2795.2247688297557,-0.4067660008613679,
KR_7502098635,8,200,UyObtLtazNcUCXohc6Efhbgrj5fIdJQ5Quq-fB5ElTdSKlvFIl1G6soAMgb1gt4wHxWcVvzVCSAgDg,Corki,MIDDLE,2795.2247688297557,0.4067660008613679,
KR_7502262289,2,100,JRoyw2RQS7vxG2-XdtEv441PMwL2fNqA6honmfHOdi-2o8U2jMGyQYowGQ1-iNftSID8st6cFF8svw,Sejuani,JUNGLE,19377.19088904464,2.8198027342051204,
KR_7502262289,8,200,z6GTsMQYqrBXp_OBqhrMZwZM-0MDW4FZiwXg6Z_--Fzx76aQFaycSJpuJax2hnQsFyyd1d7i4E9S6w,Qiyana,JUNGLE,-19377.19088904464,-2.8198027342051204,
KR_7502262289,3,100,Q8tuLUQmCbypZIlhhmohcibyLQMb8LpkI4Q_z4m52Ivz9u8ZFJPBrUzxnAL_XEt3zgtKgohw_ZV85A,Irelia,MIDDLE,3748.4876641064607,0.5454864858846782,
KR_7502262289,7,200,iG8-tpi-K0FXrpai8_JBdM_cpAQ4aAd576deZfk1vlokdT606KCJvseSo_2t5qKPIJvkZOAgbrjfYw,XinZhao,MIDDLE,-3748.4876641064607,-0.5454864858846782,
KR_7502565827,1,100,45FTXK4jpVFtMjemwUPT8-ocyU5ws3dkz4eJhclwGufpkKDcoVtkvbnXMmw2y6hxYwYZ-QjKLEsA_w,Renekton,TOP,10467.383366647366,1.5232319486480879,
KR_7502565827,6,200,uSwfkCgdg8y_rkWo6Crs5HGsLDSGX0LoP7lLv2aS0GxOCXljiJVWt0YVf3If6MenQsZ_LagRzjLT3g,Ambessa,TOP,-10467.383366647366,-1.5232319486480879,
KR_7502727245,1,100,zSdTtNGm3-OZ2BO9i32NBI_RbzM9_WfJAFTE_XMSTOyvLwjXft8o_Q1T1oLAkuPnT5oN7VyG3LfoOQ,Rumble,TOP,-395.9177737571841,-0.05761464741476543,
KR_7502727245,6,200,bhMysdQvq8xM3lBohZaT54C0W1q-rsn5EehVJ2ZtiF5tHxlmvHQYCz-hY4spgf8W3wQTIIru1-GAjQ,Galio,TOP,395.9177737571841,0.05761464741476543,
KR_7502870368,2,100,8NVmPXy1YIUOGoNCSJRGZoqT4G-FR3L10ewKneJ97pqa5VwIomrb4KAXQ9cjmsaesUfcvN64kLz1bA,Zyra,JUNGLE,-16161.232316432166,-2.3518108138040024,
KR_7502870368,7,200,c7UZU86ANv59llBk4vyXDsmHW334NUwRYbLeAJfZEVu2Whz6t4qQvMtJCU03iJ0_ur4C1Fre0-baCQ,Viego,JUNGLE,16161.232316432166,2.3518108138040024,
KR_7502870368,3,100,PZCEYAJP9AqXKpXhpCL6vmx9OyD80yJ7q3jkOgG_XRymUdm90xBkRXBU-C9yecVZIv0mG6FXQgG_5g,Hwei,MIDDLE,-14562.917164596596,-2.1192211953668165,
KR_7502870368,8,200,TuK1-QxKKLLkFKEu147YNPOI1uj-e3BV1xgnTyYwSbb2XjyVYruN-glQxySVVnKCMMN2aV6CFrAwDw,Vladimir,MIDDLE,14562.917164596596,2.1192211953668165,
KR_7502870368,1,100,eHl4SdIVipf_BnbzssJLRbS3dsWwb9iUEHZcLVMVWZs4kZAhI12BkCE_ljMXe96XqZ5NB9x107hQPQ,KSante,TOP,66.21820086539763,0.00963618849210801,
KR_7502870368,6,200,ZgiGujcWp8a3s3ZGOIO2TsK9xyMwHX_A7AwPDGWqT2VVXo0lrr4F4EoAZqVC4bYWJLKNAwToQrouzA,Ambessa,TOP,-66.21820086539763,-0.00963618849210801,
KR_7503077709,2,100,v1xOaVY-fPOWsor9FUURtQFZETQn-tgsFNJYlhqYCSWMt4fhq7zmRvPswsAnuD43_7z-Z-ufO38cTA,LeeSin,JUNGLE,-1937.5814232745522,-0.2819602400770902,
KR_7503077709,7,200,M06DGcGofamqBAOtTiVKAB9yTh73c5eyXPTccRqjx6EkOmeD2I2wB129W4rrVwcYzOFAmjI7Eh558w,Nidalee,JUNGLE,1937.5814232745522,0.2819602400770902,
KR_7503077709,3,100,knMhi874us_TUaLdHuII3UaVBXSTWWGtj7oBqEaiu-SOvOZP2rKrUbvANIGTRjYPGgKtv5EmKInh8w,Xerath,MIDDLE,-2866.5425101734713,-0.4171442834096417,
KR_7503077709,8,200,FKcoIdrKx2evvjwhdbrONHEBatoE0XMgaQd9jXfRJrb5q6L26drtXroEahq6Gt6LgbGOd98B4-7BnA,Corki,MIDDLE,2866.5425101734713,0.4171442834096417,
KR_7503077709,1,100,yuoduo9Kib_UXf696-aqv_loPuGtYxwmEs3XkZHZhi2Apde8BG86v14EDBgIRsKDu-p7Z91JkUaX4g,Irelia,TOP,-3492.1857011279035,-0.5081889756249386,
KR_7503077709,6,200,ih9aQPPW4xMADtvB4IkZF6Fyv_mPWxSNnFDl46UphaFASrSpBSK7PO9BVCCb-s7ABV9L9fGPbn4StA,Renekton,TOP,3492.1857011279035,0.5081889756249386,
KR_7503210201,2,100,2VmXvx7ig5WxmHXOqpUaAD0zblRNtkzwJSoh1RgYWhEp0n9qH2j7HaPXsAWiFblFgSIbDeBeilGbmw,Nidalee,JUNGLE,6207.062565047963,0.9032626087303534,
KR_7503210201,7,200,iTUdCvtLLqXeuASxOCgsKW1Z72qvJWiSfN3GUAxz6JRSCISTA4UaDzAOhVhKsiN8AO6KjuYZZU4qPw,LeeSin,JUNGLE,-6207.062565047963,-0.9032626087303534,
KR_7503210201,3,100,_gauGabnyZn0UUkTFlI39xDqFfixXPaK59RwC7w9C5f8LVGoKjDlmjPW-v5HQxmk9GlBRNr9cyAb5g,Qiyana,MIDDLE,-1894.8903698006998,-0.2757477632531288,
KR_7503210201,8,200,ue9P-KjOFR2MzJoWd2mNG1Ks-ebjfmtckgrSl_6hap4OuIS_VILwcu3OFDQLNacfQIv1NKstn-BwPA,Yone,MIDDLE,1894.8903698006998,0.2757477632531288,
KR_7503369803,3,100,B8ZN2C9v_jvIveQB55QIlOAQsdLRCfrAGlxHK3uhUDdFZY-iFHkSijKAW4bCs6acKjvmlC99_UKhnA,Aurora,MIDDLE,3422.835571193064,0.49809702333280825,
KR_7503369803,8,200,eKyi3Meo05-R00ONc0WSqZKtH7i62iaL2DcCpLSR-hlXW2XOZOGdzGouKmXK2kzb0XyzJolxXjZyWQ,Galio,MIDDLE,-3422.835571193064,-0.49809702333280825,
KR_7503524204,1,100,NzZMPn-HBIKnXjd7yke4w97upCu9Wn7UggR3MkThh-wuItPTB8bZulPCsb8N8I16BRxIwlYt13zAmg,Darius,TOP,145.27910712739876,0.021141269952205916,
KR_7503524204,6,200,YsXUbpRIfDLQM55Z1sleL6jx1ByFWg9iAfJdO9hQF_k2SKamcOyxZTAOhzyAUe5na9gTFw8_eoxuyg,Rengar,TOP,-145.27910712739876,-0.021141269952205916,
KR_7503693803,1,100,hAhTbgvNXWI7Nu-Plt4sdH1VNcqdMs9ZlTzSY4Na4IrwOAAi12qlcmGcvvf23ujJlg-BJHo_VkRWtw,Gnar,JUNGLE,-18052.20958092426,-2.6269891351234875,
KR_7503693803,2,100,Ukyodf_Skm9cXfFBcE-7xMacXr8tZn3ZP7BwyXaSdYVeNvK_CP31QXd3ic82W6KLxwndSFi1P64hkg,LeeSin,JUNGLE,18052.20958092426,2.6269891351234875,
KR_7503693803,5,100,vwx8up-NYf0wXxYI8SUcDSAN3UDTePKPbuh_QwbZ2yHZa0RNXHUeAPdPsX52vHavF3vNAmZCvHPZyw,Elise,TOP,-22625.013159139788,-3.2924315156351676,
KR_7503693803,6,200,2m1verm2kNHl54MA8Bvv4tJ11Lj223_l444-IVi-crCR2UaKSx1gcOg31aKHGV9aL0IRdhR-C0OdVg,Irelia,TOP,22625.013159139788,3.2924315156351676,
KR_7503824536,2,100,Wr4NMwZo9ogBWGaWXIdS3CB_I0orusfNG99uo4s_n_hzAf9iAwqyuGx3VvKD8IL3BU9Na-9MuUNHMw,Ekko,JUNGLE,7329.785872381108,1.066643269523849,
KR_7503824536,7,200,kjJVM1hgkkVr9eSrm5_DJQiEgo6PB-Q-zu6F8E640-UA0c-p0DrwidUjprDVRO-V8fNpdF5SFeF9Rg,Nocturne,JUNGLE,-7329.785872381108,-1.066643269523849,
KR_7503824536,3,100,xFsE2ElpwU_tAcdxz6Mz6_11iJ56VipbJ0i_SJQosYGVIWxaYks7Rclsg-iEXijlp4lMkxwhoBISBg,Yone,MIDDLE,11774.966465427206,1.7135137298542793,
KR_7503824536,8,200,7FQ38J65e1BwYLFoKQD2z_a9Slgi3GSUZqqFLSVvIL9-K6pnaKHKWiW1KDLxCF9FKDBfTFCrtrS51w,Mel,MIDDLE,-11774.966465427206,-1.7135137298542793,
KR_7503824536,1,100,EnVViEWIHvDiNj4LCEGql_Y0pXK7ogbGm5CsQJRf7K39er-kQ-8tqYcDEqRuyqYCH8ksngBY-pIsIQ,KSante,TOP,-7420.08997503591,-1.0797844806020718,
KR_7503824536,6,200,G4GFBavoplWpmce0SwKhTBnDKTibeFb-RFgqISrn9IzEBQWnAefwZS-sl4hDdsVy3XcSu3voc9iwRg,Garen,TOP,7420.08997503591,1.0797844806020718,
KR_7503932196,2,100,p8cxPtDKnLGrEpOZUbQVwxz-2HMMZIyYvlkLClJ0b4zBXM3PLfWYpdaKV-5DBJJP6PrH2UsyvPqPGg,Kindred,JUNGLE,-751.1165399848314,-0.10930379358307193,
KR_7503932196,7,200,0YTgaND915GGlWgHnhGIXDFbHOzbNAztFVkB8IeR6VIIVkm4mfFV_-YeGsvmzrNDBW5yfpcOOr5_YQ,Viego,JUNGLE,751.1165399848314,0.10930379358307193,
KR_7504085677,5,100,pZJba0GbtAo72mtmTVufV7BmQ0sNJF4-dB5AZLoOYP8Zp9xScVPY0sVpuOnDbQrfoncdz0SVp4eyMA,Karma,JUNGLE,-19653.519929005433,-2.8600146197608467,
KR_7504085677,7,200,w5cg43HoMwWBBnOkhwn_KkDVH9JIAhrK_Vrii_SU0f_4omsxIW42uKop2Lob08TCS1PvHHMX30qU1g,MonkeyKing,JUNGLE,19653.519929005433,2.8600146197608467,
KR_7504085677,2,100,S5-isyema71phrH0Xcim1BpeAmb9iM9x_atH7lj6R4DW4cmJ0a9e3hxSXBz5eZD_xnPyXmuVciaWKA,Viego,TOP,12075.407266344575,1.7572344010673884,
KR_7504085677,4,100,WkWzCf4UnvuSvGw1V_5MKtI_NksI6QR8pEQBpfbEO_O6vmIjj_dGjjogLPZVanA2FB7O4CuYKxbD0w,Ezreal,TOP,-12075.407266344575,-1.7572344010673884,
KR_7504268949,1,100,uSwfkCgdg8y_rkWo6Crs5HGsLDSGX0LoP7lLv2aS0GxOCXljiJVWt0YVf3If6MenQsZ_LagRzjLT3g,Jayce,TOP,4437.816035991533,0.6457987570976148,
KR_7504268949,6,200,St0l6KblZnuJvRWxiWLPB9lyAhj11MwBMyYy_mH6b9g7E1v66JtwwkOeEAZSc727AkOJlwiTw7AE_Q,Poppy,TOP,-4437.816035991533,-0.6457987570976148,
KR_7504413302,2,100,abcXImUS5_TGuWRJpVoSroMMU06qORFTXQmSAt5BQV59-bqkCQsK_R7t9e7ACo5WJZO5x3iRCKrGCg,Viego,JUNGLE,-8359.883263697217,-1.2165448448947636,
KR_7504413302,7,200,9-_r7Lf3WVkTT-WwShWTRxk6Ji5-VTWTjlF5wga_HTy3MB8b0CeVIo3TMiIbNmwchk5royjoZJGd0A,Nunu,JUNGLE,8359.883263697217,1.2165448448947636,
KR_7504413302,3,100,OerNpiPEg9Y_bVC4HJzY1ASUOz_QAUZSnjS5Ljf4rvZF02pwLoFnXYpD1np1fhfAidA8rzS2cCJcAA,Sylas,MIDDLE,-5224.26785908395,-0.7602446029260932,
KR_7504413302,8,200,KKilUSZ2vuh5c8sjIYtF_Zs8nBfunQSuT2ztzvsHIOO6YJ3VS_KqvFsNBAGJ1zc5522RfJjUF8qopQ,Yone,MIDDLE,5224.26785908395,0.7602446029260932,
KR_7504413302,1,100,DEaH3Dhe9bksqTUDkvcdioln7-c_E0yocCwM_QQ5lTMav0MnW14Of__qArTxwsQksq6hHsY-AJXDdg,Vayne,TOP,1208.5717319182534,0.1758734738002125,
KR_7504413302,6,200,6Xw73-siWxvOzIie4KfXEcVEx9aNBLpPdqc7cIHiRYzbthmE7_zn3LJCHIEUk8KL2jDIdOcvbOZzEg,Singed,TOP,-1208.5717319182534,-0.1758734738002125,
KR_7504541902,2,100,FXmDcUK1nvouSgXGJQ2KzNsrjkOwRlZ8m47Mf6CP2LGnG4fZS3ZKc22s_-Yiejhh4epoqh7b1jyy-A,Viego,JUNGLE,-3280.8122589650025,-0.47742954235299423,
KR_7504541902,7,200,zZgxswL_aq42bdXAWEov8Y0XVxtyRPktoVOiZo3z61EknhC1tGxi25j125fYxDqGWmhYP4i81us40g,Lillia,JUNGLE,3280.8122589650025,0.47742954235299423,
KR_7504541902,3,100,jRcgF3XG-TowsNJekwQSn9mU2xgYrA54JliiQ1gtqirjvFbcaAX66UnhQ3LiaJHbjPfqOHuSUwZA8w,Ryze,MIDDLE,1476.2763371655587,0.21483031652102402,
KR_7504541902,8,200,1TzrPHgHDrEeC8WBpp8gsEGqIJztUDv_AGoC8NmjYINBjibQJqXWbb186fGETK4jp1UH0OToLwrWiw,Yone,MIDDLE,-1476.2763371655587,-0.21483031652102402,
KR_7504541902,1,100,eHl4SdIVipf_BnbzssJLRbS3dsWwb9iUEHZcLVMVWZs4kZAhI12BkCE_ljMXe96XqZ5NB9x107hQPQ,Jax,TOP,1976.7275325248186,0.28765685041289496,
KR_7504541902,6,200,DM7iIwz9WHPQ9aH9v-3VzWtcBgcI6rfy1NcHcRHW_pfG2UosqyhaPLHeSVdPCpDMK5CWIDGtm4sDZw,KSante,TOP,-1976.7275325248186,-0.28765685041289496,
KR_7504641445,9,200,_VF3uVwo83l-VjcqCPoRrzHFpjI-_QQQQxf-uFoeiYgKAybraU6gt1-ZK7m27hJRmkS3H21NID7P8g,Zeri,BOTTOM,7609.869333936753,1.107401505081448,
KR_7504641445,10,200,R2n8BCrkNLiT9qEgqu-2A2TTpU4qo_911EUQPE99ucHMpMQFL9lKvtTEa4Yl6nPmQT_M6vQort4MPw,Bard,BOTTOM,-7609.869333936753,-1.107401505081448,
KR_7504641445,2,100,o3BfVWDqlg4MJhl1GbrVaWlJPiHJruAjd4U7VGVGMe5UUTEjMpSU-VDbWH-VeHFV7ff59atLGvU4-g,LeeSin,JUNGLE,-5841.876616212946,-0.8501201102683875,
KR_7504641445,7,200,kDMgvRaxtlCwiCY8CxhEEe32zCG8U34dJ0HC1WANntr3_rkI3M6xE4gxOFoifyb0shlSuqX3OiO0-g,Viego,JUNGLE,5841.876616212946,0.8501201102683875,
KR_7504722094,2,100,JomZ6_353_5tDvm3PI-mJzcvRbo8pLHTUd2h8yY28vAJ1VK5urJPIf_tD1HCgiAAtrSnHJvv0LHKEA,Urgot,JUNGLE,-1742.3579580739704,-0.25355097972011903,
KR_7504722094,7,200,On9yj5wzSUfBEKaRRh1B7bTGXfymwQqUSRyNHsKsAmFcP46Ezw6R7vPQsLgFWB_2Kt1-yJPNABwnnw,Belveth,JUNGLE,1742.3579580739704,0.25355097972011903,
KR_7504783956,2,100,kKSB7A-qi4nYL9MPz-YWEC3m-IC3-gZvPnGcwQmNFBeS-d7UX6eIf-vlVJr7ABIRDQ0NIFwFBBi58g,LeeSin,JUNGLE,13513.779862358957,1.9665488988329127,
KR_7504783956,6,200,L39YbHl95EnYMO_5xVJ9ZCbjHhcbm1TNELt95LxLNbiYJ681skIEgSKP7wGGtzNXNE94gq8aNNenDQ,Darius,JUNGLE,-13513.779862358957,-1.9665488988329127,
KR_7504783956,3,100,p_1UZb5A0uh4k1kwlyNrtIi2Xe312aXDPITf-nJrx8Uvsa5a3fn5X2GZiaPZ-fChdKdSwi7RwfMBCg,Zed,MIDDLE,-22856.079811260173,-3.326056739289287,
KR_7504783956,7,200,bQAqfDa1TJT28ZpNCM68S6ujvheTNGVDEOcdL2rWuI47XTlzWytzFwJie9V5vhmbKzXvLdUZYmxIXA,Skarner,MIDDLE,22856.079811260173,3.326056739289287,
KR_7504783956,1,100,YrtgSvcwlTwwc3mykplHVY6FNK7q74DNmQGa7oqbUN4JIjWKinHCm7MAkpuqGH8OnN0dEagZi0xBDg,Gwen,TOP,2041.7130245495546,0.29711365295689107,
KR_7504783956,8,200,DLNsZwl7DXP0ePPUrfXhrzFbso4IC3ViHWzfrYEJsMhnyRDGsBCgpSKNaBJJMAf0QqZlcPUokaHzSQ,Viktor,TOP,-2041.7130245495546,-0.29711365295689107,
KR_7504924300,9,200,X_PJ7O64OO_AfFo9KzBZ8dFHj6mCAKEAenncM0_HJOBz9TM_JHYd3xQ6iyLLC6HtM5jJSreuOC241w,Jinx,BOTTOM,6096.149382007245,0.887122328202156,
KR_7504924300,10,200,hsdcKOCvK2U6U9sZVD2Mdqy0aAfVmhfmN84uCjpw_bUYCib4t1Bk5qv1Z7r52ZV4FUX1if1FHd7KEw,Lulu,BOTTOM,-6096.149382007245,-0.887122328202156,
KR_7504924300,2,100,oQmaPHdtKUFxlVqPLGmc1XSS3Vo5YXJV2Tubr4vf6aOgwp_dZsKrB3WYodzJKWMF7j8HoI0spn9oUA,Vi,JUNGLE,8092.084351327861,1.177574278436485,
KR_7504924300,7,200,S9UT-j9nbMH5EwStNUvY45V5IT6mO-Jg114dGgLKcQ6I-WSwqFpzSZMn3DaD9y2P9SvwTdAtvrLa2Q,Nocturne,JUNGLE,-8092.084351327861,-1.177574278436485,
KR_7505196047,2,100,FkFrZGOir6_a2dugMtJTwCMXKYTYI3yvVeivCsa5rCsQqM1RTJDVq97AhpJ0N0jbJ8nnE58zs_r5Fg,RekSai,JUNGLE,-26.179714154968334,-0.003809717826365897,
KR_7505196047,7,200,2oiDjaNL2q9aOYzruCkhHzQoKtK4JfW3OzEIllZuC667v1aVGBXDotJ1AnKsbZabNCLKISsENS0w2w,Kindred,JUNGLE,26.179714154968334,0.003809717826365897,
KR_7505196047,3,100,Uux-o3ch65JPj-PFDivtijix48PaPSWie7lwfOIVV_KMYgFrd6CnwWKpPf7kY0b3J3loPuu-lDfavw,Aurora,MIDDLE,-1210.43028504037,-0.17614393370358133,
KR_7505196047,8,200,Fpa2GwTl-4dLMATV5kjnklHKQ4PUnNwv320_9X7ALBBh00_nQAVpFFJ835KpvTMcGbYONYVls8S3Xw,Malzahar,MIDDLE,1210.43028504037,0.17614393370358133,
KR_7505196047,1,100,_TWPdI8tI8LnT-BzV-7ahJoI0baN_j3zDAruRQmaPxJJF7YOhYfUJvDmEk1c2LfL5QMLzEGf5Lb7zw,Ambessa,TOP,-2024.213392699771,-0.2945670759003838,
KR_7505196047,10,200,eonBxHrST6XcawuA0QjNLF4U4X4Gj2ESWf2LfYlnPwRzzXA5UGlYmyrQDQRDtyRI7nDxIIGK9_XP6A,KSante,TOP,2024.213392699771,0.2945670759003838,
KR_7505274631,3,100,nxV-5cWbIEkJM7JodmQKCJqSW35AC04xoS7kWTi8OXliv0VONPyG0LVb2_JKu3CB0Q5zNXMELsr0Iw,Azir,MIDDLE,6922.677954603393,1.0074002127650294,
KR_7505274631,8,200,_VXX6QSaJ0iUwKO1yCw43aIHaEiVt5I9vgTFfarvSjMIyY8ma2wg1fUvgZewTyZRa2fvDjAW2aMUoA,Akshan,MIDDLE,-6922.677954603393,-1.0074002127650294,
KR_7505274631,1,100,B_0MBlcCwbkmxHl5-qHo8lqGGyVe1fyaa29No-ntdX9dnlVqyJQSx7lf8ENBJ7D5x4G05yUHSs9W2A,Camille,TOP,420.8172483562485,0.061238062540144036,
KR_7505274631,6,200,UrfQEBsXA1UT1iAi3WCBc0V5LJaFFvijwwuoBMnrkJJk8MAANn7fAdg8j-e4C8GP6-nkBRH0opNymg,Jax,TOP,-420.8172483562485,-0.061238062540144036,
KR_7505682319,1,100,kto-nUpd6AJiA6zOpFMt-k2yj61rr8dnul-MJ0KpBi2798PnlGaQ3ab729z13-fhqteKDNbIckVTbQ,KSante,TOP,1991.395658746088,0.28979138181433695,
KR_7505682319,6,200,4dtr_mdQDF4tB3f9DuSmTReYaHNSji62nyFYx9SgOA25egeOg_L0br_QAE-3SyONf65PlEreHrHPuw,Yorick,TOP,-1991.395658746088,-0.28979138181433695,
KR_7505803569,1,100,qDp3dAi5VwXfFpoPt4-8OEztMHf6ygznz-XDSOKisWX6OXYNCkkc0LUEjzpza4mfoaX-DTdKjZbyww,Jayce,TOP,-4963.585911072751,-0.7223097095780855,
KR_7505803569,6,200,NN2JhZibXFiPbOdaQ-NNsQuNnfJg-IppfPIYGRf9BgQZbe-RnV3VoPMZt2d-ESGbFzbDI0gBsxR8Xw,Irelia,TOP,4963.585911072751,0.7223097095780855,
KR_7505927936,2,100,MIx2xMIvExdaeq2chIWbkIELH3diUzOdAfT1V7db0k_CfyZpdOGCPvdUOOXVrddP3z7sfCOKDFY7Dw,LeeSin,JUNGLE,-16.996963982259444,-0.0024734279486021077,
KR_7505927936,7,200,h441MHT8F8EHW-J-e6tLRU5bVX5iWkjMy23Xc4j-18fyhZpaIsbTUatgto7Q0NzvNKiXfMygzoy66w,Pantheon,JUNGLE,16.996963982259444,0.0024734279486021077,
KR_7505927936,3,100,6yFpzPNI2bZIhwsf49wnMRdy6-lcGtu1xpTkFz63xu8XXuZA4vRpHgyWTgo6iPTY6uoitEqVvFJV4g,AurelionSol,MIDDLE,5232.953063631553,0.7615084890936341,
KR_7505927936,8,200,3mdD_mYi4UyNkB8zjAWer-Z2I4pDMwNPTLU6vxOAI-SSzg47I-1xmKORB9A-w487aeuSn_6Zpr5aJg,Xerath,MIDDLE,-5232.953063631553,-0.7615084890936341,
KR_7505927936,1,100,KVDKJ_spwJO_-PX_WSyGrlqUxZQJE0MBFYhrNa-YrWg-pKpyc7CBftD70N6XIhieSZlqq3awJ59bBQ,Renekton,TOP,-1679.7814474962881,-0.24444473637275507,
KR_7505927936,6,200,v2hqivnktUOEXlaNZPcpdyBZjg1IL1eRaKDp-E8K0tw2hLuwzkStQWFcD-0UrY5ldXupi_OD-2YFnw,KSante,TOP,1679.7814474962881,0.24444473637275507,
KR_7506024382,2,100,UP8FIlGgLikTK_pOn6drreCKhzJtdGvTYexrJtBbMr90iS9XZ3_4s70gcB8Z8Lmwh74OzVi3GVd55g,LeeSin,JUNGLE,-12611.514970753768,-1.8352497325660402,
KR_7506024382,7,200,B6eOHU0-W8Da1KFA4RdmrMK-NTXswnbbn8tytLAkDn-gE7bV4tE6WhgpJbLbDX_GYmP8SZpCQ0jwHQ,XinZhao,JUNGLE,12611.514970753768,1.8352497325660402,
KR_7506093320,2,100,gB4kZ6tr5Lzl99YaZ1Il5VKYXJ7Xv0rUrOktLKSv2jHws_9v-2RUj7RMIxVKa09vxsOqPkK-MxAD4g,LeeSin,JUNGLE,-8463.241261414609,-1.2315856816308175,
KR_7506093320,7,200,c3p_hWhPiMvzGpfMUBCvwjoZmtbt6ugKqWHXIM15Xjy139iw8xkTo1J980pYTHuh-6EGy0jnhb5arA,Viego,JUNGLE,8463.241261414609,1.2315856816308175,
KR_7506093320,3,100,QCprdn3ACVBHssZXtpmz9bjD1jNCE-Y0sIEVRx4owiEfKqQV4kICqhls56fqkw8wWfL8Xo112VUgzQ,Aurora,MIDDLE,-1898.9259199804649,-0.2763350235787396,
KR_7506093320,8,200,-9ic9IEGlHANixzHDtdUZXQhaUTnCTxEcvf0sXu-XkYyq2CZwrFcMibfIJ2oCGpIlZweK4PqkPbhLQ,Syndra,MIDDLE,1898.9259199804649,0.2763350235787396,
KR_7506093320,1,100,HeFVTZmhYCkO0C0HDrHc6pe2r1MDAHxMx58ej7yEPdhHsirE9jE84hYnhmg5K7PpwSuudaFVJoKxQg,Sion,TOP,-20784.52503494179,-3.0246004623827716,
KR_7506093320,6,200,oQd5horhPPpouQPsKCnsRtDw0y1SA9ML6yHADDRSFg5sc86Xd_ls0r7-31Ki7iwNGAzFgevFs8w3-Q,Gnar,TOP,20784.52503494179,3.0246004623827716,
KR_7506158108,2,100,iQnDMeIySV9OoILoyU7UNjtX9-cAX5E8I7NN7078XldOF45PMfs8AF-5lo3uvb2XxZRJotjyfeqvWQ,Nidalee,JUNGLE,3755.776201847414,0.5465471266539198,
KR_7506158108,7,200,7MjKPhlHyjWMu8KX4EhQB2AaYtAs9bVrUpGKBk50m6QKmb2BUfXXzy26xjPf1a7VgIDqpavM9GPynA,Kindred,JUNGLE,-3755.776201847414,-0.5465471266539198,
KR_7506212861,1,100,mhwpTHFtI9QqnH80RsSeYbQhdMPgWIkBOhvxDuHAvNQ4k-RGFmXtPF_pJW_m_koG6YzQQ6cDSz11NA,Gragas,TOP,15245.652624101906,2.2185740544306296,
KR_7506212861,6,200,RpfgaSJMUK_WXacjFMN2Jw07IPONubosibIrVZc8rdyAsZte53n5Pxh50nTvkFkvy0eg1XWtCX3sFw,Gnar,TOP,-15245.652624101906,-2.2185740544306296,
KR_7506277626,1,100,Io5a2tq7Wdi4RRUqcmHkIoHKsWf0KhRosmBjQl-3fh6I7YHKRkwsadUh39OAeXE_lcqnfHiGjPriNg,Fiora,TOP,-9595.564770533614,-1.3963633805914912,
KR_7506277626,6,200,7Pqey2vAj9u5BRzIM9GQwrmrchLVMKutNuxiORzyPejdaOaYN7O8nz4tEOo4mSF8SFy2ohagFl7yHA,Renekton,TOP,9595.564770533614,1.3963633805914912,
KR_7506337509,2,100,Vl4u0vynG0x_c3VBg0XSpnoVhqxM25KMMj9-qKZqR6Hxwxl7TBZZz3KZJ3bL7HlzcHVqXRSDbBcAkQ,Lillia,JUNGLE,2573.567249529912,0.37451001068416423,
KR_7506337509,7,200,Al_ZJtBZggGFBbNPiOkx50vZB8ySa5OqdnfD9FeTdrs6rKkeJ-cNgB-lV141zb3eLNz_I6_IykHY6w,RekSai,JUNGLE,-2573.567249529912,-0.37451001068416423,
KR_7506337509,3,100,775n-v7VZXb1yaqYS6F39USG2pYy3oa7ZOd8DKoZPl2TV6mJypSAUZnHfs4MUZRp5sfK01njZjsbGA,Veigar,MIDDLE,3712.9810635307667,0.5403195032214544,
KR_7506337509,6,200,g9OsH9YLlErJ5JPmG_h_qn1swl_2Fz4bxMvHnTVOpBDR-LXsyRoUYaKXTub8I35gVzFyMy4UQEIsxg,Aurora,MIDDLE,-3712.9810635307667,-0.5403195032214544,
KR_7506337509,1,100,rz6sZmQJdDx7ad9hwGQGAbSstRM0LjUiqom1U53r4CRKCMV7GujKlrU1sa8uwnyRjZWGnkeI6FTo7g,Jayce,TOP,-6093.472723991444,-0.8867328162427235,
KR_7506337509,8,200,f1Kk-Ckc3PyDVwgbcVVtG27zZ2mXF6kNvOT5XdsE7iIV76nkxqSvrBZJOahdZff9p_Zd1cQ3KQ-SBg,Tryndamere,TOP,6093.472723991444,0.8867328162427235,
KR_7506480447,2,100,KkVVvLEdU5m8otYGepncIsZDrqnPlCd5N8_2DvfnjpFIv7zhe-xO4itOjE10T99-q1qbkDsACFJecA,Graves,JUNGLE,-8967.715756289703,-1.3049976931102416,
KR_7506480447,7,200,hRmWO2CXVkAqXyjYGp8K45AGgpRHVuL3uTNThN3G1FsLtjo-Y-oFmym8s2Rffvfuun2lNlw4LcECew,Viego,JUNGLE,8967.715756289703,1.3049976931102416,
KR_7506480447,3,100,0qzRCZvqKj3W6E5xp6cOXqFgwMzkoeY_Rv9UnpNS-M7S_0Qt_WDtaP4dFfx99_u3usa6g6SvrpTwTw,Singed,MIDDLE,2348.1709563160603,0.3417099475829923,
KR_7506480447,8,200,5ffPrNIfynkdTBBDpVpNJZ4lxqDOKGWcBB_4jLQTFQ9QCvHOsZhEIj3BE2RmwxJQz7GhvRivS9KOCA,Katarina,MIDDLE,-2348.1709563160603,-0.3417099475829923,
KR_7506480447,1,100,V4SWotri1hzhCevpTO-pH2zZ66ad9w9C9mnXAbRDtIeEv9EzYSZzkI4q5RqZjKWOSfcu_Ch3vgaZbA,Teemo,TOP,-5256.023619351033,-0.7648657567424861,
KR_7506480447,6,200,Jb0dsvR1HUVfx8UM5jmyxoqgSlsiwR_wH2FQJ_TZBOXXfCtKl0oH5VcPn_o2ds-G4pDnHuY3CQDfPA,Karma,TOP,5256.023619351033,0.7648657567424861,
KR_7506562373,1,100,2aXB-QZaz0rIw_PwXnCZwZdyAGovuA2aLys6QRVnHSNL70BaM-6czLKrlWQSgcmAlfW082evfYZEGQ,Vladimir,TOP,-13764.502736240353,-2.003034530282115,
KR_7506562373,6,200,rQsimw3ALboCPuL0cVlUNdORvZtzlZmSPi1MhtZ5zPd0edZAZqM-ea2pDrEPuJntcfC8Ljoq82P2lw,Tryndamere,TOP,13764.502736240353,2.003034530282115,
KR_7506821894,6,200,fQbRvcfJOR3lLs_9Yzc-xGg97r4jbUebM8tD4hTUd5Xp8XrSbm83B9GrqRXCfxelxO3AIe5_K_ZqKA,KSante,TOP,2476.882508483315,0.36044027793909195,
KR_7506821894,8,200,82-9lE7P_VIDQHQg285e-NyCGP0QAqyi-CYiandWYy6G23iVjfjREVg_J2SJoW81oyjyR2Qf9qoLIA,Jayce,TOP,-2476.882508483315,-0.36044027793909195,
KR_7506908103,2,100,Dnj7MXlZJcDChKXyHvSVWQceCDgIxwRzsYeTKt9f3sfdjuzguRqNIJnLQ9fXHtTCnodqdZiFyg6xOg,Vi,JUNGLE,-13056.487328844063,-1.9000028889535385,
KR_7506908103,6,200,2eEztjZMcv0XgBqgXGbpyAuWAkrxUu-IVoJH_suBSatKpX0h1cHQRQZeZoza64g1HqiD62TYlfGyHA,KSante,JUNGLE,13056.487328844063,1.9000028889535385,
KR_7507008379,3,100,leLPotlMENER-WvB6CXxYJL-Z_aWNpoSrBkLGcRYtQpmejMebpCRKu1akLJNxNFUwcohBWEeGcpeMg,Mel,MIDDLE,2706.646430842783,0.39387592607822547,
KR_7507008379,8,200,zy9MF4IH4_N-0TYeH7ySBCix6Lipt7MQGEGgPR6HdksWoP5yv5EAEKSnyoUMyjVzuBCIXqzlSQz3MQ,Syndra,MIDDLE,-2706.646430842783,-0.39387592607822547,
KR_7507008379,1,100,3__KVHZbKoywOUvrj86mkrrv0J8RnTzFZhEiN3SqK_5sQsF4CKx7sIWEDHreQZ1d9feisg4rSkivow,Aatrox,TOP,15417.859683255798,2.243633927093912,
KR_7507008379,6,200,EYPYDNIv-cjkScz4NsXS0N1kz8t5GkpBPhmm7DoaSDsqBsm2iuxvCiOl_5zViUJBgu-EGZtFPbaoiA,Karma,TOP,-15417.859683255798,-2.243633927093912,
KR_7507121926,2,100,semJ33ZJxkKZPTXKC5S-SuhBKC6mKrvBgbS43ljG2FAMKn1sBDaHv5FxOPTDeRx_OEtDVX4WDI4IoA,FiddleSticks,JUNGLE,-4977.076861278573,-0.7242729362653403,
KR_7507121926,7,200,nNukxJ859zZJYrT6ABeN-GxHGhgPj6fLew92BUzAb8iblgFyop3qu7LT6xaa_5MXg9bNflLRXTU6Hw,Pantheon,JUNGLE,4977.076861278573,0.7242729362653403,
KR_7507121926,3,100,upSqkCipSkMehBbISqUD2ZWWOvLPw-ZAhsmVY9Kh8Ga7TdG2wQfXv6w9c-fSdOcjykwxLWwJkknJbg,Mel,MIDDLE,-9032.800252427454,-1.3144689029060512,
KR_7507121926,8,200,aJRLK81Wjl7oRJaVmdfuzlDwT94GwuHYkILJ2wYWwDLhojA0WdzrrdulM_TTKx5MtoO4SmHuyqDAhw,Viktor,MIDDLE,9032.800252427454,1.3144689029060512,
KR_7507121926,1,100,cDkoDzzLzqB_BVNhBGqHAoJJr2mRWibu_ePtOGyYSX9CJ7MMB5kplV8fxxopRcBBfsNsQ4W15rx5FQ,Sett,TOP,33808.04915723278,4.919806487822978,
KR_7507121926,6,200,Eu1OB-gXKSANYEzCmgXGVLTLCHXy_c77eG80ZBZKqIzdaFvTUTWyg8TBaPh7co_5v34qgUKAexPSaQ,Vladimir,TOP,-33808.04915723278,-4.919806487822978,
KR_7507242458,2,100,y3c2hPCYShS9csLsUBYhNV8LUrDW76-22edOng-HmmpiZDzB_6-xvRsRI70j7AXfO8BmcJRmkPYdgA,MonkeyKing,JUNGLE,-8122.551348542638,-1.1820078891977754,
KR_7507242458,7,200,ynodGuRyk9qyqjfjk8XlL8nluWQmUOB4DLo-tGDWxG0383XPBT8Otd5dImyIcAqzlWBPSluKNS7E5A,Belveth,JUNGLE,8122.551348542638,1.1820078891977754,
KR_7507242458,3,100,CO7ee0mvW8W8DFFckMw0gS6kbDBGw2JUE8GXmPvl1dLCVuImisy6n65LJjKFOmY8llk9dLnYxWbgSQ,Galio,MIDDLE,-5442.319307247615,-0.791975831319829,
KR_7507242458,6,200,tuNSxe4fqfFgcrwo1my1cSc7l3eL4uudPpeiUk3DfvAOB66V3P7c8oc01qbk-UDM1egOaS2SsRVDlA,Taliyah,MIDDLE,5442.319307247615,0.791975831319829,
KR_7507242458,1,100,f-l-H-VbMP-10Y51yqrLYwjiHsEdApN7vecFUNpezFbEVnBeAFX0G4qq9pn48wsnTtd5C8T4qRvU0A,Gnar,TOP,-4349.311137672811,-0.6329193693835383,
KR_7507242458,8,200,W45KBs5R9fggbL9GRSrQKDHIonRvO-hEf0gaQkmuQwF1_IQxP2_u-ExKjWTBJMybnR85MpY-LnQjjw,Yasuo,TOP,4349.311137672811,0.6329193693835383,
KR_7507366345,1,100,4pAcnYzDn2fxDWfkJzJVxXOmMC-aOOE2Go9aGKs75njiw8E_JOY9HmRYGrM7dwdnztB_v-RhPi9Y-w,Jayce,TOP,-5150.523611953957,-0.7495132110086704,
KR_7507366345,6,200,5iyXobLS4woqVPQzl3NCZODMBawHRNhSATVSPoUOihSEli1qEZtOB0ivAKeej3ogHKbRwcKtnOBcDQ,Irelia,TOP,5150.523611953957,0.7495132110086704,
KR_7507452020,2,100,SfZfSidvBdad7m_KrXHro232q5VtK2QnnFn4HuideJVRO--0jOD9y-iwOCqXT02POYofADWbvurxxg,Gragas,JUNGLE,-11013.8213426631,-1.6027505593520694,
KR_7507452020,7,200,ei46L3acO-mbYlnxFeUAs-v1hppNwyPvxopvK280GIBz8Z62Mz0xgkpZ1r4cSoNpfk_LMn7S5E_maw,LeeSin,JUNGLE,11013.8213426631,1.6027505593520694,
KR_7507521404,2,100,AeF0g5KNEJKr-IgVtpXxQtqXUkdZtscCdyEuEnEVLMxyXnnKqDpckf-4ftmc2009tXpFplfd6PMWqg,FiddleSticks,JUNGLE,2970.3980436513143,0.43225752242039656,
KR_7507521404,7,200,SuWEjnxRHsK-SDMshIa9LCbqIUzF5ezfRk4tCrRYnjJ1bamPiMXdKNmHIOB3H7AjWiP97sZQql-unA,LeeSin,JUNGLE,-2970.3980436513143,-0.43225752242039656,
KR_7507521404,3,100,-PdAtBD5Myn8eH6I9mtRPhVt5Jv9uZDFeDMzS-SWkqUuU1zcVukF4MsYSrb9WWqtcEBcb_UZQ34aLQ,Tryndamere,MIDDLE,22445.2250861093,3.2662684405634628,
KR_7507521404,8,200,nRhdJdARGQj3CRrWsksBrLYoHKHAsXTt9fVpzGy6jQTx7a7FLPneWMCBwGhOR4GLsu4DyBQo2lhGBA,Xerath,MIDDLE,-22445.2250861093,-3.2662684405634628,
KR_7507521404,1,100,wJROCEzeOdOAaeM_j-Tm9oB0RjpLKY5jM6MgeU8WUTZi8z18UXk0Nx1mpuVeckHkp6lAQs8yCe_BCw,Skarner,TOP,-3542.6720321240105,-0.5155358348780666,
KR_7507521404,6,200,lGmb9idWN6trpV7av9MLMEsO7TGGtNgOBOS43LAx45oRLiCaaowIRuCgAZ84mQLZx7T1jJeeS-7_lA,Volibear,TOP,3542.6720321240105,0.5155358348780666,
KR_7507574176,3,100,A-Z_AaM67jCgwIpr3e54SvbqnxJ2uTAqwGKTd7eogC6otN3xTfkhCiT_2Z_y6dzyAdx6PsNibpJ0AQ,Sett,MIDDLE,15777.738688186728,2.2960041497901744,
KR_7507574176,5,100,CfnaFNQh7hJ3FDAC96nykUujen4GC81daGdUAIF6DXZQuFLQQDfEbFDWfXq2tLNlMFJql6qcyMdEDw,Neeko,MIDDLE,-15777.738688186728,-2.2960041497901744,
KR_7507627892,2,100,vGpUK0K91aoXTg4grnqBD4YMaIgFJIa6XafJBMxf4mepkwtezbFml3AT-8GgnEfBIJjfrvyImjPSTQ,XinZhao,JUNGLE,4347.018668551048,0.6325857652644147,
KR_7507627892,7,200,cL3LZNtoAaIu4aMIgWXaUTjH2bfrKWhcwZIKZW40I9TXlYdQKAS376MhQsOoZQPgb7tXw-kX69Lusg,Volibear,JUNGLE,-4347.018668551048,-0.6325857652644147,
KR_7507627892,3,100,FiqtrFPZoDDaexpfe-h_S9kOH77-HDSkwltEX0zbRXbyfLxkV4QIso_BdcIqbjSwcJo4e6G7xtlM7A,Yone,MIDDLE,10072.382852723436,1.465750782489744,
KR_7507627892,8,200,QCprdn3ACVBHssZXtpmz9bjD1jNCE-Y0sIEVRx4owiEfKqQV4kICqhls56fqkw8wWfL8Xo112VUgzQ,Viktor,MIDDLE,-10072.382852723436,-1.465750782489744,
KR_7507627892,1,100,72lIpS7UXgt6zge6zZMPLUElUfqAciBjEzXx8T9wpEnvYhpQjGX5-F1_3sLwDOIyBfHj0EbP1CtbeA,Karma,TOP,-5808.39567583683,-0.8452479052229335,
KR_7507627892,6,200,jCW4u4IbClNLJn6zGIOsK0klpWr9O-Lbjc4xKcN225Nm3h_yRXdIRTkfPYTb9t3tHRBT0hYXVzIOqA,Jayce,TOP,5808.39567583683,0.8452479052229335,
KR_7507711123,1,100,cJuOp1aigR-m2jMcRchxYKLkgH8yrauItfZmYLLc1_87TkXkVgPopkHSiimOfvAcY3mo6UlIoGL5Mg,Tryndamere,TOP,18850.937707440935,2.743221450113563,
KR_7507711123,6,200,zKPTWy8KIDx9SG7bAMsXCWaDN_LAdJj4bpd6WOgWvgrm5qefmNFwV39kuwsvFn8L6VocOrykNXQ_Ew,Urgot,TOP,-18850.937707440935,-2.743221450113563,
KR_7507895784,1,100,St0l6KblZnuJvRWxiWLPB9lyAhj11MwBMyYy_mH6b9g7E1v66JtwwkOeEAZSc727AkOJlwiTw7AE_Q,Poppy,TOP,-1278.258890174913,-0.18601447104363708,
KR_7507895784,6,200,CyiOhYCuw1lABxkDW4IKUWTz-UQsKkGC-drMHoXsL38GreXF1KhBYtJJgUQ5tJ8e4M122LsPATVTNw,Garen,TOP,1278.258890174913,0.18601447104363708,
KR_7508009037,2,100,Tk8_vdw-LawaBsnJ8CUIdmxkGZ2cGDLnxoxDyFRwyGVENpETc-irmzos_2Wmla1VR4d9sVuiJhVDhg,Qiyana,JUNGLE,-4614.417378457101,-0.6714980935597565,
KR_7508009037,7,200,mQuImkcIqnhfpNpEAajRvabIN1rBvLnzBb-VVBjd2yiVSkY6byV32q5_en9N6LgZ23HvoNg42CFMdg,Vi,JUNGLE,4614.417378457101,0.6714980935597565,
KR_7508009037,1,100,1uUV-2pUzAllcWEHftjpF_byERJCqIRtIJI4of9b7rUviAkW5V5zidKl3pjhxo-pvfaouwKTEy0qeQ,Yone,TOP,-5144.847311071301,-0.7486871857689577,
KR_7508009037,6,200,vnpIgPFE4AMQkFhQIIv0ULKMTc1cExfPM2TMbCfc0nfOAzdvBZj53ByjJnO-jG3IsP4PkhJdhj-9zA,KSante,TOP,5144.847311071301,0.7486871857689577,
KR_7508104865,2,100,ewpem3ngRFe3PeUg57KgSyICBts_BzTQKq8L5W83LDak1AMEKZD0iAExQcp6s6npjfM-ic2EyW5hPw,LeeSin,JUNGLE,-4522.620693358892,-0.6581396792718918,
KR_7508104865,7,200,svoSA5_6K6jNQXtqudrqzZe0JkkIq9b_YiiGyLc1ujwTisG8kyVHEzjlJFvMF7tRqtjnxFt3bb0HtQ,Nidalee,JUNGLE,4522.620693358892,0.6581396792718918,
KR_7508104865,1,100,cEFjm0stnl7P2UsVZLD3Aq08WTj4ziReYmWqVjhALADqjxPVgKxkuJPxAZYEqnuOy1O0B2dcXDhhKA,Yone,TOP,-18533.50850133069,-2.697028596441863,
KR_7508104865,6,200,abcXImUS5_TGuWRJpVoSroMMU06qORFTXQmSAt5BQV59-bqkCQsK_R7t9e7ACo5WJZO5x3iRCKrGCg,Irelia,TOP,18533.50850133069,2.697028596441863,
KR_7508176880,2,100,Vl4u0vynG0x_c3VBg0XSpnoVhqxM25KMMj9-qKZqR6Hxwxl7TBZZz3KZJ3bL7HlzcHVqXRSDbBcAkQ,LeeSin,JUNGLE,-2881.3656904721774,-0.4193013785518245,
KR_7508176880,7,200,Z0tlxzhZk0qPt_5Yi_Z7lwRUWZbj7Aqh8lIJbmfkniMpohlCxUFRINLkzxNUpBM2lDCsWthNMClxMQ,Vi,JUNGLE,2881.3656904721774,0.4193013785518245,
KR_7508176880,3,100,fzoXlPCIO9glk7sY0mFWunK5BLgD62E4XUiYzfmP2sOX5Rc_OD2bC9TfN9P7JrU4t9QHXdn8o8sDyQ,Leblanc,MIDDLE,4057.8839811027606,0.5905103794724951,
KR_7508176880,8,200,zbZTyBIOsQp9tYFOohAEHB9VWhccavobhxcsBlbPIFVrs_LUKyj95fuTe0GzseHk7t7LFyLH5Si3Tw,Aurora,MIDDLE,-4057.8839811027606,-0.5905103794724951,
KR_7508176880,1,100,5Xs2P4nMxx91sT1xi6KBIHbXIWO0sdPeZfmpPK0dForYFhb5hBSJ38eBDYvlOFc-5eLDiR0S06U-HA,Fiora,TOP,788.7260584581284,0.11477679653950663,
KR_7508176880,6,200,2yFMUOFvVngnLVdz1myTt_9u-RkhgZh1GGcnrvjSincUmZgidHxL_t_hBvrM1NqCUoFmJQ9tnrE67Q,Jayce,TOP,-788.7260584581284,-0.11477679653950663,
KR_7508254725,2,100,aRu0GEbIE4y7LCulb76wZ55BcRPLkae6RL9_pDdsI5VkhDVfZkJR-CF--cDezA4QwpWGFQhBKO0zQA,Graves,JUNGLE,-16424.58525116722,-2.3901343938151123,
KR_7508254725,7,200,LRlXgISgxUbvn5fTukF1mztIST6ppTdj6h2Gj00BnlvU3pnKvLJj-u9ZU6MhYZbVIooONv7vpymwuA,Viego,JUNGLE,16424.58525116722,2.3901343938151123,
KR_7508254725,1,100,6yFpzPNI2bZIhwsf49wnMRdy6-lcGtu1xpTkFz63xu8XXuZA4vRpHgyWTgo6iPTY6uoitEqVvFJV4g,AurelionSol,MIDDLE,-1797.2127706378806,-0.2615335480571774,
KR_7508254725,8,200,ZjWfH1yQW5XPtd8Fya2KmxQtsr83OemQaxpcyDSXIaqAPnoUQbIrPUa5tw5bGf7S2V0QCl5-iz3Jgw,Karma,MIDDLE,1797.2127706378806,0.2615335480571774,
KR_7508254725,3,100,81UMuKqftY-c4mbvy6B0LNWH6rr7_b7tWKn13Hyqfkl16wMXp28voq1X-fPH7Y19fm-Oiut_mhvXvA,Ambessa,TOP,-24894.86386835842,-3.622744163776072,
KR_7508254725,6,200,2IWjXXEl5tv2_4KL8psls7SN9IHghZLf_fkJgvPazxcRHzREMealsdwlZGhmHpCPuGpeAF9aHfOs8g,Renekton,TOP,24894.86386835842,3.622744163776072,
KR_7508350839,4,100,3jT_-g7s9OP4f13eGpKV9jM6a5YkbV53i86Yqh943lAYjocY1nioC5Z4RXeTpV-pmwq2RJqxKglEyg,Caitlyn,BOTTOM,2694.5754715486887,0.39211933895386525,
KR_7508350839,5,100,qD1r8faUpSA0QtoTRK4WqZ6U58J5UmxvIStPuwigD2uBA0SAVrRYELoYFKHw-QNTPyU5hgv6FAcFVQ,Karma,BOTTOM,-2694.5754715486887,-0.39211933895386525,
KR_7508350839,3,100,YHXlTN5uuDU6gQfYZztcUwNcoBsunnogtDzsoEKeDx37kQ0vDUJpT70Gktum-dUqX4X1ChHS6o27-Q,Sylas,MIDDLE,8362.555681881322,1.2169337398664668,
KR_7508350839,8,200,Mu-t7fC1a0-ztSi7VGyjw0TI_B1vCFMWxSyaVjk9WeeL2efDuuSsGBj0a0JC2iOFfuiRiBpQoVVFXA,Aurora,MIDDLE,-8362.555681881322,-1.2169337398664668,
KR_7508457507,1,100,xx4sKrK8-GbFD6Kuyva-KxAqCakbjAW1oetWWX2VRSFiPCRO4MMc3riR2kcH_gP6Ey0u7vZ3cYfxLA,Thresh,TOP,-6985.618991447086,-1.0165595026126562,
KR_7508457507,6,200,DOuBlR5lGEx8GDdJfZ26tXf53j_UhcFTbNIHzxq67oj9hwdXXLYvNDj2BPOGrVzYf_ec572OlyX2hA,Ambessa,TOP,6985.618991447086,1.0165595026126562,
KR_7508576003,3,100,fT2qqUcvuh1UPurLWZdo1W8Z5YxpGkc-rN9PZ754p5GinCqSwa-6ToCHmwlDi0MzhMeIyC1p_ulWyw,Vex,MIDDLE,-10046.699448409074,-1.4620132885400776,
KR_7508576003,7,200,Mc3_XOnkya71B4IY1mC2ZLUAauGHI5tRNrCJzZJ81DkwUONTWFqYmF0dQ8hv62B-RDCgI2rzxkVzNg,Graves,MIDDLE,10046.699448409074,1.4620132885400776,
KR_7508681192,2,100,EWKgCOR7mmw83t7KwKrln4hdgF2pJZoiDHKQ5aLrWCyLQ_eT_K6rAm3kRdQ4zSwKlKvD1LsyS6VmMg,Karthus,JUNGLE,9519.578466026756,1.3853057205602985,
KR_7508681192,7,200,6KAITHM4y1UvaDYoXP5ALa5xm7SxOw4_GE5nk57wSxflDe9H25SRLiry9RXesNDVLBsJd49dHVxOtQ,Nunu,JUNGLE,-9519.578466026756,-1.3853057205602985,
KR_7508681192,8,200,shfvfaOdZ0cf-jkl0KM1STTdVR0th9Cle4n0YHUqWk_IARo-qVHILXDCYh7nnNQEBG-G0G3ib7lM3A,Zed,MIDDLE,-8543.532656564368,-1.2432698259875952,
KR_7508681192,9,200,x1PJVaR7Tp6Q0zy-HTxE_U_HVsQAgmCcHqjJ1Avnbjy-ujMAXD15ySO-DVTCoDUylEimjod4D11BPw,Xayah,MIDDLE,8543.532656564368,1.2432698259875952,
KR_7508681192,1,100,yGrbzwT0U55q8EgDMBk_zvle7ALYh-ToZGlAv1S1e_aMfHCc29BsLvjyBAH2WgUuqT79-LW02MeArw,Ambessa,TOP,-4727.234937332742,-0.687915502192694,
KR_7508681192,6,200,MabvIxFgnYOelNeLHN-FWSKwCkTutcOi9I0Ha87K1Nd4QrdCNZaiLhksE8YNBfoo6yVD5sIPe7fnrQ,MonkeyKing,TOP,4727.234937332742,0.687915502192694,
KR_7508775963,3,100,E5lmcr3qcKzVMKpbAXrCQGKsOU_aVCmOLOVgH40BJJQNs0kMjfWKEy-cH63kGbMm9L8oiu4Qzq52mA,Malphite,TOP,-25781.0853554425,-3.7517086657361505,
KR_7508775963,6,200,hhgszWQUjqthMSs7lKH9M6IX3YgLZnEjJl4H56UZpU9WH7l3bsBgcLJBVOMpheRqQQiKXIo6Msm7Aw,Sion,TOP,25781.0853554425,3.7517086657361505,
KR_7508854417,2,100,l5-6_sK3NBzOFFDhoCOz4f60h40u8uhoF8_4EI1AMMRMtgwBUdZpiZybkBqISQpInx4yAO8rrb98qQ,Kindred,JUNGLE,-952.3164517518973,-0.13858275690501365,
KR_7508854417,7,200,BZZNuox6jh_UU8sghUOBPj_UsXAE2hyW_EEKbwUgrln1cEP_lasPGVvV5sHSx3p2Ityto-fSa23vdA,LeeSin,JUNGLE,952.3164517518973,0.13858275690501365,
KR_7508963705,2,100,6KAITHM4y1UvaDYoXP5ALa5xm7SxOw4_GE5nk57wSxflDe9H25SRLiry9RXesNDVLBsJd49dHVxOtQ,Nunu,JUNGLE,-6783.488516554841,-0.9871451221159673,
KR_7508963705,7,200,c3p_hWhPiMvzGpfMUBCvwjoZmtbt6ugKqWHXIM15Xjy139iw8xkTo1J980pYTHuh-6EGy0jnhb5arA,LeeSin,JUNGLE,6783.488516554841,0.9871451221159673,
KR_7508963705,3,100,3o9923Uc_k6YecwYzBbExQ1_Nsz5jDxUmxHyKuV5BQ_XT2fWnOolY8-ZoRG5wN270qc5WzXDilpm0A,Lucian,MIDDLE,-7773.519176750197,-1.1312161166451131,
KR_7508963705,8,200,Bzdeq9E0bJtXCKIyY5cmy2yC3qT4M4RHkbjsUvGyoLACsdV9narh19MBB74UFie_NksLvGJ75mvyMw,Sylas,MIDDLE,7773.519176750197,1.1312161166451131,
KR_7508963705,1,100,szWAfZ-vXzXftFw_5eqhPXUGXE_oPqKlHDswuCzhQDakzsx-Qp9nSFJVe9zvhIWAxlfKMP0snUujaw,Aatrox,TOP,19599.400530053823,2.8521390700998497,
KR_7508963705,6,200,oajIfY2cV8cLXD0ItzURaYDhD-Jr9zZHw3NhwYLY-lcIYBlFi3fIN-07feYAcKs9evX7mLcyi8VMvQ,Ambessa,TOP,-19599.400530053823,-2.8521390700998497,
KR_7509007139,2,100,azZkx2oNkBKpHPvVlm1GUx3cZhl6GK2DwedrNNTES4jZKscTn9iggVf-ZOGOl-I1GeoJRbonqtzVgg,XinZhao,JUNGLE,19580.476155212495,2.8493851619494754,
KR_7509007139,7,200,G5JWnqKBBZWxO_naxGlLnHHCWDuwMSCHnFIg-Tah3l0Epyl9ounFYGXsDPEmWuOc40N_wd8S9_uG-w,Nidalee,JUNGLE,-19580.476155212495,-2.8493851619494754,
KR_7509007139,3,100,kb_v0EIAx9y6xlPUQ_DJzrVm5xlx-v-bZDHTpvmrSk2YB90BUNKbMnU_DFj5ROG3_j-NZ0i8qayLIA,Mel,MIDDLE,-5158.394277544238,-0.7506585640414487,
KR_7509007139,8,200,B6eOHU0-W8Da1KFA4RdmrMK-NTXswnbbn8tytLAkDn-gE7bV4tE6WhgpJbLbDX_GYmP8SZpCQ0jwHQ,Vex,MIDDLE,5158.394277544238,0.7506585640414487,
KR_7509007139,1,100,jhyLGxugBXGKD-ZPYucTdgkm7sIDYvP67Ybx-YtUVZKsPsmfsNNw_LS99jSknoD8phYZAbWVTZD8ww,KSante,TOP,-38.01638052744869,-0.005532210234688325,
KR_7509007139,6,200,kYIrv3VtwiAq27K8yXSPlTHVece6VgWAsADYx-58f6Fbu10h4VR2YNAgYTHVotIBLIEDK5MYGRGdqg,Gnar,TOP,38.01638052744869,0.005532210234688325,
KR_7509078169,2,100,FySTXZBG7jd8d-iOSlqHfYq3fEoByl4r2maACtm_UXV5UeMDHBwvQyJy2yxA_Q4S8T2e1edbuVHgng,Graves,JUNGLE,13936.674057106748,2.0280892022472474,
KR_7509078169,5,100,Gx_GXeRDLSOZdCr8owPwunh9QVe4PDlZaEv8c6kUjJGn7L1QESHI-AVHDbCOS39EmUWEGhIE3fQB4A,Alistar,JUNGLE,-13936.674057106748,-2.0280892022472474,
KR_7509078169,1,100,L7VZJ02Q39OPBs_4UIttkxue847d8fqBcVGOKItSu_XnwaV-KHntUgGSArF53YDhnv2XJ31vvacXQg,Irelia,TOP,-3548.5512189678007,-0.5163913844379565,
KR_7509078169,6,200,9FrJ39-n3IJwtjlfHeSRxLQYJFUi65Yog8reCLUcuILClU4-rdVvbLMy7FFQcjjy0vCHiHPDpIFRuw,Kled,TOP,3548.5512189678007,0.5163913844379565,
KR_7509206989,1,100,lxTAV5N6LlCEKggcUTsYLZyZqrvmgv_52eW1GWK8dllZt_6nbXDwKrJGU1pJP7Uopwzjra20YUaqng,Warwick,TOP,4729.423870377154,0.6882340395606216,
KR_7509206989,6,200,YXMDyZoxYFONwUM2Yv2N7MVNOTnIFqnsv_Gs2lRbS7nmP4T889PjX4D9gJJCTW7_RQxvchsNfMvIAA,Irelia,TOP,-4729.423870377154,-0.6882340395606216,
KR_7509295674,1,100,kKSB7A-qi4nYL9MPz-YWEC3m-IC3-gZvPnGcwQmNFBeS-d7UX6eIf-vlVJr7ABIRDQ0NIFwFBBi58g,KSante,TOP,8810.379431495832,1.2821018357393792,
KR_7509295674,6,200,arm8IeSSRT-HMJptAggfIOMCmP1H5VcsxJ110b-MjL_O2_sxHd1CeVq4Rj0GBD10g7B6lGoNdHZETw,Gnar,TOP,-8810.379431495832,-1.2821018357393792,
KR_7509360813,2,100,R5_s1IiU3f0R5il9MzWmJIVpX-c5Jefd3IG8hXjjt0M5unXrB-z_tmR4q5h-DtodNtbeQbcNc9sU6Q,Nocturne,JUNGLE,6714.843550526099,0.9771557865097055,
KR_7509360813,7,200,OFoph0-0TgqfOtVZrVeRwH-vbKNyINoVTnhAbhPCm8G8w_GJU51lq0HdFSVCNFLZOFE2H-8qv4veZg,Rengar,JUNGLE,-6714.843550526099,-0.9771557865097055,
KR_7509360813,3,100,rYJ8uurP4Z4bgACYsvEiauCBXk-e5qOHBOnXrlsvmA1ug43FeZwYjz1_QiciAhu8Um1bT8yCAQRXJA,Galio,MIDDLE,-3758.531005532702,-0.5469480105079548,
KR_7509360813,8,200,9IVx1dTlTfZ8rXB-nxmgq7PKiAMaUqNGtG9Zsum2E71zV86Mjmn2QAJu-oqYsLkbmOuFoTmx2X0dXA,Neeko,MIDDLE,3758.531005532702,0.5469480105079548,
KR_7509360813,1,100,7_PXdQZgpd9Uv9PbJRpB1oe6k9qkW--ZJjJ19Ax5CyuBGJr2uHnZYT9pgFe5t0LA7jVqkuaL47vuuw,Lissandra,TOP,-4415.335194704796,-0.6425273057251968,
KR_7509360813,6,200,v53XxoEwIbwbPzPfV4BF8qVazTWKypP1PPoJnY8tahGwvIinEd1nYW_44lV2BGyo_IdhuU9qbQKhdA,Darius,TOP,4415.335194704796,0.6425273057251968,
KR_7509440429,3,100,wfD8o6pksilt-AWa_8zCTnMueyVILJ4eXxEFvuNHulBwFrc0c0Id03DJ7hY9zoqXlzAaRAOsCuzI_A,Galio,MIDDLE,-7333.5956587470055,-1.06719767630411,
KR_7509440429,8,200,650LhG0tAC0i98D7Vhq-KgHaEvZhfDD0D2N_e4c4mL70SX9xNFuHfkqLPYOdKrSq4dKLy_VmgbZZoQ,Sylas,MIDDLE,7333.5956587470055,1.06719767630411,
KR_7509512454,1,100,yBhULJXCgoH8GzQhkV2kG31xuk44pN8PtVFyfYOT2fXBRYsht-O5sJp7D_oxrvdtfwvzApoUYipZ7w,Nasus,TOP,8306.194696174172,1.2087319905773388,
KR_7509512454,6,200,FsaO5eiBuuAJuGlwUIH0a37Y6ZnMnfqqoWiDfxL5Z18BDdjvqSjLEaJY1r59VmaH1CmWD_KSQ3je6g,Varus,TOP,-8306.194696174172,-1.2087319905773388,
KR_7509590182,4,100,_jUsbv9enYWgjPZZsSNVYj5G701RCMzC1nVB8gaFcVFDXHzjOCfqts5-1CQfCL2mqpbnJSlzZmhdeg,Ezreal,TOP,5342.027526372654,0.7773811958255064,
KR_7509590182,6,200,JB46PlavWmGzk1u5CuibPFNslZxKMNyS668MajlEx8L7-gt1Gs6i57i9bozbC-JvTbKV9EDOQy3Ghw,Aatrox,TOP,-5342.027526372654,-0.7773811958255064,
KR_7509699496,2,100,azZkx2oNkBKpHPvVlm1GUx3cZhl6GK2DwedrNNTES4jZKscTn9iggVf-ZOGOl-I1GeoJRbonqtzVgg,Pantheon,JUNGLE,12719.913528883642,1.8510240804758462,
KR_7509699496,7,200,7sk2CpH9lpi7qrgUmH3DcHIUkobTSUT54PTmqc9USPv47cQG6wox9uSmD1VK8EMp6BWXmpYrfGPZmg,Ivern,JUNGLE,-12719.913528883642,-1.8510240804758462,
KR_7509699496,3,100,oQdZxzf3OMvD9SazjuO9PyhAQNTbKlweB8mIf4uB-O0vLA4z8gHmX7DjTaQOkXHw2Pbe8WScpK9dKw,Syndra,MIDDLE,-2188.1095806823937,-0.3184175360442474,
KR_7509699496,8,200,xFsE2ElpwU_tAcdxz6Mz6_11iJ56VipbJ0i_SJQosYGVIWxaYks7Rclsg-iEXijlp4lMkxwhoBISBg,Hwei,MIDDLE,2188.1095806823937,0.3184175360442474,
KR_7509699496,1,100,CM9Xxuk0iPff1UuE3B_9pTMjXpjtbqZFte9ziUuUKA8_t0E0GHTGL1lzIMOlwFfHd2VazAA8aqWxYw,KSante,TOP,2464.1282094482503,0.3585842500195714,
KR_7509699496,6,200,nBD4bAAZurVkP1cEzeqvuJ00QYYY1YZRSaM5qnmsw9Hkq7LW00kXD5ZPy4U39fs69IBKnaaFm6EfKA,Warwick,TOP,-2464.1282094482503,-0.3585842500195714,
KR_7509800642,7,200,3OQPOR8Nvc5LekHklNDN3h1nYuV5p5dRZDimIrOiZV7ChsK0_yleP2Ak7-9OiXmgmu-y_9pC80P1Qw,JarvanIV,MIDDLE,20186.26255404107,2.937540259019137,
KR_7509800642,8,200,snna_le-gqm8aWYylxyOgn7Om4DkPBCkBCVNyjpMG3SdaHE9XHzShF2ZbOv8MCG3852MKN0vOoq3Wg,Zoe,MIDDLE,-20186.26255404107,-2.937540259019137,
KR_7509904494,2,100,EwFihaoL5-Vy8iOsh5J23sBNqKbQBGG_Tw2RF3z4Omioky1Xz0--asR_ftIwVV6ALGqNYLwQPiyduw,Zyra,JUNGLE,-17797.525846145516,-2.589927112263781,
KR_7509904494,7,200,RWNUovfzn1YVFmbcu2VZQAm_ieQ4srLpYQRPVd6SBp-kRJ4iBk1u1AbZv0xb0J_pNd0BVZio6oZ9NQ,LeeSin,JUNGLE,17797.525846145516,2.589927112263781,
KR_7510021909,3,100,ue9P-KjOFR2MzJoWd2mNG1Ks-ebjfmtckgrSl_6hap4OuIS_VILwcu3OFDQLNacfQIv1NKstn-BwPA,Yasuo,MIDDLE,-3917.019919548928,-0.5700115946798393,
KR_7510021909,8,200,aSvGPp54RdCwc5EJWdHxVVkxJNZcVkm5hhHf301cQAgljnujQZiF2UiQr3COoQIcr7e7U-ydfRljew,Azir,MIDDLE,3917.019919548928,0.5700115946798393,
KR_7510145156,2,100,PtgSOS_W4UO5zA6Xijts13N4Du73ZN3taDH-r3H442EEtn6IBK38OJYwrxsVpKxWhF77sDaRvKWQog,Viego,JUNGLE,3777.140077579218,0.5496560352437515,
KR_7510145156,7,200,pgDUYW1E3kg6R3TN11UZf0lRZHXpaVkhbDXKguoymalTaP04qefa6BzrgBbFoDjJcQ2iq-pZKIV9ZQ,LeeSin,JUNGLE,-3777.140077579218,-0.5496560352437515,
KR_7510145156,3,100,JJgJJ5y5EPpv7Id-KlbSHoJdSCyZLGTOjg94nAPf4UYrZIXOV1B6C9pDqW_uxjCy8eiB5nc8UHz5XQ,Talon,MIDDLE,20956.033778982113,3.049558715008461,
KR_7510145156,8,200,-LfJHiunEhhPckYMX64efn687JWe8BLRVgI3aADAt4DPyBsyB4P_KCbkSPgiVAv8jgY9a8CU9MzVdg,AurelionSol,MIDDLE,-20956.033778982113,-3.049558715008461,
KR_7510145156,1,100,5HrHSFt3k4AcCSdX0XB_huZdiK-OREXPNZn9j5FWWNmnDkXkxTez1vAYtNxJJ_bs1picwE5_a2pn6Q,Gragas,TOP,-13471.83585384091,-1.960445133298478,
KR_7510145156,6,200,cwWdLHPYwCoC_EZlbT_N2IHDssux-7MMBIbVkTVCmIfMKj70LRXOPFiWCE4TwwbNAh7BcUgYOGIZ8A,Gnar,TOP,13471.83585384091,1.960445133298478,
KR_7510292662,2,100,Ar9E085rlV003BczgcokNoBKJmHzCIJl9dzYIMfH6koJHBte2rqX_meWkeraXC970Fy4M_xE5Nu4Tg,LeeSin,JUNGLE,15701.225959889656,2.284869883647626,
KR_7510292662,7,200,anpt2RkmvfYbtjnMucfmI1zJTAyDiF6fQJSL0oJrwd48HFI7NUxBReAwPXxdirC8hO1OtAB0nMSiww,Graves,JUNGLE,-15701.225959889656,-2.284869883647626,
KR_7510292662,1,100,9iP6TVz34Ahz22KcLpW8Hjk6NG2jKjFRXovx1AlCxy-ncohNo5H3d8D1iS5SQ_K1qoWnjjXcEBkPtA,Ambessa,TOP,6828.720437162855,0.9937273503725892,
KR_7510292662,6,200,-dmcxCMyxZsRxB-TJZEBf64fzoeS7pqmzG-4kTLE15U9uBzhV0XYTbq00kAK-nUHES0EgzQ8viofqQ,Jayce,TOP,-6828.720437162855,-0.9937273503725892,
KR_7510344548,3,100,6r571uB-kh7FHoG0z3PLTmhUI8KSaRnB2PrBbdbWBb1p951c0Axrin7si2W3ArdhnLh3VbmQJ6jSTg,Vi,JUNGLE,-3620.0927373858767,-0.5268022314177698,
KR_7510344548,7,200,uHShjC909KfqFmJOew0oMSR_pHB4KTS3tY0wvQkdUcImDbCu9Au-PmwNlMXbTxJHt55K1U8suK9U0w,Nidalee,JUNGLE,3620.0927373858767,0.5268022314177698,
KR_7510344548,2,100,gXptH0KlF3kwIlXD1QeEuc4P69DfUIWuLsRNRBEKQ7x2gefCecrvpjmr0Ue2sE9livIw6ZkUslNr3Q,Katarina,MIDDLE,1697.1044341604204,0.24696560771266307,
KR_7510344548,8,200,0nZ6-zSBKBHXVBOfzQJokyjO1dZXFq2PB8GSnfXwTm681vkPWPHhkq_zmSJ9C7o6bZX8X2dEsmhvsQ,Aurora,MIDDLE,-1697.1044341604204,-0.24696560771266307,
KR_7510344548,1,100,pTxooFeJdHHLvQxjKGGuqkh7Z2bW8-z1Qv9JR9vovlBrwJXGRWRV9ELDj8cBLu7xK2NURVmQWV-fqg,Irelia,TOP,15704.737672990117,2.2853809142845813,
KR_7510344548,6,200,0yv03mx4EZK5_Ra0CH_Z5IENDKo8UgzQqoIz3D24jaGlmBNNlRoM_-qwqavQ_wezW3HkgOknqLTerg,Urgot,TOP,-15704.737672990117,-2.2853809142845813,
KR_7510384898,1,100,igfUITk6Vdt9SavyqwVgbiwE8f2keQyCw5cnnRT4o8dfh9OXXCA8hnz8z_2wf6BfTp8TAVlH3nguVA,Renekton,TOP,15405.340675094347,2.241812139114151,
KR_7510384898,6,200,uSwfkCgdg8y_rkWo6Crs5HGsLDSGX0LoP7lLv2aS0GxOCXljiJVWt0YVf3If6MenQsZ_LagRzjLT3g,Rumble,TOP,-15405.340675094347,-2.241812139114151,
KR_7510436343,1,100,TBpCcvj-4GiOX0LRHjtHCweWyDRSq6rvta-nynkd7gBY6DkdhzPVgBv_a-sDwO4Ya7xZtESe0vNYgQ,Zed,TOP,-736.2487010321726,-0.10714019963539959,
KR_7510436343,8,200,neZDPtE21Vae-0tZghvs7kjOZl7U5G00vHGNmRefNaOCAN8B7J54edyBCy9PvV4zAa41_6yXaDENiw,Chogath,TOP,736.2487010321726,0.10714019963539959,
KR_7510507896,1,100,tpbEn_KS3KH2Di9DZREgaeL2PqkazJYiV51-ocLLhz00k_YooXspbDkplsnGPSOyUayoPFWCwIjC2g,Yasuo,MIDDLE,-9768.14737578773,-1.4214779033805989,
KR_7510507896,3,100,_-xvLFAGAoL1Tp7vckHPCHdwb3jo3evG11XsFUSPXYO9OIWQV-aF0dpnZK9diHX6UnwJGlTEaG1Ygw,Jayce,MIDDLE,9768.14737578773,1.4214779033805989,
KR_7510507896,6,200,ZWoD0gjo3EW0tE7HoYhl-1r5Ci8XrQpOe3UyLDEF16kcrZctMwC_ljUi_KactxHvMuTrKVNFHCm3uw,Ornn,TOP,4252.780435290678,0.6188720526145337,
KR_7510507896,8,200,knMhi874us_TUaLdHuII3UaVBXSTWWGtj7oBqEaiu-SOvOZP2rKrUbvANIGTRjYPGgKtv5EmKInh8w,Aurora,TOP,-4252.780435290678,-0.6188720526145337,
KR_7510649515,9,200,RTLk3L0dbqjOp7wQ3WjkHpq9ON6cECsUeE-GpljMqYxNUvHH6KFIlN8Fcetfbrif2KnAID0Zmtg5fQ,Zeri,BOTTOM,1471.9957447773418,0.2142073972243402,
KR_7510649515,10,200,_2gy_DC46aRGaj02qVS4G6kbPavUSh8Sn3pwDFx-ww2bLq4f-g_5vFY1iFrAsDwciaOJlU4qab90Xg,Senna,BOTTOM,-1471.9957447773418,-0.2142073972243402,
KR_7510742476,2,100,FIw1cQvbHDLuphsJmX9iNQjzoHxRvnkzflwjpPn_xwcVxY2fwlMaEOkXkWpMc-Dzgzcf-weGMH613A,Diana,JUNGLE,-1220.2417633650687,-0.1775717172024899,
KR_7510742476,7,200,YUhI_nVpQzqp8lTnd6Fzs2_FWc5Vs8eemdP1EwYTy4VqTwuF-Na0WEhlCxmF3kE344wc1Y-VT1D89g,LeeSin,JUNGLE,1220.2417633650687,0.1775717172024899,
KR_7510742476,3,100,p_1UZb5A0uh4k1kwlyNrtIi2Xe312aXDPITf-nJrx8Uvsa5a3fn5X2GZiaPZ-fChdKdSwi7RwfMBCg,Zed,MIDDLE,-25016.847826620906,-3.640495482891795,
KR_7510742476,8,200,N-muwge2Y-rdJ9vllbjJz8wLvprNyJ2R2as-UwIHDK_IlGN6yprXmPtMQVOKlGM2y0y5zDqUaSXrXA,Sylas,MIDDLE,25016.847826620906,3.640495482891795,
KR_7510742476,1,100,64iMl7lQGK-Un7IWLelCNPGDz9TJBIq2V7fOVtTWM1hwnr1vEdDBJ07q1gYLT0_GtaIiaajOZtN6Tg,Shen,TOP,9151.149058467063,1.3316912283076696,
KR_7510742476,6,200,bmLEm5XjtT5lJkZRDpPhybFGvgHHYIVf3HKNBmil1Wb-l6DU5qmJa33RMs7JKnMiwux8oo_mQl-OOA,Vladimir,TOP,-9151.149058467063,-1.3316912283076696,
KR_7510830531,2,100,kyEIckP6VYuM44oj2JdhoaUi6jyRKW25czLbGi7EvW92RoI4uEYDtDcoNG0rtILjq9t6n8ex8qHaiQ,Taliyah,JUNGLE,-9294.591790184064,-1.3525652656959337,
KR_7510830531,7,200,kcn3vFGeHX3DE-soSp5IQdHsAQZ-s_sNPNMSh-GUuCr80Fl568cx_gSqWJ2FeRXxpKprhjiLUcTViA,Zyra,JUNGLE,9294.591790184064,1.3525652656959337,
KR_7510932186,3,100,-2-vwO3FCVEM4JBqDZZsc7KEpmx1hhf2CFi0cTl1GajBg3NP7ydBOLoAcdpci9XfxnFvKUaFvqcUKA,Ambessa,MIDDLE,-3435.945647168429,-0.5000048245354001,
KR_7510932186,7,200,hKNDL0up8nY8XXYlxGcidnCWfmWm1fci8YePFLPHQtayFViQWrh-5df61ZB26jttq8e02YlnJVHSLg,Karthus,MIDDLE,3435.945647168429,0.5000048245354001,
KR_7511004644,1,100,giLzhuSoo82Agu5TPwoaMJ2436__e3h1Wz6KCjhIuvpDb23VJ4yC4VQert07sGR4pUbcS9_LHvQFCQ,Aatrox,TOP,3697.3274850381413,0.5380415670806408,
KR_7511004644,6,200,VndhCP9Di1l1AkZnRCrWtfNdcur2YzC61k6LyYyhwa_X9FakYTWlFIuCE85v7xspMYcPeLOB2Jiheg,Karma,TOP,-3697.3274850381413,-0.5380415670806408,
KR_7511136557,2,100,Er6NmudjLAikmUsEDVUdVjt-lS43SPFskSK1AUlYHkDPJ_ydOkMRIrACPH4Z6ArvifRq9K9FwVMoBw,Kindred,JUNGLE,14735.098559926799,2.1442773333855554,
KR_7511136557,9,200,sWVe5PVqJX2T_VYEMBotCe5FMEGSiZw5pHlrJSy3CKdy-M9IdHz54-xSIMzk3lYavUBwTYBj2Yj0pA,Kaisa,JUNGLE,-14735.098559926799,-2.1442773333855554,
KR_7511136557,1,100,SUC-_TVeNFq7J2hGuUmmxZ4lAP0KZp6mjLNjJ7yq1PtN9zKU3N5UAV6VNDKrjtQCcLzxZujpSSqJfQ,Ambessa,TOP,9379.763554837335,1.364959609965007,
KR_7511136557,6,200,xSTMyQ8dMh0KJSqfW5m2R2T5rLKwbIbdDPrbErukzd32snuGKVl8ZUBHEfZzf9h_23zSNYuX53TkGw,Karma,TOP,-9379.763554837335,-1.364959609965007,
KR_7511417759,7,200,VhqDNkuMUnGk3qeGO7agxL7hjdn4cXoED9adI-uLK5MmnV6AOh6HR2eqEj9GjTN4UZAeFQbNMzJbuw,Vi,MIDDLE,24449.39308041688,3.5579184750042154,
KR_7511417759,8,200,JVZJdWdCe7_WVeMk-4x0YCY-MlGB23wiF68rbYJCo2Kk4mDWesKEZTkjhC3405iDWEaWFpZsL-t3HQ,Viktor,MIDDLE,-24449.39308041688,-3.5579184750042154,
KR_7511562972,1,100,iFjhZL7iHxmJSlkyMVX5A5xPbhK8CZUzD41t3fbqv37-Zqro2yQ2BctjWFAhchlHDv5hTpOtsmLfBA,KSante,TOP,-4924.201112440363,-0.7165783647456148,
KR_7511562972,6,200,bhMysdQvq8xM3lBohZaT54C0W1q-rsn5EehVJ2ZtiF5tHxlmvHQYCz-hY4spgf8W3wQTIIru1-GAjQ,Sett,TOP,4924.201112440363,0.7165783647456148,
KR_7511675066,2,100,azZkx2oNkBKpHPvVlm1GUx3cZhl6GK2DwedrNNTES4jZKscTn9iggVf-ZOGOl-I1GeoJRbonqtzVgg,LeeSin,JUNGLE,7909.819908352553,1.151050837676002,
KR_7511675066,7,200,14nS8xxD5grgP-xIR-mFEOhztWx3To9hitDA8tcxxjBLVPqequacASdEUzxQ3QRexA90YHr3aQpPVg,Vi,JUNGLE,-7909.819908352553,-1.151050837676002,
KR_7511675066,3,100,zP4gpXtGtavPcO-VjlllYp6qNU9bk98hNDd3KclF-PtQC6O3LO-FQ8E4U7wfc6WRlbKqz_XqAhahog,Lux,MIDDLE,-5119.633442298049,-0.7450180194530649,
KR_7511675066,8,200,w9ASupfQ6swln0x04OUavLNlT_z7Bdfc8F49bmXSxnfoNmi1f8_aMCWg-baU2O-5j62uLHJteJiA4w,Talon,MIDDLE,5119.633442298049,0.7450180194530649,
KR_7511675066,1,100,QkoBCJqq-q2NVmrdvteVUoH1oGciZ5m5jX7hIexDgxunwt5q37RZFq-HvnNGA9Lk9MvaG-03lqxSsQ,Renekton,TOP,9880.907448739972,1.4378869465613453,
KR_7511675066,6,200,GspU5SfDiE0oK5j3Mm8K_-8lvoEDWN6QtjpCeZ3uW-Tx3cvWYUj5sV2AuKJ0CzOeqy8r_zzf_YGcfg,Gnar,TOP,-9880.907448739972,-1.4378869465613453,
KR_7511763965,1,100,2IWjXXEl5tv2_4KL8psls7SN9IHghZLf_fkJgvPazxcRHzREMealsdwlZGhmHpCPuGpeAF9aHfOs8g,Renekton,TOP,6357.9400386092175,0.9252185627648735,
KR_7511763965,6,200,v2hqivnktUOEXlaNZPcpdyBZjg1IL1eRaKDp-E8K0tw2hLuwzkStQWFcD-0UrY5ldXupi_OD-2YFnw,Ambessa,TOP,-6357.9400386092175,-0.9252185627648735,
KR_7511851427,2,100,2C88WMtSKqRxPqyd_JgVGMUfM_nBLgMbElGnEaNHjem-kRXDSby7FkSB07PNcexGWuvzUzrZeQ3fCQ,MonkeyKing,JUNGLE,-690.1979874930669,-0.10043881919830625,
KR_7511851427,7,200,5Ego6l0qmSpF-YPVxTIOxtm2lhGwz-yXJaQxGoSDInCCAYk1Mz4cEBzXzo900A6dabvTYP5ktEfO5w,Khazix,JUNGLE,690.1979874930669,0.10043881919830625,
KR_7511851427,3,100,VdrQxBYqVGqnBQ7HnKLdSorqcITX3q4WRxg7j2bOta8fJeYspMgbB802d-udMuC9XPPA5i4s4HK1oQ,Malzahar,MIDDLE,-5743.666136567311,-0.8358283493718723,
KR_7511851427,8,200,DG8EnKA8-3GiGIBSH74Zmqv8DC9SRutJtxgxzP_t-EPxDkT_7WsgDDDN7JAoVa8uowXc2ibjFbEbBQ,Sylas,MIDDLE,5743.666136567311,0.8358283493718723,
KR_7511851427,1,100,XZ0fDWx4aK3cU-dEuLB2zsxCNXMHRJqUw0nYiLJp5685nhr5ajB6x-GsB6VqdI7kUrS9TBa3h8FevA,Fiora,TOP,-908.7331925291433,-0.1322404447388382,
KR_7511851427,6,200,e9FArrneLHh_yINsgkulZknLJgu1oOdnPkAwq_2o46s_IhQiBviXdORCDfFaXNjM-uUTNRv-Bssx0Q,Aatrox,TOP,908.7331925291433,0.1322404447388382,
KR_7511914195,1,100,e95ZeBjm1vACu4gOG_qASC0rKVu88c0ML8h23jjcwW8El4zo9KHlCgN-5nf3B85-AugDVHtMVmKgPw,Ambessa,TOP,-6386.940433935113,-0.9294387510522905,
KR_7511914195,6,200,oHtjBx8SuRnTyYFGaTY02_aOBc_ERjJFgesJm0qh3IuiXkzFZsNLlctEniuhyROhno3keJ5W3Axe4Q,Jayce,TOP,6386.940433935113,0.9294387510522905,
KR_7511975016,2,100,EZuqxVwgxK_2ahn_0efPaFbt_ii8oXMe-Ms9ORc2S6-8NygbPPiHlGInvlHL5YbpF1kb_zqpL6zMSA,MonkeyKing,JUNGLE,-4329.489355314633,-0.6300348689205734,
KR_7511975016,7,200,hOEU-w-oxYJEjZ-eHbMRsbwjG5JWOFXu0OXWHCVQKpAAGcKEqH8ffNKTsJIG-2RLqgbGXbx9f0omFQ,Vi,JUNGLE,4329.489355314633,0.6300348689205734,
KR_7511975016,1,100,Xi1_F6Gto98WJGc9Zjl2pWFtglMgM68LieCtn2qII44f4rieyjCnyV9EDSVXhW09fNRcodBROeKJHA,Fiora,TOP,19504.7716893769,2.838368515575029,
KR_7511975016,6,200,Zh-QcpxNauSMljd3bdGsaWM3xuxcgg0N5hog3UQ9XJK8TkBUtq9rKwZIt5z1U7VjUmadBvkmXsJH6g,KSante,TOP,-19504.7716893769,-2.838368515575029,
KR_7512046985,2,100,JIDzUafPnUM5kM8tyIMOsDFw5Q56pI4NvobrpL_H3JxdId1d0-O7tEgkd1ArkfpJubXwzHFwuYljzw,Ekko,JUNGLE,-3608.7831440793816,-0.5251564396045492,
KR_7512046985,9,200,R_HVEHT7DWmdqiKj8rkUsYn7QFXgquerl_ar2_6bdNYL9Sii0VtNz8HI2Ls1eCG3A0961UnS04NchQ,Ezreal,JUNGLE,3608.7831440793816,0.5251564396045492,
KR_7512046985,1,100,Kl4ER7rYd2wW6rAQaWi_-ztFst7P0x8NusrDy3QpU6gHh3gLJkwso99yoFjJo15QkMLbieYcYZnbFA,Mordekaiser,TOP,-11487.819437807439,-1.6717275917996206,
KR_7512046985,6,200,qhKi5hdjQ_YStbpYirCCrNqzkInpP3xeKvHLoDyNeI8EpiyRJYCTEK13U9tZ1ewAJb8uo80gO8hnwA,Sett,TOP,11487.819437807439,1.6717275917996206,
KR_7512172006,2,100,UQJ0f6mLx3QBY7Bs2TufI52iWjFevbKNn3-VOK-OUrZAt5Uyu_yCtguBeNFcYO3Ic3AOWjyW6A4qzw,Graves,JUNGLE,-14886.80632772516,-2.1663541132907294,
KR_7512172006,7,200,ok2MCz4HtluzZ85RbruPE34a35NxWovIeJe_wXiXE2FG5yXGUEK3rlYu-KYqBr8B6MWP2VqOsrf6lQ,LeeSin,JUNGLE,14886.80632772516,2.1663541132907294,
KR_7512172006,3,100,unnc7NDnUN_zXjX1OGpGZBIMr0pj8qgybmiaGpyyOfnQsDzGY4gckFt_BTZL8KKgSy-JVwvoNRaR4Q,Lissandra,MIDDLE,2831.084374170467,0.41198435339586365,
KR_7512172006,8,200,0qzRCZvqKj3W6E5xp6cOXqFgwMzkoeY_Rv9UnpNS-M7S_0Qt_WDtaP4dFfx99_u3usa6g6SvrpTwTw,Katarina,MIDDLE,-2831.084374170467,-0.41198435339586365,
KR_7512305645,1,100,0nZ6-zSBKBHXVBOfzQJokyjO1dZXFq2PB8GSnfXwTm681vkPWPHhkq_zmSJ9C7o6bZX8X2dEsmhvsQ,Jayce,TOP,-1918.416300744402,-0.2791712979016561,
KR_7512305645,6,200,_By-LpyoH78S5YHW4zvNrVHMqS87dcabCF4XbcekDN38aC2SiDHv9OBvxpH2BXdkFnD0myktXDBjVQ,KSante,TOP,1918.416300744402,0.2791712979016561,
KR_7512416712,2,100,T1ItW2ozSiVTBGyaXxYTVlIblTfF9NrDPAvP8CS7mGF0eMIJdC4Nfe5n8n9QkI8BUZmGlwnlvzaoCA,Zyra,JUNGLE,-20674.345917475333,-3.0085670043617805,
KR_7512416712,7,200,pU3GBVBwARTGAKliDP6IXprCm5sA6Z1wxmbnkIri6YjLsle7u0QXln-UbceJOkmWfPzwvvznNH6tbA,Diana,JUNGLE,20674.345917475333,3.0085670043617805,
KR_7512580377,3,100,ZBG1u9kr5LKcwT3XrWwZPtEhinPxN4XIJ8lZL-hVZoeHyxdOno2QzpO_-PPqRCjGJWH1rgmCjrUCBw,Nunu,MIDDLE,8174.280051112294,1.189535540536818,
KR_7512580377,8,200,i8r409OHG8wxg8FvPyDeJalcdzxoyTP_s8DBCJc7RVJdfqYeE42jhEYsFv_C1E_X7jCZrwUM6qUh0w,Taliyah,MIDDLE,-8174.280051112294,-1.189535540536818,
KR_7512580377,1,100,DM7iIwz9WHPQ9aH9v-3VzWtcBgcI6rfy1NcHcRHW_pfG2UosqyhaPLHeSVdPCpDMK5CWIDGtm4sDZw,Ambessa,TOP,-15965.343634246863,-2.3233047499070807,
KR_7512580377,6,200,hhgszWQUjqthMSs7lKH9M6IX3YgLZnEjJl4H56UZpU9WH7l3bsBgcLJBVOMpheRqQQiKXIo6Msm7Aw,KSante,TOP,15965.343634246863,2.3233047499070807,
KR_7512718414,4,100,O8F-rTXvkSvIVAY_pLGrZf3hxtIJQ6_ZArN68bOWlnNsYnb3khmxGhJB_fCd22oFAzfq3MXyX-1Jbw,Viktor,BOTTOM,2685.9776706849693,0.39086817192338646,
KR_7512718414,5,100,JhDMznf6mw_EW7JO7q-fSwCL01K5aAbsR2yIG8Qh5qIoszgecOeHLHFyksMsxb4vWmZbgyxlji6bFQ,Senna,BOTTOM,-2685.9776706849693,-0.39086817192338646,
KR_7512718414,2,100,Tfu0hOAKTOtuYAPdtB_N9yN1fvggfVYqJI-6ZILWkG8gf5TxSfVHUbD7FVolHtXNa4rZfSgWYAYveA,Vi,JUNGLE,8513.384982578762,1.2388826837015272,
KR_7512718414,10,200,eO0o7WbatuM4FDYVpSju_9ikD7FfiEZoFenZuTWiRZIS9nKvkORAP3nl-Yi5QhCMe20TyiqwFqz6Wg,Amumu,JUNGLE,-8513.384982578762,-1.2388826837015272,
KR_7512718414,3,100,krGCpOgtfe1HZBmDbCJjAPJgYIRxuZ-HabfTvAHqEprhEBRtVVtJ2SnW5oV6nv_Yi7zSLeCagIq7XA,Ahri,MIDDLE,-6286.010592961215,-0.9147512639355694,
KR_7512718414,8,200,eE9YQM8Z62v7hhajjHt9pnIbLdWsRmOhLhK9juipN56FVmdAmmypZ1sJ5uG2DdFiINwnER-RWPwnJA,Azir,MIDDLE,6286.010592961215,0.9147512639355694,
KR_7512858910,3,100,BDMY6A6DLfwRGP1IurK_1oIentG27KmiZzsQfN7_e45BbcuPTxby6nNZL3BL7_brxaKAY5IRMSYF0w,Akali,MIDDLE,2766.3411371420207,0.40256280422294816,
KR_7512858910,8,200,a4n32rk88iScxtmUVOdSVra0Y3w3uOyJvnmOwe3hwwTPj9C3vlje6bXQgZ9ZUEOjSuyZl4OYYS-_2w,TwistedFate,MIDDLE,-2766.3411371420207,-0.40256280422294816,
KR_7512858910,1,100,49-zRGhv7cwdXJlLPlOc3pKkXJAKG-kY2yV6K3kfykcLbaZreNWA9EG4b9k6qGdicKI5-tke2JjFrA,Jayce,TOP,160.20791839030295,0.023313736697185426,
KR_7512858910,6,200,rCDAwVlUtKGVuhgYtYv5AS-GO0uMfs5y0lNl6H4oNQpvUeHT_Ng7tSZlpIK8jHIG1N5TcOZIXNzPQA,KSante,TOP,-160.20791839030295,-0.023313736697185426,
KR_7513000233,1,100,KVDKJ_spwJO_-PX_WSyGrlqUxZQJE0MBFYhrNa-YrWg-pKpyc7CBftD70N6XIhieSZlqq3awJ59bBQ,Renekton,TOP,6914.648970594765,1.0062318209589076,
KR_7513000233,6,200,iFjhZL7iHxmJSlkyMVX5A5xPbhK8CZUzD41t3fbqv37-Zqro2yQ2BctjWFAhchlHDv5hTpOtsmLfBA,KSante,TOP,-6914.648970594765,-1.0062318209589076,
KR_7513141973,3,100,8ZnkW_ireLYCopzWirXO10o4j5uYGnmH5NApg6z6aWO2N5gy2O62OmQNfzeEuotcA6MzxlqleZc3tA,Akali,MIDDLE,1315.1200398111944,0.19137857005703413,
KR_7513141973,8,200,YALiYjy8mUp9gS2XUBS-4wAlfAioeU-0plkCA4BQp5C2VXRaGe8py_XiP1il5tFLqoovpD28JcwUdg,Zed,MIDDLE,-1315.1200398111944,-0.19137857005703413,
KR_7513286013,1,100,5e6_hOznQ3QLNBkfIU1K-acLiOU8cjv1CLWpsMEUW86MA8WlnhoQxr39Av8V57__2T887OY3tgEFxw,Jayce,TOP,1587.0903001389086,0.23095615837135236,
KR_7513286013,6,200,X-BJ_apm8UIb1_TlfGQ5G5TMh-2phjg6V3j-gxNF74UsM77CHDf7pjxuBIqvfZdJZMFyulUuoQnTPA,Camille,TOP,-1587.0903001389086,-0.23095615837135236,
KR_7513416344,2,100,2i9n3jtK62J8OyWYuV6CAPq2IhF-VPAbfghZn_zRCE-h5foSSeT7cFwJ4df2KDqIn-6yDhUhbOGwTA,Talon,JUNGLE,3017.3740101537023,0.4390935472881834,
KR_7513416344,7,200,iZPeK_sQivqi7oUO9UToMvkKmcQfBcZUW6V2iAQ1Ck1gF8UFdZeP54XCghOLSa5X89IJvuxFoEABhQ,MasterYi,JUNGLE,-3017.3740101537023,-0.4390935472881834,
KR_7513416344,1,100,6rSBsmxp-U_XiYijecxYQ-44aJvbeSKc7t0keCSU1G50SD2ZjmWgtOWZUfCsPTAP4j4K7GR0gcaJxg,KSante,TOP,6159.028133691074,0.8962725542043011,
KR_7513416344,6,200,K4lBtG9j7RmVmwBVKhn2fpAiExFfCfmXlIlFjvipw0ODYUb7zhA8uU3vogJey_BkibIcU5oz7h3s2g,Mordekaiser,TOP,-6159.028133691074,-0.8962725542043011,
KR_7513517968,2,100,KXZRxjqC0FNmZmcnvU1tVi37UUl9l5Iz-7WO3C0afZlyYKaBEN7yapLP5wQ-RAeXYVjshfiEv5sqnA,Viego,JUNGLE,5521.94569276988,0.8035632023116427,
KR_7513517968,6,200,OMypWa1fXP1emRWYlEMJbvp_DdtMH5JRdNd59pp10jmD86vv4AAnza9hMXYCLboVvx9pNK28WpZYRQ,LeeSin,JUNGLE,-5521.94569276988,-0.8035632023116427,
KR_7513618637,7,200,kto-nUpd6AJiA6zOpFMt-k2yj61rr8dnul-MJ0KpBi2798PnlGaQ3ab729z13-fhqteKDNbIckVTbQ,XinZhao,MIDDLE,25485.95662667079,3.7087610165594347,
KR_7513618637,8,200,G5JWnqKBBZWxO_naxGlLnHHCWDuwMSCHnFIg-Tah3l0Epyl9ounFYGXsDPEmWuOc40N_wd8S9_uG-w,Aurora,MIDDLE,-25485.95662667079,-3.7087610165594347,
KR_7513705429,1,100,jCW4u4IbClNLJn6zGIOsK0klpWr9O-Lbjc4xKcN225Nm3h_yRXdIRTkfPYTb9t3tHRBT0hYXVzIOqA,Ambessa,TOP,6355.76469760794,0.9249020033348532,
KR_7513705429,6,200,5fGMzLoO8oz68No5mtFrsTpBF8NN4yK-Ld8pSMu9kn1g94ip_bT4VxjXuDz6nhUw3Bf3qfzqUTUH-g,Pantheon,TOP,-6355.76469760794,-0.9249020033348532,
KR_7513953643,3,100,z4hPOYmvvAMe_BamvlkhG1UZSkVUmKZXSXIeEuVvyBz1GmlVEyVaDvnO_JkIygzS3WMurYdAeW9iCA,Lillia,JUNGLE,-1139.2963981737505,-0.16579240598061626,
KR_7513953643,7,200,c7o6m66l3vzaLhIzVVp71aoiCWaQcJEa0PK9mymRUTwpPmXKsTfqiBxsM53jWwrALpq0MdiAJONQEg,Nidalee,JUNGLE,1139.2963981737505,0.16579240598061626,
KR_7514123462,2,100,8z0WFAalbRg7QgyW-ODo-n2PKdSLBtu4tLjzfqH_1WsfRPjhYRW7xgTN_6Y6zkGBSoRcN69EDHZnsA,Evelynn,JUNGLE,-13650.013935553516,-1.9863739196156263,
KR_7514123462,7,200,H7qx5iu7zV4wpaASy8ZZrJFy_BccY7jQSBNcJhp8PKA6mbo2g6gK_Johz3FzQm-Dfu1IJow9OD_Now,Skarner,JUNGLE,13650.013935553516,1.9863739196156263,
KR_7514123462,3,100,e1GTWhMREnyXiqWfPu-J_s6cFc2TyOcL-LGsrgpLQQtzhpshbs62eicNEcd_AdHKdDDzV52qBkgFzg,Smolder,MIDDLE,4562.716483645959,0.663974488854405,
KR_7514123462,8,200,G9SHNnjVWBSmxrTHbG8RuORc-J5FhD63wzBrxxi-8Ia_M_RN_fpIEpZhKq8n-VD1S5yJOkvZS_HeFQ,Galio,MIDDLE,-4562.716483645959,-0.663974488854405,
KR_7514123462,1,100,-dubjxfr94bgUzLy42Ep7Jrwhp82XTYY1zOmxmjbl106umA2R6tp0r5C7yRdzjVvI4NgKbrLDZJjHQ,Lucian,TOP,-9270.246806154639,-1.3490225410087777,
KR_7514123462,6,200,CLjZf90EO0HdL6Ip81p_jkPN8XoAc5BEm6EnrQS2Xt1BL2a3L9wHGiJHpg0i895E58oHLwQa4s4rTQ,Urgot,TOP,9270.246806154639,1.3490225410087777,
KR_7514266091,2,100,w5B2xPn944UYbM2A4JzPq_hqqQVPjPnKPGJoxml5k1wTwyNJYBm2w2BOVQzg6L22EtPnK6OyTK0eaA,Viego,JUNGLE,-5916.137098069103,-0.8609266255667308,
KR_7514266091,7,200,Aw58G59GsNLUTBg1rMiTWihs73nCL_FmXb52LGwH6LWhRpEfREOY2SqBrq6gzZ-UnGt_y8LTh1fcqg,Talon,JUNGLE,5916.137098069103,0.8609266255667308,
KR_7514266091,3,100,JauAz-vVNRxjxF1hC4xuIjLAALfjiRdEZ_IWcVIXh6HZx8u-JHEdyf8EIfx8ml96qwgyD2GY4bVYGg,Galio,MIDDLE,8332.877607386648,1.2126149345202626,
KR_7514266091,8,200,RHdGvvmubt1qp86vLc2bqbhjjJZd63BHmh4apzKjv_EHNGzHpT4iTbQPRIT1MwTXmy2fX1_ZyigUCA,Orianna,MIDDLE,-8332.877607386648,-1.2126149345202626,
KR_7514266091,1,100,XeHXj7dX1FhJRVhPInDxccRHmFnHtfcQgVOv3C3lOUNsKaKfmwWt4p-LAumXenmW1mLOZs2zsdrPWA,Ambessa,TOP,5282.070079677214,0.7686560832384519,
KR_7514266091,6,200,HeU_JRzpHdsZwTOpPgC6QW_MVWYG9o2ywG6DIiZOyjX5DMQxMDyA92lr0fCNKIZaLh7Du7k_8O_O4g,Riven,TOP,-5282.070079677214,-0.7686560832384519,
KR_7514392983,6,200,MqS31PnY4YOcfpziZcyeXLyIJcCvNca3IOsT1YIO5eO4IHj4NfN0JWAL5YbMYKAHBhHuQtXaGoocgA,Gnar,TOP,8617.924506346537,1.254095458176466,
KR_7514392983,9,200,9Jsx6rNTWjXlcgSm9qe_n259Xgl_HurdW6dP6eVIqREHCWKERzKsDY7oBEbMH0seuvKvXnX0pi2MYQ,KogMaw,TOP,-8617.924506346537,-1.254095458176466,
KR_7514539206,2,100,NXrIBtSmwzzAQZrwZ5yQVKE2WweSjLtyFf5_uWmYP1sSrazRxOZ_1NcoUQPs5YxUitoP5G4KvDsbWQ,Kayn,JUNGLE,14181.424450645427,2.063705707903304,
KR_7514539206,7,200,7sk2CpH9lpi7qrgUmH3DcHIUkobTSUT54PTmqc9USPv47cQG6wox9uSmD1VK8EMp6BWXmpYrfGPZmg,Ivern,JUNGLE,-14181.424450645427,-2.063705707903304,
KR_7514539206,1,100,cjxJqFFWI_D7CGsE65WwmJDEQFfwedR85PKvA-2pncUYAlz6qKBcWr7jOlvYMBvxlxIr1wvUQsaWCQ,Rumble,TOP,-18062.731486588866,-2.6285203012523652,
KR_7514539206,6,200,jhyLGxugBXGKD-ZPYucTdgkm7sIDYvP67Ybx-YtUVZKsPsmfsNNw_LS99jSknoD8phYZAbWVTZD8ww,Warwick,TOP,18062.731486588866,2.6285203012523652,
KR_7514669332,2,100,7pVwTutPVZHdDzL1lqjU_OSkJUUaakSF7DSYy-L-4QkYVaMhmPrEtIQ5FA8rDf8mqNHS2FWmzNTuMg,LeeSin,JUNGLE,15809.217369412612,2.3005849825795184,
KR_7514669332,7,200,H2WsjmGyeHwFby_g36tkuRh6BZlfDXgKDjM1XwPIi0YPCnXAOSCa23mKapkQWCV9pZa0NACq7BBe3A,Taliyah,JUNGLE,-15809.217369412612,-2.3005849825795184,
KR_7514669332,3,100,x_4ie8YgE1lRIKWehW2__9mSHJyRFWcGwsp6M54Gyi07J1yn6A2vGc7yjGdjaw2AYHiVKZ8vvKaMJg,Aurora,MIDDLE,-2078.261695768626,-0.3024322795640826,
KR_7514669332,6,200,JNZzhO_8GR5PETqEBS66ZD6EJdj5e5fOfOyV3sbI0Nyb0TvC6_Q7Ub9ldVn2qN85Q8ECHCeJKES7sA,Lissandra,MIDDLE,2078.261695768626,0.3024322795640826,
KR_7514669332,1,100,lRKyzJ4aai3J2HQPh_2kS4Z91DmydvXsGuEUP3O_FNW-GN0y0MFcCP3XOVlnBrmLh5xThGCGozr0JQ,Yone,TOP,-4641.61915296187,-0.6754565433971447,
KR_7514669332,8,200,TBpCcvj-4GiOX0LRHjtHCweWyDRSq6rvta-nynkd7gBY6DkdhzPVgBv_a-sDwO4Ya7xZtESe0vNYgQ,Zed,TOP,4641.61915296187,0.6754565433971447,
KR_7514835984,1,100,2IWjXXEl5tv2_4KL8psls7SN9IHghZLf_fkJgvPazxcRHzREMealsdwlZGhmHpCPuGpeAF9aHfOs8g,KSante,TOP,-8099.8016530370505,-1.1786973136888528,
KR_7514835984,6,200,szWAfZ-vXzXftFw_5eqhPXUGXE_oPqKlHDswuCzhQDakzsx-Qp9nSFJVe9zvhIWAxlfKMP0snUujaw,Jax,TOP,8099.8016530370505,1.1786973136888528,
KR_7515017551,2,100,VEWJoVHKLBUiEG7LyCyxd3Qw_PGVOEuEceDbv0hOxAFtjxWebqFyc1q2H90OBGQ4n3y8o6hQESypWg,Graves,JUNGLE,-10102.561827184589,-1.4701424796757987,
KR_7515017551,7,200,p4qWShNC3RnI073l3N4heLAQpz4DbXcFrzGFHjyWBhUKt4PSfDQpgCKnzKn4O-qPE0nn9RAI0AT77A,Vi,JUNGLE,10102.561827184589,1.4701424796757987,
KR_7515165710,1,100,CU_JkTKo-OB2VWXs-YPcULt3CsI6e9pZ34u6QQ2sdMtozjLm74N2CafWb3NifPDVC2E-J_nrALoBXA,Gragas,TOP,-7886.610376111949,-1.1476733459205444,
KR_7515165710,6,200,j45nfhXAqFiFmpgUGn-3bbe9xYofDOqDW3OXGXKy38lrpcAqMVMzZOeedm1x-0GGRK7kZfeEZY_v_g,Darius,TOP,7886.610376111949,1.1476733459205444,
KR_7515241991,2,100,F5UIFRzWRcDNcpMvAYYTaOvV6X3u0avg_Io9-uJWCG-CeBGDXGYLGZWX0Nb_zPge_EhBWDgJmArfEw,Pantheon,JUNGLE,4814.735267900766,0.7006487034493871,
KR_7515241991,7,200,Bl56JSEuA_lG0t1uxnI1x--Q79YwJ5Yj6j1YcWtNdrrBsqp00dnYNJHaE5Mx2_iGAtp8WEnFmGSLaQ,Vi,JUNGLE,-4814.735267900766,-0.7006487034493871,
KR_7515241991,3,100,ZjWfH1yQW5XPtd8Fya2KmxQtsr83OemQaxpcyDSXIaqAPnoUQbIrPUa5tw5bGf7S2V0QCl5-iz3Jgw,Galio,MIDDLE,-4700.212273868739,-0.6839831169074574,
KR_7515241991,8,200,Bzdeq9E0bJtXCKIyY5cmy2yC3qT4M4RHkbjsUvGyoLACsdV9narh19MBB74UFie_NksLvGJ75mvyMw,Sylas,MIDDLE,4700.212273868739,0.6839831169074574,
KR_7515241991,1,100,LzI6XJWK1Zm8_YkQSFOjhRB1KbSgFYX9Nb6mLUMoh9OO9jjnggGiC-kisY6asURaDd0mA8KVIm0TYg,Gangplank,TOP,8279.27070905551,1.20481396484659,
KR_7515241991,6,200,6GTva1X_r8XMqAvY_oI38d_94T_oeT20S6XkHppqlBO6sfQjYYdK-M4P7eGrctJxuc_O37tl1AzRzQ,MonkeyKing,TOP,-8279.27070905551,-1.20481396484659,
KR_7515328985,2,100,A2asT_1lq3jEavx-slT2y6X_or-iBl6nbQ2pAzJxOhQa1ewtFJAuiPIr_VXIY4muzQ05nSwS155y7w,Maokai,JUNGLE,35328.430624951536,5.141055060139618,
KR_7515328985,7,200,BJiMFHww1VFIsl-yjVs46K1L8-CE3KC0dWLkZvXgcvb6cb00ZcbPwhk_uLzkClZvqAZZvJeGmK9jwQ,Nocturne,JUNGLE,-35328.430624951536,-5.141055060139618,
KR_7515328985,3,100,N1uAPNBcC3Os_cjHcNwbSG2GJO3ND2ZMiJxYmkf-67cFHFbZqcmGF0r6RKFhfidHU8AbXI4w6VMBpg,Azir,MIDDLE,314.67476841411855,0.04579202307704791,
KR_7515328985,8,200,T9uvQ6NOQfD2rICW0JcxayJ7xSa6-lkxE7-UozscY-NO1CBEMkhWpM9qLHV9zQdjwENfjSQzJRYA-A,Neeko,MIDDLE,-314.67476841411855,-0.04579202307704791,
KR_7515328985,1,100,xAGxz4L4pgMqDeBQ86rGwy3bqbixtGmWh6Yw2BxrJ-RrI4TgnOtqdRFYDmuPCLK9xfQ4zFWfOYEK1g,Volibear,TOP,-4431.238998713835,-0.6448416551211303,
KR_7515328985,6,200,EdX6XpRT2l68eZzPHRUQMimHebnJyyhDWcAwMT7VcEcwrwS3IIwSvt-rkBemdLtht2kShOYUend1iw,Jayce,TOP,4431.238998713835,0.6448416551211303,
KR_7515394444,2,100,v1xOaVY-fPOWsor9FUURtQFZETQn-tgsFNJYlhqYCSWMt4fhq7zmRvPswsAnuD43_7z-Z-ufO38cTA,Skarner,JUNGLE,10990.633727027694,1.5993762569393613,
KR_7515394444,7,200,LRlXgISgxUbvn5fTukF1mztIST6ppTdj6h2Gj00BnlvU3pnKvLJj-u9ZU6MhYZbVIooONv7vpymwuA,Viego,JUNGLE,-10990.633727027694,-1.5993762569393613,
KR_7515394444,3,100,S_9FEiacinl4AeHEO7O59cwKu_3khA0X1wZkIXaLuBsZDUPzNRtMh0ZYncBGTFsWtFPj5uRYUBpTVQ,Syndra,MIDDLE,6595.270261676368,0.9597552722263375,
KR_7515394444,8,200,Bzdeq9E0bJtXCKIyY5cmy2yC3qT4M4RHkbjsUvGyoLACsdV9narh19MBB74UFie_NksLvGJ75mvyMw,Hwei,MIDDLE,-6595.270261676368,-0.9597552722263375,
KR_7515394444,1,100,yGrbzwT0U55q8EgDMBk_zvle7ALYh-ToZGlAv1S1e_aMfHCc29BsLvjyBAH2WgUuqT79-LW02MeArw,Ambessa,TOP,-3339.8934789863815,-0.4860271449007737,
KR_7515394444,6,200,B_0MBlcCwbkmxHl5-qHo8lqGGyVe1fyaa29No-ntdX9dnlVqyJQSx7lf8ENBJ7D5x4G05yUHSs9W2A,Gangplank,TOP,3339.8934789863815,0.4860271449007737,
KR_7515444421,4,100,DM3MyIx8w6r6B2odV70tKF5_job4ulwbjs81bBCaCSpNWm0G75VkoZrFAIZw77SjZox_Sf3vwXnrVA,Jinx,BOTTOM,-7892.716173689866,-1.1485618722711026,
KR_7515444421,9,200,shSC9R0eGBfVnl3OtmjsqT8vNBx1yfqM4PMz5qwbVdGIqBxVkd_SAXHCXFAEDgVmmaMzHN8Y_MDe3g,Cassiopeia,BOTTOM,7892.716173689866,1.1485618722711026,
KR_7515444421,1,100,7gPHPRFsB3QjrtzdPhZAidcTx_8vUpzuG2cjVJ5ZEs2TM8nmBv43NVW45DxbkbU2a75YrDcc0Uzwgg,Zed,TOP,-8641.787722007077,-1.2575680750873393,
KR_7515444421,6,200,LlXwLFsKiu2n65-5Pggui2HDAHALqVrJbRaRSZKOzSYY25ZaMHM_NsgjouZDSFLZ3OxzuB2yIEXJYw,Akali,TOP,8641.787722007077,1.2575680750873393,
KR_7515503437,2,100,ei46L3acO-mbYlnxFeUAs-v1hppNwyPvxopvK280GIBz8Z62Mz0xgkpZ1r4cSoNpfk_LMn7S5E_maw,JarvanIV,JUNGLE,15240.839086243606,2.2178735799763216,
KR_7515503437,9,200,jL6m1iHccxcG2C9ZuXgB5B7XRsZEiKwClK1D2BPId7O_SVZhXrSOBNsj6jdxgaDIsbyZ4bkDvsacjQ,Ezreal,JUNGLE,-15240.839086243606,-2.2178735799763216,
KR_7515503437,1,100,kYIrv3VtwiAq27K8yXSPlTHVece6VgWAsADYx-58f6Fbu10h4VR2YNAgYTHVotIBLIEDK5MYGRGdqg,Ambessa,TOP,-1529.9018799945575,-0.22263399937465875,
KR_7515503437,10,200,NQO2EN2nbSWp8E9FJWdszybac94LU_kc32rocEydcg8ULtFUkleIejLyCO2kJKxlDv7kvWLMxF3x-w,Camille,TOP,1529.9018799945575,0.22263399937465875,
KR_7515593770,3,100,BZjrlsn3NZwPfuH49wB98bmfmOskdEcqINTrSVdOtF8J7ZdnMuvAwu12dbrVDA-2Mh2zC3xNzHbQdQ,MasterYi,JUNGLE,-6083.283785394581,-0.8852501040643384,
KR_7515593770,7,200,6KAITHM4y1UvaDYoXP5ALa5xm7SxOw4_GE5nk57wSxflDe9H25SRLiry9RXesNDVLBsJd49dHVxOtQ,Nocturne,JUNGLE,6083.283785394581,0.8852501040643384,
KR_7515593770,2,100,CE35Up2BMsG-R-nmoaKgnKKIlUxSmLlBORxmbe9ZL2-d4_3Y1lArP9PygTB6c-uZjE1Yz-fsBLe5QQ,Sylas,MIDDLE,467.7143411024034,0.06806260956087055,
KR_7515593770,8,200,9lLpWZAVPa7qt0vH-zjw2xTn8MKGJcjkon74XCiJz0DxLATPbNi6I_rpigcod9DcOK3A9cSBWF-b8A,Corki,MIDDLE,-467.7143411024034,-0.06806260956087055,
KR_7515593770,1,100,gzouY6lJMtHKWTIDK747_6O_VEnVDoOmWjKzVLsPjGcXr_RHs-PGoS_M87JmBuUPziyjMpI0zbkMhg,Jayce,TOP,2089.092061027762,0.3040083332730553,
KR_7515593770,6,200,ZgiGujcWp8a3s3ZGOIO2TsK9xyMwHX_A7AwPDGWqT2VVXo0lrr4F4EoAZqVC4bYWJLKNAwToQrouzA,Gragas,TOP,-2089.092061027762,-0.3040083332730553,
KR_7515708419,3,100,XDB4VbrppULr3l_lTX8UFbzVMZsTJPfi3qprvBt3LVSRXLw1KaLuUCr_qg8XEYrUaicpUeS-kX57sA,Renekton,TOP,-515.3529916252684,-0.07499506936721764,
KR_7515708419,6,200,Q5fJrw-NplIAwzRSP4syoy53EzP4LIf67SWvfgqUXLSLoIprV_1oGa1rUyrQ8z1O_MDVOWmhlpGy4w,Garen,TOP,515.3529916252684,0.07499506936721764,
KR_7515791085,2,100,LjncZOFW6XPjR0FN2uOFgj_tRitSKnRT3MzXso9aMlLwVVE6fWh_E0_dmV1i3IOPPtewh_qrhV1Bjg,Jax,JUNGLE,6643.873203360263,0.9668280573702431,
KR_7515791085,7,200,-8YlzIhTEdyy_6jjnod65Wp4rZTNaYMl2EzzH5UEQP09gdtkMFos51NCea4k7WWp_rfr47oFM5vLMA,Belveth,JUNGLE,-6643.873203360263,-0.9668280573702431,
KR_7515791085,3,100,T9uvQ6NOQfD2rICW0JcxayJ7xSa6-lkxE7-UozscY-NO1CBEMkhWpM9qLHV9zQdjwENfjSQzJRYA-A,Syndra,MIDDLE,4977.150619128276,0.7242836696367279,
KR_7515791085,8,200,M-uk23U9KoKUFPjEccuoQGEBWrU8pulXPcL0Ks0VBY9P9u__8KnjoPEFnMbj9HYeIDS3M9W1sEC7XA,Orianna,MIDDLE,-4977.150619128276,-0.7242836696367279,
KR_7515791085,1,100,50t33MNnK1amyWv5uZv1B3jZ3442iYS8BE2G6a_IJqCpvVR46luEyGOmt-hl_LUdwaqhME9dSw3iAw,Jayce,TOP,11742.947804644296,1.7088543182946667,
KR_7515791085,6,200,pFC_JJo9Cp5xKH8YMJ-vEA1OzTOym6vr1f1_wMJZGb40n-UX1ug-dEys8kSOKNlctWRFLtXPBRGJ0Q,Kennen,TOP,-11742.947804644296,-1.7088543182946667,
KR_7515870835,2,100,bRWbTXgmRHy7ytpQS9eva__K4ThTaE5ZF31zyaeF8ZVzAtkkpR26EBpmfKjmCtFaHd7ZVutfi5YEnw,Poppy,JUNGLE,-2860.761899804798,-0.41630307887094997,
KR_7515870835,7,200,rMUbJg-W50b0904m6FLAkURDrJ32ZcrYR0R06CRm3NeMZDQ6WepeW0jgYepXyBsTIaRQeSzF8_qD1Q,Zac,JUNGLE,2860.761899804798,0.41630307887094997,
KR_7515870835,3,100,kmr2aeE-2gV6yK60pKJigwtx0HljGxZjyWxD7JFXkEjlSz1Iy8n5jVKilxRkShQxiHxDygi7lZ9wrw,Aurora,MIDDLE,2064.3269582384946,0.3004044721686303,
KR_7515870835,8,200,Yr5bnYtm60nKgdq9ywJAvkVRNS0MWd12-xZ8L-za4Tb2SwZddkYjWkvK639yWt2DxQ5_IFOBwNdJbQ,Zoe,MIDDLE,-2064.3269582384946,-0.3004044721686303,
KR_7515870835,1,100,e1hp220H4425TWYmQAJ9PX_pmWTj-Nrn1o3kAcaDVdhf_g5cvmEWli945Z2LzJTgFTvcBm8rRQtyYw,Fiora,TOP,19426.195378207143,2.8269339532409448,
KR_7515870835,6,200,OXk8IAmTXii5x6Vpkau_rbDdbPU40YNyO-AT9XZOramkXfWWL9WNVx4PlfL4GqHHnpx55Hy6nQcdzA,LeeSin,TOP,-19426.195378207143,-2.8269339532409448,
KR_7515959250,2,100,WO8zI2NAsb-IRqlGSKkeyHW2JKubhHaXfrkTNIgYJnYJD14ni0dA0x_Kr8XLn0iXFuJqj2rzBFU_qA,XinZhao,JUNGLE,32239.13876262946,4.691495901125579,
KR_7515959250,10,200,sn9xUsGMKlm1_NW7VG0Vd2v53cOqyzc1S20qjhoCCB0ZNxNOmbK1tDIS0USFVWi3fXrRZ-ZEw6i9dw,Poppy,JUNGLE,-32239.13876262946,-4.691495901125579,
KR_7515959250,3,100,k_yEgzw-gICy2apMKycUtqbntrB0a86rKcjHmoEiuwZ1wsP0kiRDk9nOlgcuwCNJ8JyTSltf_pIoFw,Belveth,MIDDLE,-3665.8941010637836,-0.5334673260266227,
KR_7515959250,7,200,bmK1x1lpkYI21Ss47jrW2x97RcYCqBlU_FgVWDdEk6D8N3KGuq1_HZCy0N1Hbn6a5FXhzxW5Iq-New,Pantheon,MIDDLE,3665.8941010637836,0.5334673260266227,
KR_7516057519,2,100,AGEfyXjWHNEWcPoFf2X-JiQjul_LcJVH-OM6FKQ0SJG7lfzylKPw5g7zaIPGDkXxRFg9AcgnVqUR9A,Zyra,JUNGLE,-19780.550866214344,-2.878500384086616,
KR_7516057519,7,200,JIDzUafPnUM5kM8tyIMOsDFw5Q56pI4NvobrpL_H3JxdId1d0-O7tEgkd1ArkfpJubXwzHFwuYljzw,Kindred,JUNGLE,19780.550866214344,2.878500384086616,
KR_7516057519,3,100,We1NZM485Rnvlo7MbWRiEfoMyiWmtIZf6NdqNK9bb-myRjjyohB-wxdjAJgX5d0Pctzz3ipHCQh8XQ,Veigar,MIDDLE,-2899.2800153080957,-0.4219083024575141,
KR_7516057519,8,200,4KSvpGhuniaSsLYwNx8w20uGjVCeSDGELFRclXu2YgG5YXK4-JZUaMG2ISLwC3vphIEwVCeDqmbV2A,Galio,MIDDLE,2899.2800153080957,0.4219083024575141,
KR_7516057519,1,100,_Uxd1-1Jh_IuclrKlBaGFksDIRHU-YX3Rjlbw849cwcChHwIoVaaYWUBPvkTqbImxl_FzeSg07WOng,Ambessa,TOP,-6161.23939399894,-0.8965943406746859,
KR_7516057519,6,200,22PpAst6Ei5l6cnIn9xCttZA4G5pUSRqhpkYWdQ2M16bbPqr80IKrpK92aM8NfyKts31kcaYPrfj5Q,Jax,TOP,6161.23939399894,0.8965943406746859,
KR_7516211744,2,100,JIDzUafPnUM5kM8tyIMOsDFw5Q56pI4NvobrpL_H3JxdId1d0-O7tEgkd1ArkfpJubXwzHFwuYljzw,Ekko,JUNGLE,-2430.95289536748,-0.35375652024755583,
KR_7516211744,7,200,EtsneL9NHGA1jc4i6TWI0hzv8nhtGoaWf4sREMwOABt2GQMd1pUjW2g0NC91pZUxMEj7uGvSL7PHYQ,Vi,JUNGLE,2430.95289536748,0.35375652024755583,
KR_7516350753,1,100,0EY3GkAh3gDerxBrCzeKn3qdGQvf-hA3YhR6pdO3pY-9FmdJcVqp6meiq0iwHTXHTvwtRAdVi-3Q2A,Anivia,TOP,-3989.569423310017,-0.5805691254510517,
KR_7516350753,6,200,6OwIXGqu8Oqkz402YqXwg6dgqlaRtuoMjgARbmMukdzbrTZltcYRniiKt8uCd-HRAsYr5RYL2lpFew,KSante,TOP,3989.569423310017,0.5805691254510517,
KR_7516479713,2,100,Pwi72NtyuQ64XMxV1Vq8OqT9jLlB8uE2IHej1BQ-1z5Hq6zO9h3VrdOzLy_Dkm9g6HV3CTZEmikyfA,Karthus,JUNGLE,-15970.205853174011,-2.324012308515735,
KR_7516479713,7,200,E9tZ6G_LXJC3ufFhRGdfirU2kmJ_bKxmaEJ__2dNTpOvqN602xOQ7C11YwhesQpPkYRQXDN1C_HlqQ,Skarner,JUNGLE,15970.205853174011,2.324012308515735,
KR_7516479713,3,100,PZCEYAJP9AqXKpXhpCL6vmx9OyD80yJ7q3jkOgG_XRymUdm90xBkRXBU-C9yecVZIv0mG6FXQgG_5g,Ambessa,MIDDLE,-1988.4590502442397,-0.2893640414051818,
KR_7516479713,8,200,We1NZM485Rnvlo7MbWRiEfoMyiWmtIZf6NdqNK9bb-myRjjyohB-wxdjAJgX5d0Pctzz3ipHCQh8XQ,Malzahar,MIDDLE,1988.4590502442397,0.2893640414051818,
KR_7516479713,1,100,CPIqHUdYvN6ENJyt01KdA35PprwHlpb4xUqW7D0-Z868jE0lyh3qD7ZanjoaKTfgvGU5knWtidBWDQ,Gragas,TOP,-36969.605114829435,-5.379881644465721,
KR_7516479713,6,200,ZzYHgbz0ENz5MC7ceqqX_4Yz3i2lnZJzUS4wFzN3g0p9ploeQtjTI9AuVBzuKRIH-lFk7JgGL_ZiTw,Tryndamere,TOP,36969.605114829435,5.379881644465721,
KR_7516577228,1,100,WzAJn9saCN7wVjo5ghnXBFCt2U54EOyygl7RS1skHxXYP7_coK7Bs0mp2VCjg5K4sdx5zicB6FQu4g,Fiora,TOP,12253.851818855566,1.7832019646815234,
KR_7516577228,6,200,Gi6hzQsAsOS_YONZiZy4xrT4Ii_sydfk3VwW_ugHMivphdcTV_znbbmLMq2rAzBYNHIJKx2wSc0jUQ,Cassiopeia,TOP,-12253.851818855566,-1.7832019646815234,
KR_7516779154,9,200,eW-hCOCNvdCF_7wV9skp12slECA4MY1_OTLlhjPadjKXiRsCXpuzYwKT0Vb0U5EGS3PpO96vrQ9j8A,Ezreal,BOTTOM,-1685.7696398354194,-0.24531614860311995,
KR_7516779154,10,200,aAb7LpPAndIIJsb8LCC-wZ6wcmznrNJKIeHxqE_xH-0GokpLz9F8ocBmnKl5PTMA1jl7CZk_XNVAOg,Alistar,BOTTOM,1685.7696398354194,0.24531614860311995,
KR_7516863612,2,100,IjGFbPdrTdddYVgSbqnyoCkZ6WLbC_U71rt19SCOIi-dvsA-mgG0LPGpRDlQdyvOZqg56VpUefUzjQ,Kindred,JUNGLE,12637.790728090466,1.8390734267643165,
KR_7516863612,10,200,o9PsmRxj-P3DtiZTpOfnyC0rRe6MVnfxS0Ks6rB_XC1aU2qerkSnLC7V_bXm5LN3krgBtsNopEUPaQ,Pyke,JUNGLE,-12637.790728090466,-1.8390734267643165,
KR_7516863612,3,100,We1NZM485Rnvlo7MbWRiEfoMyiWmtIZf6NdqNK9bb-myRjjyohB-wxdjAJgX5d0Pctzz3ipHCQh8XQ,Malzahar,MIDDLE,-9457.973573731053,-1.3763408688059584,
KR_7516863612,7,200,cL3LZNtoAaIu4aMIgWXaUTjH2bfrKWhcwZIKZW40I9TXlYdQKAS376MhQsOoZQPgb7tXw-kX69Lusg,Vi,MIDDLE,9457.973573731053,1.3763408688059584,
KR_7516943679,3,100,_pr8muY4hQpfIhKXkOBZcPv7XNa84W98K1iagV_vO3xplr6raD8YbGwEubsRATrBui0zA7_FZaDF7A,Qiyana,MIDDLE,-7366.821061536498,-1.0720326950726893,
KR_7516943679,8,200,z6GTsMQYqrBXp_OBqhrMZwZM-0MDW4FZiwXg6Z_--Fzx76aQFaycSJpuJax2hnQsFyyd1d7i4E9S6w,Akali,MIDDLE,7366.821061536498,1.0720326950726893,
KR_7516943679,1,100,arm8IeSSRT-HMJptAggfIOMCmP1H5VcsxJ110b-MjL_O2_sxHd1CeVq4Rj0GBD10g7B6lGoNdHZETw,Aatrox,TOP,-209.59532983577972,-0.030500679253859325,
KR_7516943679,6,200,ZEnu9XOMeFNU7Z0guxmwjHLC2ech40MB2C_D6S91-1BtOQmyOU4ZJd_YYV2FGk-5Xfz2D92SdiVRJw,DrMundo,TOP,209.59532983577972,0.030500679253859325,
KR_7517082345,9,200,kQ6MrChHePLe3NxWdxzC7c6wIyVDBqgL16V4BSaM-sZk_w3qRCcEEpSm3ngIoLJI2SMx5lMZ7gxIew,Jinx,BOTTOM,1711.1295012476885,0.24900656002337435,
KR_7517082345,10,200,Ogz-6TpFqIvz2TOohfFa_N9SRW5xPFRcSg-S3cXjo-vDXFm9cPkLOUDhJ73FdxlkMHkkOIagU0IaMQ,Thresh,BOTTOM,-1711.1295012476885,-0.24900656002337435,
KR_7517082345,2,100,JFfqh98Xjn9NT7JmUnWayvCa_MothKkgXsg12tl5vN7WqLQ29UqWTxBJfKINbWF2sloGweI0hrP5aw,LeeSin,JUNGLE,9919.783374743878,1.443544239358236,
KR_7517082345,3,100,5fGMzLoO8oz68No5mtFrsTpBF8NN4yK-Ld8pSMu9kn1g94ip_bT4VxjXuDz6nhUw3Bf3qfzqUTUH-g,Zoe,JUNGLE,-9919.783374743878,-1.443544239358236,
KR_7517159346,1,100,cfzwY3LH5Pu1mYL6yUXWDd14GyCm2aa9MXG4xnnDWlwk9JLZtdOVvsePimQjPsP1QuGyA58YI6Sz0Q,Jayce,TOP,-7762.349136517527,-1.1295906328394563,
KR_7517159346,6,200,ZjD7btisgd0Qh22CXJEoB2BnAJanxb-CCXGFiw4YYm1_IGjOov560513tmjQpxau4bqcnAPkl376Zg,Yasuo,TOP,7762.349136517527,1.1295906328394563,
KR_7517250550,1,100,4pAcnYzDn2fxDWfkJzJVxXOmMC-aOOE2Go9aGKs75njiw8E_JOY9HmRYGrM7dwdnztB_v-RhPi9Y-w,Ambessa,TOP,5105.745637726447,0.7429970418238849,
KR_7517250550,6,200,0o8_E_rDzJTquQ680_h9WAmrpc-klDYlx2Q4yh4nl-Dba96oLgJNoKFAOh3xfJKqsSqeF5Yf1h8Trw,Gangplank,TOP,-5105.745637726447,-0.7429970418238849,
KR_7517331359,2,100,QsaXuxGWCScj6DU0RwZ0hYDxDeLm5LK86CYpdEVJUwIRi-LnbIzLGH6Dbyud-GpAiZQOpbsq9PEevA,LeeSin,JUNGLE,-3353.998832866753,-0.48807978068614394,
KR_7517331359,7,200,M06DGcGofamqBAOtTiVKAB9yTh73c5eyXPTccRqjx6EkOmeD2I2wB129W4rrVwcYzOFAmjI7Eh558w,Viego,JUNGLE,3353.998832866753,0.48807978068614394,
KR_7517331359,3,100,aAXJd_HfUztYmdKck-SXYF_FnCGGe1ZOlfeQ67OYgsJ_Xix0BZZ3tJ22gjCrr2B4Z6929pFN1TGz8w,Galio,MIDDLE,607.7381264430437,0.08843911588824128,
KR_7517331359,8,200,szHIH56QlFqrdxBina4SffxT6XkT3xoaRAQF5i_j8MFwafwiULgWZpuKpwPW5w7FnmDwrry9jomvoA,Akali,MIDDLE,-607.7381264430437,-0.08843911588824128,
KR_7517415715,1,100,0jta8iUZ5A9Aw6lG1XsHB_UsG1G1HT0rcArtvlj2J6QMipcTRK8BUF7WBhodPWnqCuJ_kaWWM-1qFA,Ambessa,TOP,-1015.3457078027238,-0.1477548845660731,
KR_7517415715,6,200,yGrbzwT0U55q8EgDMBk_zvle7ALYh-ToZGlAv1S1e_aMfHCc29BsLvjyBAH2WgUuqT79-LW02MeArw,Rumble,TOP,1015.3457078027238,0.1477548845660731,
KR_7517560612,2,100,KdNVMK8leypas-K7eYMfjodhS5gEGJYG_E9UAtnUXlkD1A4go5WRC43k5y5LnpIiho88g_TEH6mL0w,FiddleSticks,JUNGLE,-12589.372702657207,-1.8320275509568635,
KR_7517560612,7,200,sb6k7M3EFNMh_mU3Y9khspqnjRKtpjueacenfNDTVogF-alZ_xGWcvbCbMQHwBKZaPLLq9Y-gDhScA,RekSai,JUNGLE,12589.372702657207,1.8320275509568635,
KR_7517560612,3,100,LRqFhr6tGHDF1F1GJhWMZX_UniU-viqDV_hoIEqvJ8HQ7l6DSMuZ0KjwI2QzZtf-Prlc8chnwQPPqw,Akshan,MIDDLE,-4055.18803745743,-0.5901180610344977,
KR_7517560612,8,200,e-M_YGiHo524n4doiQrb85OXEN0UEOcmIgvQgyM-7eY_0uwQTDjG5Fjn4htJVtzG5f9gGe03fn-xoA,Zoe,MIDDLE,4055.18803745743,0.5901180610344977,
KR_7517706260,2,100,n7AIDl9Yc4wOwcr41Ic6xoDzIBchVvxJPpK8iX8G4DyyNuFpcDPn-fKX5Cok3UDzsoRmu4orPKWqTA,LeeSin,JUNGLE,9757.127180483407,1.4198742252711896,
KR_7517706260,7,200,tLDTaYr8ttjx3CUpCTp8Mm1Wwni4vIk11qNiE6o7-wnxlMSbCZbtOYLwIuvFFYiLTGo0xTTpzaCxxg,Shaco,JUNGLE,-9757.127180483407,-1.4198742252711896,
KR_7517706260,3,100,aAXJd_HfUztYmdKck-SXYF_FnCGGe1ZOlfeQ67OYgsJ_Xix0BZZ3tJ22gjCrr2B4Z6929pFN1TGz8w,Sylas,MIDDLE,18047.895302358058,2.6263613137552224,
KR_7517706260,8,200,lpUVws_rZLsVhD2bgrLYTjGHQpqeVnj6N1hMQgrnh6Oy8IhEd0pitYvYd6tFD2uksh00eI-BqarWfA,Syndra,MIDDLE,-18047.895302358058,-2.6263613137552224,
KR_7517706260,1,100,eEIDb6ScMxlsewRUtdVztvXmjU5nNND0p9M_7SA0dPQDBNzpTdIpoZxYERlkINiCCuhNkcQq5xxCDg,Warwick,TOP,39048.034726050064,5.6823383593802825,
KR_7517706260,6,200,LjncZOFW6XPjR0FN2uOFgj_tRitSKnRT3MzXso9aMlLwVVE6fWh_E0_dmV1i3IOPPtewh_qrhV1Bjg,Pantheon,TOP,-39048.034726050064,-5.6823383593802825,
KR_7517851496,6,200,JFBcFJU1nRmBMlZe9qUEmHboyAfk2BNpOwcbbEYK1arVbr2sxEmNS5KtIiKJ0_jjl4VO4QykEjx2Sg,Renekton,TOP,12691.937279763444,1.8469529277368524,
KR_7517851496,9,200,Yfh3fEnwha6khSVWYWh4MMWzTwY8YI4RFtnVDBbDbyk7X7U1G11wZNJHJWZcCKjJnt9TurMsux_0ag,Tristana,TOP,-12691.937279763444,-1.8469529277368524,
KR_7517972376,2,100,SfZfSidvBdad7m_KrXHro232q5VtK2QnnFn4HuideJVRO--0jOD9y-iwOCqXT02POYofADWbvurxxg,Pantheon,JUNGLE,20065.009562033174,2.919895311392197,
KR_7517972376,7,200,_0WMMg3NGaXMmt2EzGipHy5ug1DCBvT5mwjQPR83S3o74aE1XrQlp0itveLKPzuBYc640We9n8tRAA,Vi,JUNGLE,-20065.009562033174,-2.919895311392197,
KR_7517972376,3,100,S5zKm1Il5jfZ9dESVnQ3BpGZMO_MAN32alwqS2RuJ31980VuPjDH8j-8EOhycdKmgRqr6aBP01wK3g,Karma,MIDDLE,-12826.239192098246,-1.8664967770893797,
KR_7517972376,8,200,k4ukRgnilVnaQXQtd9EuCDke7vC01_WYZJNRLURkm_M5oos8hhVOF1uSq-Q39tS0NZlA8ME7rIWerw,TwistedFate,MIDDLE,12826.239192098246,1.8664967770893797,
KR_7518125429,1,100,YC9stCvIH5FC-S-qt3S8XJ9TNcbYrw6Ng-uciW7IcIyyTwOxE4V1-IQYsOS62jbnclTN0Lp7aWIRDQ,Urgot,TOP,-19843.440517345036,-2.8876521961953463,
KR_7518125429,6,200,szWAfZ-vXzXftFw_5eqhPXUGXE_oPqKlHDswuCzhQDakzsx-Qp9nSFJVe9zvhIWAxlfKMP0snUujaw,Jayce,TOP,19843.440517345036,2.8876521961953463,
KR_7518177767,1,100,_-GIcSLcQgrBj8GlRBfaCTHVMeRqb5Xf7nCLduBXXeySCKnZZnrn5YzWHgKD0KVisCYs9Kro8BP4QQ,Jayce,TOP,-195.29498426359413,-0.028419667936201033,
KR_7518177767,6,200,uImY99HEvISplAongjkTT-m5czo7QTHnsNxzaIy71q61_pJWGmok4JNaD79jBVfYojVV6qpjT4rQxg,Karma,TOP,195.29498426359413,0.028419667936201033,
KR_7518225990,2,100,JbjFMcBp-ELHqqsB-t99na07xu5rYjPtZFkI9FUQ3-bKw9VuAkVwuSukUCwe6X77trfm5XelceBsRQ,Khazix,JUNGLE,-387.95330213661276,-0.05645564356427008,
KR_7518225990,7,200,mhgdwQjcvN0IzkzhhhQTSMS7xNwFFupwC3E-VzofiMMv573i3RLUM7nDdxkY_AV5mjILI3l-3IpntA,LeeSin,JUNGLE,387.95330213661276,0.05645564356427008,
KR_7518225990,1,100,Df-o_7Uli6so2PHBtA4p66WrxWUbGJqAyZHXp0EZVShDBo0xPDBC1oYLigQA29djEhVSTDUyv5ozTw,Garen,MIDDLE,-7709.568875088222,-1.1219099568146067,
KR_7518225990,8,200,f066Z10kxfQPSkZKnqBfTtuetfeT_MU4e12q8W7hawLeFZ2T372MmWwSboautGtfXBDUduoqpAdUTg,Kled,MIDDLE,7709.568875088222,1.1219099568146067,
KR_7518225990,3,100,MsVU8FkkCbo6cH7DFGJMPzgo5LxEs3PnF8_g5IgWEyk6P8euJ9-PRr3m2XruezkWjLZ1vCS-Jdt6DQ,Sylas,TOP,11985.957286874695,1.7442174834900133,
KR_7518225990,6,200,_-GIcSLcQgrBj8GlRBfaCTHVMeRqb5Xf7nCLduBXXeySCKnZZnrn5YzWHgKD0KVisCYs9Kro8BP4QQ,Karma,TOP,-11985.957286874695,-1.7442174834900133,
KR_7518366482,2,100,Nqe-u1RGgiybcEnUBd4bt8Vw2O5JHcmsKcxvsWL7ROlNllsoy1xVroRE_h_LoUMXa6LOKDcrrgVntw,Vi,JUNGLE,-8075.7392218747855,-1.1751957065894802,
KR_7518366482,7,200,sb6k7M3EFNMh_mU3Y9khspqnjRKtpjueacenfNDTVogF-alZ_xGWcvbCbMQHwBKZaPLLq9Y-gDhScA,RekSai,JUNGLE,8075.7392218747855,1.1751957065894802,
KR_7518477876,3,100,HU7lWvw-f8y5DqqFFNprxegAHFdriGOKrMSA_QsAys0BDP9cqM25PnZu6E2tlzPCdBmpTOT0MYrADQ,Sylas,MIDDLE,5874.638872817561,0.8548877311934956,
KR_7518477876,8,200,_DKgDwSP-K86PNHynr_ru8gGl-6RA0Qaec4kmiKwsd61M6UOOTq_87PbtLWK9yO7lu_Ay6c9hug5Yw,Mel,MIDDLE,-5874.638872817561,-0.8548877311934956,
KR_7518571543,1,100,9iP6TVz34Ahz22KcLpW8Hjk6NG2jKjFRXovx1AlCxy-ncohNo5H3d8D1iS5SQ_K1qoWnjjXcEBkPtA,Gnar,TOP,-800.4373529983152,-0.11648104461935452,
KR_7518571543,6,200,1xgbOOKvrmiVGxdyjO3uv-YrLravOiEz1yUuR_XhTcTB-4Y68ZGpaDBM95Eqoxwjiq_G8dcrX6tk_w,KSante,TOP,800.4373529983152,0.11648104461935452,
KR_7518671958,1,100,brSouqND55Tt5c1svWJJ13OfZ79DCoeGwurRqJAMzcLfoM3LeOdhZQr69lmCJ7xCYe5JhQes84w2rg,Swain,TOP,25958.540968015175,3.777532317079513,
KR_7518671958,9,200,cfzwY3LH5Pu1mYL6yUXWDd14GyCm2aa9MXG4xnnDWlwk9JLZtdOVvsePimQjPsP1QuGyA58YI6Sz0Q,Varus,TOP,-25958.540968015175,-3.777532317079513,
KR_7518756877,2,100,6oqlTCOjfOwEr8IowJr_WxCkDdr5vAZBMWEU8exnfvqfp1x-No-NniWn5MCc6g-yAzL4tZJVNElbQQ,Ivern,JUNGLE,-21546.851591452025,-3.1355355571915893,
KR_7518756877,7,200,MrD0ybm5geZWq7XUXxkdm-AFoOuzML3q-Ol_qq_6UbvjV1F1X1uL7ia4PTvR9UoCte0QVUJLLQQZ4g,Diana,JUNGLE,21546.851591452025,3.1355355571915893,
KR_7518756877,3,100,6yFpzPNI2bZIhwsf49wnMRdy6-lcGtu1xpTkFz63xu8XXuZA4vRpHgyWTgo6iPTY6uoitEqVvFJV4g,AurelionSol,MIDDLE,-14592.415695985683,-2.12351387328604,
KR_7518756877,8,200,M06DGcGofamqBAOtTiVKAB9yTh73c5eyXPTccRqjx6EkOmeD2I2wB129W4rrVwcYzOFAmjI7Eh558w,Galio,MIDDLE,14592.415695985683,2.12351387328604,
KR_7518756877,1,100,0qzRCZvqKj3W6E5xp6cOXqFgwMzkoeY_Rv9UnpNS-M7S_0Qt_WDtaP4dFfx99_u3usa6g6SvrpTwTw,Singed,TOP,9434.166187767949,1.372876376330375,
KR_7518756877,6,200,UUsZjYk2wPD4BkMfRhgfamQBp6lJndsS0C8q5TCHDXp5Ko36he5L3chD2VP9Rqi6DVPsbaute3gICg,Ambessa,TOP,-9434.166187767949,-1.372876376330375,
KR_7518857859,1,100,MF4ivQVNy7T41pxf3CaDGun9Q6PN0B8zCnjDCJRzyqTvzLjS-al3SEWBbHYdmQd9jun9K6Uos37-QA,Ambessa,TOP,-5272.771682512593,-0.7673029642080073,
KR_7518857859,6,200,2-cKStdoETxfUKUCT2uREiUVgNKuHUlEJ0rYD89KfqCGruZoNj_S7a4natWTxRqcHi6GyWCBREShzQ,Camille,TOP,5272.771682512593,0.7673029642080073,
KR_7519066903,2,100,NwXTIOCFQeeBtvxeqMlrzaWtl6GLGBAoaXjYmXhTDdWMrgLzk6gxHLl-nz72nAbxHZvA_HYcTjQJ8A,LeeSin,JUNGLE,-8420.136283673231,-1.2253129698229512,
KR_7519066903,7,200,gtB0nsz4zT1MUt9FT5chEM_aSs37iMHVynylWmUn4BrMe4xV_FMb9PDPPmQtWXkkXyMqOs26E_5qYA,Viego,JUNGLE,8420.136283673231,1.2253129698229512,
KR_7519066903,3,100,1MFLHkQXFeDDniQ9AbJ-33ubRF5TYQc-iEaxrzMujvu2zUrX9Vgitq9n2_sozWlWxJru48Jr7I5SQA,Viktor,MIDDLE,-4196.862833375056,-0.6107348253108066,
KR_7519066903,8,200,6IotkgAHdtwUy9RRR1ONlUMd1a8ep_-GZ9I9q_244MF4TLdYFBQTf07zX4xXPRrXrXv123DYoXPJPw,Galio,MIDDLE,4196.862833375056,0.6107348253108066,
KR_7519066903,1,100,FDkKIJDxWkvulxwAhgUZ99iTuuoRyvpWcEmPoLg3LsaUIe8HcgX5IfhOb6feaRgKohxv91iN56nMXg,Jax,TOP,14198.056521899249,2.0661260360233897,
KR_7519066903,6,200,IMdlwUFQnBPCjnvrTv-czDnLVOHsK4hjrhLqimfyO74qyfSMB4TXQfs6kZkamO2tzLUxdR243U_U1A,KSante,TOP,-14198.056521899249,-2.0661260360233897,
KR_7519172880,4,100,wpjNtkZCe9N_CaYsQcphpzSNFqOWnX9woboOlqM4SYhXhd0MuCaJDecPn01hp5oRxfdlsAEyoTSEKw,MissFortune,BOTTOM,7234.725177775086,1.052809870859389,
KR_7519172880,5,100,vJZbqS8ruMzloJx1DgJ10_RCr72DTdRGXcTTVp4209OcK4x5nUlr_LXGP30gX7TqqItVdehsHYWe4Q,Rell,BOTTOM,-7234.725177775086,-1.052809870859389,
KR_7519172880,2,100,kMOVG61ciLXtEf_2YMFGp7MxSeGPSCscWVC9e-837Z4X0tNM52_knRXpj9pnfOei3mp0u-dNrjwqQA,MasterYi,JUNGLE,8165.231269171847,1.1882187459506985,
KR_7519172880,7,200,_WglPSM8lyISpNX4rmMCtpHgXApcUUh0bP9C0tNnjytPs2tIfcZME4e0X9TFvPN4dv_IxkkKqGeHWw,Talon,JUNGLE,-8165.231269171847,-1.1882187459506985,
KR_7519172880,1,100,E70G5Qtt1oVEzH5RJHDJEqB914Wdcz7H1DcdTmV2efT1BK3qUI1nQKfEN4s-ewUdzs0uuNhYsJtOcA,Jayce,TOP,-8833.337309984201,-1.2854427064003402,
KR_7519172880,6,200,fP1a4F6bYyDNIWv7_UJRo3w9GZgcfmTNivGLBsikxMlNTHidxbtlF0mhxmcSV_urjNGCqcbcmYfw_g,Renekton,TOP,8833.337309984201,1.2854427064003402,
KR_7519294206,2,100,NyYf9v57RO9HhCSr2KphD-fmQVjBe6lXs7x_UJcxcFAb5-dXV6rznwukkfDlrBQkkQdCa-ma70oZOw,MasterYi,JUNGLE,4226.466039251719,0.6150427356446748,
KR_7519294206,7,200,CPlMrwmj71Oa6LOSxCupKrFWb2nafS_kf5xwwZGdMzJRyRG6GwJismSuwEFGd0y42AlDPxT2iehojA,Kindred,JUNGLE,-4226.466039251719,-0.6150427356446748,
KR_7519294206,1,100,9BCC7TgtqR1PPkkhf2BpEb30I7n2wTmOO-aVgJi2gzffl7NEb9LxDHhbzYobBcKdBMIo-gKXNTxdjA,Gnar,TOP,5696.676191585825,0.8289902903313405,
KR_7519294206,6,200,fuLZOlEoYDtJ8lOnsLymNaAn95sccl2sB7H_uiaIrHbdM31ZdiWDP0tln3lC3lbSVdLqhHVCDf2aVA,Malphite,TOP,-5696.676191585825,-0.8289902903313405,
KR_7519385879,9,200,M92TjR0d5cHWmNVDoen2kU3Zd0G-Mh84Gq0wEH-OmNATi7U1QllH_mvse1og_QRLq0eB-Thlp1zYOA,Jhin,BOTTOM,3155.2085147128055,0.45915146564431153,
KR_7519385879,10,200,gLJfXvKQK_bcGnP1lOCpUpeT-SROW2GosHrN9xiDsBMsXlTA0QOtumIe_NZUjPToDrUosjPtqvgpvg,Rell,BOTTOM,-3155.2085147128055,-0.45915146564431153,
KR_7519459901,2,100,ECwYSfImKuFaa779AsmXVrCOmILWIqbP8pRXo7G2K_BZgamqCsOKjE20vKbqcYKpi5jLzMMKmQmhaQ,LeeSin,JUNGLE,-3189.9303565542914,-0.4642042488429647,
KR_7519459901,7,200,d_zdXJIPu0SwvmgoT0ILlSAw3bPn5bex4kUJOUlq0nBMF7W1t3T4JHQnDuwLOWRrSLQuS9MzhNDk7A,Nidalee,JUNGLE,3189.9303565542914,0.4642042488429647,
KR_7519530335,2,100,ZjhtrG2gWS3YYicBbJGf0KQznTqbcQ0AoEEOMX7zjR_oryB-1ZV_1oZp3fsvS57ddPreIkHQ5lkJ2Q,Sejuani,JUNGLE,8541.665821947592,1.2429981609466283,
KR_7519530335,7,200,NXrIBtSmwzzAQZrwZ5yQVKE2WweSjLtyFf5_uWmYP1sSrazRxOZ_1NcoUQPs5YxUitoP5G4KvDsbWQ,Zed,JUNGLE,-8541.665821947592,-1.2429981609466283,
KR_7519530335,3,100,cnPV4iSWitIBt-Q9XyJhcSqPJsRLLTJ5zP6eS4vVbCmRJp6kJ1I6Z5HHq7B_U_UM1hTspBAaTg3h9w,Irelia,MIDDLE,9113.799585430963,1.326256067618415,
KR_7519530335,8,200,F5UIFRzWRcDNcpMvAYYTaOvV6X3u0avg_Io9-uJWCG-CeBGDXGYLGZWX0Nb_zPge_EhBWDgJmArfEw,Ahri,MIDDLE,-9113.799585430963,-1.326256067618415,
KR_7519530335,1,100,yGrbzwT0U55q8EgDMBk_zvle7ALYh-ToZGlAv1S1e_aMfHCc29BsLvjyBAH2WgUuqT79-LW02MeArw,Mel,TOP,-22902.17659650377,-3.3327648241614574,
KR_7519530335,6,200,2IWjXXEl5tv2_4KL8psls7SN9IHghZLf_fkJgvPazxcRHzREMealsdwlZGhmHpCPuGpeAF9aHfOs8g,Renekton,TOP,22902.17659650377,3.3327648241614574,
KR_7519583540,1,100,EdX6XpRT2l68eZzPHRUQMimHebnJyyhDWcAwMT7VcEcwrwS3IIwSvt-rkBemdLtht2kShOYUend1iw,Udyr,TOP,-3709.9054556057868,-0.5398719353729535,
KR_7519583540,6,200,kYIrv3VtwiAq27K8yXSPlTHVece6VgWAsADYx-58f6Fbu10h4VR2YNAgYTHVotIBLIEDK5MYGRGdqg,Jayce,TOP,3709.9054556057868,0.5398719353729535,
KR_7519636228,2,100,70u3E3yzBZ4lsfFRpB--qh_Z0PJCXCfhI2zkCiZyfm4pd9GSogr83kMjAVM_d1TZx27SWJKHvDHSqg,Hecarim,JUNGLE,3622.1553439309237,0.5271023855323995,
KR_7519636228,7,200,q9iuDI7YKVjAzorWo9WOmdLrHJOZn_M_NP7fjtV0cYZDSIIRQy4di2qHnnYoieW4iwV38DZLWOOkpw,Lillia,JUNGLE,-3622.1553439309237,-0.5271023855323995,
KR_7519636228,3,100,5Q3v26H3w4nL6Vg55xQzLluu81RB1seLsrql3eb5e9iNWRvf1JUzBb3ApZCu5Oja34Ylu5Qq9fStoA,Mel,MIDDLE,685.4496427519178,0.09974783176051356,
KR_7519636228,5,100,JCSmh3fcKk5paAX74X1pvjcnV88uaCvFhz_pfBm0rSOA3Iw5Cqaf9YQgA43ZXYUNCXjZkBBYDX_HrA,Varus,MIDDLE,-685.4496427519178,-0.09974783176051356,
KR_7519715855,8,200,yuoduo9Kib_UXf696-aqv_loPuGtYxwmEs3XkZHZhi2Apde8BG86v14EDBgIRsKDu-p7Z91JkUaX4g,Irelia,MIDDLE,23449.361136378433,3.4123920761449065,
KR_7519715855,10,200,dYAysHX41SpaWIwIr5K_f_G3dWFqg7paJ9l7B4v8egtMmFEf1Krr7mNySRLjHgH9k2MUpP1_XxcJBA,Thresh,MIDDLE,-23449.361136378433,-3.4123920761449065,
KR_7519715855,3,100,knMhi874us_TUaLdHuII3UaVBXSTWWGtj7oBqEaiu-SOvOZP2rKrUbvANIGTRjYPGgKtv5EmKInh8w,Orianna,TOP,-18501.46533655649,-2.6923656190185485,
KR_7519715855,6,200,MhzzndPHLDWpnaKaFJuzzKcm1U9X74V1K98LrKXrtfuIANZRrxf-oBf-0lwm8DW-skqu60FTcYRXzw,KSante,TOP,18501.46533655649,2.6923656190185485,
KR_7519860533,9,200,n-wQfneErnwXVnOOXNxj5HhYeLY-X8JKUcSddeZq3Iu6BS3bxKp7EFXKKZPM8p2FqNFoUO7hDu1GDg,Kaisa,TOP,-47.62295608320474,-0.006930175924017639,
KR_7519860533,10,200,CQOKFO4xiSxJKom1WSQPSHGipC7egvRdPV6zC5-yth7RvJK45xGkuIGOc6OFSgeNSFmZf9B5YZojVA,Poppy,TOP,47.62295608320474,0.006930175924017639,
KR_7519931776,2,100,5hzrh9q55H_mXk_dlgp-CZqGrB6BnyC_jJCdRNu4bOcCUHsXpxxtGrCAka5P6KkiZGKad4L3MOLRwg,Shaco,JUNGLE,-27674.65924950411,-4.027264853135491,
KR_7519931776,7,200,M92TjR0d5cHWmNVDoen2kU3Zd0G-Mh84Gq0wEH-OmNATi7U1QllH_mvse1og_QRLq0eB-Thlp1zYOA,Skarner,JUNGLE,27674.65924950411,4.027264853135491,
KR_7519931776,3,100,hCSHqwGjt1bmUpl23HfGLRsOpHLkwH2l_iHhnB_oWCQ4NKCWrI-x3BOnL5yzgFFqSrMUWT1nI4q_Ig,Swain,MIDDLE,18040.302830974808,2.6252564440303767,
KR_7519931776,8,200,NC8EDWDUoVWMHjf8puQ9QF-LcxHRPlIKp2b5yYLjyPJitmXaLjjfcdfKvQl8PTV8qiYirYWuev23Qg,Talon,MIDDLE,-18040.302830974808,-2.6252564440303767,
KR_7519931776,1,100,GOYLbRaydhyTfnHfYRt4C1GVL8yp-RBfTfDxgx5y_7Foon3fVCJuYaC9OCFFQpY2pPJqM2OF_Utl2A,Sylas,TOP,-823.0954664034447,-0.11977829294072169,
KR_7519931776,6,200,5fGMzLoO8oz68No5mtFrsTpBF8NN4yK-Ld8pSMu9kn1g94ip_bT4VxjXuDz6nhUw3Bf3qfzqUTUH-g,Ryze,TOP,823.0954664034447,0.11977829294072169,
KR_7520000186,2,100,azZkx2oNkBKpHPvVlm1GUx3cZhl6GK2DwedrNNTES4jZKscTn9iggVf-ZOGOl-I1GeoJRbonqtzVgg,Nocturne,JUNGLE,13164.84386801798,1.9157711221913276,
KR_7520000186,7,200,8rAjYoa_nSx3wXyVxYCA_A9MMtp3xdgYzfsLi-it9iJYQ2zgbzORQjoCqCY1sKOWujmnS5jEBFwS_g,Graves,JUNGLE,-13164.84386801798,-1.9157711221913276,
KR_7520000186,3,100,XV-BDu2dOKVn-WRQlmrM-uZARI3cZTb4YUUHiNemOwnAIqJ7dqeMltmHymXqY3AZUTo5_JbBQljSmw,Yasuo,MIDDLE,41.15182892535144,0.0059884861735481675,
KR_7520000186,8,200,e-YAcXIvfMj9HsZMHyaGFYyRDDyEn0bLgf8kImpiI31B5K8PGcUReBxcgQsAOjKb2Z_f011aETDtTQ,Neeko,MIDDLE,-41.15182892535144,-0.0059884861735481675,
KR_7520000186,1,100,2-cKStdoETxfUKUCT2uREiUVgNKuHUlEJ0rYD89KfqCGruZoNj_S7a4natWTxRqcHi6GyWCBREShzQ,Jayce,TOP,-3818.0017132922612,-0.5556022919931174,
KR_7520000186,6,200,_By-LpyoH78S5YHW4zvNrVHMqS87dcabCF4XbcekDN38aC2SiDHv9OBvxpH2BXdkFnD0myktXDBjVQ,KSante,TOP,3818.0017132922612,0.5556022919931174,
KR_7520071976,1,100,6Nt5-7CyZjv58pmz-1fGMGISL1erg1sYGZDWuANCw7I0yn3IA9nk6G5CHO0IEPqHcn-xvVOVu3ZQog,Aurora,TOP,-6190.936274294183,-0.9009158826739049,
KR_7520071976,6,200,2-cKStdoETxfUKUCT2uREiUVgNKuHUlEJ0rYD89KfqCGruZoNj_S7a4natWTxRqcHi6GyWCBREShzQ,Camille,TOP,6190.936274294183,0.9009158826739049,
KR_7520157070,1,100,_Uxd1-1Jh_IuclrKlBaGFksDIRHU-YX3Rjlbw849cwcChHwIoVaaYWUBPvkTqbImxl_FzeSg07WOng,Rumble,TOP,-8739.833934805009,-1.2718359315846592,
KR_7520157070,6,200,jvt8nrlY2Rp1ruKRrpPTpJY0NYqXeCh0zmOE0hy3XQomWVKHxE10DHOVJz4mu7K4IMk-0ZKdsaZORg,Gangplank,TOP,8739.833934805009,1.2718359315846592,
KR_7520276254,2,100,v2dt2l9p7SCMTX5UL8EYZ4PkUQzqSFvV5o0j_uhhU5tFEmRmBPkQh-BaNGDH39ViTSFZhl2FJv28PA,Vi,JUNGLE,-6467.945163410129,-0.9412267010686335,
KR_7520276254,7,200,irob2cvZhwK3CctUjoY_W820Y_YyN1cPpzUHDetGENav7in_L-w2mnRWxOb9m4lK6pzqzQ1yjn7vjQ,Gwen,JUNGLE,6467.945163410129,0.9412267010686335,
KR_7520434160,2,100,JRoyw2RQS7vxG2-XdtEv441PMwL2fNqA6honmfHOdi-2o8U2jMGyQYowGQ1-iNftSID8st6cFF8svw,Sejuani,JUNGLE,8852.072089442154,1.2881690242986756,
KR_7520434160,7,200,iTUdCvtLLqXeuASxOCgsKW1Z72qvJWiSfN3GUAxz6JRSCISTA4UaDzAOhVhKsiN8AO6KjuYZZU4qPw,Pantheon,JUNGLE,-8852.072089442154,-1.2881690242986756,
KR_7520665690,4,100,mjvZ6e0nITmprYnRv_160iyZhKu6teWrr7medrhI_kvoQDVxSdy-riPjQhbsW3JFUQnpsVWG8_rRGw,Corki,BOTTOM,3409.5536409828114,0.4961642136011579,
KR_7520665690,9,200,QZtYupU3MN95L3X5waCuiMUaJOlekhn6fi1KI33N4fcRRw5M_SA8pGvziMBZDmTrgYwdBPkOprFzsg,Draven,BOTTOM,-3409.5536409828114,-0.4961642136011579,
KR_7520665690,2,100,6oqlTCOjfOwEr8IowJr_WxCkDdr5vAZBMWEU8exnfvqfp1x-No-NniWn5MCc6g-yAzL4tZJVNElbQQ,Zac,JUNGLE,1788.7913717222334,0.2603080513469396,
KR_7520665690,7,200,K8ByLKr57UcfjNid78QlaoijqrR2NoITQ26E-M7TyyRoX5dwo9pzeymalU7ddKfpfmDxzucrFy9E4w,Skarner,JUNGLE,-1788.7913717222334,-0.2603080513469396,
KR_7520769308,2,100,SfZfSidvBdad7m_KrXHro232q5VtK2QnnFn4HuideJVRO--0jOD9y-iwOCqXT02POYofADWbvurxxg,Zed,JUNGLE,-3782.9677947631963,-0.5505040948486577,
KR_7520769308,7,200,AGEfyXjWHNEWcPoFf2X-JiQjul_LcJVH-OM6FKQ0SJG7lfzylKPw5g7zaIPGDkXxRFg9AcgnVqUR9A,LeeSin,JUNGLE,3782.9677947631963,0.5505040948486577,
KR_7520769308,3,100,MF--Uw8YUU_Wt9z3GGX8RUikMfABDc9r2_dBAzE_tPsRWRrCEPmk0xVORex4h7ITCQiB_bnhN1jDgg,Aurora,MIDDLE,-14021.076295672508,-2.0403715637331596,
KR_7520769308,8,200,bx2m9SeaQ4wMnxHvU7FC_DZ6g4FNGqvfjp36Qh0tNRcSjsbZHvKjWRqNWwtDpRRIGAPHtmZxEUMLZQ,Viego,MIDDLE,14021.076295672508,2.0403715637331596,
KR_7520769308,1,100,qscSl8tOIxsoj8O6BzsSL9xypFkFsHC8HlvUewb5XpU-6GqF3cGZwc8T_-hBIBgioqubW9hkUAT_nA,Camille,TOP,4539.154376976825,0.6605456898509943,
KR_7520769308,6,200,815axwnpkupzBTI5QsZz8ltORFA1v0Hpuo8GJWGu8ar6Khd4K2v72TD1RQXzSfUyU5PvoOSBe811Bw,Ambessa,TOP,-4539.154376976825,-0.6605456898509943,
KR_7520840623,2,100,Pwi72NtyuQ64XMxV1Vq8OqT9jLlB8uE2IHej1BQ-1z5Hq6zO9h3VrdOzLy_Dkm9g6HV3CTZEmikyfA,Karthus,BOTTOM,7420.055502091009,1.0797794640387914,
KR_7520840623,9,200,u5Fgq42d3BSuLMHJjxlhe4dP-yTI07ALG9TBf-1fzCR0CdvHub7RrpaimdUaQbS2kFzFmtovxujSfQ,Sivir,BOTTOM,-7420.055502091009,-1.0797794640387914,
KR_7520840623,1,100,JANv1hF44mslzr5mioR_6SwJGePvkvPi6kZuH1zEdV_ObVHlI5pdw2AFc5Fg84qkzouvhWTrmbS6rA,Tryndamere,TOP,5423.223823964929,0.7891970231695759,
KR_7520840623,6,200,mBT3V5zo9ZHLsrbzOQ-qlZyNxvzWq-nLSBtX5Rs9GVO1bNrUKyA3eRwLiVrWU5qWKRAdqkesRdQ0iQ,Cassiopeia,TOP,-5423.223823964929,-0.7891970231695759,
KR_7520890020,4,100,FHDhsn4XVWj5ooQQQL2W2Ji9rO9Te8BEdrB70jL-EbzK3QXQ54C-PuFmnNBx2vhLThE7Zs6JZ7Sb5A,Jhin,BOTTOM,6266.272169446897,0.9118788939974667,
KR_7520890020,10,200,TbHKWzyAHowbGmdhQEBEzWo_iWzSdYlhibbc4cCCUKCWEdy8qyvThB25dgJAVUV0Q2-k12tZodGzMw,Nautilus,BOTTOM,-6266.272169446897,-0.9118788939974667,
KR_7520890020,2,100,NkqvSbtYFM-hjrrsxKCOP3lyMqpRTUw76jSzCMk91-SvZeevj4TboFbuKtDjxHzJPfjr_FLmerlt8w,Viego,JUNGLE,4006.1793283540933,0.5829862279054974,
KR_7520890020,7,200,gUNWZxzTcRIG_GtGkwCdTPOF6iTzxZK_13qjX6CVUgJBOArGr0tqAysnMTFgMh7FSMOCrQLZJmEheg,Karthus,JUNGLE,-4006.1793283540933,-0.5829862279054974,
KR_7520890020,1,100,sp2tvtUvHzQH9ZHQ2Y14QrUO8JLXFy7HOG0AKN3mS3tvSvQH5MfUNyCjaHdgg0Ai-caOT8GRJR9gOw,Garen,TOP,-3795.7201710646755,-0.5523598429686215,
KR_7520890020,6,200,YlmTrSLHhaiMvxrGlBCD3YbQWkI8kyiZ0IQWAAlHVzkY5OvdkbPbzb8l-7HNtDDrhlsfBW2HIuakhg,Ornn,TOP,3795.7201710646755,0.5523598429686215,
KR_7520937889,2,100,h441MHT8F8EHW-J-e6tLRU5bVX5iWkjMy23Xc4j-18fyhZpaIsbTUatgto7Q0NzvNKiXfMygzoy66w,Viego,JUNGLE,1232.6295055983896,0.17937440313463374,
KR_7520937889,7,200,1MFLHkQXFeDDniQ9AbJ-33ubRF5TYQc-iEaxrzMujvu2zUrX9Vgitq9n2_sozWlWxJru48Jr7I5SQA,Neeko,JUNGLE,-1232.6295055983896,-0.17937440313463374,
KR_7520937889,4,100,uA0FJJlBje30fvjXrMh4PAVg56woPX_aO0ktvWsHfdjn1b0DKUQJ3vSp0oWIG0VkEu5cK-HjEkW2aw,Aurora,MIDDLE,1669.2149858691137,0.24290708638221772,
KR_7520937889,8,200,bx2m9SeaQ4wMnxHvU7FC_DZ6g4FNGqvfjp36Qh0tNRcSjsbZHvKjWRqNWwtDpRRIGAPHtmZxEUMLZQ,Yone,MIDDLE,-1669.2149858691137,-0.24290708638221772,
KR_7520937889,1,100,Wegn95wO3GxJ3PK6IWyL63PGvbdpQoVcffra0-vgrc7cFyQkdnESN60OcN_6QeHyJIHzwxuc6uEWUA,Aatrox,TOP,-1741.3603252273874,-0.2534058024421206,
KR_7520937889,6,200,4pAcnYzDn2fxDWfkJzJVxXOmMC-aOOE2Go9aGKs75njiw8E_JOY9HmRYGrM7dwdnztB_v-RhPi9Y-w,Sylas,TOP,1741.3603252273874,0.2534058024421206,
KR_7520976362,2,100,LdrNKaUV_8v_e_CQSlusGrLvS6cZi4shR6ycwUmFcfKVkZKb9HUmjzh00mUBy2qFiT00oZvWaTl4WA,MasterYi,JUNGLE,-2069.149033079239,-0.30110618893956637,
KR_7520976362,7,200,CbLIEFCnZjojYJdhcd1owDZU5kwnShJWfCVDywfIK_nrJsOU19lQEAbXVw78Uu0FedQ-hVDKkYSqag,RekSai,JUNGLE,2069.149033079239,0.30110618893956637,
KR_7520976362,3,100,9El19hngvbUklRmB-VfjOpvbqPRzFyc9gC2-7ob4hFT_t7TRBidzspArnKhuZQWF_DI_yB3XEhfRfg,Swain,MIDDLE,14152.363546279856,2.059476714234524,
KR_7520976362,8,200,tXbHOsWAiPcuCZd2dTokJk0O6F4Omi-SliGYBoLdqcbpJey3qsKnYYYOevzlxEAs-cxWAwonRnvvAg,Zoe,MIDDLE,-14152.363546279856,-2.059476714234524,
KR_7520976362,1,100,eonBxHrST6XcawuA0QjNLF4U4X4Gj2ESWf2LfYlnPwRzzXA5UGlYmyrQDQRDtyRI7nDxIIGK9_XP6A,KSante,TOP,-14700.079067283925,-2.139181235521304,
KR_7520976362,6,200,arm8IeSSRT-HMJptAggfIOMCmP1H5VcsxJ110b-MjL_O2_sxHd1CeVq4Rj0GBD10g7B6lGoNdHZETw,Jax,TOP,14700.079067283925,2.139181235521304,
KR_7521021964,1,100,Dd0UHy1itSwlxUIg_9LGEPIGzjAJDUqhZ7HT9hJVZFQV0lkQhACLaYi3slc9qA_yLrePFcq-JRQTJA,Jhin,TOP,-4102.7987302754145,-0.5970464523866961,
KR_7521021964,6,200,sa8vU5wvcDZSz2MNB2dev0PCkDPrADQy3HzIxoO6pS5cJy99DPvUBuxbb12o6epMDnF1-Acg4302mA,Ambessa,TOP,4102.7987302754145,0.5970464523866961,
KR_7521112145,2,100,N4EJcR_R9gYsT-vFMlffXTlVwzyPzueMi8l6OsRcOvWY1Uuvs6DstgPVFT3L0G1CzlwENmK4yLosvg,Skarner,JUNGLE,-5291.956342778028,-0.770094749548877,
KR_7521112145,7,200,THJB6VDSpO2O3tqfQ8_UpepEWbGG0-T2bIn2t947SnZ46XtoEBmBRVM5pq5CqaEf8Cd5IrxiJeugvA,Viego,JUNGLE,5291.956342778028,0.770094749548877,
KR_7521112145,3,100,2c-MmM3dKkTTRvSZ-XhAHf_Sq3R4nGiq_oI3_-KJy8IIP4fnhfQ7Jm1nu0xa4Cgck3FYgRIL0xJh4Q,Viktor,MIDDLE,10503.86999672149,1.5285415469192758,
KR_7521112145,8,200,MKJC4IcrEHLuxh9VCMvwBpIpCBd90hqbj3LNM-ry7qYz57WVU2M0_cAZJcztaMe8dF6sV4ZuEtwWVw,Xerath,MIDDLE,-10503.86999672149,-1.5285415469192758,
KR_7521112145,1,100,BtfBHw34R0aGFsuJwZiRHflcZM6scddwjt9k2W_OVZZLwO5LtGDjv9X6KTb_wipHQgY7a1fI8w0oUg,Karma,TOP,-10235.475390953754,-1.4894842941150184,
KR_7521112145,6,200,cysaHEyik35MbnOutkx8PmMfbAik4cDjO9qNzN221ubyNXIDCLC_Vzd0-fxhPKUzxlFchr8bv1IjPw,Vladimir,TOP,10235.475390953754,1.4894842941150184,
KR_7521312967,1,100,6OwIXGqu8Oqkz402YqXwg6dgqlaRtuoMjgARbmMukdzbrTZltcYRniiKt8uCd-HRAsYr5RYL2lpFew,KSante,TOP,-8758.664530215769,-1.2745761927881545,
KR_7521312967,6,200,2-cKStdoETxfUKUCT2uREiUVgNKuHUlEJ0rYD89KfqCGruZoNj_S7a4natWTxRqcHi6GyWCBREShzQ,Jax,TOP,8758.664530215769,1.2745761927881545,
KR_7521512528,2,100,C_XL6a_N-x-ItbAaJCTgJuDjJiJBDL__P2SBVU4pSdKSpw4xL0uQKgW1Yai58AiPs8DGtBCHB7no_A,Zac,JUNGLE,6203.497189396283,0.9027437690250192,
KR_7521512528,7,200,w5cg43HoMwWBBnOkhwn_KkDVH9JIAhrK_Vrii_SU0f_4omsxIW42uKop2Lob08TCS1PvHHMX30qU1g,Viego,JUNGLE,-6203.497189396283,-0.9027437690250192,
KR_7521512528,6,200,fcdn7ntHGVjS-bixyzxEqH_ykTqJPXwh_Bdy6X1HX-qQrEQZvhQQvM9jtnWhFXNJEuCjplvA79RnXw,KSante,TOP,-6520.241839352401,-0.9488370048869869,
KR_7521512528,8,200,e-YAcXIvfMj9HsZMHyaGFYyRDDyEn0bLgf8kImpiI31B5K8PGcUReBxcgQsAOjKb2Z_f011aETDtTQ,Neeko,TOP,6520.241839352401,0.9488370048869869,
KR_7521629064,1,100,PnjczL7VESlrLKjVSQUWgsAjCsS7r3KNJcmsq5Xb6aindkgJMMm7iJ95fLdqmMZU86jv0AGSxu-mQQ,Ambessa,TOP,5072.272057524673,0.7381259078438837,
KR_7521629064,6,200,IYMd7rVgZL23IzYLv4xQ_cgYFUFOMb9SnswD8qu30G9i3QNhSyC3Iw5vJE1A-LhQe-Ak3qjDbnqVHw,Teemo,TOP,-5072.272057524673,-0.7381259078438837,
KR_7521873786,4,100,HC9ky3nPoCZWlDhXd2I3AFcWG1Z-Ul7B82KdCN0AAmK_IQXyrkqQhNps0dDRGBDguGRBpUj6LE3_OA,Mel,BOTTOM,-9690.874805801615,-1.4102330637455052,
KR_7521873786,9,200,ltuQOiBNvClmzu_WdLShzPeapYNCdRWhhISf5NSvtVUDyVGwDYypdFfJFx6s6XdjhZiC2NFi5OX3ng,Kaisa,BOTTOM,9690.874805801615,1.4102330637455052,
KR_7521873786,5,100,R2n8BCrkNLiT9qEgqu-2A2TTpU4qo_911EUQPE99ucHMpMQFL9lKvtTEa4Yl6nPmQT_M6vQort4MPw,Bard,JUNGLE,-6366.567231867458,-0.9264740070280486,
KR_7521873786,10,200,jr0nwBJq90IxaDRD-JShXHQI5gpY_pWbsCFP9wiV0CRVtR_CCtJDYyax_wp2EMee066QVmOvvnMBSg,Rell,JUNGLE,6366.567231867458,0.9264740070280486,
KR_7522006827,9,200,ltuQOiBNvClmzu_WdLShzPeapYNCdRWhhISf5NSvtVUDyVGwDYypdFfJFx6s6XdjhZiC2NFi5OX3ng,Kaisa,BOTTOM,3170.0281804648735,0.46130804934351605,
KR_7522006827,10,200,BGZ0WN3vQ0HZ-QuzxtS67Pkt8qM6wxbR3MRWJferkxNqGPHE129xa24VwNH9Bl2zsWK6Gnbu7_W2eQ,Alistar,BOTTOM,-3170.0281804648735,-0.46130804934351605,
KR_7522006827,2,100,azZkx2oNkBKpHPvVlm1GUx3cZhl6GK2DwedrNNTES4jZKscTn9iggVf-ZOGOl-I1GeoJRbonqtzVgg,MonkeyKing,JUNGLE,-6530.253580759898,-0.9502939310202261,
KR_7522006827,7,200,K8ByLKr57UcfjNid78QlaoijqrR2NoITQ26E-M7TyyRoX5dwo9pzeymalU7ddKfpfmDxzucrFy9E4w,Zac,JUNGLE,6530.253580759898,0.9502939310202261,
KR_7522195858,3,100,bx2m9SeaQ4wMnxHvU7FC_DZ6g4FNGqvfjp36Qh0tNRcSjsbZHvKjWRqNWwtDpRRIGAPHtmZxEUMLZQ,Yone,MIDDLE,3178.624029715748,0.46255893237187773,
KR_7522195858,6,200,OxHRFk-xLASRdxXWX3oZT4NNw0QGafjb__8g_DeDdJkJLpify6qpD_gp0z0K7zEw7NrEHT5ZzRGj4g,Kindred,MIDDLE,-3178.624029715748,-0.46255893237187773,
KR_7522310356,2,100,EkePfj7VjmDafRbqEooxlGL0t2k6jEzPgGNdPgXIpmOmxaAWPU3C_VC1LoXS9z86mqVo1O8puzkt_Q,Lillia,JUNGLE,9991.825296594825,1.4540279059214603,
KR_7522310356,7,200,B_wpu2Rfpfdc6YMRGCQXkiOSj8O57joLtlmsPwJ5LhXZHXoeYpXaWOwmef1ZJMd_EuPegDfwuGC8ig,Nidalee,JUNGLE,-9991.825296594825,-1.4540279059214603,
KR_7522310356,3,100,rgjMFrIld291G5Org4J8YXtN916kxgbIAJU4Zsm1QjhhOPj6uoiF_VZglM4ElahD6CgNaXpo6sXcrA,Mel,MIDDLE,-16142.14236656545,-2.3490328108861265,
KR_7522310356,8,200,Vj7blYhGllwf9CLIPE3jaXJjx1sua-VU3twOGgK4RcQCWoKbM2Q2iOY0Gh_R0RKqsYxINIennmR6pw,Yasuo,MIDDLE,16142.14236656545,2.3490328108861265,
KR_7522310356,1,100,eCUEfi6QqfHU8wYO5CTSz3K5qzAGHuOBs477MgRXCEf2LRFkxP-JHRoWlE3jHPRAqMh9sQ6nphy0dg,DrMundo,TOP,3382.217146914299,0.4921861591370532,
KR_7522310356,6,200,815axwnpkupzBTI5QsZz8ltORFA1v0Hpuo8GJWGu8ar6Khd4K2v72TD1RQXzSfUyU5PvoOSBe811Bw,Jayce,TOP,-3382.217146914299,-0.4921861591370532,
KR_7522439499,2,100,wwYJiU8zuXwF0ytOyXiccvwuD2uCVZh6TqDvjwIdkEQibZtWs4CX8nkG39rHLMYkpRE37VYRSSzQAg,Vi,JUNGLE,-1632.0455759550243,-0.237498128793644,
KR_7522439499,7,200,0Ek9f0hLs2HDJwy0UPXwJ0cyjptLxBKyN_yEAQVghvTMXpd3yIs2_2yfZYMXCQ6F1g6CNdqPNMKf3w,Belveth,JUNGLE,1632.0455759550243,0.237498128793644,
KR_7522439499,3,100,aJk-X9Q2VE_XMi3izNm_h7bjB2rSjReK2pZ5NYaQ9IXAoqiLjP33MeL7N-HGjlMYyc13eDCSV7r4sw,Sylas,MIDDLE,10408.499161674294,1.514663016074975,
KR_7522439499,8,200,-2-vwO3FCVEM4JBqDZZsc7KEpmx1hhf2CFi0cTl1GajBg3NP7ydBOLoAcdpci9XfxnFvKUaFvqcUKA,Akali,MIDDLE,-10408.499161674294,-1.514663016074975,
KR_7522439499,1,100,6qfJEimK_Ir-aK_X47OuohNZrAa-4Hx-wlP23M-ukRJIGlW3Z7GBXyzd-my5l0w0XOJOTBPu4CWK-A,KSante,TOP,16363.659077067357,2.381268310320596,
KR_7522439499,6,200,nhujbgHjpQyrAC78T2QnvMFy5S1K0GqrccgrdAVan67_eoRqParyRiVeVwAojeYK0N5lEP5CiDzC_g,Gangplank,TOP,-16363.659077067357,-2.381268310320596,
KR_7522505759,1,100,VJMklQgjG2Hpfxs742RTcUuehjB710XCoC8zUxc7cYGiZeOqIazwFSk0kVyx4GT6vOCEl6e_P_aA9A,Lucian,TOP,-2270.5596804737747,-0.33041581887886956,
KR_7522505759,6,200,89HdGd_BC4o2sfAWV6Ua8L8nNXCnCXA4XYU8sEoIdsEqyPI4qKWSn9MD3TM01IFjD39_hqg23dzU1w,Yone,TOP,2270.5596804737747,0.33041581887886956,
KR_7522643565,3,100,jssHYNUoHJ3kGAgv4j8oFF-05B5AfhNCb_mRVprG3kaoMyBtpveWBbXq5sKqRt0j6lw3l5cZv2tyow,Gangplank,MIDDLE,-10352.31409301716,-1.5064868665428741,
KR_7522643565,7,200,NFXqYK8Zhk_QnlrYQmyBViLPBlDAJpoFoz_GhxOk9I9B4qpTHVh4TuwCWHvt6uvhGdZIYgAt_5g9Bg,Viego,MIDDLE,10352.31409301716,1.5064868665428741,
KR_7522799720,1,100,NCjaXogxUqxLSwwYMAwtw6Oo9icFTQSow86GZG-9f76FrdzYNrmBlZLqLLxoNQKVjelm7Y_pxPtmZQ,Camille,TOP,3135.0963816306567,0.45622471283579147,
KR_7522799720,6,200,_OZ0dygSQdPEFKinDDyDqTBydC4Yd_23FllhXYBPcCssrtTjfjvNKWtBB49UxfneJ9I_hLwSBV_eVw,Ambessa,TOP,-3135.0963816306567,-0.45622471283579147,
KR_7522922540,2,100,w95hCsUejbuNzSWwxoDGeMsfaDu1JdBV7Rzy3sLlYxvbMWEgzlfSLRVR3TfgF8qYLU6n1P3MGmunDA,LeeSin,JUNGLE,-5334.479210604863,-0.7762827517031079,
KR_7522922540,7,200,w5B2xPn944UYbM2A4JzPq_hqqQVPjPnKPGJoxml5k1wTwyNJYBm2w2BOVQzg6L22EtPnK6OyTK0eaA,Hecarim,JUNGLE,5334.479210604863,0.7762827517031079,
KR_7523033980,1,100,DQqyOxAqcN4HTfulHefYWNjXwpMMfDYTuOiATpw_Yw1tRDB9pug9yG4dVZpoPOluCvCYi1NgFbvY1g,Gragas,TOP,14329.275515156984,2.0852212535957677,
KR_7523033980,6,200,_6QOOujO_FQBSqxusy8RFICnA3E4np2G-cTKYaQPJinZMcc_dFW_mIim6hwfiJjyzw0mHW_ul7blyA,Pantheon,TOP,-14329.275515156984,-2.0852212535957677,
KR_7523175518,1,100,R1R72IQuyhN2nsqFgDyLc_8AVVQAUiUyzFxzP-HnyP7nXaFbKBDdYptl5k2qP_EeEbo9-eBcJ5QECw,Jayce,JUNGLE,-4155.955149842422,-0.604781867602136,
KR_7523175518,2,100,G2QsyM_jAEcGEEbNZ2EsnNUjtycbgG53pxYOgGXzQOBw3xNQcg9n6pCFyXt5W-BzDGox_Pciqm4cbA,Viego,JUNGLE,4155.955149842422,0.604781867602136,
KR_7523328098,1,100,K8ByLKr57UcfjNid78QlaoijqrR2NoITQ26E-M7TyyRoX5dwo9pzeymalU7ddKfpfmDxzucrFy9E4w,Zac,TOP,3127.587344714078,0.45513198464057164,
KR_7523328098,6,200,hx8USDJg3vM_9BAvtnHDKgqksm3USmYJ74QjcloiiGL-qY6GzldWbvyXCpjoML-smccx3fqFfug8Nw,Aatrox,TOP,-3127.587344714078,-0.45513198464057164,
KR_7523626252,4,100,kbDVqBxgcJUzsAMmBusRSFCHtNOMic4MO2kh3oRm1Ous3Z1S-8p-U8PmNiwF4U9qlfklI8TTqtRaTQ,Ashe,BOTTOM,673.1005775170149,0.09795077417287613,
KR_7523626252,5,100,cnVkaPFn1HKWRQAj3efGaUweXAu8IZ71Cf8ZUlEl-7Pzt2QbJXPsvF7jQnO0l2RR0zsMkNZopB0Ysg,Mel,BOTTOM,-673.1005775170149,-0.09795077417287613,
KR_7523626252,7,200,BPjKM_wA_IQiOaThqpIds2SNik3P1YWbdW-y9105eXFIutKMuuuSrObvwpLt3qxHbYh7bOvv6-gB1A,Viego,JUNGLE,18823.17675449138,2.7391816276501553,
KR_7523626252,10,200,WZ3vnnU5MeKyalc9nll4bZbmVAAwJazZtpJGPbuZ1e6YBa_e3lzoZksV-BXE2MnPfuRMWMnVTQv27w,Annie,JUNGLE,-18823.17675449138,-2.7391816276501553,
KR_7523859288,2,100,_p2_YeH0rJo_Kh8420wg6A_AVlao3YzFVyQJFBPOythY4FoYLKD43AQVtaQj0GMyX6TbWLfqxs5vlA,LeeSin,JUNGLE,13143.069428172852,1.9126024675931117,
KR_7523859288,7,200,tLEG9pgDArXnzf_eDEK5Hc9bUXuqBgpbO9GynSncjuSz7gbJVqw5InX_8irPWDYI4TxobS20JjPinA,Graves,JUNGLE,-13143.069428172852,-1.9126024675931117,
KR_7523859288,3,100,pRL_id5670vnvL1Xx6DNqgEKUWyvH4Pm8PD2gsIu-oyjHb9lMqS7wQxkgd_kvcJGTLT2R_SZsicX6Q,TwistedFate,MIDDLE,7885.187121833084,1.147466231466752,
KR_7523859288,8,200,_GbJ2s6WdxoyZm-1kGDa1cNgTxHot8VVMcLNodTVX7mF9bVELRsXgK2emYgfUYiL05Q3ZqeiJ6PCcg,Azir,MIDDLE,-7885.187121833084,-1.147466231466752,
KR_7523859288,1,100,ctkbtmpmtDOokibP-r48Krdzy8-3ArFswwGgnpALV-WK_a9EUuGJd01XyqzaLa8ptl42RQV3ddLEhQ,Rumble,TOP,8591.956230963948,1.2503165092903394,
KR_7523859288,6,200,1jrn3p7euGPmH5s2x8IFTtzmdXBnA_qa0qeOfiLOrFQfh6yx63x5rZZ67pHD7ehaEF3wiAmFGbHNGQ,Karma,TOP,-8591.956230963948,-1.2503165092903394,
KR_7523961619,1,100,hkWIe-zS_zZfAr97JuhW1yTRT3mkI3stIW0bdJL5xy7Tzz34nGKdT-_zAwthq3Z49mMj3L2-a0Ct-w,Jayce,TOP,42243.82370463613,6.1473951651556975,
KR_7523961619,6,200,nlkWmbR7Q-1DgrnVQfPMfNVqA3Onbc5q3xwWrOBRCnz6s4-bhZhYtwxrE1-XAvmCNZGYijd15XtyoA,Malphite,TOP,-42243.82370463613,-6.1473951651556975,
KR_7524054447,1,100,Xi1_F6Gto98WJGc9Zjl2pWFtglMgM68LieCtn2qII44f4rieyjCnyV9EDSVXhW09fNRcodBROeKJHA,Renekton,TOP,23063.138280995205,3.3561882502210016,
KR_7524054447,6,200,qscSl8tOIxsoj8O6BzsSL9xypFkFsHC8HlvUewb5XpU-6GqF3cGZwc8T_-hBIBgioqubW9hkUAT_nA,Rumble,TOP,-23063.138280995205,-3.3561882502210016,
KR_7524128098,2,100,azZkx2oNkBKpHPvVlm1GUx3cZhl6GK2DwedrNNTES4jZKscTn9iggVf-ZOGOl-I1GeoJRbonqtzVgg,Nidalee,JUNGLE,16700.607403497204,2.4303016205456554,
KR_7524128098,7,200,CMQh_Zinw2JVOobJ47NU7BtGbsrUTNykkrvRikOPwxLNwvGd-le2MeSJhUpucur3A-z3Xr6LpLytYw,Viego,JUNGLE,-16700.607403497204,-2.4303016205456554,
KR_7524128098,3,100,t8stZN6MlhWXjn8dzTh30dWXJlwazGuw32ljuQsmOGrAwxFYdl8crT7iEKTw2ddNJ6hogDQdRv3rdw,Irelia,MIDDLE,-593.9412116638675,-0.08643136470074012,
KR_7524128098,8,200,X5nSO5uPTMPwxHeDbQzP2YqSn-EcaColsT3ST58x7OMOMMz7z5Ez_5dvTs-mzDTdMsP0qpti1z68_g,Katarina,MIDDLE,593.9412116638675,0.08643136470074012,
KR_7524128098,1,100,t13dwJyw_2TEJeiLPW34eQqm9wY5Y3zR7TZU8y32B3vc-jcPkIyuF75_THkOOD0ueAiHNZxK5sJRoQ,Nasus,TOP,9845.807162380466,1.4327790914540357,
KR_7524128098,6,200,_i5SFSClRyvax-L7c63mduZ5Fwr55ZzMc94biaSFISdKHYDar1J7IZkxUHlVTNiknV8arcpV1xTOkw,Yone,TOP,-9845.807162380466,-1.4327790914540357,
KR_7524207475,3,100,88g5Uo3KJNLWCUo6rkdC2L0f9K252Q8HbDzRbqcDOq-I5HELNSMQaGfjk9P4Z-QTXyOD6BeVXT6cww,Zed,MIDDLE,3021.688384912927,0.4397213826546258,
KR_7524207475,8,200,XDB4VbrppULr3l_lTX8UFbzVMZsTJPfi3qprvBt3LVSRXLw1KaLuUCr_qg8XEYrUaicpUeS-kX57sA,Aurora,MIDDLE,-3021.688384912927,-0.4397213826546258,
KR_7524494454,2,100,Vl4u0vynG0x_c3VBg0XSpnoVhqxM25KMMj9-qKZqR6Hxwxl7TBZZz3KZJ3bL7HlzcHVqXRSDbBcAkQ,LeeSin,JUNGLE,2616.6762936273717,0.38078331423528483,
KR_7524494454,7,200,THJB6VDSpO2O3tqfQ8_UpepEWbGG0-T2bIn2t947SnZ46XtoEBmBRVM5pq5CqaEf8Cd5IrxiJeugvA,Lillia,JUNGLE,-2616.6762936273717,-0.38078331423528483,
KR_7524494454,3,100,YybiJjHy9nOrf2bvy0rCMiATzER42y2HOaR7jj51KDWg-yWSdvTbDaXw3ngh5tm6xaIe3WhSY9tHeg,Sylas,MIDDLE,13844.063263997241,2.01461231753664,
KR_7524494454,8,200,XyK1LgcyBEeaxdtxjioyKjFwggG8oUy87F5CQ7Z9nsjMX02eWS1Ak5GfPDHOk_SfhCl8km1tKU8wfg,Corki,MIDDLE,-13844.063263997241,-2.01461231753664,
KR_7524494454,1,100,3_igjAdW6HSHsRagJ6cIdztb-l-5mrFZdoBFQSdm-efF5kS_vFzYGR_DvhReLxa48sa8aauOuQjWQw,Gnar,TOP,16256.91391577482,2.365734567612511,
KR_7524494454,6,200,fuLZOlEoYDtJ8lOnsLymNaAn95sccl2sB7H_uiaIrHbdM31ZdiWDP0tln3lC3lbSVdLqhHVCDf2aVA,Yorick,TOP,-16256.91391577482,-2.365734567612511,
KR_7524623571,1,100,YC9stCvIH5FC-S-qt3S8XJ9TNcbYrw6Ng-uciW7IcIyyTwOxE4V1-IQYsOS62jbnclTN0Lp7aWIRDQ,Urgot,TOP,5515.495654180945,0.8026245814066336,
KR_7524623571,6,200,Hczn9yMzvUiLe2DewIPBs4iKQlbskR6jdvs_xR3529FexauuT_Q0k1owA46HtueRHlZW_3lkTI4dBQ,Jayce,TOP,-5515.495654180945,-0.8026245814066336,
KR_7524757561,4,100,H10NoOvP2dxKMG0KAQgZGzK66ZE9iFrsM1b6NR71rR-ID3D2R9g6uYsAgU_tNF4x7Lr8x3aXy0uU5g,Caitlyn,BOTTOM,-1651.7528454093049,-0.24036596513840103,
KR_7524757561,9,200,4wWUGQWOvr8ilJwml-392Tx6oSyfOvjA9OXctXA9kRsjy8mH4VPTM6axiDGz4d5aXNvMqgdJLax63w,Corki,BOTTOM,1651.7528454093049,0.24036596513840103,
KR_7524757561,2,100,aZ3Gbiym9jBrcBjACg4TaCf4gn3Weq3667fw6aVLOW6jxtEXKRmuZOj0cSyW0rB8szY7V8IEOWXcLg,Viego,JUNGLE,12418.45949487931,1.8071559618104531,
KR_7524757561,7,200,UN4qDBOIiemh56_11gYXg2KGtbDZtKKGtsFPNFyKmUVLxtn27lYA1rmKMQ4UbNFZ2-EkEMaTQnqd6w,MonkeyKing,JUNGLE,-12418.45949487931,-1.8071559618104531,
KR_7524943859,7,200,8rAjYoa_nSx3wXyVxYCA_A9MMtp3xdgYzfsLi-it9iJYQ2zgbzORQjoCqCY1sKOWujmnS5jEBFwS_g,Pantheon,MIDDLE,14434.323070927112,2.100507957776901,
KR_7524943859,8,200,PIpGhn8h1jQqqHf1WR0cqXiGDVaNaHGaLtphxKKXmMu1v0cpVa2t3G-AQyHrPVu2HkhU4T3LIkJ-nw,Aurora,MIDDLE,-14434.323070927112,-2.100507957776901,
KR_7525084092,9,200,MHxAHDqrBMo_1vjiojlKYOQ0SMCaoJb-VDIxpIjVJATHrlBZyNDr6wtgS-IG3dv3UZZkMfVXvnJubw,Ezreal,BOTTOM,-2602.972660243635,-0.3787891375197191,
KR_7525084092,10,200,c5TnQis8Ib9mU0Mcrv5LLKmRuX8S6o5EHfReoI3j0cRn5ZFTI6VJB_A1QniZsvYjTB_rdHPEwus3MQ,Braum,BOTTOM,2602.972660243635,0.3787891375197191,
KR_7525230422,2,100,tRIgXpiYOEC6UZKbzM47lD5oq81PEbRANFxa1_7ueVZQnl8pslKLih8OLKCRKCsdWwZZwhykOUX4dg,Vi,JUNGLE,-14695.28934692423,-2.1384842270310807,
KR_7525230422,7,200,aVmbBxTSBGDeNQaAz08_sg0LtAaJAWqHzgJIzp7DErR5Psm4z1QaPwIuMi5qDSOBT_pKeLkRE2aEcw,Sejuani,JUNGLE,14695.28934692423,2.1384842270310807,
KR_7525230422,3,100,VkMw8DTO1tl3EL25FlQSt6AsNf9R5c0tVJrs8eXNxOMh8vqITfI_cChF-Hcm1Pq6tzqhh3HxWO3--g,Viktor,MIDDLE,-15617.488636813428,-2.2726842818275577,
KR_7525230422,8,200,eE9YQM8Z62v7hhajjHt9pnIbLdWsRmOhLhK9juipN56FVmdAmmypZ1sJ5uG2DdFiINwnER-RWPwnJA,Irelia,MIDDLE,15617.488636813428,2.2726842818275577,
KR_7525230422,1,100,y4cTMsjWeWp__cQ3bA8QRIhkOfZxa8JRSb0Y_e-PmgJ8TBewHyVwBHzrZPi9jPojSKrrq0o7jB7kRA,Jayce,TOP,-676.1678425880687,-0.09839712795467116,
KR_7525230422,6,200,4VaW3Rk6JRRCUsV6iP2caJYeLzVX8uGRW5OPyfoh6kkk_q6sCSD2r1jHFFiml4VOwJkkBWvlt4fFrw,Ambessa,TOP,676.1678425880687,0.09839712795467116,
KR_7525376025,2,100,2IExQmesgEXzM9v9PaBvmBpJK72qYqJACYQ-YZ9s_fLEqlgy1u9SZaLwvo1Ei09hp8EbOsgZrY2dYA,Viego,JUNGLE,4406.793617691935,0.6412843204879038,
KR_7525376025,7,200,0WE-13gjkFZF3rOzec5pi8_Jj9UznoTisQIOxxyc8MCsgldbsmT12PhDSuK8kzFUs_eYk9oSygT7tg,Nidalee,JUNGLE,-4406.793617691935,-0.6412843204879038,
KR_7525512649,6,200,aQ8EETK8dZELRaU-xUN11WXMc8ILWbBYQ_7UMLn3GMYdPRrafyNrOavyHaM-86EkqkOZujaBqRX0Sw,Pantheon,TOP,7380.104497958326,1.0739657239908844,
KR_7525512649,10,200,lGmb9idWN6trpV7av9MLMEsO7TGGtNgOBOS43LAx45oRLiCaaowIRuCgAZ84mQLZx7T1jJeeS-7_lA,Karma,TOP,-7380.104497958326,-1.0739657239908844,
KR_7525625572,1,100,X_eyzKmTyMkE4xNyL0aeZZIvrWW7st0Q1ztpPAyuYiu-DBCbETJtghjd_5eGhzD5QAFRqXuxlxXsyw,Quinn,TOP,-2489.379288215068,-0.36225883119885666,
KR_7525625572,6,200,lEBJKRq3XvbhyPIFXR9ZdS5LC42aX0CS17jgB2d-hp6pMHZ1gyGz7-rCskQmylJBS9i8kCPX_ms8mg,Riven,TOP,2489.379288215068,0.36225883119885666,
KR_7525715549,1,100,-MYOxGoS21BZViT48cXmOVwsv08QRfD9WRnphf7i-gh70YDdn0b8pOK-ehsjGVItRpTf4g360Pqo6A,Ambessa,TOP,-9982.638785996709,-1.4526910688200094,
KR_7525715549,6,200,Xi1_F6Gto98WJGc9Zjl2pWFtglMgM68LieCtn2qII44f4rieyjCnyV9EDSVXhW09fNRcodBROeKJHA,Fiora,TOP,9982.638785996709,1.4526910688200094,
KR_7525783384,2,100,kMOVG61ciLXtEf_2YMFGp7MxSeGPSCscWVC9e-837Z4X0tNM52_knRXpj9pnfOei3mp0u-dNrjwqQA,MasterYi,JUNGLE,-738.9900911863105,-0.10753913152890389,
KR_7525783384,7,200,d2zC8OEgWb4ysKl5zLUMMfq9m1k_BKdzOFHfzqFtK1IpSggKYTucaSARlT23tzHiLOScwITssqhBsA,MonkeyKing,JUNGLE,738.9900911863105,0.10753913152890389,
KR_7525846876,9,200,hBtdX0qLu5fC4coHNCNNOS8Dy6ZChCk_uwgF25GQcAB0okDRaqhluKoQ65zGp_fG7tY4qqIQK_squA,Twitch,BOTTOM,-2299.0503132099875,-0.33456182562199493,
KR_7525846876,10,200,ccUToHgd_ML9rwENyii4ieUBPxxS_jzl_sDhhyU6HYEtBmST1crU03HIV-wyt4tMvftyVzkgU3-txg,Leblanc,BOTTOM,2299.0503132099875,0.33456182562199493,
KR_7525846876,2,100,UmXgD0mxIlXphcQPh68XtC-elg2-IEKR-cOGFo1GyRclJWlCpYOwEEMb3h6Ds7xhw5hZWy8ViR1ZIA,Viego,JUNGLE,3666.252001481382,0.5335194083218272,
KR_7525846876,7,200,v1xOaVY-fPOWsor9FUURtQFZETQn-tgsFNJYlhqYCSWMt4fhq7zmRvPswsAnuD43_7z-Z-ufO38cTA,Skarner,JUNGLE,-3666.252001481382,-0.5335194083218272,
KR_7525846876,1,100,LzI6XJWK1Zm8_YkQSFOjhRB1KbSgFYX9Nb6mLUMoh9OO9jjnggGiC-kisY6asURaDd0mA8KVIm0TYg,Gangplank,TOP,1776.762594127797,0.2585576025773445,
KR_7525846876,6,200,0nZ6-zSBKBHXVBOfzQJokyjO1dZXFq2PB8GSnfXwTm681vkPWPHhkq_zmSJ9C7o6bZX8X2dEsmhvsQ,Ambessa,TOP,-1776.762594127797,-0.2585576025773445,
KR_7525900365,2,100,W8TqxyYyYWaX6bSe32qIatsDl0QpUU2LT4OUN--hiJlZiN3mNFGCfefiKXtUuQcxUZOdxSldm0AGSQ,Sylas,JUNGLE,5761.871102686463,0.8384775679058096,
KR_7525900365,7,200,YPfK7ej53HZBAViQS_DS5wY2yVqPlAEAB0hQB-mSgM6jA9gonl9t0bNNAWhXTy6-r8RJgH3dLyjbPw,Kindred,JUNGLE,-5761.871102686463,-0.8384775679058096,
KR_7526020988,2,100,6qmaghTj-UCM4FuiU-W2TxC_CNqikTzd4eX-mxGc4o8Hi4nhwhNUPR8uKky6xWc5pTM6XBkfySCsPQ,Kayn,JUNGLE,-9766.672829221181,-1.4212633247833255,
KR_7526020988,7,200,W4Tu7UiMdbFWHBnyGwBRSSSE3ptdvXiNNO8VwLO1fo0sHYYDEWcRLEgDQZevL161FZzNEkTnomm6rw,Lillia,JUNGLE,9766.672829221181,1.4212633247833255,
KR_7526020988,3,100,PpQWlrVd2XYOpfVQ6w2PkdzMMsJMWnbgXgHv9CdSLIP5YAs7dxZSC--MmV7vIafe0zc6A3yGbNZgAw,Mel,MIDDLE,-13185.470362013302,-1.918772725700222,
KR_7526020988,6,200,mBT3V5zo9ZHLsrbzOQ-qlZyNxvzWq-nLSBtX5Rs9GVO1bNrUKyA3eRwLiVrWU5qWKRAdqkesRdQ0iQ,Ryze,MIDDLE,13185.470362013302,1.918772725700222,
KR_7526112994,2,100,UjVewOzqlGtxJdy2CEv9YyZB-3n-96rwAR-z6tF7f4u2DLI64tT8Tkmap7dqgFGILtMY4tIC42LyfA,Pantheon,JUNGLE,8318.18882025161,1.210477396506486,
KR_7526112994,7,200,s4hBCB4oRMkEYGzXT9hCCZCRKV6mvU2fZbJA8PcNtGN7TxZr1WI8_o2ECrLSgkihESAHPl1ogVPQUg,Vi,JUNGLE,-8318.18882025161,-1.210477396506486,
KR_7526197458,1,100,5GLnl4b4WE6vP7fBHE5XEb4vfwis-gVcDQ8rQZ5YFae1OiHy5bdZ9g1stgMjVvpj4tsBglsajyhVFg,KSante,TOP,5382.361481887299,0.783250663628799,
KR_7526197458,6,200,_JTnxN2VGSegk0O3peViABRpmPKWUJW9RAp714kpU7RwO3RWGkfITteq6O4CBpltNyifdyUpgA0RCQ,Jayce,TOP,-5382.361481887299,-0.783250663628799,
KR_7526297239,3,100,FiqtrFPZoDDaexpfe-h_S9kOH77-HDSkwltEX0zbRXbyfLxkV4QIso_BdcIqbjSwcJo4e6G7xtlM7A,Aurora,MIDDLE,6202.046290226629,0.9025326316383323,
KR_7526297239,8,200,yuoduo9Kib_UXf696-aqv_loPuGtYxwmEs3XkZHZhi2Apde8BG86v14EDBgIRsKDu-p7Z91JkUaX4g,Orianna,MIDDLE,-6202.046290226629,-0.9025326316383323,
KR_7526297239,1,100,A-Z_AaM67jCgwIpr3e54SvbqnxJ2uTAqwGKTd7eogC6otN3xTfkhCiT_2Z_y6dzyAdx6PsNibpJ0AQ,Ambessa,TOP,-6756.111022354016,-0.9831611012408457,
KR_7526297239,6,200,w6CbUENZw6X8prWwxeBN3mEZyu2FkQqPnfSBaKHSjtHJF81rOZt7fpQDpu62dt5zBsCIewxJ45W8qg,Irelia,TOP,6756.111022354016,0.9831611012408457,
KR_7526390513,2,100,JU5_e3eibeW68syXJUNolWVOCif6zwEdesIrxYHtf-nyFA8ksvR6St_PlmUCV1UXNZgyyl1CCwbX5w,Belveth,JUNGLE,9246.612690316477,1.345583263105052,
KR_7526390513,7,200,c9O68FFGpMnpXYLuzRCvQnpdOQUVrLHpe788NYcKVvKKDS0BB7TafLFjQfJHmbzc6gC93T7SFkNxig,Shaco,JUNGLE,-9246.612690316477,-1.345583263105052,
KR_7526390513,3,100,vyZp8d2hZuKAQQF0OU6cVP-chtP8wNZdcUJGcnsSYfqioDZd8T-4gb7-FZnfNO2d2tA_WelySPxkfg,Akali,MIDDLE,3517.303237235993,0.5118441234427851,
KR_7526390513,8,200,pl9AvCHduwID43-0TL7zJ8vHt8egiBI9-o9czOgLgPTi76vy5tp8avThCyt4KWwYxDbos8SnbZe1nQ,Pantheon,MIDDLE,-3517.303237235993,-0.5118441234427851,
KR_7526390513,1,100,uupOHdCkmdYB-1W3fVeOB7wQ6YXGlFbfdYPqdPG5tLFhxDZEc0DsR4BOutfnO3S4Re76A9Ouv8rGTg,Yone,TOP,790.763918462386,0.11507334949420667,
KR_7526390513,6,200,9n2mVXNtJ_4zeWCdYzkdLreOQGMLMNbGMomilHidVaD6XDBaH2c-DF_byVIBbreFvGZRzoKVkBMtfw,Karma,TOP,-790.763918462386,-0.11507334949420667,
KR_7526467045,2,100,g5Np9PJ49io_MIbasRrBmEyOZv2zW9MisHw6Gj5ncteEei4zynsECmfMZ0e_WxILp7iAeSWccChC6Q,Vi,JUNGLE,-8619.61329613004,-1.2543412138216619,
KR_7526467045,7,200,Tbq2Ldm0ShBEmWPiMzwPPorJ956R4qJ5OxvV0UgKsRhvEPQXV4sEL9MR4_i5erV0iXPTSKD4lzJWGg,Kindred,JUNGLE,8619.61329613004,1.2543412138216619,
KR_7526467045,1,100,BQRSWhAXFxSUS8Y-m8a6Zadp_9wQ80UY_LhsFS42FeqcOOMMK96C-rbY0ybNno5v7zDxe285RA838Q,Yone,TOP,-5742.726915313727,-0.8356916722511253,
KR_7526467045,6,200,SJSP1phjEbN9L7LfiXXB1ZKf5_B6WF2hWrvnSj3ARPY3R6S3h-lx-kri5fMCOWNi26xdt5O1LAcPFQ,KSante,TOP,5742.726915313727,0.8356916722511253,
KR_7526563066,1,100,BQRSWhAXFxSUS8Y-m8a6Zadp_9wQ80UY_LhsFS42FeqcOOMMK96C-rbY0ybNno5v7zDxe285RA838Q,Vladimir,JUNGLE,2552.9509066927594,0.3715098843895742,
KR_7526563066,2,100,cbMMLhDDtv4mtqMP05J6a_I48dSV0KCe4BPgQI2IpxkRa7XKZyRXieJPE4-qygO6CZsuNRqGE-pSOA,Ambessa,JUNGLE,-2552.9509066927594,-0.3715098843895742,
KR_7526665322,3,100,SOVxmrg3p6p0RFJrJlWYFULg1TNRySX0QkWt_dfgtnO60J-hcuKuURenRVNdx9B0TyY2jmIf9ABf6A,Viktor,MIDDLE,-13686.58251401083,-1.9916954431589706,
KR_7526665322,8,200,kaeckuxI_iFzcBxD2c9RuqPuAV3adbynhKix98G0YBUbxdcWbpxhVZ9xn8ic5EvQ44Xz0atMPhMgaQ,Akali,MIDDLE,13686.58251401083,1.9916954431589706,
KR_7526665322,1,100,USo3pv_Kl6JSoDNRKArsklTPcAKQO1st5XCF5sqrK4I48wBisaWItTeGWKdhZ65yhLPI7-JgyYPtTA,Jax,TOP,-4478.702481784344,-0.6517486242532138,
KR_7526665322,6,200,Dp0D5JZcc9tqNkwSPHXqxfQX9g9gObucEfxHcs4qVroms2TGjHu9ixfUczYuw5lvMjS6zQZqGBYLSg,Gragas,TOP,4478.702481784344,0.6517486242532138,
KR_7526791261,2,100,DiIRvAeP-l1qXvAUh28HTQa_A5Y6yqb7wj-gPzx5fAf4ulPrNEHugoYYA8QglwwAeV6zixRcdRuXww,Lillia,JUNGLE,34292.2316715814,4.990265574778996,
KR_7526791261,7,200,wTYNerp3ayJ0IHy4DvmE4anSUdy5OeE-0FOuqj-LRuERfNkepeyTCE8EwqrZamaJtAEfhDHUtVXoBg,Ivern,JUNGLE,-34292.2316715814,-4.990265574778996,
KR_7526791261,3,100,xgadfn5dR96tKWlksEICl1p-Ea5N0-n7BI3jSK4EZK55MfLhhNxvORKskSioJ9yOHguU1aR1JUZCYg,Ambessa,MIDDLE,-2432.038265506675,-0.35391446520994235,
KR_7526791261,8,200,iWAVcWVZ9CxzQjTP-Skd6aBWqLLplk2U5CAUolqeW0mgIz0fbCa7i2AdePnirb46BpDI668Ny6nw5Q,Sylas,MIDDLE,2432.038265506675,0.35391446520994235,
KR_7526791261,1,100,v2hqivnktUOEXlaNZPcpdyBZjg1IL1eRaKDp-E8K0tw2hLuwzkStQWFcD-0UrY5ldXupi_OD-2YFnw,KSante,TOP,17068.054141317276,2.483773112977801,
KR_7526791261,6,200,A-Z_AaM67jCgwIpr3e54SvbqnxJ2uTAqwGKTd7eogC6otN3xTfkhCiT_2Z_y6dzyAdx6PsNibpJ0AQ,Jayce,TOP,-17068.054141317276,-2.483773112977801,
KR_7526911436,4,100,NjdZvOBMHN8rWbgLdXr6bBX2bWWDz38xNpHdgqAjOy7kudZs-KmMwmvQSBkFPMVjfA-u5-xYW0eVyQ,Ezreal,BOTTOM,-4937.42685575613,-0.7185029980620352,
KR_7526911436,9,200,b7J8avtDzmSPnmhLFnq-KHCQ9O8KiLVTn1geOFunJCYbdAh91tp4kiq1-cWDIdtvipAg3fnXSyMcag,Kaisa,BOTTOM,4937.42685575613,0.7185029980620352,
KR_7526911436,1,100,OU58kHnN8Maf-u8yr-UZMT3zKyFqw61CZawCXdfiV_J_kumU5FxqSKiLVT4t7i0_N-FzHWFPCmSVQQ,Irelia,TOP,14034.116321118063,2.0422691710600436,
KR_7526911436,6,200,xSTMyQ8dMh0KJSqfW5m2R2T5rLKwbIbdDPrbErukzd32snuGKVl8ZUBHEfZzf9h_23zSNYuX53TkGw,Ambessa,TOP,-14034.116321118063,-2.0422691710600436,
KR_7527003041,2,100,ppdDBOz0JFzgS67Xjt_gbchxdXjItK62OW5tD3IToqynQHThNT2jjwlYR0AkqAK3sx9_8l8imkZRwQ,Skarner,JUNGLE,13035.321397493355,1.8969227855765074,
KR_7527003041,9,200,iUWAOR3o2WTXFd4sZTkboEZcQLkkXKZuGScbMa9488e7li1o4eQwoD5ETQiXFoKrpxG2MEoPB-d_Cw,Jinx,JUNGLE,-13035.321397493355,-1.8969227855765074,
KR_7527092935,1,100,sP1qoBXEnVEzNpepepZI_MQLg8exkA4aIJCyHaRJJ5eIKPhDBfKaCGTXt2imLpfJZ-qa0lvLn-fuzA,Jayce,TOP,12674.901925607344,1.8444739131829586,
KR_7527092935,6,200,XkSTDqQi7EEX5D_5CG3c8FVFpLTvSgGAhFde7tAt63d7be1xbDxVAiAyB4F4w5uDoeh5gIwmqLqp1g,Quinn,TOP,-12674.901925607344,-1.8444739131829586,
KR_7527156421,2,100,MMIeQmfIiyT-2B2FGei3YyxcsHFCYDX29LhsSV0pYA1QT0ZceRC3L52rMhayEQ_YIygqCzxYTAZUow,Kindred,JUNGLE,7548.807833699471,1.0985157286905523,
KR_7527156421,5,100,Y6nEcLELWLdmaJBhxy5wbhlEsODqbEM4wagjvIv_HAQebZMOARCHkdPE7q5hf6_o1RVhMCIbfX8TIA,Braum,JUNGLE,-7548.807833699471,-1.0985157286905523,
KR_7527156421,1,100,_i5SFSClRyvax-L7c63mduZ5Fwr55ZzMc94biaSFISdKHYDar1J7IZkxUHlVTNiknV8arcpV1xTOkw,Yone,TOP,-4058.202323032453,-0.5905567051473,
KR_7527156421,6,200,-D5DqRYaRA4pKtpxtnOg_5isyzu418GH_jZLtTB8aSwJCisN--TcKYSkavqJQuZcqRgEUMOIRqUf6g,Maokai,TOP,4058.202323032453,0.5905567051473,
KR_7527271368,2,100,ZapfZb6wtWhLhLQOKLmoOeukfv2i8pXwGtLlX6vuHmBiH8yvmDX39QYFY2LSTfUSqxL1tCpn-8Ke5Q,Nunu,JUNGLE,-8294.716685245834,-1.207061690337005,
KR_7527271368,7,200,quiT9jj9-qN5ZjcNjuTQvu15G1QiMKoHh0E4tvm6fLGEPfLmwV1sUpiCBQ6suGfb-CjCBKiqoKOQCw,Hecarim,JUNGLE,8294.716685245834,1.207061690337005,
KR_7527271368,1,100,-D5DqRYaRA4pKtpxtnOg_5isyzu418GH_jZLtTB8aSwJCisN--TcKYSkavqJQuZcqRgEUMOIRqUf6g,Maokai,TOP,2.5831742612599866,0.00037590803984634383,
KR_7527271368,6,200,rvV4X9JbCKZTqd7MS8CkluUXT0MOP-m_zEA-xOtq-ifAuaICoz_SG2BUtIklDP9F_--EDtK4S4r4Qw,Gwen,TOP,-2.5831742612599866,-0.00037590803984634383,
KR_7527343863,2,100,GarTfjgOPrzFg4QNk2ZCXF17NwZaT2mBleTqXsXok632_VBj43Fbhrl4ltK5qOChudu0J-1Uu3mwzQ,LeeSin,JUNGLE,-3913.5922461466726,-0.5695127936468627,
KR_7527343863,7,200,J3d1FF-Gg7hZG19n_-dXrw7OuILJxEVu3fnXORUiqe0gnP4lxM5PGPRpLKgdV1gfXOidCXnAnMX-aA,Viego,JUNGLE,3913.5922461466726,0.5695127936468627,
KR_7527343863,3,100,aCxKN_c9BYrp38murq8ZXh7J9-0qNPeLI1ingPwZZzP4gJrUF7P04hkBRYkBidJmz0jailPsecefjg,Viktor,MIDDLE,-14559.125951884289,-2.1186694914571356,
KR_7527343863,8,200,YybiJjHy9nOrf2bvy0rCMiATzER42y2HOaR7jj51KDWg-yWSdvTbDaXw3ngh5tm6xaIe3WhSY9tHeg,Yone,MIDDLE,14559.125951884289,2.1186694914571356,
KR_7527343863,1,100,Hp--K7toPl_vUlFW1iWguKOfqG9LumPzbh_jnPh0uGPELVIOVisg3E-oChSM62CBQj2C3lxm7U2cyA,Ambessa,TOP,9734.21281932444,1.416539687328172,
KR_7527343863,6,200,YHXlTN5uuDU6gQfYZztcUwNcoBsunnogtDzsoEKeDx37kQ0vDUJpT70Gktum-dUqX4X1ChHS6o27-Q,Aurora,TOP,-9734.21281932444,-1.416539687328172,
KR_7527488021,1,100,U91MGzvacxeW2AZ-1ipOyls2F32yx1RNboQ4nsnivmWvCGiTyVmTmqfqdLlgY6PSI78BjjPLSKlkvw,Gangplank,TOP,19085.29511295992,2.777325549962075,
KR_7527488021,6,200,YXMDyZoxYFONwUM2Yv2N7MVNOTnIFqnsv_Gs2lRbS7nmP4T889PjX4D9gJJCTW7_RQxvchsNfMvIAA,Yone,TOP,-19085.29511295992,-2.777325549962075,
KR_7527584729,2,100,8NXGW2dgsev2n5bOnlvFFSH_YPSRktg4Msp4UZZeRByi5v_iQ01fv8NgPQYQ1C8cEkSi2fyPNmdJGg,Nidalee,JUNGLE,10707.292302304602,1.5581439168791997,
KR_7527584729,7,200,-77UUUhrQ7OpnoixhqxMEPRJ2r_tNT6oehOJR_TigVKvdvgjcwUaf8EfSgBkeMdCNZK9ZGl16nm03Q,Hecarim,JUNGLE,-10707.292302304602,-1.5581439168791997,
KR_7527584729,3,100,ZgiGujcWp8a3s3ZGOIO2TsK9xyMwHX_A7AwPDGWqT2VVXo0lrr4F4EoAZqVC4bYWJLKNAwToQrouzA,Jayce,MIDDLE,16143.947180466099,2.349295450563927,
KR_7527584729,8,200,G_6vF-royqpk19wALOaAeg0nw6jXr038ux4qsRadv3gVfmWHQiuxAEKwlEVPrg--A9rLhHUbycKXhA,Akali,MIDDLE,-16143.947180466099,-2.349295450563927,
KR_7527584729,1,100,qscSl8tOIxsoj8O6BzsSL9xypFkFsHC8HlvUewb5XpU-6GqF3cGZwc8T_-hBIBgioqubW9hkUAT_nA,Jax,TOP,11162.504949786278,1.624387258102581,
KR_7527584729,6,200,4OF9EdKMqIUCNeUkVv6W_sJZkv3P766WAgRKGoSzIPy26poJWM2BUgUKK-6plHygR2JhnGoWQaxwdw,Ambessa,TOP,-11162.504949786278,-1.624387258102581,
KR_7527681706,2,100,anNha1PZ-kAjr77fK8xqrAGWPGB-FKwrZ7YtSvUwejSSDnUk8nzQkkVOfasGOTu2skKn6lN-zpipBw,Nidalee,JUNGLE,3701.093625585236,0.5385896224449559,
KR_7527681706,7,200,yDCRIpVK_Lnmd3a_bv6TudkNuUsdtZbQUa6Pa1WGlaYsZ9dr6k7dMkEREld5vXAI-MJnYx_CapGxow,Vi,JUNGLE,-3701.093625585236,-0.5385896224449559,
KR_7527681706,1,100,UP8FIlGgLikTK_pOn6drreCKhzJtdGvTYexrJtBbMr90iS9XZ3_4s70gcB8Z8Lmwh74OzVi3GVd55g,Renekton,TOP,16192.277384746623,2.35632854648352,
KR_7527681706,3,100,UwFFsP7n3utescnYIoqkomoP5bWYdg-ix4IEdtys38QnnaLVgO3LXQBblLCIVkbgJOrwlMxbhorddA,Hwei,TOP,-16192.277384746623,-2.35632854648352,
KR_7527788876,2,100,5lW6xnefWpI-0yAgxFDJyJSbZ6Dzk5w4KNlvl9aFIqijngtWX_3UruPLYahDUu6bDHA5WeweL_PpBA,Belveth,JUNGLE,-2629.2208066551316,-0.38260881372783245,
KR_7527788876,7,200,4_XiAWFgYDLwV1w1tRpCYA-jg6foAw9kiF1OIhv2mFynExn5P9nUmde4_FBZo0eIGGXXDZbHNBtvMw,Zac,JUNGLE,2629.2208066551316,0.38260881372783245,
KR_7527788876,3,100,93VhhPTyUR-dcK3rljbTWutakxGllcKlxsa-WEhMk9i1sIC4pgmj7ZV2qww1WT3LecYOA6lohTUJ1Q,Karma,MIDDLE,-11992.378108615143,-1.745151852708092,
KR_7527788876,8,200,x0h7xFKtrsBodAiTMn0aJ32UtKHXQO1_wE2z_D7oqzx1VwWtUkjC0UIr5_mj03mwmMzGVbIzFny6_w,Ambessa,MIDDLE,11992.378108615143,1.745151852708092,
KR_7527788876,1,100,5e6_hOznQ3QLNBkfIU1K-acLiOU8cjv1CLWpsMEUW86MA8WlnhoQxr39Av8V57__2T887OY3tgEFxw,Rumble,TOP,-18944.379825288164,-2.7568193106550773,
KR_7527788876,6,200,v2hqivnktUOEXlaNZPcpdyBZjg1IL1eRaKDp-E8K0tw2hLuwzkStQWFcD-0UrY5ldXupi_OD-2YFnw,Aatrox,TOP,18944.379825288164,2.7568193106550773,
KR_7527911410,1,100,BpIP-EmJoEh9sk921S6laQc-0fvfb64_k7aOGDuf8WRs2sGXSMiGORSA6SVP5W1XlFHgz7P0SIZS0g,Gnar,TOP,-1758.3953746940626,-0.25588477265707615,
KR_7527911410,6,200,uJLXQr3VChadoWRqF0fKGKMKZgfuHJmfmPGy4pV24FGxcEF2gzhWsm-E7eZNEjE21au5eL18v4nBzw,Teemo,TOP,1758.3953746940626,0.25588477265707615,
KR_7528035998,2,100,u_Jf_pMIwb1vhE5dU7AcK3xCrIcwgAygGNdQzoYxYoAiuU6Qlo_St9hGWyFhRguGSMUKpJaEgDvvqA,Khazix,JUNGLE,-888.0435037395829,-0.12922964501287584,
KR_7528035998,7,200,JRoyw2RQS7vxG2-XdtEv441PMwL2fNqA6honmfHOdi-2o8U2jMGyQYowGQ1-iNftSID8st6cFF8svw,Kindred,JUNGLE,888.0435037395829,0.12922964501287584,
KR_7528035998,3,100,6yFpzPNI2bZIhwsf49wnMRdy6-lcGtu1xpTkFz63xu8XXuZA4vRpHgyWTgo6iPTY6uoitEqVvFJV4g,AurelionSol,MIDDLE,-10533.948780393072,-1.5329186641662675,
KR_7528035998,5,100,_jUsbv9enYWgjPZZsSNVYj5G701RCMzC1nVB8gaFcVFDXHzjOCfqts5-1CQfCL2mqpbnJSlzZmhdeg,Rell,MIDDLE,10533.948780393072,1.5329186641662675,
KR_7528035998,1,100,FSPZbTHSGsNpdB0WQKkdM3AzVo00K9BftZYjWSRYFofwOExZwYh9hE_e19MTmd_FDtLfLifji33DNA,Jayce,TOP,2047.3619831201272,0.2979356992954921,
KR_7528035998,6,200,oajIfY2cV8cLXD0ItzURaYDhD-Jr9zZHw3NhwYLY-lcIYBlFi3fIN-07feYAcKs9evX7mLcyi8VMvQ,Irelia,TOP,-2047.3619831201272,-0.2979356992954921,
KR_7528187821,1,100,x0h7xFKtrsBodAiTMn0aJ32UtKHXQO1_wE2z_D7oqzx1VwWtUkjC0UIr5_mj03mwmMzGVbIzFny6_w,Jayce,TOP,2416.7768235188346,0.3516935934596643,
KR_7528187821,6,200,w6CbUENZw6X8prWwxeBN3mEZyu2FkQqPnfSBaKHSjtHJF81rOZt7fpQDpu62dt5zBsCIewxJ45W8qg,Ambessa,TOP,-2416.7768235188346,-0.3516935934596643,
KR_7528313873,1,100,ZzYHgbz0ENz5MC7ceqqX_4Yz3i2lnZJzUS4wFzN3g0p9ploeQtjTI9AuVBzuKRIH-lFk7JgGL_ZiTw,Tryndamere,TOP,51096.2434836526,7.435614785849791,
KR_7528313873,6,200,A-Z_AaM67jCgwIpr3e54SvbqnxJ2uTAqwGKTd7eogC6otN3xTfkhCiT_2Z_y6dzyAdx6PsNibpJ0AQ,Ambessa,TOP,-51096.2434836526,-7.435614785849791,
KR_7528416166,1,100,OU58kHnN8Maf-u8yr-UZMT3zKyFqw61CZawCXdfiV_J_kumU5FxqSKiLVT4t7i0_N-FzHWFPCmSVQQ,MonkeyKing,TOP,7583.352829252316,1.103542776907747,
KR_7528416166,7,200,d2zC8OEgWb4ysKl5zLUMMfq9m1k_BKdzOFHfzqFtK1IpSggKYTucaSARlT23tzHiLOScwITssqhBsA,LeeSin,TOP,-7583.352829252316,-1.103542776907747,
KR_7528495146,9,200,IemifPcNZeVJ84uCu5J2nbIHxR6BZn4nZBnS3FLzIb8q6wmzcvNDe8xcu44dU6JWRuKi4HjlY42uwg,Jinx,BOTTOM,11819.633455016183,1.7200137483602083,
KR_7528495146,10,200,QM4r-i_tcQURFAS4V5AmOoH1II0Bxn6AsLMuPZQmV2Pv734hBYMKt8n003u2YohxXnhhpELb2ymPew,Lulu,BOTTOM,-11819.633455016183,-1.7200137483602083,
KR_7528495146,2,100,VEWJoVHKLBUiEG7LyCyxd3Qw_PGVOEuEceDbv0hOxAFtjxWebqFyc1q2H90OBGQ4n3y8o6hQESypWg,Zyra,JUNGLE,-12189.013844851865,-1.77376662921815,
KR_7528495146,7,200,IRW8RlRkoFoTor5A-L9BUB1XdFQvCkWlI4cAxJISqY7sHR2_nPAod4cyy8vsBaiEIydVebMUhQeCjA,Hecarim,JUNGLE,12189.013844851865,1.77376662921815,
KR_7528495146,1,100,qWxfzJONKU02DjfGo91jaBBPIUx75IhklOj9-Zih6TJnrVi422NWJinMpmgY3KHpjQ_tMn3rhli0Ng,Jayce,TOP,-4742.623311750507,-0.6901548453723454,
KR_7528495146,6,200,qDtHds-4bEYmINTXKCIlJFlHlrX8kwnkHnNqplMUzzD9QLBzo9yeTyka5xZesrw33KhPODW-6M2cAw,Ambessa,TOP,4742.623311750507,0.6901548453723454,
KR_7528555588,3,100,3PV0N1WhJB_IY1yxcOAVIHy_k2WlgszjIeRzR0HVmQiuv-QOzx1B-w0jaBidjgOrYLNw8acjU53YQg,Renekton,MIDDLE,25518.200695563813,3.713453229901764,
KR_7528555588,7,200,DA8-N6ZT7Z_K5DfIh9fsLLIL2ZHbgYS7B6MPpRMTlbt8E_wQPeVI-QGqzNBlwcysV4U5sQZYs3wI1w,Taliyah,MIDDLE,-25518.200695563813,-3.713453229901764,
KR_7528614324,1,100,uupOHdCkmdYB-1W3fVeOB7wQ6YXGlFbfdYPqdPG5tLFhxDZEc0DsR4BOutfnO3S4Re76A9Ouv8rGTg,Jax,BOTTOM,15961.919592411596,2.322806477346089,
KR_7528614324,9,200,eJAP2TUzEz8lXnBHthfIvilxFPL0ZVtWSl1df_7b33-jkOTGDcato6NSBAcxVDWe2y5t7yB_wrwI1A,Zeri,BOTTOM,-15961.919592411596,-2.322806477346089,
KR_7528614324,2,100,zrUGacStMNPU0fwhLwPVNr53aVBfmT4dsoM6e1j2IFUrhD0didwtf2BoZh13moPIRArzoWLn1AXtOQ,Diana,JUNGLE,-1640.9188475760398,-0.23878938281088288,
KR_7528614324,7,200,FQGLxSd2vcM4YCHs8Lvalof82tCrJfuZB_nnQKCyP3SMewX7yzm9tpHi1N-fdT8xIpDpELaq7SIW1A,Viego,JUNGLE,1640.9188475760398,0.23878938281088288,
KR_7528695221,8,200,Ny-kFH4hgvnieJvj1UedYZPE5Ph2gichFhwWP82HJDrfQX37gBmFCZ7kc5CsyDyuw_Se_YSaeftWSA,Pantheon,BOTTOM,1597.176965076517,0.2324239875078326,
KR_7528695221,9,200,j0d1Vpc8Q3nt1RgmRvL7NnMcmhZngZ8a8LXKjdIwRQ4NN9-ehSWlE7caAvoc586JErWO7QAOLXpRzw,Ezreal,BOTTOM,-1597.176965076517,-0.2324239875078326,
KR_7528695221,1,100,mlKPPKejWYp7C9cvLQ7FGo2-5eEIgnt64pDbbje4RyF8dzBtlN0ZXEtlTDjrMKL6RZSvdoNDHz4mIQ,Yone,MIDDLE,2795.9350726899897,0.40686936552235886,
KR_7528695221,6,200,pbif0mDHFRngf41w09N5gdsVKjvVF91STM1o77O1Iw8fPkHg8PkOVZmiFAkA1ijGNx3vqp9QhupwyA,Draven,MIDDLE,-2795.9350726899897,-0.40686936552235886,
KR_7528827687,2,100,8WOF8T96LSg85-oByK60EPKZbNR6k261h8ks1iQCfsNNtd5wX7Tg6U8YCjUZdr3vXouKy0MNNeqqhg,Belveth,JUNGLE,702.7681328860857,0.10226804875751085,
KR_7528827687,7,200,iZPeK_sQivqi7oUO9UToMvkKmcQfBcZUW6V2iAQ1Ck1gF8UFdZeP54XCghOLSa5X89IJvuxFoEABhQ,Hecarim,JUNGLE,-702.7681328860857,-0.10226804875751085,
KR_7528827687,3,100,a4n32rk88iScxtmUVOdSVra0Y3w3uOyJvnmOwe3hwwTPj9C3vlje6bXQgZ9ZUEOjSuyZl4OYYS-_2w,Hwei,MIDDLE,-11114.046503232734,-1.617335500142955,
KR_7528827687,8,200,S_9FEiacinl4AeHEO7O59cwKu_3khA0X1wZkIXaLuBsZDUPzNRtMh0ZYncBGTFsWtFPj5uRYUBpTVQ,Sylas,MIDDLE,11114.046503232734,1.617335500142955,
KR_7528827687,1,100,88g5Uo3KJNLWCUo6rkdC2L0f9K252Q8HbDzRbqcDOq-I5HELNSMQaGfjk9P4Z-QTXyOD6BeVXT6cww,Zed,TOP,4706.410254225665,0.6848850578573652,
KR_7528827687,6,200,bPmmqh3mEhtyv-cVouvkOfbUsFPp229wSd6pfCJofB_gWVsvzqLrvCZqbZN9uFtIAiXyuK4Z5iKwVg,Corki,TOP,-4706.410254225665,-0.6848850578573652,
KR_7528952813,1,100,hx8USDJg3vM_9BAvtnHDKgqksm3USmYJ74QjcloiiGL-qY6GzldWbvyXCpjoML-smccx3fqFfug8Nw,Swain,TOP,6770.158069192851,0.9852052520834762,
KR_7528952813,6,200,Mm8W4a1RYTC6dy1Zq8WOXdk-N5McMfFl5GHS4eemewMXuMeACp5WHmawsFR19IPZDojj7kGboi13zw,Kennen,TOP,-6770.158069192851,-0.9852052520834762,
KR_7529065519,1,100,yWe4CWdVMz6EY31xxjwkX0CwqBEe8k0wtt8wNUUvo6Rtx4YsS2QXk6fXlXMBCNUodOTbzwjhUYsC2Q,Jayce,TOP,9931.988960063532,1.4453204174974725,
KR_7529065519,6,200,GUsCLCkUbsNSksq0uLh56W98Lenay8U3Xj2numkvwt-pabmbrAIrIboWXqiQNHaZQ_sKlT0xpMWLtQ,Ambessa,TOP,-9931.988960063532,-1.4453204174974725,
KR_7529174477,9,200,b7J8avtDzmSPnmhLFnq-KHCQ9O8KiLVTn1geOFunJCYbdAh91tp4kiq1-cWDIdtvipAg3fnXSyMcag,Corki,BOTTOM,7089.410466896126,1.0316634197869383,
KR_7529174477,10,200,JAbOgJqud3MLKTJGEC1NLBXFmb1BBT7mwrxge2YzG1TjukuLEJQPt1LPl5pXR_jNcSnBgrsZYGW2jQ,Elise,BOTTOM,-7089.410466896126,-1.0316634197869383,
KR_7529174477,1,100,-D5DqRYaRA4pKtpxtnOg_5isyzu418GH_jZLtTB8aSwJCisN--TcKYSkavqJQuZcqRgEUMOIRqUf6g,Maokai,TOP,5238.2596008522005,0.7622807056780515,
KR_7529174477,6,200,1xgbOOKvrmiVGxdyjO3uv-YrLravOiEz1yUuR_XhTcTB-4Y68ZGpaDBM95Eqoxwjiq_G8dcrX6tk_w,KSante,TOP,-5238.2596008522005,-0.7622807056780515,
KR_7529300720,4,100,DM3MyIx8w6r6B2odV70tKF5_job4ulwbjs81bBCaCSpNWm0G75VkoZrFAIZw77SjZox_Sf3vwXnrVA,KogMaw,BOTTOM,14183.096353761446,2.063949006171091,
KR_7529300720,5,100,HHmNFCs7lweCjho0OJCbJ6KRQEvdKlQ0N-0a5GH0krgUfMgKUI6qUQKWlKXhjFMh_nN0ooPHDYuIpA,Lulu,BOTTOM,-14183.096353761446,-2.063949006171091,
KR_7529300720,1,100,0YTgaND915GGlWgHnhGIXDFbHOzbNAztFVkB8IeR6VIIVkm4mfFV_-YeGsvmzrNDBW5yfpcOOr5_YQ,Viego,TOP,-6720.662688489414,-0.9780025976514045,
KR_7529300720,6,200,_NPmcnxJmF6a6sAcSIeZn4cAEJymo5b6sJ6qPSqQXzcLq7GWJTdSwvOoCIuV3MRXIF_S1B12mTIOLw,Aatrox,TOP,6720.662688489414,0.9780025976514045,
KR_7529447110,2,100,1GOTQF0wwNJEUNhIGRvpFp9A-Rv-nfS9CeSwtfMTXRd5DJsYPAgtJm8r8xvZ9m_a_9C5cT6UagcpDg,Elise,JUNGLE,-1075.9537578437642,-0.1565746740907348,
KR_7529447110,7,200,VOcw9CP2rX4UF8Jxew8XhwAOB06VSlyCwpMjR8JyjXnHstndKL789ME14lgG10WCPE27XCfTVqmFxg,FiddleSticks,JUNGLE,1075.9537578437642,0.1565746740907348,
KR_7529447110,1,100,uvPW0K_PMb__v5RtvtFNQCktFLBt1c57Yz1oU-LsIFpefRFwWlNnMVA4i5hrjY8nU7y8cWSCKYm7sQ,Rumble,TOP,-5025.381825514975,-0.7313023592095348,
KR_7529447110,6,200,qWxfzJONKU02DjfGo91jaBBPIUx75IhklOj9-Zih6TJnrVi422NWJinMpmgY3KHpjQ_tMn3rhli0Ng,KSante,TOP,5025.381825514975,0.7313023592095348,
KR_7529579288,9,200,-9KQTaVqoPT6s1ZOtbl9Xs9V8r00nc5mDjY_zvTvPy8jSYc14X1yyxamW4k3LNefjZi3pZikTqYAdw,Jhin,BOTTOM,6219.423365209908,0.9050613740051137,
KR_7529579288,10,200,9XQlVDJQ8aS3vfE2S0qcWO2dyCIPVqvjg4qy_BvKHYO2tKsTtgcf-D08JFZRMFbD48Ni_gcCZ8trbQ,Zilean,BOTTOM,-6219.423365209908,-0.9050613740051137,
KR_7529579288,2,100,4EXcPdla87nVFJnrtiI7cUvapw7-AzRMcXOeZ6YhxMjTIIINRXq_x4iNevTKTYjfNYnqJQWy1mX59Q,Lillia,JUNGLE,12837.415831973216,1.8681232212865355,
KR_7529579288,7,200,f4Iat8JWeiAwN-VxIf8jvX4Qb8GydWmmbJOI-fCzLG6gvSHyhlrVf1LRnCkcW8lBCN-bCPAkMtqMtQ,Zyra,JUNGLE,-12837.415831973216,-1.8681232212865355,
KR_7529706707,2,100,2aok56wx8iKTObec2KJg-qHPEcL2Z42wen54usy8N_Z6ZwWF__VRB29QpDO7y7wiEJf91DQNhQasTA,Warwick,JUNGLE,13973.936108399539,2.033511641171401,
KR_7529706707,7,200,5FZZLkzuM5aDJWhbiw6dpBAJR1tPJZxPX995JN6HrEl0AAGLr1uPANvBp5IUXoXHKlBxijP0X4UHTA,JarvanIV,JUNGLE,-13973.936108399539,-2.033511641171401,
KR_7529792207,2,100,ynodGuRyk9qyqjfjk8XlL8nluWQmUOB4DLo-tGDWxG0383XPBT8Otd5dImyIcAqzlWBPSluKNS7E5A,Belveth,JUNGLE,11780.468642033324,1.7143144162244994,
KR_7529792207,7,200,F1CKrCODCnxZSuKwk8ntHh3_Hgm-LKxzJY2HFCcphFdAsyjqju6oKczUAwzXBlVn9vz7feZvR0wflg,Poppy,JUNGLE,-11780.468642033324,-1.7143144162244994,
KR_7529857275,4,100,pwuF4_t8D_7eMK9wa1HplcCIq2iuQqtcHyZyRAktW8kXLYF_Bt4QTRJI65F7F9p4SAsciIVj-UIbEA,Varus,BOTTOM,-1762.6940210705748,-0.2565103192017367,
KR_7529857275,5,100,TEkQ9S42fJakv8m4N7qFC6nE3PyJBodRG9h1fomI5rwWgO2Kr96f5WUBiZOB1pB4_-CLFGYR3z9EIQ,Elise,BOTTOM,1762.6940210705748,0.2565103192017367,
KR_7529857275,7,200,FBtxiFuWrOtJUbciefgXw4sI3srIuHaa3hiGTCs_L8uo1YTFQHGww-UvIO8q2WNgOUt8BZlv5946sA,Pantheon,TOP,2789.3840722991486,0.40591605247922236,
KR_7529857275,10,200,_8UujuP8pAHZCeAP3lrE6OqGXU1BQ04YPncScgLnsuBb0Ty2cSL8fi5vyPCjH0AZM5fiRvRmQEpCng,Galio,TOP,-2789.3840722991486,-0.40591605247922236,
KR_7529913478,1,100,Xi1_F6Gto98WJGc9Zjl2pWFtglMgM68LieCtn2qII44f4rieyjCnyV9EDSVXhW09fNRcodBROeKJHA,Fiora,JUNGLE,12587.106942352371,1.831697833551528,
KR_7529913478,2,100,4pyn9fEih9sHD0MKt3FBYcg7hj-vvaY5_JmYhQAgdFf2Vf4vMbNoHQ4n6rinf5tu2OLju0o07ea6zQ,Zyra,JUNGLE,-12587.106942352371,-1.831697833551528,
KR_7530065030,1,100,MIDCm22qFa1YuFcxFLaBkIs7KblaOevw8hA-tox8aDzf66TKnDvGEm2XJdQpVXBOGoBHqHLvp1nJmw,KSante,TOP,5584.067775651134,0.8126033165452344,
KR_7530065030,6,200,nAcxYyaM5Q6CFC4PECgvpnruO0Q8hPfSbn2pBEFvs_LaUzQsX_k8oN8XaiTujv6JOT159iM4OAqKrQ,Gangplank,TOP,-5584.067775651134,-0.8126033165452344,
KR_7530175058,1,100,w9ASupfQ6swln0x04OUavLNlT_z7Bdfc8F49bmXSxnfoNmi1f8_aMCWg-baU2O-5j62uLHJteJiA4w,Jayce,TOP,14767.40681006977,2.1489788864957147,
KR_7530175058,6,200,88g5Uo3KJNLWCUo6rkdC2L0f9K252Q8HbDzRbqcDOq-I5HELNSMQaGfjk9P4Z-QTXyOD6BeVXT6cww,Zed,TOP,-14767.40681006977,-2.1489788864957147,
KR_7530258775,2,100,sVkBFHreREipk02-JalH4ZheSmyOlrpYVrDMIY8s5DQVA3WcG_xCZMxHOIwKvmsxjmGrcUs3AOAJuw,Graves,JUNGLE,-12407.394515636981,-1.8055457666639998,
KR_7530258775,7,200,oDMN9DIm-xW5Uza0VDbNoVtM_ybc3IVmvhfVjRjcN0I2Q2zIyMkAjUB2Md3ctwqHnpNag5ugSriHpA,Zac,JUNGLE,12407.394515636981,1.8055457666639998,
KR_7530258775,3,100,ukI21XMPM9Rxx4W7bfq2LBLwDmuQ2a2pFHVh8JUHPwg8h3IDWTowKQOinfSVzlE1bDhA2vEQ5YRb8Q,Galio,MIDDLE,452.6054769544266,0.06586394120490746,
KR_7530258775,8,200,1xkVX_knbVXNLKV4IA6FHWjQfPHdDxSsbJgUA3BTKC8PuFqOhhvIcIxN6-EeYgpH3kbXI9cRb0afKg,Leblanc,MIDDLE,-452.6054769544266,-0.06586394120490746,
KR_7530258775,1,100,vocYUiUtt7P-Qk5xFa7WYjXlCJuDZYs_WB17-AOfzpahjQ2IsvXU5iTqXNsmNxBJJItr5aftUP0B4g,Ivern,TOP,-9791.17294198495,-1.4248286240754262,
KR_7530258775,6,200,jxv7ZRY2ekH0EhWH2OnWsWpgHF6_JhSz6gTdR-eoRpsBJDqMNiyhJ4sIz_LUrzRcnPd0Ug-tyDZIAQ,Irelia,TOP,9791.17294198495,1.4248286240754262,
KR_7530371440,3,100,-2-vwO3FCVEM4JBqDZZsc7KEpmx1hhf2CFi0cTl1GajBg3NP7ydBOLoAcdpci9XfxnFvKUaFvqcUKA,Viego,JUNGLE,-10493.155873899039,-1.5269824090131492,
KR_7530371440,7,200,SbeBWqC3xlh-42Dx6GFtyqMO6VzKOrNXX2-JN_ETs9B1CtNQ_lz6COTITXyYkvMb7scpVGXbUNuX3Q,LeeSin,JUNGLE,10493.155873899039,1.5269824090131492,
KR_7530371440,2,100,T9uvQ6NOQfD2rICW0JcxayJ7xSa6-lkxE7-UozscY-NO1CBEMkhWpM9qLHV9zQdjwENfjSQzJRYA-A,Syndra,MIDDLE,-8039.3641514476685,-1.1699023426733886,
KR_7530371440,6,200,1pp9VewFlomXur4t6_EsyhNshqwRBQ0oCFartRhkC2TqXFeLvVIsjqnpG_cPd_le2O6hTqgMHPCedQ,Galio,MIDDLE,8039.3641514476685,1.1699023426733886,
KR_7530371440,1,100,45FTXK4jpVFtMjemwUPT8-ocyU5ws3dkz4eJhclwGufpkKDcoVtkvbnXMmw2y6hxYwYZ-QjKLEsA_w,Ambessa,TOP,1039.6118274431094,0.1512861327692992,
KR_7530371440,8,200,oHGFq7JAA_WpC2I79u0qiQLtyAp05KUV9wVzKHVaQYYBtpRbJkybOOiP7217vQ4u31jNySD8ILiEPA,Jayce,TOP,-1039.6118274431094,-0.1512861327692992,
KR_7530476294,2,100,h441MHT8F8EHW-J-e6tLRU5bVX5iWkjMy23Xc4j-18fyhZpaIsbTUatgto7Q0NzvNKiXfMygzoy66w,Ambessa,JUNGLE,613.0933333270457,0.08921841496725692,
KR_7530476294,7,200,j5N0X3S7Ro7mayM4i72Kov4hv9RXsxQamkpuzmhkkacEhwU-C5deCvEGj57Jb4q8x7CTJAlYbMhXnA,Vi,JUNGLE,-613.0933333270457,-0.08921841496725692,
KR_7530476294,3,100,Mu-t7fC1a0-ztSi7VGyjw0TI_B1vCFMWxSyaVjk9WeeL2efDuuSsGBj0a0JC2iOFfuiRiBpQoVVFXA,Galio,MIDDLE,24121.903359805434,3.5102615976533125,
KR_7530476294,8,200,CvTAlWpaMT5CRvoyPtFmbflSG3UYYnlXJ2O1e_Uynkd3DUr_marBtKboJuF8Sqbs7UCmemH_d2LjIQ,Viktor,MIDDLE,-24121.903359805434,-3.5102615976533125,
KR_7530476294,1,100,N__WeIQ-xCxWSWpoLj1jhrnNzg5VU7l_Wo-Jo0RM_IICvJWEUNJJTMG7YVUK5taKVAl2jTA2_c2Krw,KSante,TOP,-48.92485530237442,-0.007119630577114426,
KR_7530476294,6,200,-MYOxGoS21BZViT48cXmOVwsv08QRfD9WRnphf7i-gh70YDdn0b8pOK-ehsjGVItRpTf4g360Pqo6A,Rumble,TOP,48.92485530237442,0.007119630577114426,
KR_7530605473,2,100,_yTEsnNaBSOEXK75Tm4Iq4pKM8w157PWeMfcYpsCbnd4j85nQB5JSeYcsrXPVjndrdlYVLJWchb5ig,MonkeyKing,JUNGLE,10542.663578472846,1.5341868568364077,
KR_7530605473,7,200,2iG6QV0paIkYpuLYsBfB9EufJLach0FPJYBWLrk0Ca2E8ybP0AnwXbr7LfEkJPBBNuSsqmn-43gvEA,Evelynn,JUNGLE,-10542.663578472846,-1.5341868568364077,
KR_7530605473,3,100,wc1Gf1cSJl6WS2bvd-MODCh42u1R_Spr_G3I8JeT-ZxqSDKcZxpEZ1PezCUc0cQakWB1DG7aNkRKvA,Katarina,MIDDLE,-15399.329864107603,-2.240937435378596,
KR_7530605473,8,200,-5c492dzk9DfFuTiGHUIvLtGsij25IVEZcRhCPhXNN1NpvbJv39EjLTQbgGe6ZeJlPBtvKkBsJz_wQ,Yone,MIDDLE,15399.329864107603,2.240937435378596,
KR_7530605473,1,100,cJxlXno0fXa9REPfK8P0GIxFIrmEZVmgvb4hpztpbEVzrsUmgN-2OC9ELUhylyHsyWOdB4pXXdcxHw,Aatrox,TOP,12015.123889592773,1.7484618585680545,
KR_7530605473,6,200,J1SypmCwDYqoEa-PZyNr481viyHME-X3GwfIUocxqpg27ZWLzHU74c1fklvAC4NFzQoZiMLMtoeA3Q,KSante,TOP,-12015.123889592773,-1.7484618585680545,
KR_7530726020,2,100,tuNSxe4fqfFgcrwo1my1cSc7l3eL4uudPpeiUk3DfvAOB66V3P7c8oc01qbk-UDM1egOaS2SsRVDlA,Vi,JUNGLE,-2243.9685723642747,-0.3265462342841745,
KR_7530726020,7,200,J0tBJu96_Lbgwy9-Yo6ke2EiuVCuVMsfVR_LNfkvLmgd3Uxazf-PcyxDw6VUdMKRX5PEkYvN6DHZqw,Viego,JUNGLE,2243.9685723642747,0.3265462342841745,
KR_7530726020,6,200,nK0hubSFqdLDvnLLvEL4L8X26YM1QDZPvafOYsCFbhYMVWwQya60vtQptnuHerCGOzPEwfXoqMzaLg,KSante,TOP,2274.96092418238,0.3310562955668731,
KR_7530726020,10,200,fuLZOlEoYDtJ8lOnsLymNaAn95sccl2sB7H_uiaIrHbdM31ZdiWDP0tln3lC3lbSVdLqhHVCDf2aVA,Nautilus,TOP,-2274.96092418238,-0.3310562955668731,
KR_7530875544,2,100,8k0xPrRgny34SX0o2S-S8jGR5UYKDi32Urrm0TmtVj9D9TuCx_-gCSpuR-SRAhp9CsLg93btEbabHA,Darius,JUNGLE,2683.787531835626,0.3905494590846148,
KR_7530875544,7,200,TC9ip57j84E461uMaffxqd873Qq66Y20W_18mCSR3UyXILOUhez9mksReNfYRP-SfQHeKmf5lf2r7w,Vi,JUNGLE,-2683.787531835626,-0.3905494590846148,
KR_7530875544,3,100,-2-vwO3FCVEM4JBqDZZsc7KEpmx1hhf2CFi0cTl1GajBg3NP7ydBOLoAcdpci9XfxnFvKUaFvqcUKA,Azir,MIDDLE,-2830.7068650501983,-0.4119294176079253,
KR_7530875544,8,200,Re2k97yK9Tr1yOH6FAHcK7za-cP8L7BMXVbJ1HAhixpxRdmRCBVjtVaOYFCIrSGw3zN6dL1NFBhj7g,Leblanc,MIDDLE,2830.7068650501983,0.4119294176079253,
KR_7530875544,1,100,SUC-_TVeNFq7J2hGuUmmxZ4lAP0KZp6mjLNjJ7yq1PtN9zKU3N5UAV6VNDKrjtQCcLzxZujpSSqJfQ,Ambessa,TOP,-2164.3754759006642,-0.31496370757444225,
KR_7530875544,6,200,FfCcoh7b2HcRnA6xUm0gwedCoSIndbowdOIF4PaNclDJs1zY0wlzMiYOhDfZq5FVtpzjVgL4Detp1Q,Jayce,TOP,2164.3754759006642,0.31496370757444225,
KR_7530995998,2,100,VFQYUHgATnnnk4eKHMC_a603BhtR-V51DktZMA-TgvF0eACWq2Co6pu9xzaG1XOl569kGWUNnGfnTw,Darius,JUNGLE,6012.851307829942,0.875000646650679,
KR_7530995998,10,200,fAEZTDGcRvXKmE4od4bVdtV1lXjs8sQJvIaOEOiYAZQ1FZuc0wJEcPEiNN0jNooWDwInTSG4LEAvkw,Skarner,JUNGLE,-6012.851307829942,-0.875000646650679,
KR_7530995998,3,100,pRL_id5670vnvL1Xx6DNqgEKUWyvH4Pm8PD2gsIu-oyjHb9lMqS7wQxkgd_kvcJGTLT2R_SZsicX6Q,Hwei,MIDDLE,2450.1916017354424,0.35655617047186267,
KR_7530995998,8,200,cfzwY3LH5Pu1mYL6yUXWDd14GyCm2aa9MXG4xnnDWlwk9JLZtdOVvsePimQjPsP1QuGyA58YI6Sz0Q,Ahri,MIDDLE,-2450.1916017354424,-0.35655617047186267,
KR_7530995998,5,100,b6tTIZnA6Ft_UEHFcijLy4XPvwEQTR2Y2TaHIcY509BJjlA9_G19CKtH1jYnLVJsr0t0JMK1fdeqaA,Volibear,TOP,28510.765134397458,4.148936444947088,
KR_7530995998,6,200,D5ug8m_LcAuwQKfs6ARAUyb4CBP5iHbZPcgL5-Xf8ZFctBtDNoG8ZJTk9uPYBYnmnzL_gKg6OmNgFg,Jayce,TOP,-28510.765134397458,-4.148936444947088,
KR_7531076884,4,100,YGptVtf2AefP8yAQllaPRj3O7JNZxXVuEdJ19w7wBmolIAmQq5aPssUtSpZ8qh0uneIQpt1t7gpn8w,Ashe,BOTTOM,7190.6939343754975,1.0464023672516907,
KR_7531076884,10,200,m3B40bKiY4qHtAl_ZRxupH3AFtWqh0uWGp7PaPdhovUIdlMcK77fa0CcXBIVLesQTwmZRbqwDXVlrQ,Bard,BOTTOM,-7190.6939343754975,-1.0464023672516907,
KR_7531137864,2,100,EtsneL9NHGA1jc4i6TWI0hzv8nhtGoaWf4sREMwOABt2GQMd1pUjW2g0NC91pZUxMEj7uGvSL7PHYQ,Vi,JUNGLE,-11107.98020190781,-1.616452721356263,
KR_7531137864,6,200,SUC-_TVeNFq7J2hGuUmmxZ4lAP0KZp6mjLNjJ7yq1PtN9zKU3N5UAV6VNDKrjtQCcLzxZujpSSqJfQ,Renekton,JUNGLE,11107.98020190781,1.616452721356263,
KR_7531197397,1,100,m3EKB0iH-S345YGKzz0V1hnCHOhj3sRD9cAlC7ffu06HA3eAYoxo8qYiyv17RiHmjy2GgNl58xWUcg,Gnar,TOP,8054.9766667760605,1.1721743032306697,
KR_7531197397,7,200,1PJZ_1Jw3iwINLFTrhAxt3edJXOHx3c2y9ML80ylYf5yTazZc1YuQpzFt2ecj1bvvXvoFHDNtpiW2w,Graves,TOP,-8054.9766667760605,-1.1721743032306697,
KR_7531337476,3,100,775n-v7VZXb1yaqYS6F39USG2pYy3oa7ZOd8DKoZPl2TV6mJypSAUZnHfs4MUZRp5sfK01njZjsbGA,Veigar,MIDDLE,2753.214398121281,0.400652578184828,
KR_7531337476,5,100,H44mc1mskJjfMjLVSmRJ0_C8cO_HB_mE6EPxuHUnVmSxndP999sGtd0xWdeL8oFbRQcEkp-8hQ7Sfg,Camille,MIDDLE,-2753.214398121281,-0.400652578184828,
KR_7531337476,1,100,Jgq44nzeCJ591f8EkcrX4g44iCYbH2mOQAtZDsfKJAjVnnV6dprxHkRculCA1MHbBWvH5CqqYF5qmg,KSante,TOP,3788.299263509562,0.5512799395123356,
KR_7531337476,6,200,kl-tGf8jx3FpGALjv-__zuQqyskkHtvuzAjLO4lIb-kL5LNicgJnMtrg8wA7uR1B6bArAy96d0nSHw,Quinn,TOP,-3788.299263509562,-0.5512799395123356,
KR_7531437993,2,100,YUhI_nVpQzqp8lTnd6Fzs2_FWc5Vs8eemdP1EwYTy4VqTwuF-Na0WEhlCxmF3kE344wc1Y-VT1D89g,Nidalee,JUNGLE,1874.5563751548705,0.2727887247615361,
KR_7531437993,7,200,jbU5_tg58YSmtiUxnp55sDhcb2088nFhG0lmXU5hrW2qFe82V6wg5qwV53PjPXOhfP16d4MX0BbywA,Graves,JUNGLE,-1874.5563751548705,-0.2727887247615361,
KR_7531437993,3,100,M-uk23U9KoKUFPjEccuoQGEBWrU8pulXPcL0Ks0VBY9P9u__8KnjoPEFnMbj9HYeIDS3M9W1sEC7XA,Xerath,MIDDLE,-6896.155667595742,-1.0035406431375336,
KR_7531437993,8,200,laSzzsfgrAPp3NIO4b4P1kKvNwwd9wxmwNBgXTXBFc_zA7YixSr1Pm7y6_l2Hj23vh76DLKOApEWdQ,Veigar,MIDDLE,6896.155667595742,1.0035406431375336,
KR_7531437993,1,100,V_5AzMpuEDbZcQ2PIEHDxMrUVV1WOEc-wPqr32aGR1XaLpxTtFtztTq-Io-D-euDuGhG0f2X1qwDSw,Jayce,TOP,-19015.674145610563,-2.7671941849353354,
KR_7531437993,6,200,uupOHdCkmdYB-1W3fVeOB7wQ6YXGlFbfdYPqdPG5tLFhxDZEc0DsR4BOutfnO3S4Re76A9Ouv8rGTg,Tryndamere,TOP,19015.674145610563,2.7671941849353354,
KR_7531540334,1,100,H810SeOYUwgGaXwPPgVfzpjR7ss0hRFvP5-8idgocCOFk7r7-FWOPLtvWsm9-fk6fCon6O_Jv-YF4g,Ambessa,TOP,307.28197576094755,0.04471621095050231,
KR_7531540334,10,200,U9CEInB_kvuuCdixnSas5XLhBwmv3YWTdz3fr6aYbMI2jBS3-90NgGUo4J-Y7FGgJ9mBZBi6Qnpe2Q,Pantheon,TOP,-307.28197576094755,-0.04471621095050231,
KR_7531706583,3,100,_2Ode_9zHgOVnKQjQvSGjTZe88nLATjVhNVSkPhOKmN1znYudOfrQsgF8yoVJDdlB8vJJyHut5EwXQ,Galio,MIDDLE,8878.935642701912,1.2920782555884989,
KR_7531706583,8,200,wOWWUB2EsvUXtXcpzq-N75HFdpC_uBJMiBV-3e7YTIzXqfJL1Dz2omZy3RW1LM8plHQIE8G4HDlDvg,MissFortune,MIDDLE,-8878.935642701912,-1.2920782555884989,
KR_7531790241,2,100,fAEZTDGcRvXKmE4od4bVdtV1lXjs8sQJvIaOEOiYAZQ1FZuc0wJEcPEiNN0jNooWDwInTSG4LEAvkw,Nidalee,JUNGLE,-402.0806305997115,-0.05851147712938102,
KR_7531790241,7,200,_NPmcnxJmF6a6sAcSIeZn4cAEJymo5b6sJ6qPSqQXzcLq7GWJTdSwvOoCIuV3MRXIF_S1B12mTIOLw,LeeSin,JUNGLE,402.0806305997115,0.05851147712938102,
KR_7531896061,1,100,8na7Cuwz0mupL23w52aq5RFmkLRGF2L3Kj2ESlxfkIvagjNb0UdI4mSnyG5O2tXTdkoN5C_5hrFRxw,Kled,JUNGLE,6992.713503395383,1.0175919084089455,
KR_7531896061,2,100,-8YlzIhTEdyy_6jjnod65Wp4rZTNaYMl2EzzH5UEQP09gdtkMFos51NCea4k7WWp_rfr47oFM5vLMA,Kindred,JUNGLE,-6992.713503395383,-1.0175919084089455,
KR_7532004958,1,100,9FrJ39-n3IJwtjlfHeSRxLQYJFUi65Yog8reCLUcuILClU4-rdVvbLMy7FFQcjjy0vCHiHPDpIFRuw,Karma,TOP,-23196.401717176075,-3.3755809787059565,
KR_7532004958,6,200,1pp9VewFlomXur4t6_EsyhNshqwRBQ0oCFartRhkC2TqXFeLvVIsjqnpG_cPd_le2O6hTqgMHPCedQ,Olaf,TOP,23196.401717176075,3.3755809787059565,
KR_7532265250,1,100,Ub1VHsM1B0m1ctinxNljs2OZOvOXjP-fyZSQ3KxVgR_U1FnmEC1wzHDCP5JM4Vs6vuavFGta0WvxBw,Sett,JUNGLE,11607.403217945302,1.6891296327936007,
KR_7532265250,2,100,lYjiL4zWXVmePQAy9bnNRcA8MNkKJf-taUO4yTA8NNmWFJ5QqkYMPgZuafRl68OYBEI75jye2fXVCQ,Rumble,JUNGLE,-11607.403217945302,-1.6891296327936007,
KR_7532265250,3,100,f7zP2MPZbrBcdNEI_Y0bYiPb-HAGcpDVFWjZmpoPAG54cPBDR3dKzc_1EkbTxV8Zucyyzm1N3_XlNw,Irelia,MIDDLE,8402.750078601028,1.2227828988296492,
KR_7532265250,8,200,f1_Vpw7ZXTsYHv9BlpQ-mF9VwGZmtaPLICcFqbAzLKVT3ITFgJ0HMCNDqBNPkIopAtD61omFsvpupQ,Akali,MIDDLE,-8402.750078601028,-1.2227828988296492,
KR_7532265250,6,200,3FgzhS6joM3KGGc9w64RN3aY1Kue3GjAaBRw0NS6IpGfpGXFaEi9QhJwEjuXiHUYn3z9c1mX-tbQvw,Riven,TOP,2689.4618523820404,0.39137519614233157,
KR_7532265250,7,200,1kdwoLfx-o9kGul7m-wdP-jifihLRz0-qptu-7ti0VrDaW_AaOKJ0vavUKGoFwQ2AKEg2j3dr-qWZg,Taliyah,TOP,-2689.4618523820404,-0.39137519614233157,
KR_7532404428,2,100,v9i-vVA86e3YH6sWEvSc3pISXi9_wExo-USZd4MEiiAcsZu_dioqn5NxwnH6hty0BEc77qoFg4eINg,Vi,JUNGLE,-4735.50531920032,-0.6891190226377706,
KR_7532404428,6,200,1VJbF67fK5x3G5aiG72c9BrJTDjnOsIe4_OArCQG5bTxwRwOROm4vT2N-NVKm_kz131hzlfGhZskSw,Gwen,JUNGLE,4735.50531920032,0.6891190226377706,
KR_7532529544,3,100,oGXiQYR-Bbc5hdzEDSI2NkKKj_UAsM0Zv4BNlkTQKu91QSMIijW4bRzwwgwBc1I-tD0ubPXUCHj6Hg,Ekko,MIDDLE,-144.68093613279493,-0.02105422306208833,
KR_7532529544,7,200,FBtxiFuWrOtJUbciefgXw4sI3srIuHaa3hiGTCs_L8uo1YTFQHGww-UvIO8q2WNgOUt8BZlv5946sA,Pantheon,MIDDLE,144.68093613279493,0.02105422306208833,
KR_7532631678,2,100,FBtxiFuWrOtJUbciefgXw4sI3srIuHaa3hiGTCs_L8uo1YTFQHGww-UvIO8q2WNgOUt8BZlv5946sA,Pantheon,JUNGLE,-456.81707603238857,-0.06647682047432352,
KR_7532631678,7,200,bQAqfDa1TJT28ZpNCM68S6ujvheTNGVDEOcdL2rWuI47XTlzWytzFwJie9V5vhmbKzXvLdUZYmxIXA,Nidalee,JUNGLE,456.81707603238857,0.06647682047432352,
KR_7532631678,4,100,FiqtrFPZoDDaexpfe-h_S9kOH77-HDSkwltEX0zbRXbyfLxkV4QIso_BdcIqbjSwcJo4e6G7xtlM7A,Aurora,MIDDLE,-3245.202401572754,-0.47224753357709437,
KR_7532631678,8,200,FfCcoh7b2HcRnA6xUm0gwedCoSIndbowdOIF4PaNclDJs1zY0wlzMiYOhDfZq5FVtpzjVgL4Detp1Q,Annie,MIDDLE,3245.202401572754,0.47224753357709437,
KR_7532631678,1,100,RGGd1J5sza89QFznhdu7ZnjYtOWnpl4nrej9OL48Vyh3fySZDEZ5a_LmTXH2Ewmr7v5kumCqRvTF9g,Irelia,TOP,24950.581613348066,3.6308523075501196,
KR_7532631678,6,200,LzI6XJWK1Zm8_YkQSFOjhRB1KbSgFYX9Nb6mLUMoh9OO9jjnggGiC-kisY6asURaDd0mA8KVIm0TYg,Gangplank,TOP,-24950.581613348066,-3.6308523075501196,
KR_7532718296,2,100,Bl56JSEuA_lG0t1uxnI1x--Q79YwJ5Yj6j1YcWtNdrrBsqp00dnYNJHaE5Mx2_iGAtp8WEnFmGSLaQ,Vi,JUNGLE,24310.3171400968,3.537679900743256,
KR_7532718296,7,200,xB-a9PvFmxU_vdqvfbBy5PzgGD3FY1tsz9ZnqJXE_UG1eVZWdPngxxRhs_PKdrKhPyLAvaWgx2dnBQ,Zyra,JUNGLE,-24310.3171400968,-3.537679900743256,
KR_7532718296,3,100,LzI6XJWK1Zm8_YkQSFOjhRB1KbSgFYX9Nb6mLUMoh9OO9jjnggGiC-kisY6asURaDd0mA8KVIm0TYg,Galio,MIDDLE,-22028.412603380864,-3.2056131585270466,
KR_7532718296,8,200,7SLto2ICAtmuNjC0Ug86-krsMRdTMplkRO-oKZlfCxilJzO5EpOWHpdpGOG4cwd19ySaCmhEaSifzA,Sett,MIDDLE,22028.412603380864,3.2056131585270466,
KR_7532718296,1,100,Xi1_F6Gto98WJGc9Zjl2pWFtglMgM68LieCtn2qII44f4rieyjCnyV9EDSVXhW09fNRcodBROeKJHA,Fiora,TOP,25888.496089085096,3.7673392636975715,
KR_7532718296,6,200,SUC-_TVeNFq7J2hGuUmmxZ4lAP0KZp6mjLNjJ7yq1PtN9zKU3N5UAV6VNDKrjtQCcLzxZujpSSqJfQ,Ambessa,TOP,-25888.496089085096,-3.7673392636975715,
KR_7532781570,1,100,0yv03mx4EZK5_Ra0CH_Z5IENDKo8UgzQqoIz3D24jaGlmBNNlRoM_-qwqavQ_wezW3HkgOknqLTerg,Urgot,TOP,-22166.868098728643,-3.225761444549667,
KR_7532781570,6,200,Xi1_F6Gto98WJGc9Zjl2pWFtglMgM68LieCtn2qII44f4rieyjCnyV9EDSVXhW09fNRcodBROeKJHA,Fiora,TOP,22166.868098728643,3.225761444549667,
KR_7532860533,1,100,89HdGd_BC4o2sfAWV6Ua8L8nNXCnCXA4XYU8sEoIdsEqyPI4qKWSn9MD3TM01IFjD39_hqg23dzU1w,Kennen,TOP,-19100.066575760124,-2.779475119083354,
KR_7532860533,6,200,rZEHhJ0MKCVzQnpp47P0u5bLs5E5DGGA2JP3q7Bp9fG_nyo6Q-cywKDsLjbPHLSu4644wXPrifzUNA,Nasus,TOP,19100.066575760124,2.779475119083354,
KR_7533013770,2,100,B_wpu2Rfpfdc6YMRGCQXkiOSj8O57joLtlmsPwJ5LhXZHXoeYpXaWOwmef1ZJMd_EuPegDfwuGC8ig,XinZhao,JUNGLE,13670.6262780157,1.9893734637686489,
KR_7533013770,7,200,WTfyqipJlepwWsAozB2lg5rzjlPzLHKRNhKEEcFTiIAJvO0OmI6zMD5m9OxyK24KgrqVmk2LJHTRVA,Zed,JUNGLE,-13670.6262780157,-1.9893734637686489,
KR_7533013770,3,100,rG5ESmkpudQ6q3k22n7lK_KzxeHKev4d8XO7gIN_fzzMdI3mWZijd1c75NOUS1VFbqQnEOpt_mAP5g,Talon,MIDDLE,5079.627697395053,0.7391963134324486,
KR_7533013770,8,200,bw3NQ1E4PpEJTBBFqcL3qDOipWiH7itOhXIkJY8uIRSQePpQE3TPbvc3oYAwBwmzq_xdTTQs0UxXBQ,Fizz,MIDDLE,-5079.627697395053,-0.7391963134324486,
KR_7533013770,1,100,PWqGU2vw-Fk452S1cRnChzIoBpwqK4vezqgUc1SMfNEMSycVU65zo-5zvQr0Fyrz06Bhh5ZoelXCuA,Jayce,TOP,2303.228362123945,0.33516982261282197,
KR_7533013770,6,200,rgjMFrIld291G5Org4J8YXtN916kxgbIAJU4Zsm1QjhhOPj6uoiF_VZglM4ElahD6CgNaXpo6sXcrA,Aurora,TOP,-2303.228362123945,-0.33516982261282197,
KR_7533188939,1,100,5OPJrxkmRZbJFjiNFl9d9ImIox03KLAOXYeOE7IHInab-j6XVO9Ykh97MvoViDKa6pz7MjvRW7w08A,Chogath,TOP,1589.5265359467205,0.23131068367026555,
KR_7533188939,6,200,T8tLvTlFi379ZYVL8ZDM8BYF9GRQcvQqevn8Zs3Qqdvj4bdkG0u2M0FnmEPVfw-YZPW7We6vQeH1Qw,Jayce,TOP,-1589.5265359467205,-0.23131068367026555,
KR_7533329985,1,100,r2T_aiVqEs1JIVZSH5106vG1VDr7qwvcAaYz_1NQd8PYXCm3GQ7_6JpuVLjDUsq56bkDdpSjgUQu8A,Aatrox,TOP,4197.572678912602,0.6108381232758779,
KR_7533329985,7,200,ZsKl0bkB9lFx-tdYvLLN_VfHmwThI3SuAVuIZOPviYzPrigw7QVpO5cktaOiS3bUszw--Ag5KIhVHQ,Olaf,TOP,-4197.572678912602,-0.6108381232758779,
KR_7533470622,2,100,9QP6aVJNgEP4-0RyvoKZ05124OUWJJmDsu-Nf3NLywSLIHK0pbHI7Ou7aNhKt8LYMyaXXhUOUlftag,LeeSin,JUNGLE,7902.9440413745215,1.1500502494784812,
KR_7533470622,7,200,iTUdCvtLLqXeuASxOCgsKW1Z72qvJWiSfN3GUAxz6JRSCISTA4UaDzAOhVhKsiN8AO6KjuYZZU4qPw,Skarner,JUNGLE,-7902.9440413745215,-1.1500502494784812,
KR_7533607975,2,100,CMQh_Zinw2JVOobJ47NU7BtGbsrUTNykkrvRikOPwxLNwvGd-le2MeSJhUpucur3A-z3Xr6LpLytYw,Kindred,JUNGLE,7836.629459094427,1.1404000353942094,
KR_7533607975,7,200,9dmwwwTsAkU2RoNdufze-rKHNk4Hio81w5LjIfN8B9JBMpfECm1GKciXv1voE42JJiKCcInwjKi1qg,Viego,JUNGLE,-7836.629459094427,-1.1404000353942094,
KR_7533607975,3,100,xFsE2ElpwU_tAcdxz6Mz6_11iJ56VipbJ0i_SJQosYGVIWxaYks7Rclsg-iEXijlp4lMkxwhoBISBg,Sylas,MIDDLE,8096.95220395304,1.1782826568707372,
KR_7533607975,8,200,eE9YQM8Z62v7hhajjHt9pnIbLdWsRmOhLhK9juipN56FVmdAmmypZ1sJ5uG2DdFiINwnER-RWPwnJA,Galio,MIDDLE,-8096.95220395304,-1.1782826568707372,
KR_7533607975,1,100,5zgpLh4rkHniikZaDzVt9pN5VF8OQVtP1p9PAf4tEbXJ98cO2Qkl08XZDinLIi5t2VlATd851JMwbA,KSante,TOP,-7245.285295281759,-1.054346597642407,
KR_7533607975,6,200,yWe4CWdVMz6EY31xxjwkX0CwqBEe8k0wtt8wNUUvo6Rtx4YsS2QXk6fXlXMBCNUodOTbzwjhUYsC2Q,Ambessa,TOP,7245.285295281759,1.054346597642407,
KR_7533756581,2,100,I9iXx2ebbhnfei1OEDCkjc1NtCOAT_bi6j5nADaxxoJroUTBe-16_wH_6hl6LGmye4Vabss35Mw3PA,Hecarim,JUNGLE,-2892.714385082262,-0.42095286045518276,
KR_7533756581,7,200,EtsneL9NHGA1jc4i6TWI0hzv8nhtGoaWf4sREMwOABt2GQMd1pUjW2g0NC91pZUxMEj7uGvSL7PHYQ,Sejuani,JUNGLE,2892.714385082262,0.42095286045518276,
KR_7533756581,3,100,7V2RNguHCy1dNaOx63_DQUrHQ0yrIP6HQjgFkCshWXnhl42fg223_O0Znq8Yf_9D4OHH832x_iQ0qQ,Orianna,MIDDLE,-13011.197514564135,-1.893412235908448,
KR_7533756581,8,200,eUZqfnP3XP3-DlRscpXJzXPj4aXI-oCJdd5InixEPsvvY-RvGTFmPdQNFcq8_ZibmFQ0IKHEXAjwNA,Yone,MIDDLE,13011.197514564135,1.893412235908448,
KR_7533756581,1,100,yGrbzwT0U55q8EgDMBk_zvle7ALYh-ToZGlAv1S1e_aMfHCc29BsLvjyBAH2WgUuqT79-LW02MeArw,Rumble,TOP,-25444.783496931406,-3.702769430654145,
KR_7533756581,6,200,XSENFzSacOWiyWy5fcg959UAcCho-0g8wJ-C3g1_yleFLqAQhKQP1t7VMjqUObWeI6fSEPc5Q2hD1Q,Ornn,TOP,25444.783496931406,3.702769430654145,
KR_7533899833,5,100,2aXB-QZaz0rIw_PwXnCZwZdyAGovuA2aLys6QRVnHSNL70BaM-6czLKrlWQSgcmAlfW082evfYZEGQ,Vladimir,TOP,2307.2035181640654,0.3357482942775234,
KR_7533899833,6,200,ZJ73TuyurEawfD2OswxvMhUsxePokstsQbrHPdHg2XDJxyErS7yik45SPTmWtjZPA1ZF4xjocCE82Q,Aurora,TOP,-2307.2035181640654,-0.3357482942775234,
KR_7534091677,5,100,E42u65eNMkDtSpxhBnP8ZxEBG4JEpWDfhKhR8jNd7gJ63VoA7e-TQgKMDB1_vjiHlIu9u2fZi1E-Xg,Seraphine,BOTTOM,-12002.446903366705,-1.7466170813438204,
KR_7534091677,6,200,uupOHdCkmdYB-1W3fVeOB7wQ6YXGlFbfdYPqdPG5tLFhxDZEc0DsR4BOutfnO3S4Re76A9Ouv8rGTg,KSante,BOTTOM,12002.446903366705,1.7466170813438204,
KR_7534236687,1,100,IDohDRdLRSKC2GlLpCgFCRZUElPVlVeiw5by0z4vmEwOif66BKfVTQoA_e3Kp8hMRG4vHx3e-lrLHQ,Vladimir,TOP,-9666.409204178291,-1.4066727865749673,
KR_7534236687,6,200,T1ItW2ozSiVTBGyaXxYTVlIblTfF9NrDPAvP8CS7mGF0eMIJdC4Nfe5n8n9QkI8BUZmGlwnlvzaoCA,DrMundo,TOP,9666.409204178291,1.4066727865749673,
KR_7534354753,1,100,-3DyG3Y_jyCyLFjuKfLZr8RLWVc8kY_9nyR4ws_v1qjuVlw5NLl45CkVOqd6NLMRFt1jb0DI3rjsAw,Jayce,TOP,3074.3361022691006,0.4473827706339603,
KR_7534354753,6,200,2GQfZ7sTy05_qGqxW54GMwscX9w01vsNtNZVLXw36rU-sB83aa147gBqj0YvF5kyAnTZdajMLz56ig,KSante,TOP,-3074.3361022691006,-0.4473827706339603,
KR_7534522411,9,200,MTgJQCoiA5gniK3QcgW2M74K3xB-6L_qIqqutFJTUUBftjyY6ORue0u7ga0g_ZfsDRcTndkLzH2ddA,Vayne,BOTTOM,1925.9671043131211,0.28027010405319985,
KR_7534522411,10,200,sk3DrY9SQOQpqUwygmghzKcGyRGu7iaFSakNu6QLpP6PtqXKcpcwUTQQ4taZHFXdqxPdpsUCTrSpRw,Maokai,BOTTOM,-1925.9671043131211,-0.28027010405319985,
KR_7534522411,2,100,_1wff3Pjs-JEiR1BAI3lNlgHeFXu3zJiPcv3Fl_s3SnH-RdtvovVChrinXpCg9gn9x8qOCipTagOWQ,Khazix,JUNGLE,9490.309826402497,1.3810464968930738,
KR_7534522411,7,200,rQWMkZ5AizWYF0Hot4JU8q9HEbEtkykUln7W2zP9sODqDxAfM7GrkBB6mvpMtc6hl718qi_TAe_haA,Zyra,JUNGLE,-9490.309826402497,-1.3810464968930738,
KR_7534606708,2,100,UrfQEBsXA1UT1iAi3WCBc0V5LJaFFvijwwuoBMnrkJJk8MAANn7fAdg8j-e4C8GP6-nkBRH0opNymg,Vi,JUNGLE,-3986.532807423174,-0.5801272317921884,
KR_7534606708,7,200,MIx2xMIvExdaeq2chIWbkIELH3diUzOdAfT1V7db0k_CfyZpdOGCPvdUOOXVrddP3z7sfCOKDFY7Dw,XinZhao,JUNGLE,3986.532807423174,0.5801272317921884,
KR_7534606708,3,100,fGWvzafJ99sDftxQ0-eGCPkyedsGZS96gvkwJj_nKnxN02R1b_OvClpqr3mtv4Al-IfQlJ4i5Qcvkw,Galio,MIDDLE,8609.129849827994,1.2528156443665395,
KR_7534606708,8,200,aVD0JkKwT5WOuRJuYucwyYPdD3baGEZAGqTCmkVdfTpBtfV-N9YpK64fr-qVXqmZxOxqn2Dkslp3FA,Katarina,MIDDLE,-8609.129849827994,-1.2528156443665395,
KR_7534606708,1,100,FdJbZkeBxUzrwwTiQFWJP2qeVD1FfM12X7EypXZaZOZzr3S-Q2PBIXxiItPurdF3uEIVEDStTTHB3g,Kennen,TOP,-6270.303019926375,-0.9124654704144658,
KR_7534606708,6,200,lKxuOZcFe4H0bjBOrBaZDbY8cvF5yJN-2D2FrF-VkzglOrGmn-XR7YbQFeHUTnyLvmUlU9wUK_Zppg,Lulu,TOP,6270.303019926375,0.9124654704144658,
KR_7534828633,2,100,8rAjYoa_nSx3wXyVxYCA_A9MMtp3xdgYzfsLi-it9iJYQ2zgbzORQjoCqCY1sKOWujmnS5jEBFwS_g,Vi,JUNGLE,-3441.1334151878264,-0.5007597576177691,
KR_7534828633,7,200,VY0JmNK4wsph8yq62tH99OuvaCxRGV_WkarlG4g8c995FCv0xPXndQL2bD1psq6TtDh2G6rOAzueLg,Pantheon,JUNGLE,3441.1334151878264,0.5007597576177691,
KR_7535009231,3,100,eQSLeTgXSWK_3knZMCaUM1s5PwuSVIjR7WMKnUveN7Xh_IGCr83I15uMEwQWjueo_DydxRU-yS_-4Q,Mordekaiser,MIDDLE,19567.41793480016,2.847484906859179,
KR_7535009231,8,200,RZGW5IOGF6l_HFf2WGSJHNah6v1Fv3A9nz7-V5IQNg_JBBfs_UuGeTOU4Nk_E9lvxT5KIQ-RxnqzoQ,Hwei,MIDDLE,-19567.41793480016,-2.847484906859179,
KR_7535186986,5,100,1Kl8ev9wZUy--N2ZEwkxqOhkyk9mQeTOonqYFDpoMnlw4k61oyZcTSHj0pX8oSclpcLtKTB1yzRF-A,Rakan,BOTTOM,-10828.644785571774,-1.5758033426483302,
KR_7535186986,6,200,NzZMPn-HBIKnXjd7yke4w97upCu9Wn7UggR3MkThh-wuItPTB8bZulPCsb8N8I16BRxIwlYt13zAmg,KSante,BOTTOM,10828.644785571774,1.5758033426483302,
KR_7535186986,2,100,sb6k7M3EFNMh_mU3Y9khspqnjRKtpjueacenfNDTVogF-alZ_xGWcvbCbMQHwBKZaPLLq9Y-gDhScA,RekSai,JUNGLE,9419.102496716805,1.3706842816425298,
KR_7535186986,7,200,9QP6aVJNgEP4-0RyvoKZ05124OUWJJmDsu-Nf3NLywSLIHK0pbHI7Ou7aNhKt8LYMyaXXhUOUlftag,Viego,JUNGLE,-9419.102496716805,-1.3706842816425298,
KR_7535395362,2,100,JZ_EupCAdg4A2tFMAj_5VbszWop97hqpLwjBCkZxXAg1ZKDhrzW8D7h3gzBy6GnFqTtM50eZdP6mEQ,MasterYi,JUNGLE,8442.734382854273,1.2286014847693858,
KR_7535395362,6,200,QbCOF68P5kL3DcBPhd9J6I1wu13LCWCKPo8OHWemcRPNDbRS5k_Q5KIoBpMS7TxR2hchdFKud3DrpA,Heimerdinger,JUNGLE,-8442.734382854273,-1.2286014847693858,
KR_7535601609,2,100,JRoyw2RQS7vxG2-XdtEv441PMwL2fNqA6honmfHOdi-2o8U2jMGyQYowGQ1-iNftSID8st6cFF8svw,Vi,JUNGLE,-5980.837941331825,-0.8703420055246561,
KR_7535601609,7,200,aVmbBxTSBGDeNQaAz08_sg0LtAaJAWqHzgJIzp7DErR5Psm4z1QaPwIuMi5qDSOBT_pKeLkRE2aEcw,Viego,JUNGLE,5980.837941331825,0.8703420055246561,
KR_7535786739,4,100,GQGJxQYZNW94DwVY6sf08PzH-zuhlm1ntGbhT41Tl_W0mRiTgOeAwUwbPvOJ1quxjx3DH-oU_RtDmQ,Ziggs,BOTTOM,7889.067063009979,1.1480308472979017,
KR_7535786739,10,200,WDPk5QJvz-7Cvpf8o0Nb31rSg8jJGNWkVVYXMtRVkfRCtH1qzIb5l9E9p1rWKBgi8VPsamWBpRzyqQ,Elise,BOTTOM,-7889.067063009979,-1.1480308472979017,
KR_7535937159,2,100,v1xOaVY-fPOWsor9FUURtQFZETQn-tgsFNJYlhqYCSWMt4fhq7zmRvPswsAnuD43_7z-Z-ufO38cTA,Zyra,JUNGLE,-36233.68916805659,-5.27278986781256,
KR_7535937159,7,200,kKSB7A-qi4nYL9MPz-YWEC3m-IC3-gZvPnGcwQmNFBeS-d7UX6eIf-vlVJr7ABIRDQ0NIFwFBBi58g,Viego,JUNGLE,36233.68916805659,5.27278986781256,
KR_7535937159,3,100,E9tZ6G_LXJC3ufFhRGdfirU2kmJ_bKxmaEJ__2dNTpOvqN602xOQ7C11YwhesQpPkYRQXDN1C_HlqQ,Corki,MIDDLE,6519.314179830787,0.9487020102497127,
KR_7535937159,8,200,oGXiQYR-Bbc5hdzEDSI2NkKKj_UAsM0Zv4BNlkTQKu91QSMIijW4bRzwwgwBc1I-tD0ubPXUCHj6Hg,Katarina,MIDDLE,-6519.314179830787,-0.9487020102497127,
KR_7535937159,1,100,R99NBVTiVdzmJ2s-vW-RjG5EPg6AH5BnmctgTwoyFpN1hG9jhCJm4-MVyoLv7jY8G5Q6fKJCjdgySw,KSante,TOP,-5382.492060400657,-0.7832696656426152,
KR_7535937159,6,200,9hmqRemwitzcQFyD-FFnzOHWj4Ovt6oIIQoAfSH3mW3poVoTSolkdKAr9IDO_TgKv_GQl1DRsv5sRQ,Ambessa,TOP,5382.492060400657,0.7832696656426152,
KR_7536118246,4,100,l5DWMi-yxeZGSsp8n_S5Tcvjt8cDdbpREMHHBN5fbgP4c_u2hLfYTLQq6hFAkyfdLxwW6-lmPDRlHg,Draven,BOTTOM,-6144.142606884616,-0.8941063862891847,
KR_7536118246,5,100,2xFItuNWUS8DBOVX13KuMaU4TwdmKZqy4n5ZxBiuXVgutpxgPIgNI9itNjZ38KMJHYiOxwSuiQaNmg,Pantheon,BOTTOM,6144.142606884616,0.8941063862891847,
KR_7536174874,2,100,-hZyPB8eQM0Jt7hYlQXTnafZjqDU8WB7jNcsAD-LgYAfwd_v_Dsn1_k9xFFHN6ewb4mm6ZTi85n_Hg,Hecarim,JUNGLE,601.7153881063822,0.0875626764638497,
KR_7536174874,7,200,-zX_vSMCfKH8Qts9FiY3e8WegjYJGZ8fn2iPmglwBmmSkYXMU9vxxVhm5F9sxLhay_o-hInOnOMhbA,Belveth,JUNGLE,-601.7153881063822,-0.0875626764638497,
KR_7536174874,1,100,ReDR7l3MfyO83PTpyBFbtGuJQQmpVhYI3vbGqp_BgwD2ZelpoidZ-kEt_7HxlnwNsl9pew3nRpO2ZA,Tristana,TOP,-10202.87743882631,-1.4847405830650116,
KR_7536174874,6,200,2U7M9XDUOeG2NQjP5Xiwv6PxYdiRM0TNZU9Dop0XxuVjX7fYYZI0S5BpJ8UgR4uBRKO-fQAD7huCTA,Jayce,TOP,10202.87743882631,1.4847405830650116,
KR_7536312668,1,100,ZA2U0knRhXzSezy5q26cbNxBilm61dyntNwL1-mOAh9Hwfxpuxd94dsshVLmZ7TT-ZK1HPErXB9e1Q,KSante,TOP,12765.449953801975,1.8576506207326817,
KR_7536312668,6,200,z6GTsMQYqrBXp_OBqhrMZwZM-0MDW4FZiwXg6Z_--Fzx76aQFaycSJpuJax2hnQsFyyd1d7i4E9S6w,Yone,TOP,-12765.449953801975,-1.8576506207326817,
KR_7536434620,2,100,MMIeQmfIiyT-2B2FGei3YyxcsHFCYDX29LhsSV0pYA1QT0ZceRC3L52rMhayEQ_YIygqCzxYTAZUow,Kindred,TOP,13001.656191251748,1.8920237658397852,
KR_7536434620,9,200,1gxIVrsa1zIFM-DsrGI2LzaIVqlwIA39hKi0TEyG7rJlGzMRm_KaQGH1FuRm76UIYh8dA93BSapr-A,Kaisa,TOP,-13001.656191251748,-1.8920237658397852,
KR_7536537520,2,100,-KQVNHZ1C4LOQU2Mkk2Np-01yyTyJqKPM_fO56okUn4bcxbsEpC6zYvpB8klx5qcMrgWHuD9fgchKA,Elise,JUNGLE,-10559.401599605255,-1.5366226029682701,
KR_7536537520,7,200,jQ_KXXK0Vifm9q7rnk0jll424HBOVDH1MaFel7Ofp5qe9iNOQl9sBcZ4ZveAcP_0WKTZsMwc9ZdhyQ,Lillia,JUNGLE,10559.401599605255,1.5366226029682701,
KR_7536537520,3,100,mGjn-0uT2gwpueOzwXbchId3nsU--ZuCTn5ng63s2nKzVhx5dvWJnM9zhKoDnj2QygS3_xk4uSNE3Q,Pantheon,MIDDLE,-12699.804419712023,-1.8480977677120793,
KR_7536537520,8,200,qROdUVZVi-v5JqAie--L_-WMW6i9z6T7ynv8c76CvaRtAlAQe-hHtx2M49O_YQzInGLkMqOucq6ufQ,Vladimir,MIDDLE,12699.804419712023,1.8480977677120793,
KR_7536537520,1,100,eonBxHrST6XcawuA0QjNLF4U4X4Gj2ESWf2LfYlnPwRzzXA5UGlYmyrQDQRDtyRI7nDxIIGK9_XP6A,KSante,TOP,-5289.208511171602,-0.7696948802839613,
KR_7536537520,6,200,92YtX36fB9QUQwPXaMkENOneL2nDw8UwrcvSuq4Gf9fHnbX8sJ9053WAmYDZOvJLCmgOmrtBEkfObA,Aatrox,TOP,5289.208511171602,0.7696948802839613,
KR_7536769903,2,100,4_XiAWFgYDLwV1w1tRpCYA-jg6foAw9kiF1OIhv2mFynExn5P9nUmde4_FBZo0eIGGXXDZbHNBtvMw,Lillia,JUNGLE,11088.679359252625,1.6136440289506817,
KR_7536769903,7,200,Ks6pHi953aotpFBKip5jUeVvT3ynA-I8ekhGAO7W_Mnqh28pRhnojOfuH0As1ZD8klYqDZtyoCsK0Q,Zac,JUNGLE,-11088.679359252625,-1.6136440289506817,
KR_7536882891,2,100,0FZu9l2IfMlkB3zw2flNxZQbZL6An6N8xnNOuojxe7HONo6x7woVter4mwCPS1YbXG39CC9KRtcZrg,Zyra,JUNGLE,-21336.078914386107,-3.1048635483080815,
KR_7536882891,7,200,YC5fatCdHOgo9LlnaDliBR0MrGK_8QIFFdPhUMj2fHGMf2ZSgslFoU5sQG_oqVDuBpJS8jK1iHzvEw,Lillia,JUNGLE,21336.078914386107,3.1048635483080815,
KR_7536882891,3,100,H2MWpzaLXds-HjWws_BiuKyP4yQWa7hc0gNX98WO1_gPriTFYRu9kU5JRMr8MalU8-VnBXNq0bdRaQ,Vladimir,MIDDLE,-9874.340581623424,-1.4369313245645123,
KR_7536882891,8,200,QvTqsI6qo-PKprR1KKP6gpD6viQLnGmrZrg0TRTG1g9piDb-a6uSh5GLjeYgfuldiv8ag_ZOYFBBPw,Irelia,MIDDLE,9874.340581623424,1.4369313245645123,
KR_7536882891,1,100,prAwtT8Vw4pDE4c3z5OGTgcEUK1fFi8ZbCIeLOS1vI8q0qz9PXHXGonNamBlNEmmv4igr_4JQSnjMQ,KSante,TOP,-1471.0385868806172,-0.21406810993188877,
KR_7536882891,6,200,JP9ZLtNNoHu5ezFSOlmynLdAWWztXnTispHDNWr76qsJ6fvWFb3BRigPuuMM8dNsM-qruIKX8S3yxw,Gnar,TOP,1471.0385868806172,0.21406810993188877,
KR_7537035383,9,200,gyROGkajuWN8H2OYFA6viPGnzFxp8HDSvCsbpAKKl_7beVo0QykqFB-rsYs7KxxM9-APk-tVh9KsuA,Jhin,BOTTOM,-15460.893806799231,-2.2498963280748767,
KR_7537035383,10,200,bq0SSclzFpQxzRyLrZy9nBkugiTUl_KuFqSHTpz49tB11mgEeSEOUTLvAz-E_FaFaPqiEpzQDjq-Eg,Maokai,BOTTOM,15460.893806799231,2.2498963280748767,
KR_7537035383,2,100,G64V9jXL3_J3XT74tawweT3REu9WeUSWPfg01RalEBxXKGSG-pOZqPyXBP2d4X0R4UQASDTHZlM55Q,Zyra,JUNGLE,-3218.984249376363,-0.4684322221796623,
KR_7537035383,7,200,E_0ocUw1VdSrnK_zhgYzJNzq99LeVEbd4uZW3rAX-vvHBMskQgfjy8YoAKd4UxkULbFzMgfWY6CKpA,Talon,JUNGLE,3218.984249376363,0.4684322221796623,
KR_7537035383,1,100,q8rv6I77zffjRSEDZ6UV5kd3f2L3bbUy8b9aQwgHOoIawxuRAqHhbaL-4zPz7QfSQtrYkWrz7zgtJA,Ambessa,TOP,-4883.580914526519,-0.7106672424473786,
KR_7537035383,6,200,ueG9TZ-ilma9v4Qc1N8LuogTTwFS7jsTsiHbvh3hD7flSV9nJKeyyZMHnN0T3dBGcBs0xfpLpIrG9Q,Jayce,TOP,4883.580914526519,0.7106672424473786,
KR_7537318205,3,100,UtYJFvrLhf1GjUxivkn1vDCe9OOzgVNs323BVcvnkUHqCaoY69vD7JwVgvopEQyFCg9mTjq_fL8fiw,Galio,MIDDLE,9577.710391255865,1.3937651800683495,
KR_7537318205,8,200,FKvfSk2cshAQns7zqtgxRP3tsBo_rzM_XmG8HoZOq6syWoMTaABAE8RRM1OcZqB_R5iAh5ECRy-ufQ,Velkoz,MIDDLE,-9577.710391255865,-1.3937651800683495,
KR_7537399752,2,100,ynodGuRyk9qyqjfjk8XlL8nluWQmUOB4DLo-tGDWxG0383XPBT8Otd5dImyIcAqzlWBPSluKNS7E5A,Belveth,JUNGLE,16983.388737772664,2.471452455263547,
KR_7537399752,9,200,AZol5XTZmP7NYcw1xIYCTyEBZWbZJyxxyXrZMSpWwPr5A-b67kscvZwBalnzxLifDJ_i-kUtWSqbIg,Ezreal,JUNGLE,-16983.388737772664,-2.471452455263547,
KR_7537459882,9,200,s8I4VU18j-9pR_kPiF30pgvF8zppxn0_T3qJhWw6jEzEPanMx4dQ7YQIVWD3k8v1lXerZgtBDIo6QQ,Ezreal,BOTTOM,8137.11872133354,1.184127758783681,
KR_7537459882,10,200,gMUb0wU8BYDts08M30-RT8MTZsIbl47pEABg9lgJujpRdCD6A55sUYB7Kof8B3e_P5DNJaPzqV3hXA,Leblanc,BOTTOM,-8137.11872133354,-1.184127758783681,
KR_7537459882,1,100,fuLZOlEoYDtJ8lOnsLymNaAn95sccl2sB7H_uiaIrHbdM31ZdiWDP0tln3lC3lbSVdLqhHVCDf2aVA,Singed,TOP,-5337.010288166955,-0.7766510785401063,
KR_7537459882,6,200,llYZ1KIM7CxXuaD1gN7tgtSY1PBxQeIQrVXX9g_auFAmCbMmOx3xgSZL-DjnqA8TIlhWhDW3G4pDGA,Corki,TOP,5337.010288166955,0.7766510785401063,
KR_7537510957,2,100,0h_0AffR5Nl9Mh990A4qL3bwoztkPv5xEdFd5hpJbXEZsKQUnYU4V9xBZI2cGP-s8iWWTMs1kQO85A,Viego,JUNGLE,1253.1340523967815,0.18235826067398592,
KR_7537510957,7,200,7oE3sk18qtqB_dtUi2g7e0NvS16zeiJp8TJHwIj7wSnHZHzp3pZptVpLu1UhiPhHXLpwnJ6Yyem1EA,Qiyana,JUNGLE,-1253.1340523967815,-0.18235826067398592,
KR_7537599363,3,100,DM3MyIx8w6r6B2odV70tKF5_job4ulwbjs81bBCaCSpNWm0G75VkoZrFAIZw77SjZox_Sf3vwXnrVA,Tristana,MIDDLE,-11901.991994503143,-1.7319987071790726,
KR_7537599363,7,200,0pG5rLL2ho3Ylh3cR94D380mwkRgYQ3e-GWcHIcH61yl0h2qeeP3j2A88evXvM06FsH2wIFQgEkbYQ,Shaco,MIDDLE,11901.991994503143,1.7319987071790726,
KR_7537745681,2,100,6KAITHM4y1UvaDYoXP5ALa5xm7SxOw4_GE5nk57wSxflDe9H25SRLiry9RXesNDVLBsJd49dHVxOtQ,Nunu,JUNGLE,8579.787055722232,1.2485456296093733,
KR_7537745681,7,200,l-L7khgboKZwU0234gCaVBxUPNfj7ifXH2jkmQUqoorK1XNmMcvNVF4NVGGZH2NOV1cERbiELkpaxw,Nidalee,JUNGLE,-8579.787055722232,-1.2485456296093733,
KR_7537745681,3,100,cEPHryS9u5tY7QsFwdEYdV22Q9NiFvXVFoU7dwg_PViloFzbd8Q2fiFzMSk3cyNAlcmcLiGtIy1E9w,Talon,MIDDLE,-3281.8266023122605,-0.47757715137229945,
KR_7537745681,8,200,7_PXdQZgpd9Uv9PbJRpB1oe6k9qkW--ZJjJ19Ax5CyuBGJr2uHnZYT9pgFe5t0LA7jVqkuaL47vuuw,Pantheon,MIDDLE,3281.8266023122605,0.47757715137229945,
KR_7537745681,1,100,2MgF6vZttd97Ee41blyiNn6hkqFB6mZ-DSNHCAuJWVN30SLSdObbgV-z69GUzr8-x3nHxQM_2yox5Q,Maokai,TOP,410.69535923958904,0.05976510751947516,
KR_7537745681,6,200,QCSpl7UPCpN7v-k9TO59nVxipbDsP2FtxGgbOlgp3371aetgq7agOH9NNjDXbjF-2JLwtjL-3xt02Q,Vladimir,TOP,-410.69535923958904,-0.05976510751947516,
KR_7537842223,1,100,mx3ns8X8hqZBFOxFRA3SsfY4PIlD6JkjfKlilgIFvJPdOLbOrstO6yGUKBUNbDlik3cpx3VEmlr4MA,KSante,TOP,21919.474337821848,3.1897602714474984,
KR_7537842223,6,200,rz6sZmQJdDx7ad9hwGQGAbSstRM0LjUiqom1U53r4CRKCMV7GujKlrU1sa8uwnyRjZWGnkeI6FTo7g,Jayce,TOP,-21919.474337821848,-3.1897602714474984,
KR_7537922931,1,100,_-GIcSLcQgrBj8GlRBfaCTHVMeRqb5Xf7nCLduBXXeySCKnZZnrn5YzWHgKD0KVisCYs9Kro8BP4QQ,Renekton,TOP,4596.325596137473,0.6688653457304324,
KR_7537922931,6,200,pw7dJg0L8H9oRc-tj0_DW5Z99L3_wAQ0uGCnrwzSJwC7qmwoKFs-DpRjk__I5wVI84dHE6VPeeyofA,Ambessa,TOP,-4596.325596137473,-0.6688653457304324,
KR_7538012095,2,100,sDDcwvSiKpCD9sKmeXhZZOEU2vKC4PBgEjESVlDpnFZYzo5GqvkBrxm3lzY40ie4YcOR76HO15WZEQ,Viego,JUNGLE,-24.402826737169864,-0.0035511420592295164,
KR_7538012095,7,200,lHhu-AdtIAuWdqDcMTC57z9u4VDNBQPrJGfLdWduiMT0wOMCCt9NJLVEy3vD6Tm4Mjvpz7ZYL9jnOw,Pantheon,JUNGLE,24.402826737169864,0.0035511420592295164,
KR_7538012095,3,100,RY1f-kqTEUPiG-FY3zHTa3sObCrHJhRaOY-V2NqMGVgbwd2BjxTDa_tE1Dbup_XvzmODVSfOJ2yqCg,Yone,MIDDLE,7966.754771747626,1.1593360986507386,
KR_7538012095,8,200,rPjAsdVa6EzA9Occd3wrlvESjBtdcNJ2P8VnyGXAZFX5LF7-0EAr3et2o7-rmIpi2EBty7q4LmF5Tw,Akali,MIDDLE,-7966.754771747626,-1.1593360986507386,
KR_7538012095,1,100,sXxfK8hrAJ78FapTHheKIZUuQe_VrSzwHI58huh_SskDpjwuhf4IS5sxT_rQwmj8wD_sq7_BYbHusw,Yasuo,TOP,6549.558286000443,0.9531031855159895,
KR_7538012095,6,200,yBhULJXCgoH8GzQhkV2kG31xuk44pN8PtVFyfYOT2fXBRYsht-O5sJp7D_oxrvdtfwvzApoUYipZ7w,Gangplank,TOP,-6549.558286000443,-0.9531031855159895,
KR_7538111079,2,100,MMIeQmfIiyT-2B2FGei3YyxcsHFCYDX29LhsSV0pYA1QT0ZceRC3L52rMhayEQ_YIygqCzxYTAZUow,Kindred,JUNGLE,3296.192975010312,0.47966777107288144,
KR_7538111079,9,200,fJG5cjLrYeUIsZG7w9ifbEhPyaznMOxcRZV74u7EORUO5wYDHjkMmFW8StD4vXvXkYgbBx49QQy4_Q,Varus,JUNGLE,-3296.192975010312,-0.47966777107288144,
KR_7538111079,1,100,UUsZjYk2wPD4BkMfRhgfamQBp6lJndsS0C8q5TCHDXp5Ko36he5L3chD2VP9Rqi6DVPsbaute3gICg,KSante,TOP,3290.0811479548292,0.4787783673021944,
KR_7538111079,6,200,qf1MGCvqlFub2YI93ONohu6_dIPO-h2xFmUoz_UNF1Rm4beK434-hRWmLNqnRqiyHOurAdnqRfrsHA,Quinn,TOP,-3290.0811479548292,-0.4787783673021944,
KR_7538227559,2,100,f0FYuztG3TU1P6SWa2MdqBbpioVO23afi7ZbjaZXGydJa5B-X0CjsqZohh1jK0uJUTlvDk2epcqEXw,Zac,JUNGLE,12756.91493247726,1.8564085894906024,
KR_7538227559,9,200,s8I4VU18j-9pR_kPiF30pgvF8zppxn0_T3qJhWw6jEzEPanMx4dQ7YQIVWD3k8v1lXerZgtBDIo6QQ,Corki,JUNGLE,-12756.91493247726,-1.8564085894906024,
KR_7538227559,1,100,_-GIcSLcQgrBj8GlRBfaCTHVMeRqb5Xf7nCLduBXXeySCKnZZnrn5YzWHgKD0KVisCYs9Kro8BP4QQ,Jayce,TOP,-13901.126631782496,-2.022916278695158,
KR_7538227559,6,200,spk6YkGyrd4_5TbHRlVVFvDF1zmpYg2RxWlP6SUjSe11xy6yagLrLdIEn136N9wdTahpMrN_xk5N-g,Ambessa,TOP,13901.126631782496,2.022916278695158,
KR_7538379018,2,100,I9iXx2ebbhnfei1OEDCkjc1NtCOAT_bi6j5nADaxxoJroUTBe-16_wH_6hl6LGmye4Vabss35Mw3PA,Hecarim,JUNGLE,161.94287248825003,0.02356621025422085,
KR_7538379018,7,200,f0FYuztG3TU1P6SWa2MdqBbpioVO23afi7ZbjaZXGydJa5B-X0CjsqZohh1jK0uJUTlvDk2epcqEXw,Zac,JUNGLE,-161.94287248825003,-0.02356621025422085,
KR_7538557289,4,100,16i--Ar4wCjBfEXJkOTi11AFslj3Fv6g3mGapHQBHYsJLHXmZIqsBvISfsKKUpZi-GtkD38gbaOABw,Heimerdinger,BOTTOM,-435.4265290346729,-0.06336403063519346,
KR_7538557289,9,200,q_kf4ZZTqcK7moh2trOZR_NkWcTzcRdi3I46eLf4gkR7Nm_FbCAYJXCTsGd_2DCGAnkR5c9bWoCs-w,MissFortune,BOTTOM,435.4265290346729,0.06336403063519346,
KR_7538557289,2,100,uS-Ks5VMnCZUWtfT249wLPe1ktH2WM_bq5tZeuohEp9NobeESdrgRC67tfBAIsEksjivR0dVFFx8lQ,Hecarim,JUNGLE,19717.04638065097,2.869259100195093,
KR_7538557289,7,200,VUyavrfzCrBiCu9IrXEMRMHxzLTVZn3Ky26aYfDQ0feO2oaOlygoOUxddW8aiBMy8oR-gJRpUxA5Dg,Ivern,JUNGLE,-19717.04638065097,-2.869259100195093,
KR_7538557289,3,100,cfzwY3LH5Pu1mYL6yUXWDd14GyCm2aa9MXG4xnnDWlwk9JLZtdOVvsePimQjPsP1QuGyA58YI6Sz0Q,Zeri,TOP,7036.975587387329,1.0240330043436856,
KR_7538557289,6,200,qGPhsDm0NyrNjZ_XSPY58DcHZZTA0E83-ux5u3XjlzaemcB9G3BYUuwYt-trcyxbqk3X67ZmEF-77A,Ambessa,TOP,-7036.975587387329,-1.0240330043436856,
KR_7538665617,3,100,ZdZjxckwWRgLT861xcApjHrQCg0GmvalxAY-2uERUZMP-v38Y2HHOvxYKADRSR5QRd9xDwlcvTcNEw,Sylas,MIDDLE,2098.152027501712,0.30532675545206656,
KR_7538665617,7,200,M0VJQT_edfkRXsCMIlrNA1RRaJbdqCWm1gDn0cZd4OSRa6WNsmJasN2lkGtNfdur2rYLsdTsXvrj8Q,Viego,MIDDLE,-2098.152027501712,-0.30532675545206656,
KR_7538752330,2,100,CUVK0jqFghK4Xd1DiSu0f8wwYD2BmohVP7gW2eytpbi9vlboC-BX64ET54ufBxUV6JXadBEDIR2WWg,Viego,JUNGLE,10327.392225357971,1.5028601927401917,
KR_7538752330,7,200,iWAVcWVZ9CxzQjTP-Skd6aBWqLLplk2U5CAUolqeW0mgIz0fbCa7i2AdePnirb46BpDI668Ny6nw5Q,Qiyana,JUNGLE,-10327.392225357971,-1.5028601927401917,
KR_7538752330,3,100,YrbUHpUcVloKuUfkWbUYKXdSNZZuwDUrwqSC1YU4iS-5vkf9gdJmLSKndL78b8t1hTIwX-WFlY3r3A,Sion,MIDDLE,19543.573185096102,2.844014977146614,
KR_7538752330,8,200,Nj8f0mxRJpxE1DuKdpXXUvcWTgGlHtKmBWXl-aRerJBbpCNz-YC-2BPzG8eFO78tVvD4ZKoCClisew,Vex,MIDDLE,-19543.573185096102,-2.844014977146614,
KR_7538886758,9,200,_jUsbv9enYWgjPZZsSNVYj5G701RCMzC1nVB8gaFcVFDXHzjOCfqts5-1CQfCL2mqpbnJSlzZmhdeg,Ashe,BOTTOM,-6708.865752836844,-0.9762858869269844,
KR_7538886758,10,200,qMn-RlPY-Xq-FD5uyrlQldTt40NmSfLh9FXIVziJZWvM2qIkQ4sNPV-eQ94TyRz7DyWRQiqBC1jb1Q,Neeko,BOTTOM,6708.865752836844,0.9762858869269844,
KR_7539084148,2,100,0jLdMuY1clmQxiSIoTaunTBkMQKUwCMjDS1xC3dcr-3UvzEzabogMfFyITuXkCpIXjau_DwD5jSr7w,Skarner,JUNGLE,1583.5939290203908,0.23044736032646307,
KR_7539084148,9,200,xe3DfnRJeqDhqEY2OpUG1z7IinKd-TpFbF-eoLqd7IE4zcXqPAc0YMdzUI6DTqFW8-x97YgpeeD2sA,Kaisa,JUNGLE,-1583.5939290203908,-0.23044736032646307,
KR_7539084148,1,100,NeHzymY0ba7MU2H1MU8T7QA6SNw2aCIlDrSWb_BlEFJVxrRelc2xSEG_Z7hMdl-7Tv5cu6tpdbWQXw,Darius,TOP,13195.5634051887,1.920241483009029,
KR_7539084148,6,200,Jb0dsvR1HUVfx8UM5jmyxoqgSlsiwR_wH2FQJ_TZBOXXfCtKl0oH5VcPn_o2ds-G4pDnHuY3CQDfPA,Rumble,TOP,-13195.5634051887,-1.920241483009029,
KR_7539176768,2,100,TzbIETopQJ43l0w6Tha67XLyPl-vFiTqRh5Nki0d1N5gXTku17DISg2aZlDYFGuC1z4OPrqMzkGMcQ,Taliyah,JUNGLE,-12879.514419735531,-1.8742494814631572,
KR_7539176768,7,200,Ir58Bi6Pmhg_a9vzepGMV9HtLNpoKxE_B6VNafQD9_cNSZ-WTLx4S5YNXJQNXbThY93SxiMxGpH2Zw,Lillia,JUNGLE,12879.514419735531,1.8742494814631572,
KR_7539176768,3,100,WcKLmJvcMaDBexroFJCxk9RYvLHhq-zSjo-wcfb82flhDAoAZ-UYmtmDy-1G6I6dID75M4GtDVvtiw,Ambessa,MIDDLE,5817.044594025355,0.8465065109359889,
KR_7539176768,8,200,k6jnvniJjC-4nF4gXQoVD9lKh-yKGBp60v4LpKlG-A588hyVTWmkAlrYpj_C-og7hFIcO9k6GR1Zxw,Qiyana,MIDDLE,-5817.044594025355,-0.8465065109359889,
KR_7539279010,1,100,_JTnxN2VGSegk0O3peViABRpmPKWUJW9RAp714kpU7RwO3RWGkfITteq6O4CBpltNyifdyUpgA0RCQ,Ambessa,TOP,-2542.1146658318203,-0.36993297565274297,
KR_7539279010,6,200,ZBb9VnMpUoRJkKNsv-C6h38VwDXrC8dcwA2aFMvah6fPIxDud-a0_-rO4sofIQIpbahOmsAU2LeXew,KSante,TOP,2542.1146658318203,0.36993297565274297,
KR_7539377454,2,100,zRAe3foXUYzFI6BZkYYSF6VzpgUqxtzWmTYLyvK8aQZlji7IFDEVR-upmMOo4kr9RNwY_lkzwKG3XQ,Belveth,JUNGLE,3843.3219160832773,0.5592869322213923,
KR_7539377454,6,200,MPG8BbO84V5wmVkSRa8AskSYCMYtsK4m-Dw6mQeHjOvwybSgrium-tN72PyBRO68XKf6xNrJ3COqog,Pantheon,JUNGLE,-3843.3219160832773,-0.5592869322213923,
KR_7539469855,2,100,ijYSwdWpKAyf3cEryrQiRcbO2fwx3PoGH64HC55vf5NhMNnDDB_7dAhKan5Sj0QGJpJhz48z52EGzw,LeeSin,JUNGLE,15720.977439755497,2.2877441535688554,
KR_7539469855,7,200,E8TgLlbpXNBPTIMDTNc1hffWQ3UVMB1kI9Hs3IWeJSEX_DzidaId0OnhMkvEysZTQCyyjLAo0t2KlQ,Graves,JUNGLE,-15720.977439755497,-2.2877441535688554,
KR_7539469855,1,100,Ub1VHsM1B0m1ctinxNljs2OZOvOXjP-fyZSQ3KxVgR_U1FnmEC1wzHDCP5JM4Vs6vuavFGta0WvxBw,Aurora,TOP,-2018.100888809347,-0.2936775736354914,
KR_7539469855,6,200,dZwc7FkzA7w_DvMf2nO_Tn17izmdoly_B1Xl6rWwBp7gZUiCX5wTcGaGVB7FdaIX93lic1crkwhxrQ,Heimerdinger,TOP,2018.100888809347,0.2936775736354914,
KR_7539560082,1,100,spk6YkGyrd4_5TbHRlVVFvDF1zmpYg2RxWlP6SUjSe11xy6yagLrLdIEn136N9wdTahpMrN_xk5N-g,KSante,TOP,7154.049630139044,1.0410698239604226,
KR_7539560082,6,200,A-Z_AaM67jCgwIpr3e54SvbqnxJ2uTAqwGKTd7eogC6otN3xTfkhCiT_2Z_y6dzyAdx6PsNibpJ0AQ,Jayce,TOP,-7154.049630139044,-1.0410698239604226,
KR_7539692033,2,100,svoSA5_6K6jNQXtqudrqzZe0JkkIq9b_YiiGyLc1ujwTisG8kyVHEzjlJFvMF7tRqtjnxFt3bb0HtQ,Elise,JUNGLE,-19836.593756817576,-2.886655843619458,
KR_7539692033,8,200,jWhjGAcj-FjwSPY95SXOJN6Nj-yl6WZsK2hj0T1O4SVp1NKw2DwTCJjvVVqjqUM07XDKw5lEeUKZzQ,Kled,JUNGLE,19836.593756817576,2.886655843619458,
KR_7539837801,1,100,XwixmilDwR86pz1qqcr5a9_Z1fZpkymaUK2iNRvMwjOg_bYLXHYsF49UsnIcZFyEkBfYH6swuuyOZQ,Renekton,TOP,1826.0558876737095,0.2657308489325386,
KR_7539837801,6,200,TWNdf7qd_JC30FaOTkkWSEp5r9KEW-4bpwmZ8mSLr5mX-uBfSvpxLG95DOqPXcpwNULrYHcN7stTMQ,Ambessa,TOP,-1826.0558876737095,-0.2657308489325386,
KR_7539973126,2,100,ZjhtrG2gWS3YYicBbJGf0KQznTqbcQ0AoEEOMX7zjR_oryB-1ZV_1oZp3fsvS57ddPreIkHQ5lkJ2Q,Viego,JUNGLE,-6769.891329060968,-0.9851664355926074,
KR_7539973126,6,200,OU58kHnN8Maf-u8yr-UZMT3zKyFqw61CZawCXdfiV_J_kumU5FxqSKiLVT4t7i0_N-FzHWFPCmSVQQ,Irelia,JUNGLE,6769.891329060968,0.9851664355926074,
KR_7540062244,2,100,9hJA5KMfwEiYIMS3nz6haQwh2OmWjXhNRcoLR2DL-ot9ELGrQRBuRDV3wHV5f2rKp03PeYLIifntJA,LeeSin,JUNGLE,5634.361006095223,0.8199220754680476,
KR_7540062244,7,200,0CDX1sFEXSMtcMUlLR-5tZenQgujPYYqBRH0zDkrdeaOVNRK35rliboQG_Q4jpzF5JCDFxaupDU9Sw,Pantheon,JUNGLE,-5634.361006095223,-0.8199220754680476,
KR_7540062244,3,100,MBUzVjn0AR72yp6kkRKtuUT8_ZXGohVgDaBHYBkR6qlIE6XJxReJhclrcYu5j5b57_wcpCbn16Mzeg,Azir,MIDDLE,3805.9038438547227,0.5538417888575822,
KR_7540062244,8,200,TlIvxTJRBWnADKk7rXZC9ZsrTPIvR1eJqVx3InLWMN-ogTp1AWAlV4Hvrr_gqz0EduiXAmGqWArqIQ,Syndra,MIDDLE,-3805.9038438547227,-0.5538417888575822,
KR_7540062244,1,100,ZJ73TuyurEawfD2OswxvMhUsxePokstsQbrHPdHg2XDJxyErS7yik45SPTmWtjZPA1ZF4xjocCE82Q,Aurora,TOP,3631.915213629701,0.5285226588537332,
KR_7540062244,6,200,50t33MNnK1amyWv5uZv1B3jZ3442iYS8BE2G6a_IJqCpvVR46luEyGOmt-hl_LUdwaqhME9dSw3iAw,Vladimir,TOP,-3631.915213629701,-0.5285226588537332,
KR_7540136498,2,100,wn-Y1K32_NkI3pU8930tSSHEsTBqUctON4l5owh7kjzg2QBtmI6Kr3choF9gobpHi0iqQGJjteOy3A,Elise,JUNGLE,146.74203403965907,0.021354157637049138,
KR_7540136498,7,200,koasl7wnS-PjVfxU8MDkXhpgzVADsP3cDpHAbUM6hL5XFFkUiYxfftN-iuelNjgxLebgJRge5N9ZZw,Kindred,JUNGLE,-146.74203403965907,-0.021354157637049138,
KR_7540136498,3,100,RpfgaSJMUK_WXacjFMN2Jw07IPONubosibIrVZc8rdyAsZte53n5Pxh50nTvkFkvy0eg1XWtCX3sFw,Yone,MIDDLE,9037.791872984184,1.3151952922663346,
KR_7540136498,8,200,x1PJVaR7Tp6Q0zy-HTxE_U_HVsQAgmCcHqjJ1Avnbjy-ujMAXD15ySO-DVTCoDUylEimjod4D11BPw,Akali,MIDDLE,-9037.791872984184,-1.3151952922663346,
KR_7540136498,1,100,yGrbzwT0U55q8EgDMBk_zvle7ALYh-ToZGlAv1S1e_aMfHCc29BsLvjyBAH2WgUuqT79-LW02MeArw,Gwen,TOP,-6925.1345635917205,-1.0077577028048306,
KR_7540136498,6,200,Xi1_F6Gto98WJGc9Zjl2pWFtglMgM68LieCtn2qII44f4rieyjCnyV9EDSVXhW09fNRcodBROeKJHA,Fiora,TOP,6925.1345635917205,1.0077577028048306,
KR_7540202153,2,100,FfvKgQte87INoNPxraJPPos3oxTPbEBqgsv6cbVBqq4ERS83yodeaLPzRVgz77dylS-POTg-SG_hLw,Karthus,JUNGLE,-3013.030896617759,-0.43846152980465125,
KR_7540202153,7,200,ZJ73TuyurEawfD2OswxvMhUsxePokstsQbrHPdHg2XDJxyErS7yik45SPTmWtjZPA1ZF4xjocCE82Q,Viego,JUNGLE,3013.030896617759,0.43846152980465125,
KR_7540202153,3,100,QGt1mrMfZNNcJEswfQkwDqqW7yyAHIGGfJOn_V3aApXyAj3s_IbVIvoHIrRnlP8zTcBk0rYX7zJK9Q,Katarina,MIDDLE,23041.236043836234,3.353000998333991,
KR_7540202153,8,200,_Rk9DztOxqkLO06w_cDz9AlHJ1uBbC8_Sv-zidSC2EuDuqIJ3_xClKKXZlAq_FBQR8IY3fqFBpQeag,Xerath,MIDDLE,-23041.236043836234,-3.353000998333991,
KR_7540202153,1,100,LzI6XJWK1Zm8_YkQSFOjhRB1KbSgFYX9Nb6mLUMoh9OO9jjnggGiC-kisY6asURaDd0mA8KVIm0TYg,Gangplank,TOP,-12968.086416349342,-1.8871386334385778,
KR_7540202153,6,200,4pAcnYzDn2fxDWfkJzJVxXOmMC-aOOE2Go9aGKs75njiw8E_JOY9HmRYGrM7dwdnztB_v-RhPi9Y-w,Ambessa,TOP,12968.086416349342,1.8871386334385778,
KR_7540281356,7,200,XK1TL4q868hrrsK-8qAf_0oNx0zsyoXB4wqocZgrEvvx3ItoCvB1tNvQQCFuKJ28NHDtZXUWn8jQhw,Nidalee,MIDDLE,17607.997809051118,2.562346660573569,
KR_7540281356,8,200,g9b1xv2mpxAf7DfM-7nS3DLxPErIQigwWpJnJ4BIQJMYZScobIqaHIV6xBFP55Yu9DvV6iH9i0w8jA,Pantheon,MIDDLE,-17607.997809051118,-2.562346660573569,
KR_7540449667,1,100,66DCPcBxZIO7lllEiwHfq6oO-rv4sIAQh359QrXgMeis-uHVfh7S1uwxqHu5w-QsJe32b1lsAzI-Kw,Karma,TOP,-7667.790631539517,-1.1158303136886503,
KR_7540449667,6,200,Vay0gTKGSln69joPoJVgtWiIHbvqdlO3tgxHryDNLBpOf6mCJVgHwox5XB_e6NqAGenNez8sKPpbAQ,Darius,TOP,7667.790631539517,1.1158303136886503,
KR_7540538484,2,100,GXK1x-l9HEndpx26lh6ztWYyWYYZC0wKAA9wpcffjOIeTNuT_PEAZuGYfBEWuowj7Km-MyFZrhye-Q,Nocturne,JUNGLE,-3184.365481352266,-0.4633944384633264,
KR_7540538484,7,200,DMGtxcbjyBIjS8KMkEawMApRTPa0O5X3JdX2rTyddl05DCqms4ZA7Hhm5MRZTH96PEkw0npazlvQKw,Talon,JUNGLE,3184.365481352266,0.4633944384633264,
KR_7540621444,2,100,ij0IY85TX_3xZ4NwaovGj2UjKG5kF4SPuTNklcVFBKtrIkx14sF1WDEe4I_-t72bPIPCaO-sgFV4Dg,LeeSin,JUNGLE,12318.052540600018,1.7925445660807438,
KR_7540621444,7,200,Qj5D-krPhKBUIELQ21zlDUAunjd996Z_Ia3nTT6vFSI84iLpgPWjFRy6CgM5h7XYYHA0s-xoEsXTnQ,Vi,JUNGLE,-12318.052540600018,-1.7925445660807438,
KR_7540713577,1,100,abcXImUS5_TGuWRJpVoSroMMU06qORFTXQmSAt5BQV59-bqkCQsK_R7t9e7ACo5WJZO5x3iRCKrGCg,Irelia,JUNGLE,15090.455651599343,2.1959895193497214,
KR_7540713577,2,100,wLzxxsYf8ToOLE6IOMsO_FEssMXOxtQXvV-04f7-pm5XwVFs50JERL6aPxCHbiQwLfdzkihl4zMBmg,Karthus,JUNGLE,-15090.455651599343,-2.1959895193497214,
KR_7540713577,3,100,WTfyqipJlepwWsAozB2lg5rzjlPzLHKRNhKEEcFTiIAJvO0OmI6zMD5m9OxyK24KgrqVmk2LJHTRVA,Zed,MIDDLE,-12997.96946144883,-1.8914872664659559,
KR_7540713577,7,200,guLhrex7LxEgoHxt2IWY5ia_9C-LPu_k_iI3hCexMWVdNillNIFlgWcyA09A1dtD_NFGX_0dM5TiIA,LeeSin,MIDDLE,12997.96946144883,1.8914872664659559,
KR_7540713577,6,200,lzCaAyD2hbmZq7Sst61KC7pTPsf4d5naWhqxpyruasxEAOW8J67hkZS-veBuLkzuRezQJmXCGjLCoA,Rumble,TOP,-6079.973699928891,-0.8847684146337056,
KR_7540713577,8,200,cbmO41fSjzSFmNRP5dwXgsGhW8GBebJx1zETbswOEw-kAuEAjTXReX3KoUF65lWwzIOOusEidzPV8g,Galio,TOP,6079.973699928891,0.8847684146337056,
KR_7540826341,1,100,tLDTaYr8ttjx3CUpCTp8Mm1Wwni4vIk11qNiE6o7-wnxlMSbCZbtOYLwIuvFFYiLTGo0xTTpzaCxxg,Shaco,TOP,-17455.335159122904,-2.5401309245495223,
KR_7540826341,6,200,Vr3fdjIXlpNJzWp8VQ8GZvzu3vzqfAxkZtvvvWTixWEm86W-Te13_8JkV9BuHCsZibBmhK8WU2yV8w,Gragas,TOP,17455.335159122904,2.5401309245495223,
KR_7541103371,2,100,j-0pHI_nMhtveNkDQcDLOX1Q7yRsgnv5YSX6nZZhPoLKVgckIJ_HgklVCdAeSgveIM9cNMhkgNuq0A,FiddleSticks,JUNGLE,-102.61091526962768,-0.014932119990631503,
KR_7541103371,7,200,3O-U1x5MSPzwbzykrsJx6LEIwna0tHRAoHWz1lmHnVzt5tdecDIQsjAZwvWEy_8AgpVtUYFFLXxL1A,Vi,JUNGLE,102.61091526962768,0.014932119990631503,
KR_7541103371,3,100,_cd7vtJcVki6B2RP0EckbS1KaLeVXuITBYgUZv9__GkAV-AupmEV9DuvSjluGxhFTN1u2Ende50SsQ,Yone,MIDDLE,3583.97557134018,0.5215463981986743,
KR_7541103371,8,200,innqHV8xKfeIdJYba7W0BU_75gJ-QCPMLrDgc78DQP2066sXcaaVHQHOIiXutLySoTRbKlriwBvbLA,Sylas,MIDDLE,-3583.97557134018,-0.5215463981986743,
KR_7541103371,1,100,abcXImUS5_TGuWRJpVoSroMMU06qORFTXQmSAt5BQV59-bqkCQsK_R7t9e7ACo5WJZO5x3iRCKrGCg,Irelia,TOP,-10059.752368360607,-1.4639127722980407,
KR_7541103371,6,200,t13dwJyw_2TEJeiLPW34eQqm9wY5Y3zR7TZU8y32B3vc-jcPkIyuF75_THkOOD0ueAiHNZxK5sJRoQ,Nasus,TOP,10059.752368360607,1.4639127722980407,
KR_7541226902,2,100,MdoLagvFpt1j_lQLx0JNny_e4X0o4rmmS7nmwKP4K6ozAPMfstyMmxwCRJ0P9sxYNhWaVGQTFB_Mjg,Viego,JUNGLE,-6412.131267438108,-0.9331045652353365,
KR_7541226902,7,200,Bm769S9hR8qt1QlMVaUtW1eT7HCgnVigVaSMCb3yyzwmvNHtAKsJ8i2yCz2qTjmz0ECmLWhX90koSw,JarvanIV,JUNGLE,6412.131267438108,0.9331045652353365,
KR_7541226902,1,100,5jucZWaSwKOeeKyz7Xq-ndM-JZr5dJuO-CfFx_o8W6xnarOP_dIDVYb86yJ1HG8rkL5xFrGDibnrcA,Vladimir,TOP,-8481.298850041449,-1.2342134535341176,
KR_7541226902,6,200,abcXImUS5_TGuWRJpVoSroMMU06qORFTXQmSAt5BQV59-bqkCQsK_R7t9e7ACo5WJZO5x3iRCKrGCg,Irelia,TOP,8481.298850041449,1.2342134535341176,
KR_7541346432,2,100,ZCfuj32nQ8pzEQjFuZxCFfEBI7_YSrLuPAoyiCJ3u6hMdgES1UTlqGKxdm4z6VN8QFuk2oBSmAazxw,Viego,JUNGLE,13222.405103476973,1.924147533925149,
KR_7541346432,7,200,Fu5A5KbBDvmEG-dSy0Zr9_ginb_tSnWUX-onwgWqnVFaoKViVAgXWR04RPAtu_ZwS0Zk-G67zXacGg,Lillia,JUNGLE,-13222.405103476973,-1.924147533925149,
KR_7541346432,3,100,D-5OlAf4dhclsS-XrU0kgytW-jS7mp4wWYFOE-lA61UKR2edGaqfmlgQobkrXE2IMGZ2ML4_ZNq7iQ,Vex,MIDDLE,1448.119819282947,0.21073293075619823,
KR_7541346432,8,200,E96c_zm7RZjg589g23qPwcZWKutB8VGW9Baim5O4flKVMtoZ7mlLMEaRgryrjqgP3CDYilibCRvaoQ,Kennen,MIDDLE,-1448.119819282947,-0.21073293075619823,
KR_7541346432,1,100,VVZTAGbip8j001spNaWnW_79YsW7hQr6L1q-U3cemWCaSrh25bqDSLhFEFizA-UWTPczXr5wjhEnCQ,Yasuo,TOP,2199.0738914526783,0.3200130817384482,
KR_7541346432,6,200,baBRiRvUEzGDnI5kF5eo2rvAsVLcTv5O3xEqbCSu8Pb9KsrFc8tXf413m5EDoOg3UIdDsT_5PxQhZQ,Illaoi,TOP,-2199.0738914526783,-0.3200130817384482,
KR_7541439998,3,100,TlIvxTJRBWnADKk7rXZC9ZsrTPIvR1eJqVx3InLWMN-ogTp1AWAlV4Hvrr_gqz0EduiXAmGqWArqIQ,Yone,MIDDLE,9079.378402950546,1.3212470368962308,
KR_7541439998,8,200,miM4Fr_cY1MZLmPRnsFhWjyvggBj5DC4Th1NoF5v3vSg47FeZxIa8DS25am0RCN9IuBt-l6xzDSM8Q,Vex,MIDDLE,-9079.378402950546,-1.3212470368962308,
KR_7541572520,1,100,jBA0fZaqQpvhbtX9vkyIoWD3WhGTm39l8YzprvhxhVdbzW9qLCQHMPnL_6-G2y_Y-Fl4DDhpFYHIqQ,Yone,TOP,-24658.307122426613,-3.5883200120611654,
KR_7541572520,6,200,Xi1_F6Gto98WJGc9Zjl2pWFtglMgM68LieCtn2qII44f4rieyjCnyV9EDSVXhW09fNRcodBROeKJHA,Fiora,TOP,24658.307122426613,3.5883200120611654,
KR_7541785394,2,100,L6Sc_Cz8OXgA9BYP7ieRva3gE6_RPQ-K112LPvo-EDszQanlepoSX4O-2Efs_SYOu5mfksynH_TgZA,LeeSin,JUNGLE,-2957.3727537562095,-0.4303620594366058,
KR_7541785394,7,200,lo8TGOlVrYpAS5bDbBs4EQke5aLuvrxD9dz7pAORw7vwe4_r-dsrvX5UNt-hh5dunOegAnT9A5riwA,Viego,JUNGLE,2957.3727537562095,0.4303620594366058,
KR_7541785394,3,100,n0mmWdNHd5AxRmw7eJ_hijJQQSySkOrYRgsKBteqWpvoAhvjvoUodbtWiUc4pUXrszcArZVZEq_iqA,Akali,MIDDLE,1305.9273324661322,0.19004083119412138,
KR_7541785394,8,200,R15sWTsy9gbZZ4HRRN-OFw0SJkPStIlqu5bmduDveUe_g-R7JjyzdWlV3FBrWX7jfT4Go9Xvd5_F4Q,Sylas,MIDDLE,-1305.9273324661322,-0.19004083119412138,
KR_7541900972,2,100,38Db75G7ofXFROvvTIOo2hp6a1CRSZmv9cQG5M2wcLVCBMdXx8C5qLBj2ngQ1lch4VZTwTMiH8UFqg,Zyra,JUNGLE,-18209.85302394173,-2.6499296848757994,
KR_7541900972,7,200,MMIeQmfIiyT-2B2FGei3YyxcsHFCYDX29LhsSV0pYA1QT0ZceRC3L52rMhayEQ_YIygqCzxYTAZUow,Kindred,JUNGLE,18209.85302394173,2.6499296848757994,
KR_7541900972,3,100,z6GTsMQYqrBXp_OBqhrMZwZM-0MDW4FZiwXg6Z_--Fzx76aQFaycSJpuJax2hnQsFyyd1d7i4E9S6w,Qiyana,MIDDLE,-684.9012103085649,-0.09966802291143176,
KR_7541900972,8,200,Re2k97yK9Tr1yOH6FAHcK7za-cP8L7BMXVbJ1HAhixpxRdmRCBVjtVaOYFCIrSGw3zN6dL1NFBhj7g,Aurora,MIDDLE,684.9012103085649,0.09966802291143176,
KR_7541900972,1,100,oajIfY2cV8cLXD0ItzURaYDhD-Jr9zZHw3NhwYLY-lcIYBlFi3fIN-07feYAcKs9evX7mLcyi8VMvQ,Ryze,TOP,-9764.49463836582,-1.420946350637551,
KR_7541900972,6,200,fuLZOlEoYDtJ8lOnsLymNaAn95sccl2sB7H_uiaIrHbdM31ZdiWDP0tln3lC3lbSVdLqhHVCDf2aVA,Singed,TOP,9764.49463836582,1.420946350637551,
KR_7542000613,9,200,6uiiWiKe2NQvrJKnBRxibfqve6C8liBwT7pGuT5q5z0zGETKChIfWRIy9Cas42siHP6S7swpQv2UFA,Ezreal,BOTTOM,16873.695620549042,2.455489720848543,
KR_7542000613,10,200,XEOMbXvuQbkGuG0L7shFIzYKyoBYJttuAYCy5vpzXSrGDBMhhEP-SYq_AOcH8FoxSjLEpWTn4y5eOg,Neeko,BOTTOM,-16873.695620549042,-2.455489720848543,
KR_7542000613,2,100,O8F-rTXvkSvIVAY_pLGrZf3hxtIJQ6_ZArN68bOWlnNsYnb3khmxGhJB_fCd22oFAzfq3MXyX-1Jbw,Vi,JUNGLE,-13838.072925504353,-2.0137405929942243,
KR_7542000613,7,200,A9ZO50sizLWNMsx8GO7AeZRTeuQbJQfF0X-DltkyyZ9eqpC301Z4uNBdzOp1-jC1-LkrTN6cyYGdPw,Zac,JUNGLE,13838.072925504353,2.0137405929942243,
KR_7542101077,2,100,2ErjjqG1lBFLhhQmHFavGAK8h0qpAu_aDiDSielWCGZi_BAOIJb8daFwrbPzsNpvAnI42CyC7N7lOg,Vi,JUNGLE,-5742.8470020394925,-0.8357091474816474,
KR_7542101077,7,200,LdrNKaUV_8v_e_CQSlusGrLvS6cZi4shR6ycwUmFcfKVkZKb9HUmjzh00mUBy2qFiT00oZvWaTl4WA,MasterYi,JUNGLE,5742.8470020394925,0.8357091474816474,
KR_7542219489,2,100,UrfQEBsXA1UT1iAi3WCBc0V5LJaFFvijwwuoBMnrkJJk8MAANn7fAdg8j-e4C8GP6-nkBRH0opNymg,LeeSin,JUNGLE,-866.7212776646862,-0.126126797354017,
KR_7542219489,7,200,_p2_YeH0rJo_Kh8420wg6A_AVlao3YzFVyQJFBPOythY4FoYLKD43AQVtaQj0GMyX6TbWLfqxs5vlA,Nidalee,JUNGLE,866.7212776646862,0.126126797354017,
KR_7542219489,1,100,uSwfkCgdg8y_rkWo6Crs5HGsLDSGX0LoP7lLv2aS0GxOCXljiJVWt0YVf3If6MenQsZ_LagRzjLT3g,Aurora,TOP,16416.68227105932,2.3889843383171696,
KR_7542219489,10,200,U5yAz3vqaLWzAk6K6DDtr9NpsAGJBikpqymDUVDXXJ_1xHGhb_vqvlPbJrz8H7kD8CFSrR65vd1Pww,Lulu,TOP,-16416.68227105932,-2.3889843383171696,
KR_7542339693,2,100,ij0IY85TX_3xZ4NwaovGj2UjKG5kF4SPuTNklcVFBKtrIkx14sF1WDEe4I_-t72bPIPCaO-sgFV4Dg,LeeSin,JUNGLE,4274.240694570691,0.6219949871070015,
KR_7542339693,7,200,JFfqh98Xjn9NT7JmUnWayvCa_MothKkgXsg12tl5vN7WqLQ29UqWTxBJfKINbWF2sloGweI0hrP5aw,Viego,JUNGLE,-4274.240694570691,-0.6219949871070015,
KR_7542339693,3,100,EJSFcv9ED7Ah8G7-r89F3u4jf-MqymgLFytv-gaPzyjM2XwipgotAa2Zg57AsgpuQMCY3W193AXGNQ,Hwei,MIDDLE,-6400.063709371654,-0.9313484730635757,
KR_7542339693,8,200,GspU5SfDiE0oK5j3Mm8K_-8lvoEDWN6QtjpCeZ3uW-Tx3cvWYUj5sV2AuKJ0CzOeqy8r_zzf_YGcfg,Karma,MIDDLE,6400.063709371654,0.9313484730635757,
KR_7542339693,1,100,Z6KxQo3Rm_WVRa2XVb5VZpGyhARTVUraTCF8ofGov0h4K35eoXASFgwe6eow0oBCiR5EHlfxZHmjow,Zilean,TOP,-289.7005404632087,-0.04215772971306745,
KR_7542339693,6,200,MhzzndPHLDWpnaKaFJuzzKcm1U9X74V1K98LrKXrtfuIANZRrxf-oBf-0lwm8DW-skqu60FTcYRXzw,KSante,TOP,289.7005404632087,0.04215772971306745,
KR_7542478118,2,100,Aw58G59GsNLUTBg1rMiTWihs73nCL_FmXb52LGwH6LWhRpEfREOY2SqBrq6gzZ-UnGt_y8LTh1fcqg,Talon,JUNGLE,6384.088811702564,0.9290237779937958,
KR_7542478118,7,200,Z95-b3Nm-yPd8g-Bl6LhxFZ2ebSeqJmMpj9oDBp0ATm4VMvwszqloPWU0FzOfEqjeQHJxbU9RPFohw,Poppy,JUNGLE,-6384.088811702564,-0.9290237779937958,
KR_7542478118,3,100,UOidwoQ1ckkgKf6cnZuQYrTzQz5FYLrnBBmGy6nubIlDtTRvf1pICqcdphmPhEBjaZ3l-z4a9FtFnw,Yasuo,MIDDLE,-36155.96743668743,-5.261479665426836,
KR_7542478118,6,200,Ub1VHsM1B0m1ctinxNljs2OZOvOXjP-fyZSQ3KxVgR_U1FnmEC1wzHDCP5JM4Vs6vuavFGta0WvxBw,Sett,MIDDLE,36155.96743668743,5.261479665426836,
KR_7542478118,1,100,_3Cl7e-mj_Y8HZ9S0agjifyK1f7fEuhXlxwZzVp3yEBnxczA615SpzfNeuE13Uj_LWZcVB_i1Ky40Q,Ornn,TOP,-9033.460317472032,-1.3145649567266546,
KR_7542478118,8,200,Acbso3farZKZMNGdkFDTjt9_94CrxHe6Wipdnr-zZktV2olqUWSx6UAE6CSGhbqyZrzKvf4K0S0uQg,Kassadin,TOP,9033.460317472032,1.3145649567266546,
KR_7542635152,1,100,_-GIcSLcQgrBj8GlRBfaCTHVMeRqb5Xf7nCLduBXXeySCKnZZnrn5YzWHgKD0KVisCYs9Kro8BP4QQ,Jayce,TOP,-7719.434362975317,-1.1233455998795685,
KR_7542635152,6,200,FdJbZkeBxUzrwwTiQFWJP2qeVD1FfM12X7EypXZaZOZzr3S-Q2PBIXxiItPurdF3uEIVEDStTTHB3g,Gragas,TOP,7719.434362975317,1.1233455998795685,
KR_7542952147,4,100,V5Tkm8gKacZda664gtunDuNexwHWeTgcek8oSmMX5hpO9OFKlT9SE8FVSWaU4Re9yORa3jZxnLDq6Q,Mel,BOTTOM,4453.794482095455,0.6481239685418424,
KR_7542952147,5,100,VpeKD5-_0q2Q_VxC2m-KL9ZcUP3VSc3gEv87z296DtksymCzpEAthxuv4ljIPontR9-1nIMf2JSMgA,Rakan,BOTTOM,-4453.794482095455,-0.6481239685418424,
KR_7543016270,2,100,XK1TL4q868hrrsK-8qAf_0oNx0zsyoXB4wqocZgrEvvx3ItoCvB1tNvQQCFuKJ28NHDtZXUWn8jQhw,Nidalee,JUNGLE,12695.987091992367,1.8475422635008196,
KR_7543016270,7,200,xqhQ6CKhrH_bTOTl_1YGHR7NgjM1Vka4SgmJMlFj9alUJ-gnHu6Gpb_OCzIK8VKyah9Q4HUZXf9NTQ,Graves,JUNGLE,-12695.987091992367,-1.8475422635008196,
KR_7543016270,3,100,W-2qKUa1ZpZC9-9zYr7yhBsEQXZZhq7rf0Px3vYbVb_KTYtRHZ60utL-p1XqeHB7XnMWT0Q01O-R8w,Galio,MIDDLE,-1730.3214785738865,-0.2517994101557334,
KR_7543016270,8,200,qIL383o4X--WqTFQcj7d8tRjIY8eqqams6R5ZDQYzmYF0KshcspiKbNyILJdx4qiVJmcN1vPowMFFA,Zed,MIDDLE,1730.3214785738865,0.2517994101557334,
KR_7543016270,1,100,5e6_hOznQ3QLNBkfIU1K-acLiOU8cjv1CLWpsMEUW86MA8WlnhoQxr39Av8V57__2T887OY3tgEFxw,Ambessa,TOP,2805.2703861323826,0.4082278566741596,
KR_7543016270,6,200,LzI6XJWK1Zm8_YkQSFOjhRB1KbSgFYX9Nb6mLUMoh9OO9jjnggGiC-kisY6asURaDd0mA8KVIm0TYg,Gangplank,TOP,-2805.2703861323826,-0.4082278566741596,
KR_7543251182,2,100,BTt_A4ZzxOxQcxiFPix2PoXpIKJYa3euT3zvl8AMyDaAOvti1pvnP9zYVyTK3bn3xErIKlk2EFQBXg,Nunu,JUNGLE,11526.926523297347,1.6774185233295145,
KR_7543251182,7,200,d4MgphghTZg-9fdTL4auMQGunaX8ig5RtY6BkGhOzqoGzLA3mTv7ecYjPSNCqQALCA8Aglqu-3GciQ,Vi,JUNGLE,-11526.926523297347,-1.6774185233295145,
KR_7543392986,2,100,dXjU7d5fQ4eSNfxc-v4qtXK76YTIFi_j5qHb7zsW5PDJaaUDNu8gKlCAa5mZfSlXwY5FfLveyeilgQ,Zyra,JUNGLE,-20369.943227671498,-2.964269792143391,
KR_7543392986,7,200,wDoXG6D-EiQHZsnLLnNXXxw0yAHwb6_fEFJmKHSNQkX3JNPQwQW5cER7XOu5Uh9A3jG74FOyoHACaQ,Nidalee,JUNGLE,20369.943227671498,2.964269792143391,
KR_7543392986,3,100,e-YAcXIvfMj9HsZMHyaGFYyRDDyEn0bLgf8kImpiI31B5K8PGcUReBxcgQsAOjKb2Z_f011aETDtTQ,Neeko,MIDDLE,-6549.54702153879,-0.9531015462918134,
KR_7543392986,8,200,AyQ5Q_fGufn69HdWuMy6rEdFF3orL8UuIVgrpHqP2jRZMvg_-_u1au-TRVQl8D9bSsE4FYHEabMoBQ,Aurora,MIDDLE,6549.54702153879,0.9531015462918134,
KR_7543606243,2,100,aIdNwqR8x000aC8jCj-iGxB9sPpOiizwRLciJgoJFHW5iigHhpZ2ojpmcma-Kex2VINqjcoH_hkcMQ,Karthus,JUNGLE,1507.1561669206033,0.21932400339615787,
KR_7543606243,9,200,GunsjKQP8SCwx6kFM7RIZPtn5gPyreeg68Rk5SZWvbAnE4JvS14aojdxoMok8w150dDD_4eGPr-2Hw,Ezreal,JUNGLE,-1507.1561669206033,-0.21932400339615787,
KR_7543606243,3,100,XV-BDu2dOKVn-WRQlmrM-uZARI3cZTb4YUUHiNemOwnAIqJ7dqeMltmHymXqY3AZUTo5_JbBQljSmw,Yasuo,MIDDLE,-3586.5082887719714,-0.5219149636723814,
KR_7543606243,8,200,hV4CCkYgp4tAm3AH0kZ_1cRTHuqVGMKNQ8BXtU8AtNZzIbU86sUOSdYN30Ze0VttYbstyDXjQ2DlAg,Ryze,MIDDLE,3586.5082887719714,0.5219149636723814,
KR_7543751944,2,100,Eejml1AHjkPElJTNre4Xlc4Lo6yqlwPIDzSPnF3-9mh2DhUgDnMkR14KrS0lA__lkm55gwSGv2XGKw,Vi,JUNGLE,-3303.283637579532,-0.4806996167007901,
KR_7543751944,7,200,aVmbBxTSBGDeNQaAz08_sg0LtAaJAWqHzgJIzp7DErR5Psm4z1QaPwIuMi5qDSOBT_pKeLkRE2aEcw,Pantheon,JUNGLE,3303.283637579532,0.4806996167007901,
KR_7543751944,6,200,lKxuOZcFe4H0bjBOrBaZDbY8cvF5yJN-2D2FrF-VkzglOrGmn-XR7YbQFeHUTnyLvmUlU9wUK_Zppg,Lulu,TOP,-763.9015770447555,-0.11116429455377096,
KR_7543751944,8,200,TslgHCrOficI4ejDbbAMVldm42czg4A5bHGf4gWhYA3c8GguxGo7HOzC2MNl1WHhBBJf4K9S1zRY4g,Brand,TOP,763.9015770447555,0.11116429455377096,
KR_7543891833,1,100,0oaW02aml3hYlyNYGPvuo4l1IBYycZrv16RC4Y9xGxx0zAJkVQjmfx-hwm6HmG1xu2v9jNuH-k2OQw,Ambessa,TOP,613.438217969894,0.08926860318413819,
KR_7543891833,6,200,Bl56JSEuA_lG0t1uxnI1x--Q79YwJ5Yj6j1YcWtNdrrBsqp00dnYNJHaE5Mx2_iGAtp8WEnFmGSLaQ,Renekton,TOP,-613.438217969894,-0.08926860318413819,
KR_7544021910,2,100,koasl7wnS-PjVfxU8MDkXhpgzVADsP3cDpHAbUM6hL5XFFkUiYxfftN-iuelNjgxLebgJRge5N9ZZw,Ekko,JUNGLE,-1286.766379464682,-0.18725249577580166,
KR_7544021910,7,200,KkVVvLEdU5m8otYGepncIsZDrqnPlCd5N8_2DvfnjpFIv7zhe-xO4itOjE10T99-q1qbkDsACFJecA,Nidalee,JUNGLE,1286.766379464682,0.18725249577580166,
KR_7544021910,3,100,eatUj6rxaF2Xg3pcak94auX-TQQvzRs8pB8ZAiuQbkQubbRXhjF6KhmTupV_0GtbluXD-_W5agUZ9A,Hwei,MIDDLE,-645.9172763610601,-0.0939950126095414,
KR_7544021910,8,200,OjQUoeQqjksUFHgTY11svac6pUCULINi2GFWSgOPBUk0oePKDSSFuwrKnL5FNDpNM1aRECaz6YvhIg,Sion,MIDDLE,645.9172763610601,0.0939950126095414,
KR_7544021910,1,100,uSwfkCgdg8y_rkWo6Crs5HGsLDSGX0LoP7lLv2aS0GxOCXljiJVWt0YVf3If6MenQsZ_LagRzjLT3g,Ambessa,TOP,-9821.54266490817,-1.4292480793115492,
KR_7544021910,6,200,spk6YkGyrd4_5TbHRlVVFvDF1zmpYg2RxWlP6SUjSe11xy6yagLrLdIEn136N9wdTahpMrN_xk5N-g,Jayce,TOP,9821.54266490817,1.4292480793115492,
KR_7544149420,1,100,XeHXj7dX1FhJRVhPInDxccRHmFnHtfcQgVOv3C3lOUNsKaKfmwWt4p-LAumXenmW1mLOZs2zsdrPWA,Jayce,TOP,-12236.848748775259,-1.7807276481628458,
KR_7544149420,6,200,ZzYHgbz0ENz5MC7ceqqX_4Yz3i2lnZJzUS4wFzN3g0p9ploeQtjTI9AuVBzuKRIH-lFk7JgGL_ZiTw,Tryndamere,TOP,12236.848748775259,1.7807276481628458,
KR_7544299380,1,100,jCW4u4IbClNLJn6zGIOsK0klpWr9O-Lbjc4xKcN225Nm3h_yRXdIRTkfPYTb9t3tHRBT0hYXVzIOqA,Gnar,TOP,-4096.9489053835405,-0.5961951756294416,
KR_7544299380,6,200,qscSl8tOIxsoj8O6BzsSL9xypFkFsHC8HlvUewb5XpU-6GqF3cGZwc8T_-hBIBgioqubW9hkUAT_nA,Jayce,TOP,4096.9489053835405,0.5961951756294416,
KR_7544639524,2,100,s-Uzwe0l1OeWmi253DYhire0rbmmBXIMzZkZ_YkFr73F2iiUvLxzQ-HV6EcpsjzRZJB1C0oKiJILTw,Viego,JUNGLE,12284.801924901356,1.7877058782854915,
KR_7544639524,5,100,oung1_qrZHeuCSnmzXlVZMgv-fgOTBMI2f_teylr1V6UmztL6XT3ZEJdiDL_ChrGKxujZkFPfe8FQA,Galio,JUNGLE,-12284.801924901356,-1.7877058782854915,
KR_7544639524,1,100,GzCI7BymMGxIAG8sHXseqn7nWgKpuCXXH-Uss9wtC5E2ahbZgFxBC0ODSEVNI_CVx5SdsvEsmyZDwg,Karthus,TOP,-21308.857684407998,-3.10090226727616,
KR_7544639524,6,200,m3Y_U1NNxiYkIdhcrikK897o9dpM0YiSYDmuItak3gee0AeBDl8gBZySWXFYZfCFvMzVOU1y94hBEg,Aatrox,TOP,21308.857684407998,3.10090226727616,
KR_7544715864,2,100,hV4CCkYgp4tAm3AH0kZ_1cRTHuqVGMKNQ8BXtU8AtNZzIbU86sUOSdYN30Ze0VttYbstyDXjQ2DlAg,Belveth,JUNGLE,15873.36078400096,2.3099192445410774,
KR_7544715864,7,200,CmxieCbkCL018DnGXoeGKbQZUu71oppc2sqgVQF2pZgyA2D-EIy5IyPg4AK3nAPD4BvFEVggsf4AXw,Taliyah,JUNGLE,-15873.36078400096,-2.3099192445410774,
KR_7544917270,9,200,U7XoxSSyhLMjc-8vim2lb6zYEba2oPzA-TUQ-MivoaNgRGg1Vod2e2ODICNzvSjiOoRvFBdRVOLv1A,Caitlyn,BOTTOM,-3675.352359009757,-0.5348437082777752,
KR_7544917270,10,200,YMJ3V_A9UWqdK-DarcFieKajBGnsr3f6X0_2zLLcJS6NDnz8XE6dMos6BNVGuSVbNB_8mLSO5A84yg,Bard,BOTTOM,3675.352359009757,0.5348437082777752,
KR_7545078699,2,100,6qmaghTj-UCM4FuiU-W2TxC_CNqikTzd4eX-mxGc4o8Hi4nhwhNUPR8uKky6xWc5pTM6XBkfySCsPQ,Kayn,JUNGLE,6053.278637361571,0.8808837024043564,
KR_7545078699,7,200,wDoXG6D-EiQHZsnLLnNXXxw0yAHwb6_fEFJmKHSNQkX3JNPQwQW5cER7XOu5Uh9A3jG74FOyoHACaQ,Viego,JUNGLE,-6053.278637361571,-0.8808837024043564,
KR_7545078699,3,100,eKyi3Meo05-R00ONc0WSqZKtH7i62iaL2DcCpLSR-hlXW2XOZOGdzGouKmXK2kzb0XyzJolxXjZyWQ,Galio,MIDDLE,4802.433540764309,0.6988585345846918,
KR_7545078699,8,200,jMzTloqAaSkcQ-lLEMYFKFQPupgqSYLvszXEkuTVf1mm1e4UD2ejGXluNfybT3x4rb9tI2C1i7ovEw,TwistedFate,MIDDLE,-4802.433540764309,-0.6988585345846918,
KR_7545078699,1,100,Lv9NxvGjK0kOQyclhALpuXzg-n2Xj754qpNkTot5ecckCZfqJFkNHKx2XkcmSgJrygPPAx-DzvDQlA,Skarner,TOP,-13099.7796447424,-1.9063028625379048,
KR_7545078699,6,200,XV-BDu2dOKVn-WRQlmrM-uZARI3cZTb4YUUHiNemOwnAIqJ7dqeMltmHymXqY3AZUTo5_JbBQljSmw,KSante,TOP,13099.7796447424,1.9063028625379048,
KR_7545223812,2,100,JRSToCe69po8x75rF-YqeAQm2cIfDcNWutxNoSKEYEL8I9gUsJGZXqFSuSYySYbK_8LbnH4yLFHHRw,LeeSin,JUNGLE,-4351.844172569278,-0.6332879810552606,
KR_7545223812,7,200,Bl56JSEuA_lG0t1uxnI1x--Q79YwJ5Yj6j1YcWtNdrrBsqp00dnYNJHaE5Mx2_iGAtp8WEnFmGSLaQ,Nidalee,JUNGLE,4351.844172569278,0.6332879810552606,
KR_7545370606,2,100,ULH3ffJx2QamRmix-ymv-1_3Epr6lGFXik-b8UMK_G9Lk_V_sOgPBq8-iCfVXBcXeSZiEgSLn1q-Xg,XinZhao,JUNGLE,16476.315995824356,2.397662342322299,
KR_7545370606,9,200,awscXWeDkBSAA4Ve-bvC5fIVACswmgrr5ChLuKPkgdVgmSwJlwG-K_ztC7cpmomydUnK445TkPmGGA,Caitlyn,JUNGLE,-16476.315995824356,-2.397662342322299,
KR_7545370606,3,100,UZoRnqAI2ZXPiTlmw2Rz_hNvmRjCsL_EWwTzbINjObclAhWjsn-6AoEyn7j5nq7phzCKWA0dcE-r-w,Aurora,MIDDLE,-12895.790727265152,-1.8766180382234012,
KR_7545370606,7,200,l1vPWgXSGmFgK_IlZ5ddbIdQXDTUVX6vtuRZVdJZB67oNqDEs-xqT5gE6rwNhIrGQs5Z-U3_0DaN4g,Viego,MIDDLE,12895.790727265152,1.8766180382234012,
KR_7545370606,1,100,cysaHEyik35MbnOutkx8PmMfbAik4cDjO9qNzN221ubyNXIDCLC_Vzd0-fxhPKUzxlFchr8bv1IjPw,Jax,TOP,4673.1019752108405,0.6800379787954166,
KR_7545370606,6,200,arm8IeSSRT-HMJptAggfIOMCmP1H5VcsxJ110b-MjL_O2_sxHd1CeVq4Rj0GBD10g7B6lGoNdHZETw,Rumble,TOP,-4673.1019752108405,-0.6800379787954166,
KR_7545516892,2,100,BOsrR5OT3hqa9Ga1ckb2JomNerWzEJNGxH7HJAP8NNF0mJj6prHlwWMuTW3EvlozWIcTgwEbq3VpuQ,Graves,JUNGLE,-12042.646079459944,-1.7524669358098048,
KR_7545516892,7,200,wuicHM_pSRIMSaJl7yMg-a59T2w4TEQ6wQcoSgHhywlKN8e2KAIV2FXIv_4wzYDOL2VYa9V0alDzpg,Darius,JUNGLE,12042.646079459944,1.7524669358098048,
KR_7545516892,3,100,lRKyzJ4aai3J2HQPh_2kS4Z91DmydvXsGuEUP3O_FNW-GN0y0MFcCP3XOVlnBrmLh5xThGCGozr0JQ,Leblanc,MIDDLE,-1296.8738556932778,-0.18872335340777255,
KR_7545516892,4,100,sJZ4QUwc1RCloS0Bh_kqoqGJlStyaCjOplyuQw98MhUd2Ep1YyKOgm9YCZ_5t-8q9-9SMSwp23SCYA,Ashe,MIDDLE,1296.8738556932778,0.18872335340777255,
KR_7545696021,1,100,OjQUoeQqjksUFHgTY11svac6pUCULINi2GFWSgOPBUk0oePKDSSFuwrKnL5FNDpNM1aRECaz6YvhIg,Sion,TOP,12252.034680484252,1.7829375315251799,
KR_7545696021,6,200,WCJFqJQk3uKHVNt7XjnHMZlvne-mniVqL9BFWP2C6trW260v7_oUQIik1BbdOn1ASzYqsTi2AzzM0Q,Gwen,TOP,-12252.034680484252,-1.7829375315251799,
KR_7545883677,7,200,mgNidMI2iBeeJGDXeFRrt4MorHA-U8jIx5pc_FMnnAqHezq40mV6k9JCy_UVNgLihMW6AjlbE2hS0g,Darius,MIDDLE,10703.777769410812,1.557632475900984,
KR_7545883677,8,200,Lp2bu4VP2-3aL2wA0wlZpP1QPfP0SQzxkM6gaqdZqfKGJdyI7WjmhkJ9pPka2KE525_gdqQSf5zrAA,Viktor,MIDDLE,-10703.777769410812,-1.557632475900984,
KR_7546083819,1,100,BjyfKKEcZeIjqYa5nZTzsiz7ctJC1GoMp5Q1VxbQPIAIMczyQ65eb9iVqW9E3pKuU2ff7zKuy377Mg,Vladimir,TOP,4295.67961819711,0.6251148167978146,
KR_7546083819,6,200,bb5CMB8agRrpHYi-I0dSzrNQIx0XIaJbfxCOr9cBDAV7e73Vl8SlUuVOjVcHtxHWRCOTro3emnJMyw,Gragas,TOP,-4295.67961819711,-0.6251148167978146,
KR_7546227238,2,100,hd7eAvjraSXvbmfhIFxjq0UlPT2WsUX40N9F0vbqIVsqT3bRjUd9qQpdj5o5l5dJptTOeGPpjjWgyw,Graves,JUNGLE,-7313.1182916432945,-1.0642177740015004,
KR_7546227238,7,200,v9i-vVA86e3YH6sWEvSc3pISXi9_wExo-USZd4MEiiAcsZu_dioqn5NxwnH6hty0BEc77qoFg4eINg,Kindred,JUNGLE,7313.1182916432945,1.0642177740015004,
KR_7546227238,3,100,Q_tsjY4Me7KYnZqpRAqkOYsFxXJsooqnljYeEeqGJ1IazU6yqFFUIkXeAewaUt_jaRi0OTLyTGHZxw,Nunu,MIDDLE,-1994.2672615849713,-0.29020926248563755,
KR_7546227238,8,200,IHb1k-bAXw4vKh4l4EqmIn57bi9cJv2J95wmL1Th1lmsN5pY5eBndYJuDO3i9AcR8W01XYf_fWiiyw,Ekko,MIDDLE,1994.2672615849713,0.29020926248563755,
KR_7546227238,1,100,iFRRr_HuFlOrqBw8rn9DSbapGnaWIZgSv-4gZsY3xzVhpjTKy947KzPz8aMeILWD8uapA3NqR2PpZw,Kennen,TOP,-8293.637742684356,-1.206904680726978,
KR_7546227238,6,200,gm7b13x0rvtLC1ePAcqUEn4omH6oGYeh-ua5CKrztNoOKdPbrR4RWXn8VVWXPrxjhjd7KmJn1SbnKQ,KSante,TOP,8293.637742684356,1.206904680726978,
KR_7546325170,2,100,-FtkFbtaFLClM8McJFND1SQr0VclxM1fXelYOYdqy_POO-NgF8y-7-kxWoigoXfGKskPhNVnLcXZOQ,Zyra,JUNGLE,-7238.756189846972,-1.0533964707915981,
KR_7546325170,9,200,ie19JHE_HOYKbk14dmcIqtFTyRr6Z7s0sRQNzeiEuqb-L-v8rPSiVdaRZZMaMxnT9Habghzx_k7gIQ,Tristana,JUNGLE,7238.756189846972,1.0533964707915981,
KR_7546399536,9,200,_Wvq6COXDAM5P6JoF2X_aM65PFUgxlKFuCF_rDiIjzr3jclfP2UtkRfvqmZoOAea2qmEcy_HXTqUiw,Ezreal,BOTTOM,6600.7863667712145,0.9605579854946165,
KR_7546399536,10,200,6CpsV7-SfycXwD2kL7ju1t9qIrafz3Z-SRXIO-47GiGvPjvygFRB5c0-jBG9ZD0Lx1GLFww-sGDzEQ,Rell,BOTTOM,-6600.7863667712145,-0.9605579854946165,
KR_7546399536,1,100,ei46L3acO-mbYlnxFeUAs-v1hppNwyPvxopvK280GIBz8Z62Mz0xgkpZ1r4cSoNpfk_LMn7S5E_maw,Renekton,TOP,12996.025272398287,1.8912043446723932,
KR_7546399536,6,200,fuLZOlEoYDtJ8lOnsLymNaAn95sccl2sB7H_uiaIrHbdM31ZdiWDP0tln3lC3lbSVdLqhHVCDf2aVA,Volibear,TOP,-12996.025272398287,-1.8912043446723932,
KR_7546503879,3,100,UDY6yg4_foiB991ah-NXqpYxRn_FxFCSWU8PsV_ipW-30lv9NEuJruglQ4dfw2E9K5lrexLj2RN1Jg,Lucian,MIDDLE,3232.5440415643693,0.4704054668726591,
KR_7546503879,8,200,9dCIrzomUW7qKXTsqvviywLiWH7BKbeMlHzNtH0kqsgrVQHwmqkyJg5RezfGkmh7ksbDBjxMaxIHIw,Orianna,MIDDLE,-3232.5440415643693,-0.4704054668726591,
KR_7546758254,9,200,V5Tkm8gKacZda664gtunDuNexwHWeTgcek8oSmMX5hpO9OFKlT9SE8FVSWaU4Re9yORa3jZxnLDq6Q,Corki,BOTTOM,4907.532140657184,0.7141526667959098,
KR_7546758254,10,200,oJa0xP-0sedZ4Ma7wF-Jt7uuYc7QGZq7NhZSC9NfX-5Mz3cNRUMVUMEzwxw7AajkatA5yHdqdNLUtQ,Braum,BOTTOM,-4907.532140657184,-0.7141526667959098,
KR_7546758254,2,100,8rAjYoa_nSx3wXyVxYCA_A9MMtp3xdgYzfsLi-it9iJYQ2zgbzORQjoCqCY1sKOWujmnS5jEBFwS_g,LeeSin,JUNGLE,-13.260409428910599,-0.0019296779898814842,
KR_7546758254,7,200,550_WZAUn_6W1A0AFEEGwXwLuoVv0i3dst9m_T8o6fn0KkNlCy8n_BTXAPzDH2YhgFPkubIeDYwXaQ,Gwen,JUNGLE,13.260409428910599,0.0019296779898814842,
KR_7546758254,3,100,T5D80qIoD_oHvioStkEJbbEASCOIrYoViMykNTCfx41GKt2ik4T4Ajmg3WjQwJOpA0-_ihlU7Ojb9w,Ambessa,MIDDLE,16027.670934308002,2.3323747277038827,
KR_7546758254,5,100,aAb7LpPAndIIJsb8LCC-wZ6wcmznrNJKIeHxqE_xH-0GokpLz9F8ocBmnKl5PTMA1jl7CZk_XNVAOg,Nautilus,MIDDLE,-16027.670934308002,-2.3323747277038827,
KR_7546906939,2,100,EgB6SInV-hwvWOHNvW_lcJnLkxSEesB6Gu1ezugsQXlfzGFJRFGk3cQy_0FjWQLvCgnpQPwqPMmDCQ,Graves,JUNGLE,-425.40390839368683,-0.061905521336854875,
KR_7546906939,5,100,nYWMsPWC9P5DZyvfOB5ZepeN2jTbl8G-S0PS_P_2lOEYMcRndjAuedz94Li7GAjkxp4K8kkW0VKyzg,Alistar,JUNGLE,425.40390839368683,0.061905521336854875,
KR_7546906939,1,100,y4cTMsjWeWp__cQ3bA8QRIhkOfZxa8JRSb0Y_e-PmgJ8TBewHyVwBHzrZPi9jPojSKrrq0o7jB7kRA,Jayce,TOP,-2190.7708417312,-0.3188048074100933,
KR_7546906939,6,200,2_M_Fyj9A7kPJzNvkyu0QyQTWDULBqG8omzAacIX_Vk8pX-FLfPFa3PIoItU1G26VHUNof1E2tZSrg,Rumble,TOP,2190.7708417312,0.3188048074100933,
KR_7547036307,2,100,CYntBfXJ7jLDGW0J7Le8YRokiUlSZr8V76nUv1njBSUbBLV66wJ6CAFJCnIstOQyk-G9pdtc1cdbMQ,MonkeyKing,JUNGLE,-3257.004840457179,-0.4739650451414464,
KR_7547036307,7,200,0Yj7hVrh5f8mcUi1FtzVmPOksoBAUr3pBr3ULVg56jle-9iVpE0_A3dsp-a5RvhjM_5YLEWgOfGwFw,LeeSin,JUNGLE,3257.004840457179,0.4739650451414464,
KR_7547189907,1,100,zMWyXmoXPZT06NrvyVCofuf0yeke9nSWlrXKibzVNOlO6wTfK38VVLOVs6XNJGD_Kct-GO4v_wiQRA,Gangplank,TOP,-12867.929844695242,-1.8725636738267324,
KR_7547189907,6,200,V-CSH2uXVwZWPBi3xbsrJe1Rv40vlJehuqnMKdCZjTd77iovL84QgzfmZDNssww4azYpnczLSxyclw,Chogath,TOP,12867.929844695242,1.8725636738267324,
KR_7547313562,1,100,8b1aH8O3P8YLDSKr700hDD805uurZe6Lt0XvFwABM_lXm6YzUzum6hvDSY0pACufC_dHlRMsMXrR7A,Aatrox,TOP,-1918.2946584786862,-0.27915359630623787,
KR_7547313562,3,100,SBqDBuhTa5_pNyZFk4MoRQ6y8LGWmrAcwDaLOgrFl4Udm8uNsdsAuM5AarTHLE_cy3P_XgIrfvwt3w,Akshan,TOP,1918.2946584786862,0.27915359630623787,
KR_7547445702,2,100,4uuWmkW4xKOlMatim1O_k55ovS47ZbUMSQPsXeXWBFAfkNs2qlrEhJ_FXpq--3sjRX-HMqAo1Wm9_Q,Darius,TOP,2276.6780617882396,0.33130617643679566,
KR_7547445702,6,200,nK0hubSFqdLDvnLLvEL4L8X26YM1QDZPvafOYsCFbhYMVWwQya60vtQptnuHerCGOzPEwfXoqMzaLg,KSante,TOP,-2276.6780617882396,-0.33130617643679566,
KR_7547586020,1,100,fqd8_GZxIdKGU2ejoZ_DM7iZHpQFpGT3CmNohxGozcX2CHySB_Bw0WtYkkkq46st5XPuzZ11nQTRlQ,Vladimir,TOP,5416.66089544831,0.7882419743246982,
KR_7547586020,6,200,B6XlkBKW2Vo5Hf3uysRvmPOjCocnEUS7ylbW94u0XULd8fn2ZUa1iyZ6cvLYnn7IKzL_rd9hy6dTYg,Galio,TOP,-5416.66089544831,-0.7882419743246982,
KR_7547701052,2,100,36w9XCi-npXg0Qqte9R3HRosSxOUZTQaG6UETHn-vo4qLJ7XzbN1aS51hbLQ0UpJnTZfpCYw06huBQ,Vi,JUNGLE,19778.794945455797,2.878244859424432,
KR_7547701052,6,200,x1PJVaR7Tp6Q0zy-HTxE_U_HVsQAgmCcHqjJ1Avnbjy-ujMAXD15ySO-DVTCoDUylEimjod4D11BPw,Rumble,JUNGLE,-19778.794945455797,-2.878244859424432,
KR_7547701052,1,100,TzbIETopQJ43l0w6Tha67XLyPl-vFiTqRh5Nki0d1N5gXTku17DISg2aZlDYFGuC1z4OPrqMzkGMcQ,Darius,TOP,-13737.365925999804,-1.9990855341581637,
KR_7547701052,7,200,ltuQOiBNvClmzu_WdLShzPeapYNCdRWhhISf5NSvtVUDyVGwDYypdFfJFx6s6XdjhZiC2NFi5OX3ng,Nocturne,TOP,13737.365925999804,1.9990855341581637,
KR_7547777370,2,100,O7SUvmgSDubWV6Vc2grEUys_lQwTXcG1B_OryEbTZsryIRhuo1mEePYU8wDP9YPhPm9vW0WAKipiCw,FiddleSticks,JUNGLE,2497.4068489844285,0.3634270158927092,
KR_7547777370,7,200,YC5fatCdHOgo9LlnaDliBR0MrGK_8QIFFdPhUMj2fHGMf2ZSgslFoU5sQG_oqVDuBpJS8jK1iHzvEw,Graves,JUNGLE,-2497.4068489844285,-0.3634270158927092,
KR_7547777370,3,100,fT2qqUcvuh1UPurLWZdo1W8Z5YxpGkc-rN9PZ754p5GinCqSwa-6ToCHmwlDi0MzhMeIyC1p_ulWyw,Quinn,MIDDLE,-2204.408517207807,-0.320789385815567,
KR_7547777370,8,200,GuY805ou9Wvmv7qgGPNvvbqDmGEC7i0zR0y5Myyge-wbb9CYniAnLSA7VgfIrS-TU8ojCV5WL7xwjw,Akali,MIDDLE,2204.408517207807,0.320789385815567,
KR_7547777370,1,100,x1PJVaR7Tp6Q0zy-HTxE_U_HVsQAgmCcHqjJ1Avnbjy-ujMAXD15ySO-DVTCoDUylEimjod4D11BPw,Jayce,TOP,10394.527392588749,1.5126298197827623,
KR_7547777370,6,200,9YddokhkU7t4mTuo8t9K1yoPhYsl5wwv17pc_HCV0QBVV4bLqO_1OtbCeRUmgLlZyLtQWXov1IJWzQ,Ambessa,TOP,-10394.527392588749,-1.5126298197827623,
KR_7547834576,4,100,Z1wDKYkX1wxVU4ofPGxh80vg0wx9g9YVuyUQ698pKpXYKk7K-4YeNWhrJHd2dREx1SjMN6Td27hUPw,Corki,BOTTOM,4170.866776140008,0.6069518335608836,
KR_7547834576,9,200,93VsjgmXzRmUlJjfEINc-DLkMwAZ5I2PiLn7U8d_kmOIzGi_c3Gco34Ww6F3IfettcC_mF_OW-pBxA,Malphite,BOTTOM,-4170.866776140008,-0.6069518335608836,
KR_7547834576,5,100,zP4gpXtGtavPcO-VjlllYp6qNU9bk98hNDd3KclF-PtQC6O3LO-FQ8E4U7wfc6WRlbKqz_XqAhahog,Lux,MIDDLE,-35003.80082896749,-5.093814364026241,
KR_7547834576,7,200,VFjhzL0QJ6gIkT-Ok1XdV3JYxNX0Wlz6lFmTiKwRwn2rEr6xiPWlaFlrcgFFVw91vj3lIFj2A6V92w,Gwen,MIDDLE,35003.80082896749,5.093814364026241,
KR_7547867603,1,100,oWKdqzW3E-hG2JoDKztXiIx8n5y8rQJnAFAHLR90gRGIFv-AYJobQthkp8IiFShIqk4_X2qEI0XRlw,Renekton,TOP,-4104.322803089376,-0.5972682381301789,
KR_7547867603,6,200,wMctWoHO_SIPNrk7sEOTs2yZtmOEwlx4t3GltkeabbsENcaphLjAul5YeKqnVeufeAsTk3VsioTm2Q,Belveth,TOP,4104.322803089376,0.5972682381301789,
KR_7547906073,1,100,FdJbZkeBxUzrwwTiQFWJP2qeVD1FfM12X7EypXZaZOZzr3S-Q2PBIXxiItPurdF3uEIVEDStTTHB3g,Akali,TOP,-9470.098699772952,-1.3781053383702675,
KR_7547906073,6,200,4pAcnYzDn2fxDWfkJzJVxXOmMC-aOOE2Go9aGKs75njiw8E_JOY9HmRYGrM7dwdnztB_v-RhPi9Y-w,Ambessa,TOP,9470.098699772952,1.3781053383702675,
KR_7547957137,3,100,zuiMlltc1JhOz36qbr37xt_GjceudwZbtfuuWtn8sXvuMGmqgwRdzGs2O681aGHZvYftNAWTJSjdKA,Aurora,TOP,-17336.509359541018,-2.522839186212747,
KR_7547957137,6,200,zMWyXmoXPZT06NrvyVCofuf0yeke9nSWlrXKibzVNOlO6wTfK38VVLOVs6XNJGD_Kct-GO4v_wiQRA,Gangplank,TOP,17336.509359541018,2.522839186212747,
KR_7548036009,7,200,z6GTsMQYqrBXp_OBqhrMZwZM-0MDW4FZiwXg6Z_--Fzx76aQFaycSJpuJax2hnQsFyyd1d7i4E9S6w,Qiyana,MIDDLE,-10730.592190670472,-1.561534557416157,
KR_7548036009,8,200,B_slvHdoIgS1ZGeirF9TtwpLcJF17fu0Rah2XzJ-1h88CoejdvdjBt7CouUowj0Kl-NtDUuBet-I0w,Yone,MIDDLE,10730.592190670472,1.561534557416157,
KR_7548140996,2,100,MrD0ybm5geZWq7XUXxkdm-AFoOuzML3q-Ol_qq_6UbvjV1F1X1uL7ia4PTvR9UoCte0QVUJLLQQZ4g,Skarner,JUNGLE,8706.370189888507,1.2669662288525856,
KR_7548140996,7,200,YC5fatCdHOgo9LlnaDliBR0MrGK_8QIFFdPhUMj2fHGMf2ZSgslFoU5sQG_oqVDuBpJS8jK1iHzvEw,Graves,JUNGLE,-8706.370189888507,-1.2669662288525856,
KR_7548140996,3,100,4MOIe-__tq5Wo-GMmg7Pxy_1Ej-hbV16mV6mRBHg5i2ir5a_DRfDZcFx-diM4QcP43T4hWcSbLfE4g,Ryze,MIDDLE,7507.35931896627,1.0924840682789545,
KR_7548140996,8,200,w9ASupfQ6swln0x04OUavLNlT_z7Bdfc8F49bmXSxnfoNmi1f8_aMCWg-baU2O-5j62uLHJteJiA4w,Velkoz,MIDDLE,-7507.35931896627,-1.0924840682789545,
KR_7548140996,1,100,oajIfY2cV8cLXD0ItzURaYDhD-Jr9zZHw3NhwYLY-lcIYBlFi3fIN-07feYAcKs9evX7mLcyi8VMvQ,Jayce,TOP,437.9644720273932,0.0637333565416733,
KR_7548140996,6,200,Ob3ybx-kURZ5PWEq8P1CBzdJhE1rPg5N1xkDJ06Z3iOKcy52gwYhkVqKKD-hA8OzFro5dIE3hTX4EQ,Rumble,TOP,-437.9644720273932,-0.0637333565416733,
KR_7548221873,7,200,v4h7UG-PEMoL004U7hSlqBZ1xPduGO5shuMyIuD9MlNkISUJNeC0PQzfCAPUgYRtLrx9ItMWWv4BYQ,Nidalee,MIDDLE,22781.993398660663,3.3152755548538453,
KR_7548221873,8,200,pL5aRwxiivTEZu73OTBP_JurojqsyWXVl_Lm8L_XmdkKDnjqkJeXDgX_5IPM8ybzWl5uBgETIlMnCw,Orianna,MIDDLE,-22781.993398660663,-3.3152755548538453,
KR_7548311227,9,200,s-Uzwe0l1OeWmi253DYhire0rbmmBXIMzZkZ_YkFr73F2iiUvLxzQ-HV6EcpsjzRZJB1C0oKiJILTw,Ezreal,BOTTOM,-4410.734124576573,-0.6418577499468529,
KR_7548311227,10,200,O8F-rTXvkSvIVAY_pLGrZf3hxtIJQ6_ZArN68bOWlnNsYnb3khmxGhJB_fCd22oFAzfq3MXyX-1Jbw,Poppy,BOTTOM,4410.734124576573,0.6418577499468529,
KR_7548311227,1,100,9hle-6h22oJ95GF1cCuotGrX9oQ_yHUfvJRX17j09ceL3iml9hscZWdOIszlkl-FBBX5-_ekDJN2Jg,Teemo,JUNGLE,-4597.938385322364,-0.6691000416354939,
KR_7548311227,7,200,a4dY25Qz7CJlyuKpYuZoLeaCns40sQJDFHf5SPosso-EQHqAe3h5EC_SRT_WxNriHcYZJiGuO-KMSw,Kindred,JUNGLE,4597.938385322364,0.6691000416354939,
KR_7548427703,2,100,gB4kZ6tr5Lzl99YaZ1Il5VKYXJ7Xv0rUrOktLKSv2jHws_9v-2RUj7RMIxVKa09vxsOqPkK-MxAD4g,Nidalee,JUNGLE,4364.040981302647,0.6350628820102993,
KR_7548427703,9,200,BZWTebPySQAvr0t9Pqb0Z_-MJ8oEfwP-FSDAWlTi3oPrJnZJthxN-XbYl-inkJxofOHFGQwNkSD83A,Tristana,JUNGLE,-4364.040981302647,-0.6350628820102993,
KR_7548427703,1,100,a4NyUtjCqsOXKHs2Hb2HvUboTCuxx7G1Uzrkeq_liZBHpDvzSjmieejs0e74sN3j6NSSUdvyW5H-zQ,Jayce,TOP,9260.622218448936,1.3476219541598615,
KR_7548427703,6,200,K9z7SlM2euqrLLzSakMl95L5TpR0yFq-mQWi706iOS9xx63H9TK2hpU6bpdA-DoAg-mlIaL7jkUfXg,KSante,TOP,-9260.622218448936,-1.3476219541598615,
KR_7548551400,2,100,K8ByLKr57UcfjNid78QlaoijqrR2NoITQ26E-M7TyyRoX5dwo9pzeymalU7ddKfpfmDxzucrFy9E4w,Zac,JUNGLE,19079.20638283169,2.776439507296668,
KR_7548551400,7,200,BOsrR5OT3hqa9Ga1ckb2JomNerWzEJNGxH7HJAP8NNF0mJj6prHlwWMuTW3EvlozWIcTgwEbq3VpuQ,Graves,JUNGLE,-19079.20638283169,-2.776439507296668,
KR_7548551400,3,100,6DiAAJq-qfU4boZFScjia35_g9p7OEhPkw8ZZRklCmJeKUYnUpgHc48NjOWodEUEIQpHKwTcpaYR3w,LeeSin,MIDDLE,11204.713298503408,1.6305294908854628,
KR_7548551400,8,200,ZjWfH1yQW5XPtd8Fya2KmxQtsr83OemQaxpcyDSXIaqAPnoUQbIrPUa5tw5bGf7S2V0QCl5-iz3Jgw,Taliyah,MIDDLE,-11204.713298503408,-1.6305294908854628,
KR_7548551400,1,100,hx8USDJg3vM_9BAvtnHDKgqksm3USmYJ74QjcloiiGL-qY6GzldWbvyXCpjoML-smccx3fqFfug8Nw,Gragas,TOP,30638.734265381496,4.458602237486986,
KR_7548551400,6,200,xfq6_sC0pVmRz3eAzPXt9n9DAUkQcGwdItmilkMx5zmj3Wh_Cf4pRCEXMhq1DfvO7KUKKcumkSMypg,Galio,TOP,-30638.734265381496,-4.458602237486986,
KR_7548672144,1,100,yGrbzwT0U55q8EgDMBk_zvle7ALYh-ToZGlAv1S1e_aMfHCc29BsLvjyBAH2WgUuqT79-LW02MeArw,Poppy,TOP,-15539.921826175563,-2.26139662377781,
KR_7548672144,6,200,zhTSVaf5ciF0PHtrwjmS77B5RTpKU0IT_oL9LIt3OmW1hNdgejXouUxm8uS_8Ue4Wrt30dwi1U03Zg,Jayce,TOP,15539.921826175563,2.26139662377781,
KR_7548786124,2,100,4X-9eOvsRrYWIIBX5eHMhwGb-MBQtJq13gtYN6zutDxkh5Ukk6ahKSqIzcoKlH0ihDL8AnsdUw4V8A,Nunu,JUNGLE,1702.3653933169498,0.24773119169741448,
KR_7548786124,7,200,ElujwdW0CU6o1wLXA-DbTXR_PeWd7x8LZSm8ge24xW27LmojUgOM470rGxChh23gt32oguQqAEU26A,Viego,JUNGLE,-1702.3653933169498,-0.24773119169741448,
KR_7548876440,6,200,1xgbOOKvrmiVGxdyjO3uv-YrLravOiEz1yUuR_XhTcTB-4Y68ZGpaDBM95Eqoxwjiq_G8dcrX6tk_w,KSante,BOTTOM,10710.172479584668,1.5585630453181891,
KR_7548876440,10,200,GQGJxQYZNW94DwVY6sf08PzH-zuhlm1ntGbhT41Tl_W0mRiTgOeAwUwbPvOJ1quxjx3DH-oU_RtDmQ,Lulu,BOTTOM,-10710.172479584668,-1.5585630453181891,
KR_7548939805,2,100,Q1niC_OYnOogC7nqe4BpiqXkpH6Ahzk6A7D8qFA5adQn1rKzwQUjVpEdAQly9zTOOpxHb0KLi1xtxQ,Darius,JUNGLE,-1898.262936931093,-0.2762385451249712,
KR_7548939805,7,200,DiKdpt7_SRmdjWUMZXX6iXfCZmLD7bIp-iwLI_jPyeO4IS27LDiGwW9IfUt_ul3WzujPUiExY4D2Og,MonkeyKing,JUNGLE,1898.262936931093,0.2762385451249712,
KR_7548939805,3,100,RpfgaSJMUK_WXacjFMN2Jw07IPONubosibIrVZc8rdyAsZte53n5Pxh50nTvkFkvy0eg1XWtCX3sFw,Leblanc,MIDDLE,-1869.607200999529,-0.27206851227587703,
KR_7548939805,8,200,37D_TxFZ7UtiPUS1CILQzaU63nI9BczhnbqRAeZ6fdYAKzutQvSMpQhHckWPXKsTZHGvCEqF-kjrjw,Katarina,MIDDLE,1869.607200999529,0.27206851227587703,
KR_7548939805,1,100,ZJ73TuyurEawfD2OswxvMhUsxePokstsQbrHPdHg2XDJxyErS7yik45SPTmWtjZPA1ZF4xjocCE82Q,Irelia,TOP,4156.941387145097,0.6049253865806393,
KR_7548939805,6,200,FfCcoh7b2HcRnA6xUm0gwedCoSIndbowdOIF4PaNclDJs1zY0wlzMiYOhDfZq5FVtpzjVgL4Detp1Q,Jayce,TOP,-4156.941387145097,-0.6049253865806393,
KR_7549019569,3,100,Uke5xjOA0HvtzUfvznD38V2454xGNQkKXkw4p4_83OOflvyEuvwbfgtaluCEzRednMlj7uRCo-fwog,Zoe,MIDDLE,-18884.789446579085,-2.74814761444388,
KR_7549019569,7,200,KsXO4dZp_DL8XaxTWwamLUqZQDIZ5DzT1HYu7-La15OBELPtWs1PfypUgzanT5Z1M1W9J6_uN2G0Gw,XinZhao,MIDDLE,18884.789446579085,2.74814761444388,
KR_7549111954,1,100,ZSzG980utZWAwp_cf2oXNxVIB6iDWZUHoqPZoo0qZo7SYZOHXWHZBgvFxseKAZA8jLEYKcfrIBFYQQ,Jayce,TOP,8644.851111149588,1.2580138648372288,
KR_7549111954,6,200,4r0YTSXWrDdhdLNqLJEAx45TvgdQFGGapJ4NJnNFlTafqQlveb0aTHXIGG06GxRDbXbworU0LG9bbg,Chogath,TOP,-8644.851111149588,-1.2580138648372288,
KR_7549194756,1,100,S1b1tQVp5Hw9FcbkL368Wmwob8zOLN3yvl-m9uyq8BT_1UKaz5pM1wwaMZCdDUfktZSv9kDnVJryeg,Camille,TOP,9109.792287040473,1.3256729185426288,
KR_7549194756,6,200,bmLEm5XjtT5lJkZRDpPhybFGvgHHYIVf3HKNBmil1Wb-l6DU5qmJa33RMs7JKnMiwux8oo_mQl-OOA,Vladimir,TOP,-9109.792287040473,-1.3256729185426288,
KR_7549249177,4,100,gmi18m_nSZVFIOkXKtWqq7cKX_FswpLa59c92zoOFFHozISb_BDmfNCmrbNdLST9Vhivl3UDMoC9zw,Ezreal,BOTTOM,-7455.727941823364,-1.084970579906362,
KR_7549249177,5,100,UrfQEBsXA1UT1iAi3WCBc0V5LJaFFvijwwuoBMnrkJJk8MAANn7fAdg8j-e4C8GP6-nkBRH0opNymg,XinZhao,BOTTOM,7455.727941823364,1.084970579906362,
KR_7549307614,2,100,HjAXU8PILLp2L0LhscP2skNrV571gTrhsfDAQ1Xdm8NB4PpuTL5ytIw2m46w00bNef1p3tnCDmXsIA,Elise,JUNGLE,7801.616930025608,1.135304950881443,
KR_7549307614,9,200,ushcE0G-Ht9sJXpzVVMyj55i7Hr_gLpXYBiywFMeTFKvaI00YZPQjMrWhibp-LwqybZrxCTKIKPdSw,Corki,JUNGLE,-7801.616930025608,-1.135304950881443,
KR_7549365948,2,100,38Db75G7ofXFROvvTIOo2hp6a1CRSZmv9cQG5M2wcLVCBMdXx8C5qLBj2ngQ1lch4VZTwTMiH8UFqg,Pantheon,JUNGLE,5541.537725067308,0.8064142691436341,
KR_7549365948,7,200,DiKdpt7_SRmdjWUMZXX6iXfCZmLD7bIp-iwLI_jPyeO4IS27LDiGwW9IfUt_ul3WzujPUiExY4D2Og,Zyra,JUNGLE,-5541.537725067308,-0.8064142691436341,
KR_7549365948,1,100,Lrkzz069J8mU3PFjzhhFEJrL1KiugtJ306k7FSbZHBTKJkAOn-g1TjqvLTSSjCeD0tl-ybT1KYl0ZA,Chogath,TOP,-11375.2651629077,-1.6553484967116845,
KR_7549365948,6,200,8YIbFmdZX14_iBBEl8tMh5si2yF8ECzCgaDP7r9L6XO1NIXtAUcTtfAHdHgMx2xYDxiJhsvSx2uSsg,Gnar,TOP,11375.2651629077,1.6553484967116845,
KR_7549438535,2,100,D1frAyDha70ZV7zEWKY8bwcESxCASun7kIlfJpgIFDT1ONVVcDn3urpwT2QrsESprxVQN_jtQ-xB1A,Olaf,JUNGLE,7864.974638223333,1.144524875473811,
KR_7549438535,6,200,T8tLvTlFi379ZYVL8ZDM8BYF9GRQcvQqevn8Zs3Qqdvj4bdkG0u2M0FnmEPVfw-YZPW7We6vQeH1Qw,Jayce,JUNGLE,-7864.974638223333,-1.144524875473811,
KR_7549522214,2,100,ndVAeWeo60OS_CrrxRWu_RgwVq6IvoZ3oQ5llKsM4QtZuEwkk55qKSLyf3_n2c68Mts70rD2yVTnDg,Lillia,JUNGLE,5267.339674459611,0.766512488888456,
KR_7549522214,7,200,WDispd0irOsg74koMMNiXCAsbll_Fn594PqfvkguqCpdrXdI2i7fGhH1VFFQzFbg-PUiVNLCos7znQ,Darius,JUNGLE,-5267.339674459611,-0.766512488888456,
KR_7549522214,3,100,32RxgaY_dcmky5FgvFkNRnTqTEdDpGxf_U9sL1au_JXNBPs8b3wTW_KwJ3MIXCl7dSAsXkg2M0gz0Q,Yone,MIDDLE,2380.833655505825,0.3464630807388353,
KR_7549522214,8,200,QkkGgVMkMDrqvZqzqeyBTPKFcKOm6xA0Y_P6dCQZlyRs31LTn7qtG_7qqghpv_Lvm87C9QQT9_zytA,Azir,MIDDLE,-2380.833655505825,-0.3464630807388353,
KR_7549604628,3,100,v4LlrOliqPYaqsSlptjJT6PNoJKXKQFDeE8kHJGKBBZ0siOnu2_Ut6xN8T1LJfoYlQq5MdVLDWJpjQ,Tryndamere,MIDDLE,16847.722712555722,2.4517100978167945,
KR_7549604628,7,200,8NXGW2dgsev2n5bOnlvFFSH_YPSRktg4Msp4UZZeRByi5v_iQ01fv8NgPQYQ1C8cEkSi2fyPNmdJGg,Nidalee,MIDDLE,-16847.722712555722,-2.4517100978167945,
KR_7549786420,1,100,Mbiy_CF-WE3bdB4B86s42ojNhuNXZBJtk-6SYvngt7p4DlNXRWHNlPsDFl1ncV7BcWgXg-hyjcHylQ,Jayce,TOP,-1914.5268173087588,-0.27860529346431157,
KR_7549786420,2,100,a4dY25Qz7CJlyuKpYuZoLeaCns40sQJDFHf5SPosso-EQHqAe3h5EC_SRT_WxNriHcYZJiGuO-KMSw,Gwen,TOP,1914.5268173087588,0.27860529346431157,
KR_7549862620,2,100,v1xOaVY-fPOWsor9FUURtQFZETQn-tgsFNJYlhqYCSWMt4fhq7zmRvPswsAnuD43_7z-Z-ufO38cTA,XinZhao,JUNGLE,6228.768663752955,0.9064213182062386,
KR_7549862620,7,200,bBppEsGgiY85yjye57XObYbiBc4lcONjiqhTzyzi6sazn0RIGkLbEomH_H0THl-DrXApYEXBdSKDzQ,LeeSin,JUNGLE,-6228.768663752955,-0.9064213182062386,
KR_7549862620,3,100,D-5OlAf4dhclsS-XrU0kgytW-jS7mp4wWYFOE-lA61UKR2edGaqfmlgQobkrXE2IMGZ2ML4_ZNq7iQ,Anivia,MIDDLE,4184.985765295854,0.6090064535754067,
KR_7549862620,8,200,2NfrMPGo81wN0fp4kNz6yJC0DtNDt00qVAuKjDNmSlm0F7IEsK1JqaS_wosO9g793whRmYLK6CNyvQ,Ambessa,MIDDLE,-4184.985765295854,-0.6090064535754067,
KR_7549862620,1,100,Jb0dsvR1HUVfx8UM5jmyxoqgSlsiwR_wH2FQJ_TZBOXXfCtKl0oH5VcPn_o2ds-G4pDnHuY3CQDfPA,Jax,TOP,18472.53552985356,2.6881557029110974,
KR_7549862620,6,200,VoazXjLXP7jA6CIHyBNXhE7V-mgKp0gB-fCmv_hgWnenpvOdH4p1MyPzqYFi_o-YhWEQ_2Itf6M3Sg,KSante,TOP,-18472.53552985356,-2.6881557029110974,
KR_7549922503,2,100,bb5CMB8agRrpHYi-I0dSzrNQIx0XIaJbfxCOr9cBDAV7e73Vl8SlUuVOjVcHtxHWRCOTro3emnJMyw,Karthus,JUNGLE,-9789.317900976808,-1.4245586752610302,
KR_7549922503,7,200,DA8-N6ZT7Z_K5DfIh9fsLLIL2ZHbgYS7B6MPpRMTlbt8E_wQPeVI-QGqzNBlwcysV4U5sQZYs3wI1w,LeeSin,JUNGLE,9789.317900976808,1.4245586752610302,
KR_7549960336,7,200,vV6oava9VDnCsgy_uCPhbHmBxeNvNPHMF9agwG3q7LQPcjJJwU4XLBisH1Jx4oWGPrx-yW4Q8bNQ3A,Vi,TOP,3650.120969725996,0.5311719923465269,
KR_7549960336,8,200,FiqtrFPZoDDaexpfe-h_S9kOH77-HDSkwltEX0zbRXbyfLxkV4QIso_BdcIqbjSwcJo4e6G7xtlM7A,Orianna,TOP,-3650.120969725996,-0.5311719923465269,
KR_7549997961,1,100,Zhqh-BCYW1GA7KXccPHmZ83u_JOIJDSruB0CbG9UgaBL9ecdNLcdYzjyM27BXV99dRPFjKTmKXXNeg,Skarner,TOP,-14973.111125379544,-2.17891333850528,
KR_7549997961,6,200,Ob3ybx-kURZ5PWEq8P1CBzdJhE1rPg5N1xkDJ06Z3iOKcy52gwYhkVqKKD-hA8OzFro5dIE3hTX4EQ,Jax,TOP,14973.111125379544,2.17891333850528,
KR_7550035486,2,100,4JwYzbDUd9g-T2Hvd3FAC3p8LopAT2Yxh7hsRzr2X4XDM2eWvOmJdLkGyAWtOzSJhcEUFpKiAhMqeg,Shaco,JUNGLE,-6231.611700598638,-0.9068350419042094,
KR_7550035486,9,200,Yfh3fEnwha6khSVWYWh4MMWzTwY8YI4RFtnVDBbDbyk7X7U1G11wZNJHJWZcCKjJnt9TurMsux_0ag,Zeri,JUNGLE,6231.611700598638,0.9068350419042094,
KR_7550035486,1,100,2yH0NVmMjmeDtZT388LR_Fu2WkBBU0OvkFqF0gTVPHnzRs4XZFv-51pZAsXw2iEffQUFDMzxCJXckg,Ambessa,TOP,6663.378014658777,0.969666431649809,
KR_7550035486,6,200,x3dSaKfXytSblY2UM-2TwTeAB9Gd26Qsmu4r5gGeNihve28vlGelM_GWuT-mSbLtRh8ESiKb7uZSmg,Riven,TOP,-6663.378014658777,-0.969666431649809,
KR_7550110412,7,200,5inP8PGnEkjobwpubOfiXTTYyVXFlP79XzKQBk0zzEG_gZ6l_ixPSDy5rMtfG-Q9NlNqKHngmPtiNA,Poppy,MIDDLE,-4158.979325221457,-0.6052219508965283,
KR_7550110412,8,200,h38u6HIVeAZnJ7ZZLQhIPhA3nfwscQH5_l9Z3dTfDXXH3BQvIyn7uxKAyJtXKgVuNhIHJm-ZYBQt6w,Sylas,MIDDLE,4158.979325221457,0.6052219508965283,
KR_7550206639,1,100,cR_13lgX5Gsr2Qpl2zzdco22NMlyhgf7som8GqDkBbCYcm5LRcew7uKZIQ8oAM3ikGixaPbOwS5MpQ,Kennen,TOP,-2519.5369093470485,-0.3666474210110755,
KR_7550206639,6,200,vPKmN0NGF6L3rSBT6SywBZ82qajIMMQ4zKyVN338xxDxlpCKMMdso7B8g4q__jEVQakCC2gMkRB_Rw,Teemo,TOP,2519.5369093470485,0.3666474210110755,
KR_7550270829,2,100,VY0JmNK4wsph8yq62tH99OuvaCxRGV_WkarlG4g8c995FCv0xPXndQL2bD1psq6TtDh2G6rOAzueLg,Udyr,JUNGLE,7901.573389957147,1.1498507898851642,
KR_7550270829,7,200,JRoyw2RQS7vxG2-XdtEv441PMwL2fNqA6honmfHOdi-2o8U2jMGyQYowGQ1-iNftSID8st6cFF8svw,Vi,JUNGLE,-7901.573389957147,-1.1498507898851642,
KR_7550270829,3,100,PIpGhn8h1jQqqHf1WR0cqXiGDVaNaHGaLtphxKKXmMu1v0cpVa2t3G-AQyHrPVu2HkhU4T3LIkJ-nw,Galio,MIDDLE,4906.11059459765,0.7139458009251844,
KR_7550270829,8,200,esi9eAoiLHinr69twqACN2jrfVpbW53hSyAlg1Z48j_-mdLvog1i4a2yv9uz-qJpX6AR2gy4ZwQr_A,Taliyah,MIDDLE,-4906.11059459765,-0.7139458009251844,
KR_7550270829,1,100,3VSTkmubjfBTvqeFqW31xzK0L1jKO-Gj0O_cPCq-q8N2YAsnJqnUScLN5HuJ88wvCS105qabckDndA,Gnar,TOP,3396.570562300819,0.4942748932669819,
KR_7550270829,6,200,A-Z_AaM67jCgwIpr3e54SvbqnxJ2uTAqwGKTd7eogC6otN3xTfkhCiT_2Z_y6dzyAdx6PsNibpJ0AQ,Ambessa,TOP,-3396.570562300819,-0.4942748932669819,
KR_7550333845,2,100,EJDJ1EEb3vtOGDYzAwFjBpUjLd72nMIMGrKYTQRfNr5GVqvpVU3EpPaUgDVaIWlR8Y8J3g4buzcZvA,Vi,JUNGLE,-4385.069153443674,-0.6381229384260168,
KR_7550333845,6,200,zKPTWy8KIDx9SG7bAMsXCWaDN_LAdJj4bpd6WOgWvgrm5qefmNFwV39kuwsvFn8L6VocOrykNXQ_Ew,Singed,JUNGLE,4385.069153443674,0.6381229384260168,
KR_7550419255,2,100,c7o6m66l3vzaLhIzVVp71aoiCWaQcJEa0PK9mymRUTwpPmXKsTfqiBxsM53jWwrALpq0MdiAJONQEg,LeeSin,JUNGLE,9561.224088305298,1.3913660644068928,
KR_7550419255,7,200,B_wpu2Rfpfdc6YMRGCQXkiOSj8O57joLtlmsPwJ5LhXZHXoeYpXaWOwmef1ZJMd_EuPegDfwuGC8ig,XinZhao,JUNGLE,-9561.224088305298,-1.3913660644068928,
KR_7550525183,5,100,zCtonMh4KMh8BCrwG8dwzk6XiGQTzjdpab8E741S4Wg2Q6yC2FZunkNOu9_LqT4s716Kkk9zEbLANw,Elise,BOTTOM,10539.371045211818,1.533707721633319,
KR_7550525183,10,200,f2qa-tLrba5fxHw01souIzq7-sg_8IC3D4jggnqUCWf0G9m0JvoF1JnyjEz6KRb3MENC8xmoSRph5w,Zyra,BOTTOM,-10539.371045211818,-1.533707721633319,
KR_7550525183,2,100,mChh9VvyWYGN31aZl7ODFk_pppSSOGXDpmIck_iIntvhU6tWxu1YLARmOkEOi0Hnuy6HnttXiMhvgA,LeeSin,JUNGLE,-3610.258364080105,-0.5253711162011422,
KR_7550525183,7,200,yks7d6lFDuqhxy2pfJDriSzGM8id7_7O2RXk7JkBZmMLJJRnAprPFv5Kwh3MafGZAZXW31_9lQB0Tg,Skarner,JUNGLE,3610.258364080105,0.5253711162011422,
KR_7550525183,1,100,1JyujT99wrKcfg3ZvG09gmWG82x6RytFZygydAjC43hjzgOtuDCyO5RuLNRh0XD2MQTLWqMApVNY2Q,KSante,TOP,21753.55614924735,3.1656155662383836,
KR_7550525183,8,200,lUp_vuObt2wzPvmxEm7uVaooJcQBbuWnPaIF6Xl_jfqIU8wVt-M8KM5VoDx4oerDumu83H2ujse__Q,Vayne,TOP,-21753.55614924735,-3.1656155662383836,
KR_7550629952,2,100,S1b1tQVp5Hw9FcbkL368Wmwob8zOLN3yvl-m9uyq8BT_1UKaz5pM1wwaMZCdDUfktZSv9kDnVJryeg,Karthus,JUNGLE,2934.980851549084,0.4271035506347235,
KR_7550629952,7,200,L56PWrLM4Fa1xENo4GS_qCGTB3n5E-mywGf9KvUD0DEuq3JNLGYb5bBWV6vZaeUTr99fq9LjfntMVg,Viego,JUNGLE,-2934.980851549084,-0.4271035506347235,
KR_7550734074,2,100,kMOVG61ciLXtEf_2YMFGp7MxSeGPSCscWVC9e-837Z4X0tNM52_knRXpj9pnfOei3mp0u-dNrjwqQA,MasterYi,JUNGLE,14428.777926244858,2.099701018617034,
KR_7550734074,7,200,v1xOaVY-fPOWsor9FUURtQFZETQn-tgsFNJYlhqYCSWMt4fhq7zmRvPswsAnuD43_7z-Z-ufO38cTA,Vi,JUNGLE,-14428.777926244858,-2.099701018617034,
KR_7550836786,2,100,g5Np9PJ49io_MIbasRrBmEyOZv2zW9MisHw6Gj5ncteEei4zynsECmfMZ0e_WxILp7iAeSWccChC6Q,Nidalee,JUNGLE,-3268.651197270844,-0.4756598433696699,
KR_7550836786,7,200,0jLdMuY1clmQxiSIoTaunTBkMQKUwCMjDS1xC3dcr-3UvzEzabogMfFyITuXkCpIXjau_DwD5jSr7w,Nocturne,JUNGLE,3268.651197270844,0.4756598433696699,
KR_7550969596,9,200,wALS_IP_19OrrMT8F0dILmaPdwLCTtLvPmW9BjIHXoW7PgvJfnnbZrg-0G5H4jcVsyXHIn7zc2olZA,Karthus,BOTTOM,5636.714254043492,0.8202645242283858,
KR_7550969596,10,200,Xp5eXjOb1tyEBWw-zg6R9jnpnOsdZk2rC9CzNMCSW48IRhlBWKeD3Teq9BrsG7fWVnv_MrNsKQfx2Q,Pyke,BOTTOM,-5636.714254043492,-0.8202645242283858,
KR_7550969596,2,100,550_WZAUn_6W1A0AFEEGwXwLuoVv0i3dst9m_T8o6fn0KkNlCy8n_BTXAPzDH2YhgFPkubIeDYwXaQ,Gwen,JUNGLE,21854.127265315215,3.1802508510789,
KR_7550969596,5,100,nYWMsPWC9P5DZyvfOB5ZepeN2jTbl8G-S0PS_P_2lOEYMcRndjAuedz94Li7GAjkxp4K8kkW0VKyzg,Poppy,JUNGLE,-21854.127265315215,-3.1802508510789,
KR_7551012435,2,100,aIdNwqR8x000aC8jCj-iGxB9sPpOiizwRLciJgoJFHW5iigHhpZ2ojpmcma-Kex2VINqjcoH_hkcMQ,Karthus,JUNGLE,1682.7636782959253,0.24487871581853748,
KR_7551012435,6,200,_-GIcSLcQgrBj8GlRBfaCTHVMeRqb5Xf7nCLduBXXeySCKnZZnrn5YzWHgKD0KVisCYs9Kro8BP4QQ,Udyr,JUNGLE,-1682.7636782959253,-0.24487871581853748,
KR_7551074909,3,100,LP1JrO4pGORhY2kAl9SwvyiF3fcfgbsgtbut60IV7JN2nVqTORm6RiQ0J1HmVWoOC5h50bMkD9Ya-w,Talon,MIDDLE,-24400.55127631617,-3.550810930183332,
KR_7551074909,7,200,rQWMkZ5AizWYF0Hot4JU8q9HEbEtkykUln7W2zP9sODqDxAfM7GrkBB6mvpMtc6hl718qi_TAe_haA,Nocturne,MIDDLE,24400.55127631617,3.550810930183332,
KR_7551422867,7,200,F5UIFRzWRcDNcpMvAYYTaOvV6X3u0avg_Io9-uJWCG-CeBGDXGYLGZWX0Nb_zPge_EhBWDgJmArfEw,XinZhao,MIDDLE,26179.810978733523,3.8097319163296786,
KR_7551422867,8,200,PMNg8M2RjTRxs2M9cSndhC0Mf7YNMhhb4gAXO6JLb5XUd89BIMaCjiI4trcFXLpD7c7oYDhju4NTXQ,Syndra,MIDDLE,-26179.810978733523,-3.8097319163296786,
KR_7551565718,2,100,SW-d-OWnYifXRrifVioHx1O1qZVwvVZcNMhWmbXUNtLO4sQjVSMIt5_ATSWLUebMW8zr8mwWIRElWg,Ivern,JUNGLE,-13055.470384602471,-1.8998549014475374,
KR_7551565718,7,200,9Jsx6rNTWjXlcgSm9qe_n259Xgl_HurdW6dP6eVIqREHCWKERzKsDY7oBEbMH0seuvKvXnX0pi2MYQ,Vi,JUNGLE,13055.470384602471,1.8998549014475374,
KR_7551691273,2,100,tYoQhSPBGiKFBzgdPIUolKsnnJXiKj3dL7ost0LMq1tAAY0FcXXEMjpgdr-u1ZjgkeOnHEfmxiH8qQ,Darius,JUNGLE,-5495.683259017928,-0.799741446984739,
KR_7551691273,7,200,2ksbTJDdSkkeSznXm-gHeVedeG6JHVKsQZM9bfbWycWblee1Fp3wBL4zfsJ4PB4pBeJvuMMyEegevQ,Viego,JUNGLE,5495.683259017928,0.799741446984739,
KR_7551691273,3,100,GGjOkMzx0wKAegXAe9Bfp6lZGwy0kjJzT4BPlq4VtXQGvDD9g-d3dA7f_L81a8aqV1aADgM6yNMyig,Galio,MIDDLE,-1823.7631315360331,-0.265397203046357,
KR_7551691273,8,200,yd9Mg89zXCf8rWY74Zoa4mpwUvVfaG21zfiygCR95qt04HeVYXEeta7CTseL_vcJGOHaq_ii1ILVqw,Ahri,MIDDLE,1823.7631315360331,0.265397203046357,
KR_7551691273,1,100,U91MGzvacxeW2AZ-1ipOyls2F32yx1RNboQ4nsnivmWvCGiTyVmTmqfqdLlgY6PSI78BjjPLSKlkvw,Irelia,TOP,26423.428820884834,3.845183611125533,
KR_7551691273,6,200,7BZYGceMfRwm_4qPUb5PbpdKRM0sHCX3I4pwv-SH5p07AaQdgaFD4_AlcqSMS0wtYTNgdVOk1pevIg,Jayce,TOP,-26423.428820884834,-3.845183611125533,
KR_7551854520,1,100,jCW4u4IbClNLJn6zGIOsK0klpWr9O-Lbjc4xKcN225Nm3h_yRXdIRTkfPYTb9t3tHRBT0hYXVzIOqA,Jayce,TOP,9406.757591466365,1.3688878294231126,
KR_7551854520,6,200,X_eyzKmTyMkE4xNyL0aeZZIvrWW7st0Q1ztpPAyuYiu-DBCbETJtghjd_5eGhzD5QAFRqXuxlxXsyw,Rumble,TOP,-9406.757591466365,-1.3688878294231126,
KR_7552023372,2,100,VAdI2kgrFJnSVZUb5zL1GEtOr8n8NEYUj6ubaiOWNaAzdu6Yesb3AD5S9VGLx6qHsID_Ye1ZST8oyA,Nocturne,JUNGLE,5939.547341523283,0.8643333251692943,
KR_7552023372,7,200,BiD82_vtrJ3k0SCxjeasH2oHBWgMK2MWauwqnIAN2VwA1W4paCZJS5fxz2_p1N4GvNxkQ_qjqMKwrQ,Viego,JUNGLE,-5939.547341523283,-0.8643333251692943,
KR_7552023372,3,100,AyQ5Q_fGufn69HdWuMy6rEdFF3orL8UuIVgrpHqP2jRZMvg_-_u1au-TRVQl8D9bSsE4FYHEabMoBQ,Aurora,MIDDLE,11498.4901202808,1.6732804081901136,
KR_7552023372,8,200,jKZO15Drdu7RxMI9oWLjxoJPkJZHNG0vghmTLuchh5zzYrxDnWIVej34zeVmF8dDDbqRWlHhRcgbeQ,Veigar,MIDDLE,-11498.4901202808,-1.6732804081901136,
KR_7552146128,2,100,-IBe7k9bo6AYRJHiIy3VCCcBrsoeXx27O86Ue46cFv1SoXQ4Gvgzl7AlJemiwn4gcH7ExLbGx1wUyQ,Viego,JUNGLE,971.3286544759216,0.1413494459226037,
KR_7552146128,6,200,-W3_FlFixzuahDhuzTLGG4TlAlwr8aYrRqQrQURZMQN6lvoaLzQt9DVtVKSmHbfC516rzdtB7471NA,MonkeyKing,JUNGLE,-971.3286544759216,-0.1413494459226037,
KR_7552229065,1,100,wTYNerp3ayJ0IHy4DvmE4anSUdy5OeE-0FOuqj-LRuERfNkepeyTCE8EwqrZamaJtAEfhDHUtVXoBg,Vi,TOP,-8246.069628664018,-1.1999824855159393,
KR_7552229065,6,200,2-cKStdoETxfUKUCT2uREiUVgNKuHUlEJ0rYD89KfqCGruZoNj_S7a4natWTxRqcHi6GyWCBREShzQ,Jayce,TOP,8246.069628664018,1.1999824855159393,
KR_7552306752,1,100,qf1MGCvqlFub2YI93ONohu6_dIPO-h2xFmUoz_UNF1Rm4beK434-hRWmLNqnRqiyHOurAdnqRfrsHA,Quinn,TOP,7550.532791301833,1.098766747540053,
KR_7552306752,6,200,50t33MNnK1amyWv5uZv1B3jZ3442iYS8BE2G6a_IJqCpvVR46luEyGOmt-hl_LUdwaqhME9dSw3iAw,Aurora,TOP,-7550.532791301833,-1.098766747540053,
KR_7552488308,2,100,BTt_A4ZzxOxQcxiFPix2PoXpIKJYa3euT3zvl8AMyDaAOvti1pvnP9zYVyTK3bn3xErIKlk2EFQBXg,Nunu,JUNGLE,-55.54686747453877,-0.008083277378961525,
KR_7552488308,7,200,kyc_BcDFgmklPpXBOgs8Rh5IR-tLWBdo1lSkhZNWKh9A9p_ymAZW3VUiiHYdOXteeN6yGzQQtUZ1RQ,LeeSin,JUNGLE,55.54686747453877,0.008083277378961525,
KR_7552488308,3,100,nxtf3ah0RQKu_RbY_8A-CNPFgiHeyUH7p4_1ESg2Hk7iWUEkARsxraXHDwQN3VbZMpSWCca6KFNStw,Taliyah,MIDDLE,-5143.6641749566825,-0.7485150137307071,
KR_7552488308,8,200,yfQXElBnpg4f1U3oN4mr_22LwpGdFMAhaFqPIoWSmUVV6ndxQBRaOvAEqirKFAXmCSCF9nR5pwXeLw,FiddleSticks,MIDDLE,5143.6641749566825,0.7485150137307071,
KR_7552488308,1,100,YczG5sHmEIsF234R-pOTtwyUA2x_JtwHgq_rsTepZsJxeAuKIJBBahT8bhk4DQBbb42VuiBU8xT13Q,Zed,TOP,-11742.08580462476,-1.7087288785430592,
KR_7552488308,6,200,8YIbFmdZX14_iBBEl8tMh5si2yF8ECzCgaDP7r9L6XO1NIXtAUcTtfAHdHgMx2xYDxiJhsvSx2uSsg,Aatrox,TOP,11742.08580462476,1.7087288785430592,
KR_7552787185,1,100,BTmAzUr9SXhXOP0X0v5WPutwBN3GhqaHVg_TCXTMQUcWjF-c3Mr0f_j06uItQs9HR4ye5NlcUM403w,Sion,TOP,11083.97147617636,1.6129589295651836,
KR_7552787185,6,200,Jb0dsvR1HUVfx8UM5jmyxoqgSlsiwR_wH2FQJ_TZBOXXfCtKl0oH5VcPn_o2ds-G4pDnHuY3CQDfPA,Camille,TOP,-11083.97147617636,-1.6129589295651836,
KR_7552917468,6,200,aw2-LufZthUZJXdGKMnY8vXpCb0KjMq-zTTtJ1HPCzlMC29WvEo_AMAnaMzUKVyXALNXyxCzx-toPw,Ambessa,JUNGLE,12382.11892538265,1.8018676185301492,
KR_7552917468,7,200,H2WsjmGyeHwFby_g36tkuRh6BZlfDXgKDjM1XwPIi0YPCnXAOSCa23mKapkQWCV9pZa0NACq7BBe3A,Karthus,JUNGLE,-12382.11892538265,-1.8018676185301492,
KR_7552917468,3,100,OfHrwCTwYIv5qv7blPK-CwpuUfYQYnymYvBGx4R1uW4XkukElOTvqNBGVf7hvhpxymwgKtoJ34KoGQ,Irelia,MIDDLE,20549.255986231838,2.9903636986214543,
KR_7552917468,8,200,E9yT04K0rsgX4FiKI3JrMmRJjARTWxLFdzWEa7jkjMoCFzVuGM59Taz4k38fX4TdsvNU_JdqKdXc3Q,Yone,MIDDLE,-20549.255986231838,-2.9903636986214543,
KR_7552917468,1,100,SJSP1phjEbN9L7LfiXXB1ZKf5_B6WF2hWrvnSj3ARPY3R6S3h-lx-kri5fMCOWNi26xdt5O1LAcPFQ,Jayce,TOP,20443.382848268637,2.9749568542745632,
KR_7552917468,2,100,eILmVn1drppR5MNuzDUEkyDo9t8IU1iFLfo_H9-5KpOvT1PZKt4npbe47TvqUOqyloy9bjIF0835Qw,Zyra,TOP,-20443.382848268637,-2.9749568542745632,
KR_7553080447,2,100,eatUj6rxaF2Xg3pcak94auX-TQQvzRs8pB8ZAiuQbkQubbRXhjF6KhmTupV_0GtbluXD-_W5agUZ9A,Viego,JUNGLE,6797.047956504696,0.9891183155506518,
KR_7553080447,7,200,Zh-QcpxNauSMljd3bdGsaWM3xuxcgg0N5hog3UQ9XJK8TkBUtq9rKwZIt5z1U7VjUmadBvkmXsJH6g,Rengar,JUNGLE,-6797.047956504696,-0.9891183155506518,
KR_7553080447,3,100,3Zrfxk1yrsizXJrV85e7r-ZyxguwMT2SawMKj6vYlR1NVshXcG-37OeOlh8dWBmrEpZCPX3P6Ye5VA,Orianna,MIDDLE,-9716.371520401965,-1.4139433902812242,
KR_7553080447,8,200,1xLNXEqnHC_2SZooxZ64AN3fhBG4Nr0WEqnzFojU4Nogkyfyw6uYDEqBMMK1w_kGMC-7PjTKovE4Og,Galio,MIDDLE,9716.371520401965,1.4139433902812242,
KR_7553080447,1,100,l15bQWXzgRkZ6U5NymgDpIatqFWn6pK2zyz1Ukv5HAF1q5DKynN-UFwpdQTGlX_twnuiUCp4YjHRDA,Teemo,TOP,-6323.348581735561,-0.9201847534149525,
KR_7553080447,6,200,FfCcoh7b2HcRnA6xUm0gwedCoSIndbowdOIF4PaNclDJs1zY0wlzMiYOhDfZq5FVtpzjVgL4Detp1Q,Karma,TOP,6323.348581735561,0.9201847534149525,
KR_7553241364,4,100,qXHJXe-AiCPTrqeMnMNPr32-xj49PrWboHcOw-f4mzZ7T_6VMg2S4haxOYxnFcsm2JMfHEnB8g2hEA,Sivir,BOTTOM,7479.567774655978,1.0884397941071884,
KR_7553241364,10,200,fTWnYKj1Np56yQIub5M9znzHuCFcNt4tJO3vkeep5116kCR57nSAQ2FjHHvT43guddpdR7S2tAheRA,Lulu,BOTTOM,-7479.567774655978,-1.0884397941071884,
KR_7553241364,2,100,VFjhzL0QJ6gIkT-Ok1XdV3JYxNX0Wlz6lFmTiKwRwn2rEr6xiPWlaFlrcgFFVw91vj3lIFj2A6V92w,Gwen,JUNGLE,13043.644403970988,1.8981339640469483,
KR_7553241364,7,200,UChQxDBlNctKfTBtAiCCtTgbStmLrffxTIulFqNHLGhGUHVxyXASm637vgnnlHeNH4wGGFasPUNNMw,Karthus,JUNGLE,-13043.644403970988,-1.8981339640469483,
KR_7553241364,3,100,p3xvZotrriI83dkOuNmdyMCLMONxvsRaCJQVllGy3737gQA5PVTtWEVfDpEGvF5fwINGaYuWI_9-vQ,Tryndamere,MIDDLE,15741.227879801856,2.290691033048887,
KR_7553241364,5,100,yzaiT9shKY9j3qsWWcAMfDngYx8Dl7XAtdeJr0WZhsYQyGOtED7wxAriCeRgf32u6bJ4ymHHZmRq0A,Zoe,MIDDLE,-15741.227879801856,-2.290691033048887,
KR_7553457272,3,100,wojavnfzIwYJ9ObMUHDUbp5FhEQJ1vQY-DAb2tNoxvJ2zYoVWEGeF4BVGAtHnsOAN6wmxmMDNDIJkg,Vladimir,MIDDLE,9537.836322655201,1.3879626358137227,
KR_7553457272,8,200,MCDh1zw7qBdQSDU1SVa6JZMN3QzBVflBc6ECYQDHLGiJFiUBPbZ1KOyBFdnWK4NvAMmAbpth1JgmSg,Syndra,MIDDLE,-9537.836322655201,-1.3879626358137227,
KR_7553622161,3,100,qkzdfUQevDX62wa57sL5LGUvvBg6va0TGrjh7wyBlFykCsI14DccjBDEftJjvtJ278_eWx7-7rh2_A,MasterYi,MIDDLE,-6593.290840286641,-0.9594672233611093,
KR_7553622161,7,200,6Nt5-7CyZjv58pmz-1fGMGISL1erg1sYGZDWuANCw7I0yn3IA9nk6G5CHO0IEPqHcn-xvVOVu3ZQog,Pantheon,MIDDLE,6593.290840286641,0.9594672233611093,
KR_7553745733,9,200,NDP3CHHvFzJjbRxv8WsSQwQmmgKgvtgygcgQsUQl0rTrDMSXoK3Eu6seSIaC__pjL6NOz11ViUZliA,Caitlyn,BOTTOM,-1211.7508997454806,-0.17633611186695008,
KR_7553745733,10,200,D-5OlAf4dhclsS-XrU0kgytW-jS7mp4wWYFOE-lA61UKR2edGaqfmlgQobkrXE2IMGZ2ML4_ZNq7iQ,Anivia,BOTTOM,1211.7508997454806,0.17633611186695008,
KR_7553745733,1,100,xFsE2ElpwU_tAcdxz6Mz6_11iJ56VipbJ0i_SJQosYGVIWxaYks7Rclsg-iEXijlp4lMkxwhoBISBg,KSante,TOP,11535.76787204059,1.6787051318737052,
KR_7553745733,6,200,JjWwBjQ8tY7cp35OlpCblDuSEXQB7rvu-9x5j7kiBGmcgYLDFLibvmqgPBu0pR1aNtuX4v9froj4-A,Sion,TOP,-11535.76787204059,-1.6787051318737052,
KR_7553854470,3,100,T9uvQ6NOQfD2rICW0JcxayJ7xSa6-lkxE7-UozscY-NO1CBEMkhWpM9qLHV9zQdjwENfjSQzJRYA-A,Zoe,MIDDLE,-14228.56123176446,-2.0705651347955802,
KR_7553854470,8,200,PZCEYAJP9AqXKpXhpCL6vmx9OyD80yJ7q3jkOgG_XRymUdm90xBkRXBU-C9yecVZIv0mG6FXQgG_5g,Sylas,MIDDLE,14228.56123176446,2.0705651347955802,
KR_7553974140,9,200,GU-dLLcXgexThGFIRE9yJa2jLKY7UfMhpIWpZvL4SDGYhLMCBcOeM9zeX_o97lM2NiVRvIblVnBKSQ,Draven,BOTTOM,2209.338722051244,0.3215068378537556,
KR_7553974140,10,200,H4YU8kGhjLeJIRx_aHiUDSf9BcoagoTzGsPErEc6p0zpVzt0c4iNVZRxXrxKg3xbqgWKcEmmOThLFg,Nautilus,BOTTOM,-2209.338722051244,-0.3215068378537556,
KR_7553974140,2,100,Dg3gMX7E0X9JnO5263vno83MENXONzJARtWdCEvC72riobI6hlAANBavv1THnxUG72GeXb9NP0FFDQ,Ivern,JUNGLE,-13319.673136697593,-1.9383021483683254,
KR_7553974140,7,200,hRmWO2CXVkAqXyjYGp8K45AGgpRHVuL3uTNThN3G1FsLtjo-Y-oFmym8s2Rffvfuun2lNlw4LcECew,Zed,JUNGLE,13319.673136697593,1.9383021483683254,
KR_7554445048,2,100,VFjhzL0QJ6gIkT-Ok1XdV3JYxNX0Wlz6lFmTiKwRwn2rEr6xiPWlaFlrcgFFVw91vj3lIFj2A6V92w,Gwen,JUNGLE,31523.765023531898,4.587393462488494,
KR_7554445048,10,200,Q1_bAfRHK0MLfCOYE7ys4Zr0T7QVb-itnfM7wia8TQOCb-JLnTlfhJmQrHIB-iLAy1IbMggbIwDgCA,Rumble,JUNGLE,-31523.765023531898,-4.587393462488494,
KR_7554445048,1,100,PTF22LFrFmfiq2VCB3F7ZgpmRbI0MG93em5GSLUCdki11qnaBKmulxjDH8e1emdBvXp0M6kbbIiAkQ,Gnar,TOP,5348.558866879755,0.7783316479279502,
KR_7554445048,6,200,NzZMPn-HBIKnXjd7yke4w97upCu9Wn7UggR3MkThh-wuItPTB8bZulPCsb8N8I16BRxIwlYt13zAmg,KSante,TOP,-5348.558866879755,-0.7783316479279502,
KR_7554841193,2,100,mauZFf44_nqYeSQagPGuj5RtfdQSffKCcTJrPoHV0ZcOJZDPZY1IdQz3BNm0IATpFzwB0j8uOQCBhw,Amumu,JUNGLE,-3084.4997363816988,-0.44886180045950475,
KR_7554841193,7,200,XWHLZLL_nUjkQNWIDkAF7LepHCRcg3d0DT4Ek_LhO6Ys41ZtPIz55_vXrYvG5dmKYG_rwR4rtmDp1Q,Warwick,JUNGLE,3084.4997363816988,0.44886180045950475,
KR_7554841193,3,100,ZaLNmr8khxkiJVXkcxDJjH_tw0lYDS2lrbE6uI1Nk4rKFVdweKPoPkec1XPbd0YM3PdGt24bah1l0Q,Sion,MIDDLE,15154.031467510933,2.2052411833583667,
KR_7554841193,8,200,S14Po2OKuIQNb_fdDiB-W7GMvFU21UadA3ypP9Mxz4pwb_L7tUShe4qDxMcYwD9LfSjN7HTR9kPi0g,Zed,MIDDLE,-15154.031467510933,-2.2052411833583667,
KR_7554841193,1,100,5VAnJyk1AESKQRvElEz0ekAfEahiRbc3ug0P1rEJuTAFR_A0qJtUj8Xk3PqPDVt9h9Z8-OgFHteVgQ,Gnar,TOP,19047.52865802941,2.771829709337699,
KR_7554841193,6,200,3QEYHWr33osr5ja_v1M32fTa43ua-5mdwaEYjBqwCkC44rQfr7cRObNA1traiAmV7xmyeu5VrX6DdA,Irelia,TOP,-19047.52865802941,-2.771829709337699,
KR_7555143858,1,100,WzAJn9saCN7wVjo5ghnXBFCt2U54EOyygl7RS1skHxXYP7_coK7Bs0mp2VCjg5K4sdx5zicB6FQu4g,Fiora,JUNGLE,8643.758409347784,1.2578548529584666,
KR_7555143858,2,100,BOsrR5OT3hqa9Ga1ckb2JomNerWzEJNGxH7HJAP8NNF0mJj6prHlwWMuTW3EvlozWIcTgwEbq3VpuQ,Vi,JUNGLE,-8643.758409347784,-1.2578548529584666,
KR_7555227553,2,100,czZcRXyYUWqH9VMdrGZeTpqkZ_pn7wlgh0j3p84ZigqN2e-kfW1yYbJ9kep-vHimtMoMaAH5ZWmjRw,Skarner,JUNGLE,45472.68268805791,6.617264375917464,
KR_7555227553,5,100,RRhnj-65Rvz18lLq9SdEaiyCsVG-f-yW7ymPu7J4QCrgHaYZVE7brYWHLoPMQeuu6GvobeT7bYgfow,Rell,JUNGLE,-45472.68268805791,-6.617264375917464,
KR_7555418547,1,100,mlKPPKejWYp7C9cvLQ7FGo2-5eEIgnt64pDbbje4RyF8dzBtlN0ZXEtlTDjrMKL6RZSvdoNDHz4mIQ,Ambessa,TOP,8444.161040254177,1.2288090944513084,
KR_7555418547,6,200,1xgbOOKvrmiVGxdyjO3uv-YrLravOiEz1yUuR_XhTcTB-4Y68ZGpaDBM95Eqoxwjiq_G8dcrX6tk_w,Yasuo,TOP,-8444.161040254177,-1.2288090944513084,
KR_7555507615,3,100,tBld43yABZX18eggkgO2XlRFzjZ8J2503fCalo8iyfQO-WcCQlgOe6AJcWx3S9vIfzr4-v0kPPWrsw,Olaf,TOP,3476.713976209682,0.5059375031345718,
KR_7555507615,6,200,EgB6SInV-hwvWOHNvW_lcJnLkxSEesB6Gu1ezugsQXlfzGFJRFGk3cQy_0FjWQLvCgnpQPwqPMmDCQ,Aatrox,TOP,-3476.713976209682,-0.5059375031345718,
KR_7555588516,3,100,jMzTloqAaSkcQ-lLEMYFKFQPupgqSYLvszXEkuTVf1mm1e4UD2ejGXluNfybT3x4rb9tI2C1i7ovEw,TwistedFate,MIDDLE,2179.505517752464,0.3171654577469331,
KR_7555588516,8,200,7F13_WoRos7YXKGB6-8j89RBukyX61GFoek1fIZEyiVK3cTm9gNxvNmwTQRIlnuHO20FRwmRTPQfRQ,Qiyana,MIDDLE,-2179.505517752464,-0.3171654577469331,
KR_7555588516,1,100,pBJsqVmVvKL-0WT1gobC3afXV8cAU4DI14Obiq1H9VFCtq_FJTwjJA4Ps6XAIpjVjPSSZ5x-uHm0Ow,Tryndamere,TOP,9241.638725167139,1.3448594429905545,
KR_7555588516,6,200,pbcvPOHtWgP9YmQOEDsoTKurCsXHHPpnzeLvBegvMG3jH4wFkl3_Vk4aDOD38x4IuR3bs1Fl_6MbGw,Aatrox,TOP,-9241.638725167139,-1.3448594429905545,
KR_7555797226,2,100,z6GTsMQYqrBXp_OBqhrMZwZM-0MDW4FZiwXg6Z_--Fzx76aQFaycSJpuJax2hnQsFyyd1d7i4E9S6w,Qiyana,JUNGLE,5105.1623778879775,0.7429121648313072,
KR_7555797226,7,200,De2zwLQElft6B9GcrxmjFX7r7dQ2HBTGS12QvYEJsJ7iLV4Qhh1L0lyZ21moEJmfftaFStGY-WjAiA,Gragas,JUNGLE,-5105.1623778879775,-0.7429121648313072,
KR_7555919738,2,100,YC5fatCdHOgo9LlnaDliBR0MrGK_8QIFFdPhUMj2fHGMf2ZSgslFoU5sQG_oqVDuBpJS8jK1iHzvEw,Hecarim,JUNGLE,8240.170934932537,1.1991240972796098,
KR_7555919738,7,200,0ExP7kxc91DHPEp9rpeXhBhKQT_Hd5kor_76PB3mlGCkFL877GMyuDKhS7QSfN4HDmDBSX29hnB2RQ,Darius,JUNGLE,-8240.170934932537,-1.1991240972796098,
KR_7555919738,3,100,w9ASupfQ6swln0x04OUavLNlT_z7Bdfc8F49bmXSxnfoNmi1f8_aMCWg-baU2O-5j62uLHJteJiA4w,Vladimir,MIDDLE,11866.894177217544,1.7268912113757195,
KR_7555919738,8,200,w-1eK_C3qYk0oYirCi9I7azX7ZXRmpsGbySDkBR9fUs2irpBT3I3OuBltVNJLah2MAhtsx0y-o-daQ,Ahri,MIDDLE,-11866.894177217544,-1.7268912113757195,
KR_7555919738,1,100,qy6LFBa4wld3KXdY_UCKtqPnEsKRNhBuGgUdgcpccK2GamJXX0jJQQeH9btJ3XlcvmrE1OKdTuYdiA,KSante,TOP,-4217.645017389619,-0.6137590851038064,
KR_7555919738,6,200,_E1JSPUAhqwisJqBQWVavE7_RogOojnOBfNaBUNiYcWyKC3l_XpWlFuROYUsbYxBx49RZ6IN7r8Sdg,Jax,TOP,4217.645017389619,0.6137590851038064,
KR_7556069018,1,100,JjWwBjQ8tY7cp35OlpCblDuSEXQB7rvu-9x5j7kiBGmcgYLDFLibvmqgPBu0pR1aNtuX4v9froj4-A,Sion,TOP,-6647.917749433028,-0.9674166267939488,
KR_7556069018,6,200,X-KhbviWvJcdGnLBBock4dyE6-snFxyACSFcqV84jBRZnkhXdOReVS53OTxLQVyKl34ZFJySSXTEzg,Darius,TOP,6647.917749433028,0.9674166267939488,
KR_7556167497,1,100,HmpWOoJItVM1M-CWxLTV4abDRlh_cM8APFq2HOojdya5Cu-1ared44D1oCo7oVgtPcwH5VCl_glFUg,Poppy,TOP,1671.565700569433,0.2432491664998804,
KR_7556167497,6,200,gm7b13x0rvtLC1ePAcqUEn4omH6oGYeh-ua5CKrztNoOKdPbrR4RWXn8VVWXPrxjhjd7KmJn1SbnKQ,Camille,TOP,-1671.565700569433,-0.2432491664998804,
KR_7556234614,1,100,yGrbzwT0U55q8EgDMBk_zvle7ALYh-ToZGlAv1S1e_aMfHCc29BsLvjyBAH2WgUuqT79-LW02MeArw,Ambessa,TOP,-11035.316551557573,-1.6058785797736062,
KR_7556234614,6,200,qpNlg7kpPCz8-5oImmkZBd4mCtvMEr63ksFRvwfnsbYsKCFI5wuyVAaxC36ro353FHqDFtEF0E7wpg,Jayce,TOP,11035.316551557573,1.6058785797736062,
KR_7556282841,2,100,gB4kZ6tr5Lzl99YaZ1Il5VKYXJ7Xv0rUrOktLKSv2jHws_9v-2RUj7RMIxVKa09vxsOqPkK-MxAD4g,LeeSin,JUNGLE,-11936.470696334502,-1.7370161082178823,
KR_7556282841,7,200,J6LUJ-1JmMQK7LSpEFz8k6hTmCxPG29bTVX3XJ65Ha3TbmorciEd6-Zoh_FcWRbmSGNt9Tocs1hrrQ,Darius,JUNGLE,11936.470696334502,1.7370161082178823,
KR_7556282841,1,100,3VSTkmubjfBTvqeFqW31xzK0L1jKO-Gj0O_cPCq-q8N2YAsnJqnUScLN5HuJ88wvCS105qabckDndA,Ambessa,TOP,1832.1245268981381,0.2666139679344587,
KR_7556282841,9,200,o0OsutMW8kCRpW84ngCeDLtCiSLyXaP7q7Omo7x1dW-h_uhO9oy4RgA6Q-RGnNwa0nbFdcSKpuiHeQ,Ashe,TOP,-1832.1245268981381,-0.2666139679344587,
KR_7556376949,2,100,W8p7dMJ7A11gEpkoe5DK8QDSvkLhiCpXJ6h_wht7P8k2PGjBeNcrUHDqu2HIrGf776C2i3jTHbdY9A,Hecarim,JUNGLE,1414.9098459934582,0.20590015731546568,
KR_7556376949,7,200,0ExP7kxc91DHPEp9rpeXhBhKQT_Hd5kor_76PB3mlGCkFL877GMyuDKhS7QSfN4HDmDBSX29hnB2RQ,Darius,JUNGLE,-1414.9098459934582,-0.20590015731546568,
KR_7556376949,3,100,S5zKm1Il5jfZ9dESVnQ3BpGZMO_MAN32alwqS2RuJ31980VuPjDH8j-8EOhycdKmgRqr6aBP01wK3g,Vladimir,MIDDLE,8131.7295820899435,1.183343521808305,
KR_7556376949,8,200,t8stZN6MlhWXjn8dzTh30dWXJlwazGuw32ljuQsmOGrAwxFYdl8crT7iEKTw2ddNJ6hogDQdRv3rdw,Ryze,MIDDLE,-8131.7295820899435,-1.183343521808305,
KR_7556376949,1,100,YC9stCvIH5FC-S-qt3S8XJ9TNcbYrw6Ng-uciW7IcIyyTwOxE4V1-IQYsOS62jbnclTN0Lp7aWIRDQ,Urgot,TOP,-11925.18482193467,-1.735373768021475,
KR_7556376949,6,200,kZkChpd2hjPyLqxLKRMlNG7l6QDU2cGxPyy0n-qyIoU-hb4mX0V25sRX6Cu50xBreE34k_Dc_T5yPw,Aatrox,TOP,11925.18482193467,1.735373768021475,
KR_7556506302,2,100,G5JWnqKBBZWxO_naxGlLnHHCWDuwMSCHnFIg-Tah3l0Epyl9ounFYGXsDPEmWuOc40N_wd8S9_uG-w,Vi,JUNGLE,3564.751492654722,0.5187488766203284,
KR_7556506302,7,200,Ukyodf_Skm9cXfFBcE-7xMacXr8tZn3ZP7BwyXaSdYVeNvK_CP31QXd3ic82W6KLxwndSFi1P64hkg,Belveth,JUNGLE,-3564.751492654722,-0.5187488766203284,
KR_7556506302,3,100,A-Z_AaM67jCgwIpr3e54SvbqnxJ2uTAqwGKTd7eogC6otN3xTfkhCiT_2Z_y6dzyAdx6PsNibpJ0AQ,Aurora,MIDDLE,-557.2576509123904,-0.08109310873269486,
KR_7556506302,8,200,3PV0N1WhJB_IY1yxcOAVIHy_k2WlgszjIeRzR0HVmQiuv-QOzx1B-w0jaBidjgOrYLNw8acjU53YQg,Leblanc,MIDDLE,557.2576509123904,0.08109310873269486,
KR_7556584460,2,100,qWxfzJONKU02DjfGo91jaBBPIUx75IhklOj9-Zih6TJnrVi422NWJinMpmgY3KHpjQ_tMn3rhli0Ng,Viego,JUNGLE,13124.35023959865,1.9098784185074686,
KR_7556584460,7,200,O7SUvmgSDubWV6Vc2grEUys_lQwTXcG1B_OryEbTZsryIRhuo1mEePYU8wDP9YPhPm9vW0WAKipiCw,FiddleSticks,JUNGLE,-13124.35023959865,-1.9098784185074686,
KR_7556701587,1,100,ZEnu9XOMeFNU7Z0guxmwjHLC2ech40MB2C_D6S91-1BtOQmyOU4ZJd_YYV2FGk-5Xfz2D92SdiVRJw,DrMundo,TOP,34530.91849029693,5.02499969841367,
KR_7556701587,8,200,T9uvQ6NOQfD2rICW0JcxayJ7xSa6-lkxE7-UozscY-NO1CBEMkhWpM9qLHV9zQdjwENfjSQzJRYA-A,Syndra,TOP,-34530.91849029693,-5.02499969841367,
KR_7556833771,2,100,mlm0JtHe6_GkM_q_8zaeoV_JvpSSJFcst4eLsdEKplI7F-XDyQC0Ii1OmA4OPIFIe5SyLg1nGWtLoQ,Pantheon,JUNGLE,9802.187765619246,1.426431520490011,
KR_7556833771,7,200,yks7d6lFDuqhxy2pfJDriSzGM8id7_7O2RXk7JkBZmMLJJRnAprPFv5Kwh3MafGZAZXW31_9lQB0Tg,Viego,JUNGLE,-9802.187765619246,-1.426431520490011,
KR_7556833771,1,100,K0DUV4BpL07rXE0_pgf92mTosl5KSFsznwvgbVdQ-KjlgYyjESeAuqmu9-fgVEDFoiSXysrEAd02AQ,Rumble,TOP,-7925.3009528022585,-1.1533036663609024,
KR_7556833771,6,200,yGrbzwT0U55q8EgDMBk_zvle7ALYh-ToZGlAv1S1e_aMfHCc29BsLvjyBAH2WgUuqT79-LW02MeArw,Ambessa,TOP,7925.3009528022585,1.1533036663609024,
KR_7556966194,3,100,hAhTbgvNXWI7Nu-Plt4sdH1VNcqdMs9ZlTzSY4Na4IrwOAAi12qlcmGcvvf23ujJlg-BJHo_VkRWtw,Zed,MIDDLE,-125.00190242537815,-0.018190495632636125,
KR_7556966194,7,200,2ErjjqG1lBFLhhQmHFavGAK8h0qpAu_aDiDSielWCGZi_BAOIJb8daFwrbPzsNpvAnI42CyC7N7lOg,Zyra,MIDDLE,125.00190242537815,0.018190495632636125,
KR_7557102804,2,100,nO1UVYCbtCd33aBKsVx0Ir4Zk8H2Hepip-DWoGxN6Qx0ewtmfUOnswKVkI9BMHNfOSpVvjS9kJzAYg,Ekko,JUNGLE,13744.424933442162,2.000112773276605,
KR_7557102804,7,200,wySJxalkTyZSfx2rYncpZ9uhVSG8mO10Xp3yv85_YjFNfGtWHIZ9N0rTMoe5nHQLae1Kwmy3_yKzuA,Zyra,JUNGLE,-13744.424933442162,-2.000112773276605,
KR_7557246486,1,100,R1R72IQuyhN2nsqFgDyLc_8AVVQAUiUyzFxzP-HnyP7nXaFbKBDdYptl5k2qP_EeEbo9-eBcJ5QECw,Akali,TOP,810.1183241919925,0.11788983649212934,
KR_7557246486,6,200,a4NyUtjCqsOXKHs2Hb2HvUboTCuxx7G1Uzrkeq_liZBHpDvzSjmieejs0e74sN3j6NSSUdvyW5H-zQ,Jayce,TOP,-810.1183241919925,-0.11788983649212934,
KR_7557352530,1,100,veVKEoOLFt2owOL4_-Y3BbQh5AOYe0ncC499EsFji_kAfUmLH1s2BUjejqPNdUDwXPaM3TsYmaPd3g,Sett,JUNGLE,39909.766566732746,5.807739085131632,
KR_7557352530,2,100,S2uQKn2hH2v7wp-Qw2AG6AdBYxxWdRtbqHPsquww50oqEZu3FehVFArPdc_ZZD7LgLVLS_jtNMQvEA,Graves,JUNGLE,-39909.766566732746,-5.807739085131632,
KR_7557352530,6,200,TmXzM_weKQ2zFt6kgn35XyQRelCE-0th3gTsoz99ECs_SU7mbC_VUTTbRjRcMRMCYZR2hzGGgIkkuw,Camille,TOP,17989.83214566463,2.6179118615648496,
KR_7557352530,7,200,HjAXU8PILLp2L0LhscP2skNrV571gTrhsfDAQ1Xdm8NB4PpuTL5ytIw2m46w00bNef1p3tnCDmXsIA,LeeSin,TOP,-17989.83214566463,-2.6179118615648496,
KR_7557478442,1,100,JZ2Cd3NW46NqtcgXivYk2SH409AoHuY6hMv4_DGZnzP6s6UfzXmYl_q_ylLpuSqQdF4yrJq0RPCdWA,Rumble,TOP,-5444.343129536809,-0.7922703414816625,
KR_7557478442,6,200,AdVgsRd4kj4ypXX7QGq9IWFMSl60fFQC99ofbE5uxNVifKrUuVI1iFsceVXib_j2HBEHu8V0Uw4jXw,Ryze,TOP,5444.343129536809,0.7922703414816625,
KR_7557557077,1,100,x0h7xFKtrsBodAiTMn0aJ32UtKHXQO1_wE2z_D7oqzx1VwWtUkjC0UIr5_mj03mwmMzGVbIzFny6_w,Jayce,TOP,-6143.130152603576,-0.8939590521701021,
KR_7557557077,6,200,ZJ73TuyurEawfD2OswxvMhUsxePokstsQbrHPdHg2XDJxyErS7yik45SPTmWtjZPA1ZF4xjocCE82Q,Irelia,TOP,6143.130152603576,0.8939590521701021,
KR_7557672285,2,100,cZfP-kZMLAufG07RFWBTCk6GUUAIcCQocatpNifhEy0CUHdoN3NR3jQDuLHJsbAimXLaQKQk41ieNQ,Nocturne,JUNGLE,3808.359382795553,0.5541991231821985,
KR_7557672285,7,200,M06DGcGofamqBAOtTiVKAB9yTh73c5eyXPTccRqjx6EkOmeD2I2wB129W4rrVwcYzOFAmjI7Eh558w,LeeSin,JUNGLE,-3808.359382795553,-0.5541991231821985,
KR_7557672285,3,100,2ksbTJDdSkkeSznXm-gHeVedeG6JHVKsQZM9bfbWycWblee1Fp3wBL4zfsJ4PB4pBeJvuMMyEegevQ,Orianna,MIDDLE,2724.8485333104795,0.3965247278885906,
KR_7557672285,8,200,z6GTsMQYqrBXp_OBqhrMZwZM-0MDW4FZiwXg6Z_--Fzx76aQFaycSJpuJax2hnQsFyyd1d7i4E9S6w,Taliyah,MIDDLE,-2724.8485333104795,-0.3965247278885906,
KR_7557672285,1,100,lli1QsRkzeUXjOyPMRQF6sdjrBNsgFzXrhfGFXRSJwcOGqZZy3_yVwnO7G0hJ4m5-s7iGzfO8ngWsQ,Pantheon,TOP,-15897.02839819016,-2.313363397183479,
KR_7557672285,6,200,ZEnu9XOMeFNU7Z0guxmwjHLC2ech40MB2C_D6S91-1BtOQmyOU4ZJd_YYV2FGk-5Xfz2D92SdiVRJw,DrMundo,TOP,15897.02839819016,2.313363397183479,
KR_7557818132,9,200,L56PWrLM4Fa1xENo4GS_qCGTB3n5E-mywGf9KvUD0DEuq3JNLGYb5bBWV6vZaeUTr99fq9LjfntMVg,Ezreal,BOTTOM,13153.327661427715,1.914095263651416,
KR_7557818132,10,200,a15s7AyxSJTvotYSm59mHheJV8qbbnURTvC2AmIC-GCQVQvRNlIoiwFbxHGESOh2qZCvfTHLSpj6nw,Yuumi,BOTTOM,-13153.327661427715,-1.914095263651416,
KR_7557992576,1,100,iTauGf0tzgKOgNDZfc-5suo0N5zo5-swuWpQRdXutw5dItAKPN29qbf0XlB9kFKJdtg1CC6JQqe62w,Rumble,TOP,-24012.85191684287,-3.4943922407999044,
KR_7557992576,6,200,zKPTWy8KIDx9SG7bAMsXCWaDN_LAdJj4bpd6WOgWvgrm5qefmNFwV39kuwsvFn8L6VocOrykNXQ_Ew,Tryndamere,TOP,24012.85191684287,3.4943922407999044,
KR_7558101490,1,100,Jb0dsvR1HUVfx8UM5jmyxoqgSlsiwR_wH2FQJ_TZBOXXfCtKl0oH5VcPn_o2ds-G4pDnHuY3CQDfPA,Aatrox,TOP,5183.832195479374,0.7543603343835334,
KR_7558101490,6,200,GzAk3n3ZWHFow6RIHZllWH8KxSBzgd2MwSff2nY0kIy5D87nTiWNtKby91-fz232x4yTE4r-yDPJjA,Sion,TOP,-5183.832195479374,-0.7543603343835334,
KR_7558174670,2,100,T98jpQ1_ARC4H1CfSt8CrJlIp25G9krksJt80Ne6PeGrwZp_VdFtL6rH3FxwLDxyH-poMo_kiKYTuQ,LeeSin,JUNGLE,371.12555676793124,0.054006840604500346,
KR_7558174670,7,200,LjncZOFW6XPjR0FN2uOFgj_tRitSKnRT3MzXso9aMlLwVVE6fWh_E0_dmV1i3IOPPtewh_qrhV1Bjg,Nidalee,JUNGLE,-371.12555676793124,-0.054006840604500346,
KR_7558174670,3,100,7tBsXaqmCvhe5NIPZmXbZDE-a7BEUooxnhqllsPZ_OyhkQTG8VCmAOo4GzDIv6SkKKCzt-kj4bNNig,Sylas,MIDDLE,-3319.3988455733297,-0.4830447299746077,
KR_7558174670,6,200,pbif0mDHFRngf41w09N5gdsVKjvVF91STM1o77O1Iw8fPkHg8PkOVZmiFAkA1ijGNx3vqp9QhupwyA,Jax,MIDDLE,3319.3988455733297,0.4830447299746077,
KR_7558224563,2,100,yGrbzwT0U55q8EgDMBk_zvle7ALYh-ToZGlAv1S1e_aMfHCc29BsLvjyBAH2WgUuqT79-LW02MeArw,Viego,JUNGLE,14796.212435596399,2.1531707315410356,
KR_7558224563,7,200,DMGtxcbjyBIjS8KMkEawMApRTPa0O5X3JdX2rTyddl05DCqms4ZA7Hhm5MRZTH96PEkw0npazlvQKw,Zed,JUNGLE,-14796.212435596399,-2.1531707315410356,
KR_7558224563,1,100,lGmb9idWN6trpV7av9MLMEsO7TGGtNgOBOS43LAx45oRLiCaaowIRuCgAZ84mQLZx7T1jJeeS-7_lA,Rumble,TOP,526.4380043166974,0.07660817981624883,
KR_7558224563,6,200,FiqtrFPZoDDaexpfe-h_S9kOH77-HDSkwltEX0zbRXbyfLxkV4QIso_BdcIqbjSwcJo4e6G7xtlM7A,Jayce,TOP,-526.4380043166974,-0.07660817981624883,
KR_7558309446,1,100,oajIfY2cV8cLXD0ItzURaYDhD-Jr9zZHw3NhwYLY-lcIYBlFi3fIN-07feYAcKs9evX7mLcyi8VMvQ,Rumble,TOP,282.211229081744,0.041067872012243156,
KR_7558309446,6,200,dCerQCPPZICw3Fq1CBXulsULfiw6yjgYWjyI8KT-RYS85EVmBFL30KZluQXVNx9Yivrq5f_v7YvIUg,Ryze,TOP,-282.211229081744,-0.041067872012243156,
KR_7558447067,2,100,UN4qDBOIiemh56_11gYXg2KGtbDZtKKGtsFPNFyKmUVLxtn27lYA1rmKMQ4UbNFZ2-EkEMaTQnqd6w,MonkeyKing,JUNGLE,926.5885158504556,0.13483878264085156,
KR_7558447067,6,200,jqsfU57XubRUUL5utavNdOa0_6cBHxBItSjGak_i0QltKmxmDn5x0SwtQiOBE-qzXHy60OO3VIt_gw,KSante,JUNGLE,-926.5885158504556,-0.13483878264085156,
KR_7558528020,3,100,DS4THQRnowYyldqL1ada-MJBaF0iVhZOFBY0w8VuVCfGK6h5H63Q0FiNZoNfO57eVYbGDr6jy14tLA,Diana,MIDDLE,-9875.91812831948,-1.4371608919209131,
KR_7558528020,8,200,5mHBno_pUqjkdsHnYgQ_Gz_AfHZTx9pvP0WYNglDss6bXRr0POSHtHyddvdiMvIqeOKfjOqvoXZ50A,Sylas,MIDDLE,9875.91812831948,1.4371608919209131,
KR_7558528020,1,100,Nc7aCezYrVp_drc0LQkUulFJqZ1PymjbHzRkPd29-bk9e5Ccjpph4fRmiokZYPpLNKJycQ2dN_hBZA,Jax,TOP,4302.982960322136,0.6261776119269385,
KR_7558528020,6,200,sZYmIBDEmkmduBSK3E8YVOsiNmskKjfekTX6Fyt1Amkaqytp0PdHIiB1jGPUaTvh_CfnI1n0HDBRGQ,Neeko,TOP,-4302.982960322136,-0.6261776119269385,
KR_7558606981,4,100,yfQXElBnpg4f1U3oN4mr_22LwpGdFMAhaFqPIoWSmUVV6ndxQBRaOvAEqirKFAXmCSCF9nR5pwXeLw,Mel,BOTTOM,-16962.845828342382,-2.468463015126856,
KR_7558606981,9,200,6i-wkmYYEpoCpby-vWuPpYJ2Qp2HIACeWYCFJGqH8OQIygRNJg9QtAqePuGe0kD5_g1rIZrECHFEmA,Ezreal,BOTTOM,16962.845828342382,2.468463015126856,
KR_7558606981,3,100,XSdyaWG1CCmO4qgSrZsz-BKRrq4yt5ORcRYyiubowf4thCajgK6LBKbvvnffZYrWwiwVJJr9ZAJELg,Tristana,MIDDLE,-1620.4429312774084,-0.23580969163196802,
KR_7558606981,8,200,-2-vwO3FCVEM4JBqDZZsc7KEpmx1hhf2CFi0cTl1GajBg3NP7ydBOLoAcdpci9XfxnFvKUaFvqcUKA,Galio,MIDDLE,1620.4429312774084,0.23580969163196802,
KR_7558606981,1,100,sJNO1sQnoOpjttxpsq55r40t73muU5a67bR3TDkHzjLiPZty9FHPxo-CrYXel-_IBRA1_CDv86QQ9A,Gragas,TOP,10881.005285156363,1.5834229341948245,
KR_7558606981,6,200,K0DUV4BpL07rXE0_pgf92mTosl5KSFsznwvgbVdQ-KjlgYyjESeAuqmu9-fgVEDFoiSXysrEAd02AQ,Kennen,TOP,-10881.005285156363,-1.5834229341948245,
KR_7558694868,2,100,d-NtTKVsdVBRL94qti0VdZPa8MIuBAxXKM708v28diyeLmq6lrB0kl9LHuquEIHJ6ZZK29nQccBQ1w,Lillia,JUNGLE,3202.561321174051,0.4660423289224969,
KR_7558694868,7,200,p3pag1703fXZHCAeVW5ozxdCbF2222GfpaWyEBwFQ3eGUIreW0gmQG6aukSX4UbnTdHqXRpq4KFFsQ,Vi,JUNGLE,-3202.561321174051,-0.4660423289224969,
KR_7558817981,2,100,kW2m6J9I3MQNNjcOwrS8PtlD29y_5IRMfs9IsPuHcVOhvRK-2Jw2_T8ar-iOl9AFCr_Ms60x9dZ5kA,Karthus,JUNGLE,5926.4385754940195,0.8624257145923521,
KR_7558817981,8,200,d-NtTKVsdVBRL94qti0VdZPa8MIuBAxXKM708v28diyeLmq6lrB0kl9LHuquEIHJ6ZZK29nQccBQ1w,Galio,JUNGLE,-5926.4385754940195,-0.8624257145923521,
KR_7558946842,4,100,wRRWFdKZ0RAAKHLkxc9KY3Kxi1MamtJqdJ-kAttdtnnCFqtxx9gDt0GdceSuLQ0rYjCNV4blaGflag,Tristana,BOTTOM,9618.485223130789,1.3996988049712589,
KR_7558946842,5,100,7qgnl81AB5EoorvhcGofgo0OEQxH0Bqi8N6ZY8xFRLYWL1T-K_KoAFxkTq9CIICeoDTxOXQ24uLiSQ,Rakan,BOTTOM,-9618.485223130789,-1.3996988049712589,
KR_7559067625,1,100,vp8sUTA1z3Eo__bOXwcAmfMaGyAzJYyJQop8kYfGw3lfs2umEtbsxhRugRrBkcLqGIkw52oqyA_o9g,Gangplank,TOP,13860.706857642292,2.017034322415265,
KR_7559067625,6,200,WCJFqJQk3uKHVNt7XjnHMZlvne-mniVqL9BFWP2C6trW260v7_oUQIik1BbdOn1ASzYqsTi2AzzM0Q,Rumble,TOP,-13860.706857642292,-2.017034322415265,
KR_7559162248,1,100,4pAcnYzDn2fxDWfkJzJVxXOmMC-aOOE2Go9aGKs75njiw8E_JOY9HmRYGrM7dwdnztB_v-RhPi9Y-w,Aatrox,TOP,23525.502182553224,3.4234722544544622,
KR_7559162248,6,200,sP1qoBXEnVEzNpepepZI_MQLg8exkA4aIJCyHaRJJ5eIKPhDBfKaCGTXt2imLpfJZ-qa0lvLn-fuzA,Ambessa,TOP,-23525.502182553224,-3.4234722544544622,
KR_7559216694,1,100,qWxfzJONKU02DjfGo91jaBBPIUx75IhklOj9-Zih6TJnrVi422NWJinMpmgY3KHpjQ_tMn3rhli0Ng,Aatrox,JUNGLE,6838.4122437309725,0.9951377190280177,
KR_7559216694,2,100,vQNfXMUGaZQ70Gdb9U4-S0zAmbwdkIXvB_gLQwo4PV1It6x_yvLc03LRkKciO3VchnUThmMiOgN02g,Zac,JUNGLE,-6838.4122437309725,-0.9951377190280177,
KR_7559258350,7,200,JncbFPz_xCb-AwjGVEcvbhGyrdtgtrcmLQBQxKTi3yrb5mJrO22JSzQHugPoG5jr2D0UrsNcMEKuhQ,Viego,MIDDLE,23194.365467716467,3.375284660120533,
KR_7559258350,8,200,fQbRvcfJOR3lLs_9Yzc-xGg97r4jbUebM8tD4hTUd5Xp8XrSbm83B9GrqRXCfxelxO3AIe5_K_ZqKA,Aurora,MIDDLE,-23194.365467716467,-3.375284660120533,
KR_7559307393,1,100,kYIrv3VtwiAq27K8yXSPlTHVece6VgWAsADYx-58f6Fbu10h4VR2YNAgYTHVotIBLIEDK5MYGRGdqg,Gangplank,TOP,1874.90305262365,0.27283917387358486,
KR_7559307393,6,200,Wegn95wO3GxJ3PK6IWyL63PGvbdpQoVcffra0-vgrc7cFyQkdnESN60OcN_6QeHyJIHzwxuc6uEWUA,Aatrox,TOP,-1874.90305262365,-0.27283917387358486,
KR_7559391451,7,200,0CDX1sFEXSMtcMUlLR-5tZenQgujPYYqBRH0zDkrdeaOVNRK35rliboQG_Q4jpzF5JCDFxaupDU9Sw,Zyra,JUNGLE,1360.9436260588361,0.19804689853313115,
KR_7559391451,10,200,XlDyQeh06UgJGN-JcFqgxKSIJUuX3YyK4I4JHk2D3ofp89GaIFXbTzxdcLoEjc53IYjS3D4n6iyGeQ,Rell,JUNGLE,-1360.9436260588361,-0.19804689853313115,
KR_7559391451,3,100,Jp5HduWn27cw68A10sDTIeOTa7VP2DnJJZRocnwD0miob9d9iOmGoFuxXIE9QjYunuYT6pi_e9NZVw,Galio,MIDDLE,-10509.311505342568,-1.5293334047781253,
KR_7559391451,8,200,Dg3gMX7E0X9JnO5263vno83MENXONzJARtWdCEvC72riobI6hlAANBavv1THnxUG72GeXb9NP0FFDQ,Garen,MIDDLE,10509.311505342568,1.5293334047781253,
KR_7559535149,9,200,NNipXKOg3I0bkZu0DuHDKdi__hteInaC3rMd-0HUMB-ncq5Eu3_N7Bz3mjRDi8_OaY2OGkwmZk0Rog,Jhin,BOTTOM,-3157.8444285456894,-0.45953504843893106,
KR_7559535149,10,200,1o0t77OI0O1t8eTezZZ9bxQPI31_unEdsonmnnhhZvfqFs0d4sQTYfnVgDeqQpCwANPj9ffYGRuIfg,Leona,BOTTOM,3157.8444285456894,0.45953504843893106,
KR_7559655914,1,100,DQqyOxAqcN4HTfulHefYWNjXwpMMfDYTuOiATpw_Yw1tRDB9pug9yG4dVZpoPOluCvCYi1NgFbvY1g,Jayce,TOP,-5947.267710672189,-0.8654568068008588,
KR_7559655914,6,200,xx4sKrK8-GbFD6Kuyva-KxAqCakbjAW1oetWWX2VRSFiPCRO4MMc3riR2kcH_gP6Ey0u7vZ3cYfxLA,Sion,TOP,5947.267710672189,0.8654568068008588,
KR_7559787159,1,100,7F13_WoRos7YXKGB6-8j89RBukyX61GFoek1fIZEyiVK3cTm9gNxvNmwTQRIlnuHO20FRwmRTPQfRQ,Sylas,TOP,18166.13218728809,2.643567352201079,
KR_7559787159,6,200,wTYNerp3ayJ0IHy4DvmE4anSUdy5OeE-0FOuqj-LRuERfNkepeyTCE8EwqrZamaJtAEfhDHUtVXoBg,Ivern,TOP,-18166.13218728809,-2.643567352201079,
KR_7559947520,3,100,3YNx_j21wWcVbwzLzLUAoGJZ7h23ASJkNEChqL9OuITkiPA_0bGFdlHmMaWSw_XZT6RE5fYZs6XQsA,Qiyana,MIDDLE,4780.803297359859,0.6957108637049114,
KR_7559947520,8,200,tSXVoy_yM8RtdeB6YQ1VEFj49-lfcnsCWKNNltN_pnKRYh2QrMpT96gCB5r1FoZ5-WONk-Y4hMRD-Q,Syndra,MIDDLE,-4780.803297359859,-0.6957108637049114,
KR_7560128586,3,100,umeuuYX84-0bfGwq2Fq-GH8juhEDWZ9ZQmdV10lQ9Y0CTtAfymCWJlJplLME9Lbv0Ff2ozVsmDbAWg,Viktor,MIDDLE,-6177.039113570586,-0.8988935435211104,
KR_7560128586,8,200,tpbEn_KS3KH2Di9DZREgaeL2PqkazJYiV51-ocLLhz00k_YooXspbDkplsnGPSOyUayoPFWCwIjC2g,Sylas,MIDDLE,6177.039113570586,0.8988935435211104,
KR_7560363134,2,100,DMGtxcbjyBIjS8KMkEawMApRTPa0O5X3JdX2rTyddl05DCqms4ZA7Hhm5MRZTH96PEkw0npazlvQKw,Zed,JUNGLE,7657.931690056716,1.1143956232678998,
KR_7560363134,7,200,MBfg67Nrs_BhHq8zg50MXfY5AQ7rElpruwQ_jirNuzbpWLmQawK9_2Nd4DmsO4STtLPG4-_Sd7DmAQ,Belveth,JUNGLE,-7657.931690056716,-1.1143956232678998,
KR_7560446903,2,100,ILMsdEPc6Xa9pCAetnJIJS2sRqGKu90a59eVCranW9Z4In_0ypoxMU1bXXfJEPZRXYU7bue4OPxT8Q,Lillia,JUNGLE,29411.994765757427,4.280084958331053,
KR_7560446903,7,200,xx4sKrK8-GbFD6Kuyva-KxAqCakbjAW1oetWWX2VRSFiPCRO4MMc3riR2kcH_gP6Ey0u7vZ3cYfxLA,Vi,JUNGLE,-29411.994765757427,-4.280084958331053,
KR_7560446903,1,100,fzkyv5NhpQO_-qcuJ44uAA9z6PNXuiggTb9U3u3V9AkBu2R_WqG2Lax15cTHVr1el-lSjbqLZP2jKg,Ambessa,TOP,14227.68225137759,2.0704372240311972,
KR_7560446903,6,200,cUJIp52PQCdXEpy5BIDxPf8Ts3-VuR_DoxtAUkhZ_hdf7uyq-UyOTM2GEnmlEHqUDoreUCic1kgkeg,Jayce,TOP,-14227.68225137759,-2.0704372240311972,
KR_7560525105,2,100,nO1UVYCbtCd33aBKsVx0Ir4Zk8H2Hepip-DWoGxN6Qx0ewtmfUOnswKVkI9BMHNfOSpVvjS9kJzAYg,Ekko,MIDDLE,3288.6524438412985,0.4785704597789227,
KR_7560525105,9,200,O8X-JEOUDBjyNIRTHYJkKujaBwoL9jfzM4YTg6MIyAhAwbxTzqYhfXHLuVKwUMWPV1vRQlQD4tdl7Q,Aurora,MIDDLE,-3288.6524438412985,-0.4785704597789227,
KR_7560754674,2,100,1GOTQF0wwNJEUNhIGRvpFp9A-Rv-nfS9CeSwtfMTXRd5DJsYPAgtJm8r8xvZ9m_a_9C5cT6UagcpDg,Elise,JUNGLE,-6974.060010221343,-1.014877419432921,
KR_7560754674,7,200,ILMsdEPc6Xa9pCAetnJIJS2sRqGKu90a59eVCranW9Z4In_0ypoxMU1bXXfJEPZRXYU7bue4OPxT8Q,Skarner,JUNGLE,6974.060010221343,1.014877419432921,
KR_7560754674,1,100,2-cKStdoETxfUKUCT2uREiUVgNKuHUlEJ0rYD89KfqCGruZoNj_S7a4natWTxRqcHi6GyWCBREShzQ,Rumble,TOP,-11060.769902307899,-1.6095825959259695,
KR_7560754674,6,200,nAcxYyaM5Q6CFC4PECgvpnruO0Q8hPfSbn2pBEFvs_LaUzQsX_k8oN8XaiTujv6JOT159iM4OAqKrQ,Gangplank,TOP,11060.769902307899,1.6095825959259695,
KR_7560967221,2,100,LeOnE-M6TtZgAPu1OHtB8deEcXBZOzHkCxwLbUmsnIOfAXiXTW-c0Pn6xwAp-yqgjpTHjIJdBjrspQ,Nocturne,JUNGLE,-10992.547723919182,-1.5996547851170926,
KR_7560967221,7,200,Q1_bAfRHK0MLfCOYE7ys4Zr0T7QVb-itnfM7wia8TQOCb-JLnTlfhJmQrHIB-iLAy1IbMggbIwDgCA,Viego,JUNGLE,10992.547723919182,1.5996547851170926,
KR_7560967221,3,100,G_6vF-royqpk19wALOaAeg0nw6jXr038ux4qsRadv3gVfmWHQiuxAEKwlEVPrg--A9rLhHUbycKXhA,Leblanc,MIDDLE,7078.970692547538,1.0301442055509225,
KR_7560967221,8,200,1xgbOOKvrmiVGxdyjO3uv-YrLravOiEz1yUuR_XhTcTB-4Y68ZGpaDBM95Eqoxwjiq_G8dcrX6tk_w,Yasuo,MIDDLE,-7078.970692547538,-1.0301442055509225,
KR_7560967221,1,100,lKxuOZcFe4H0bjBOrBaZDbY8cvF5yJN-2D2FrF-VkzglOrGmn-XR7YbQFeHUTnyLvmUlU9wUK_Zppg,Karma,TOP,-10739.023358700819,-1.562761475745065,
KR_7560967221,6,200,N__WeIQ-xCxWSWpoLj1jhrnNzg5VU7l_Wo-Jo0RM_IICvJWEUNJJTMG7YVUK5taKVAl2jTA2_c2Krw,KSante,TOP,10739.023358700819,1.562761475745065,
KR_7561192183,2,100,VOMkrFdii0o9enYqaxiU6Ui2pvZtTmLuxBZYU1egr-kBSqzniv75ctDzwMk40kqJUR-iTulXjEn3Aw,LeeSin,JUNGLE,25384.141607834747,3.693944716810881,
KR_7561192183,10,200,4b3-G7rgjIK8PwrPHCApw3EB8HqJpXg9fI16r4OqdIvykVHiYCiICDOB6WhF03_kNZn4nXCniaTcNQ,Nautilus,JUNGLE,-25384.141607834747,-3.693944716810881,
KR_7561192183,1,100,TxbPyHJmpTtewUG-Il9KY4MeoBSSa9Np3KIKt3S7RzjSsb0KLajVGr6vMCqTDDqeAdqaMAHE5yEiEg,Vladimir,TOP,-21557.13607155913,-3.137032172737772,
KR_7561192183,6,200,De2zwLQElft6B9GcrxmjFX7r7dQ2HBTGS12QvYEJsJ7iLV4Qhh1L0lyZ21moEJmfftaFStGY-WjAiA,Aatrox,TOP,21557.13607155913,3.137032172737772,
KR_7561411337,1,100,7V2RNguHCy1dNaOx63_DQUrHQ0yrIP6HQjgFkCshWXnhl42fg223_O0Znq8Yf_9D4OHH832x_iQ0qQ,Gragas,TOP,-7508.2446504765585,-1.0926129032699337,
KR_7561411337,6,200,X-KhbviWvJcdGnLBBock4dyE6-snFxyACSFcqV84jBRZnkhXdOReVS53OTxLQVyKl34ZFJySSXTEzg,Darius,TOP,7508.2446504765585,1.0926129032699337,
KR_7561855457,2,100,IwVr6302kWjb0qvke-BXJMKt0slXsyNUk7D0FE-yTfWMoNgucfryq1Y33Fsfjjx8rYqbo-VbbPPfNQ,LeeSin,JUNGLE,-1165.4565086225543,-0.1695992710413486,
KR_7561855457,7,200,BOsrR5OT3hqa9Ga1ckb2JomNerWzEJNGxH7HJAP8NNF0mJj6prHlwWMuTW3EvlozWIcTgwEbq3VpuQ,MonkeyKing,JUNGLE,1165.4565086225543,0.1695992710413486,
KR_7561966856,2,100,koasl7wnS-PjVfxU8MDkXhpgzVADsP3cDpHAbUM6hL5XFFkUiYxfftN-iuelNjgxLebgJRge5N9ZZw,Nidalee,JUNGLE,-3255.275845905814,-0.4737134388280606,
KR_7561966856,7,200,TC8JwFNRR5dsq44ANlbN395ON6lQYeY3gLA_7H1ASZ1rJ2IF5JSSDBnrDaIEGlcZ9z_K4tfrOhWmUQ,Darius,JUNGLE,3255.275845905814,0.4737134388280606,
KR_7562055906,1,100,6_kPb9mhom4BrldglFF-k4-eLX3ap0ooO-APMdLAELXLMgSSFGFQvCMH5RhiwBJq3xPs1tWVECOUsg,Camille,TOP,-15188.913495507346,-2.2103172771266597,
KR_7562055906,10,200,fzkyv5NhpQO_-qcuJ44uAA9z6PNXuiggTb9U3u3V9AkBu2R_WqG2Lax15cTHVr1el-lSjbqLZP2jKg,Fiora,TOP,15188.913495507346,2.2103172771266597,
KR_7562365442,9,200,OlFHLS8f1SF8yUgIGTEjdWM6qEtkkb2lR3l6osKv-ZsinbdkqYFpiPh93fGF32wQx4T9YP9YvwWItg,Varus,BOTTOM,-8490.798407827508,-1.2355958458102867,
KR_7562365442,10,200,BbgGXv6tevIEgfeldBU8G_h9HEx5rFpAzXWnB7SSui3GDUB2-2oOU9i7pLtu_-ooIdmDnEuL-B3ijw,Poppy,BOTTOM,8490.798407827508,1.2355958458102867,
KR_7562365442,1,100,NAXF0GYCJjOx3UD6_jC76PbaxQTjbacO1XuAHDgXycREj4yKfPGFdDWh1WfoDQNroeMkRIFuLFwJ_Q,Ambessa,TOP,8117.24846292734,1.18123620400136,
KR_7562365442,6,200,UBErabhA5EbKvgriso1Dgw4X15n6DW14b5FUEmY3tt5CDPsbSinOCi3h6N7Jjv0-jxBRJLFgByT6bg,Malphite,TOP,-8117.24846292734,-1.18123620400136,
KR_7562628686,1,100,hMN_8AmbokE3Db5MvztcnWPqTnJcomOKL0hfT2nTtpWcESojqTqOIqsLNiO9GTjyj1SDD40Z1wm-cQ,KSante,TOP,2994.3151814587154,0.4357379861764614,
KR_7562628686,6,200,kd3_bLPc0arMUqkgbr00x_2fZDpQOoFldbaytrmwvYWKTsdoFn5CJl9IOOetweL9C6SgsiA1EtH_WA,Garen,TOP,-2994.3151814587154,-0.4357379861764614,
KR_7562861689,2,100,Gaa3vixaqiL1llxqiAZHvcA9wn9c9Xt8lB5wYK_yks0OphyJTagBW-dksuLBvj5bSmLiBjJ4zeoMGw,Lillia,JUNGLE,10802.290390673052,1.5719682049743882,
KR_7562861689,8,200,VkMw8DTO1tl3EL25FlQSt6AsNf9R5c0tVJrs8eXNxOMh8vqITfI_cChF-Hcm1Pq6tzqhh3HxWO3--g,Akali,JUNGLE,-10802.290390673052,-1.5719682049743882,
KR_7562861689,3,100,JJgJJ5y5EPpv7Id-KlbSHoJdSCyZLGTOjg94nAPf4UYrZIXOV1B6C9pDqW_uxjCy8eiB5nc8UHz5XQ,Talon,MIDDLE,1211.610992954475,0.1763157523858431,
KR_7562861689,7,200,ynodGuRyk9qyqjfjk8XlL8nluWQmUOB4DLo-tGDWxG0383XPBT8Otd5dImyIcAqzlWBPSluKNS7E5A,Belveth,MIDDLE,-1211.610992954475,-0.1763157523858431,
KR_7562861689,1,100,uMpm8QHlyKznZeeKmBQovxoHzIuACrdfgKGECezwgo55kHF3i0VbztIjVgWnUwV6e5YWBsiyp6YXjA,Fiora,TOP,19059.972863815416,2.7736406119448587,
KR_7562861689,6,200,yQqGVtu0s2OVsZZBGkOfm5aj9orU_D9dzkIjZ4jzaPLUankXS4QIElb_7Wy-jZ9MZX1thgPLoop7Mg,Sett,TOP,-19059.972863815416,-2.7736406119448587,
KR_7563115385,1,100,8mrWdxEeKaVX0uM7UupUwIN56JiVEOnoQcvWDX3grDAOuJhEUzlh6vo-UrEqR4AoZA5fUjzYKKfPAQ,Rumble,JUNGLE,-24119.8764356663,-3.5099666361048465,
KR_7563115385,2,100,dAjuVNhToyoy3N0OR7BwPgOpdsz9ye0Dlj3EQQ5uNwWDrHpVVh-494RPvlno_y8DEuxGOY85Un9acg,XinZhao,JUNGLE,24119.8764356663,3.5099666361048465,
KR_7563115385,6,200,tawhJcwrkAk20NbnsAyX3Yfj_rJuFUcHv5tX-Xb9MkA6uJ1qckywdlxJ3YbLQvKJ4HO-02ZRxJIhrQ,Gnar,TOP,18483.515205381995,2.6897534845117974,
KR_7563115385,8,200,DXziv3Fwjc9n2YkTBbL_7Xp-d8sSsz5dppxXuK8kkoa93NhDK77JlJBlBl9qh6_XR7DtHZgIsUeobw,Leblanc,TOP,-18483.515205381995,-2.6897534845117974,
KR_7563294715,3,100,_Rk9DztOxqkLO06w_cDz9AlHJ1uBbC8_Sv-zidSC2EuDuqIJ3_xClKKXZlAq_FBQR8IY3fqFBpQeag,Malzahar,MIDDLE,-11707.478367982523,-1.703692743789245,
KR_7563294715,8,200,b1GVzKrgrXVuGSlKauDQ44fn5q7-D9cd0PB648yRht17AN7lq5qUQpK8NLEcIQdepi8s6cDNBpzeow,Sylas,MIDDLE,11707.478367982523,1.703692743789245,
KR_7563294715,1,100,787GDwADO0_MUfgiz_5plRmxiR1c1qOSQtxp8rQTk14g6-rNI3zeXMXZzLVsz7znrot036KBUA9scQ,Gnar,TOP,11769.681692135888,1.7127446803949515,
KR_7563294715,6,200,_-GIcSLcQgrBj8GlRBfaCTHVMeRqb5Xf7nCLduBXXeySCKnZZnrn5YzWHgKD0KVisCYs9Kro8BP4QQ,Ambessa,TOP,-11769.681692135888,-1.7127446803949515,
KR_7563397665,1,100,sb7PydtWfp6fHvZzkjs0Hb5MQ2XP7vhkZ05xvXbct_UFtAChG6GBSapDZ2u0FaWKGUAt7KwZW4V6QQ,Sett,TOP,2413.4672243205696,0.3512119747915184,
KR_7563397665,6,200,Mbiy_CF-WE3bdB4B86s42ojNhuNXZBJtk-6SYvngt7p4DlNXRWHNlPsDFl1ncV7BcWgXg-hyjcHylQ,Jayce,TOP,-2413.4672243205696,-0.3512119747915184,
KR_7563461100,1,100,ZzYHgbz0ENz5MC7ceqqX_4Yz3i2lnZJzUS4wFzN3g0p9ploeQtjTI9AuVBzuKRIH-lFk7JgGL_ZiTw,Jax,TOP,10104.618746589567,1.4704418061878515,
KR_7563461100,6,200,0yv03mx4EZK5_Ra0CH_Z5IENDKo8UgzQqoIz3D24jaGlmBNNlRoM_-qwqavQ_wezW3HkgOknqLTerg,Urgot,TOP,-10104.618746589567,-1.4704418061878515,
KR_7563523692,3,100,tNhSPCNC9KZ0migbYfiUmxC5txD_bfYOD5SunIYSlDyvLx2ZNDnKdV32DZg0RGIa6kGVNpcF0BVHMw,Zed,MIDDLE,-3655.907039348254,-0.5320139913253555,
KR_7563523692,8,200,mvLllvZJgvWIL-uBwYSiffLzjy1Tuzm7Re4bkVMrE3flEwpffK0v9W2Z4AJLK0YG9fZKY8dBnq-EpA,Cassiopeia,MIDDLE,3655.907039348254,0.5320139913253555,
KR_7563647588,2,100,rDbrDF5W5Jq3GZYhy3WS3mjW68vJf9hi-pu-sM4FzILpn3y8bq8laZKbMfK7lBgZtad_GfkWaccw4w,Nidalee,JUNGLE,-21476.226167979003,-3.1252580219516277,
KR_7563647588,7,200,FHFyByO3HLCUSAE0fMbXxs_LBHnVcMtcvzMN3aGb7h_aeVQRakEmF-NNRQQ9AmblmJhGZ_6Vqx86eA,Zac,JUNGLE,21476.226167979003,3.1252580219516277,
KR_7563647588,1,100,BZZNuox6jh_UU8sghUOBPj_UsXAE2hyW_EEKbwUgrln1cEP_lasPGVvV5sHSx3p2Ityto-fSa23vdA,Jayce,TOP,-5569.855607723907,-0.8105351369928084,
KR_7563647588,6,200,kpjHulMuNOmyZmKvxleBkCwdtOfTXQujTr_VHTEGSIKf7xBwYWeEORrdz-W3ywf905d_uZYsTTRcJw,Gragas,TOP,5569.855607723907,0.8105351369928084,
KR_7563745384,2,100,UN4qDBOIiemh56_11gYXg2KGtbDZtKKGtsFPNFyKmUVLxtn27lYA1rmKMQ4UbNFZ2-EkEMaTQnqd6w,MonkeyKing,JUNGLE,3925.908175992314,0.5713050293146577,
KR_7563745384,7,200,YC5fatCdHOgo9LlnaDliBR0MrGK_8QIFFdPhUMj2fHGMf2ZSgslFoU5sQG_oqVDuBpJS8jK1iHzvEw,Darius,JUNGLE,-3925.908175992314,-0.5713050293146577,
KR_7563745384,3,100,S2dpoVx85F2kkk1vC-NlM60SZV0IJZ8hOxSzXWbbOEmjVU1HTQYiaaSAQp2xyjfadlI-mfTIaqTycQ,Akali,MIDDLE,-110.20787921459193,-0.01603764348092128,
KR_7563745384,8,200,xq48jMSekE3VuLaHXHMqrr88eZqIjVWIEqdMas2OJiqmgxQ9-sS-Pohlm6toVVF3Agr7sl9RQ5wong,Ryze,MIDDLE,110.20787921459193,0.01603764348092128,
KR_7563745384,1,100,aAXJd_HfUztYmdKck-SXYF_FnCGGe1ZOlfeQ67OYgsJ_Xix0BZZ3tJ22gjCrr2B4Z6929pFN1TGz8w,Ambessa,TOP,-25784.472037947944,-3.7522015017020767,
KR_7563745384,6,200,NzZMPn-HBIKnXjd7yke4w97upCu9Wn7UggR3MkThh-wuItPTB8bZulPCsb8N8I16BRxIwlYt13zAmg,Renekton,TOP,25784.472037947944,3.7522015017020767,
KR_7563874149,3,100,3YNx_j21wWcVbwzLzLUAoGJZ7h23ASJkNEChqL9OuITkiPA_0bGFdlHmMaWSw_XZT6RE5fYZs6XQsA,Qiyana,MIDDLE,-20273.441851428623,-2.9502267429655014,
KR_7563874149,7,200,gmERzbhMW1RPDnqPBBws_Iw1u4L_ePJe3hW4EZFF1VUptSWjdxp5mUITv-0keFlmhHd69vzv2hTssQ,Darius,MIDDLE,20273.441851428623,2.9502267429655014,
KR_7564017334,2,100,f0FYuztG3TU1P6SWa2MdqBbpioVO23afi7ZbjaZXGydJa5B-X0CjsqZohh1jK0uJUTlvDk2epcqEXw,Zac,JUNGLE,35140.2602491812,5.113672177701608,
KR_7564017334,7,200,0jLdMuY1clmQxiSIoTaunTBkMQKUwCMjDS1xC3dcr-3UvzEzabogMfFyITuXkCpIXjau_DwD5jSr7w,Ivern,JUNGLE,-35140.2602491812,-5.113672177701608,
KR_7564181522,3,100,QCprdn3ACVBHssZXtpmz9bjD1jNCE-Y0sIEVRx4owiEfKqQV4kICqhls56fqkw8wWfL8Xo112VUgzQ,Tristana,MIDDLE,3774.667844680172,0.549296271585116,
KR_7564181522,7,200,qDtHds-4bEYmINTXKCIlJFlHlrX8kwnkHnNqplMUzzD9QLBzo9yeTyka5xZesrw33KhPODW-6M2cAw,LeeSin,MIDDLE,-3774.667844680172,-0.549296271585116,
KR_7564312867,2,100,0jLdMuY1clmQxiSIoTaunTBkMQKUwCMjDS1xC3dcr-3UvzEzabogMfFyITuXkCpIXjau_DwD5jSr7w,Vi,JUNGLE,-3666.4830866596117,-0.5335530362414331,
KR_7564312867,7,200,9zw80spA2IvLtHtBi10kKgoHtrmyWkPpb4r05tlRrS65QjrUPwewd9bASx99sqkWrJPtgxsUmcn3vw,Zyra,JUNGLE,3666.4830866596117,0.5335530362414331,
KR_7564312867,3,100,aVD0JkKwT5WOuRJuYucwyYPdD3baGEZAGqTCmkVdfTpBtfV-N9YpK64fr-qVXqmZxOxqn2Dkslp3FA,Katarina,MIDDLE,-12560.420032460017,-1.8278143077137095,
KR_7564312867,8,200,QCprdn3ACVBHssZXtpmz9bjD1jNCE-Y0sIEVRx4owiEfKqQV4kICqhls56fqkw8wWfL8Xo112VUgzQ,Tristana,MIDDLE,12560.420032460017,1.8278143077137095,
KR_7564312867,1,100,oHxOJQyNMzynzhWRSQnN7kH7jbaLRqFssIiHMrQcZEqkgX-rDQqFmMVI4twIITch3LkiliY5jWqarA,Jayce,TOP,-21161.966352079296,-3.079526383490771,
KR_7564312867,6,200,ZzYHgbz0ENz5MC7ceqqX_4Yz3i2lnZJzUS4wFzN3g0p9ploeQtjTI9AuVBzuKRIH-lFk7JgGL_ZiTw,Tryndamere,TOP,21161.966352079296,3.079526383490771,
KR_7564406366,2,100,7MjKPhlHyjWMu8KX4EhQB2AaYtAs9bVrUpGKBk50m6QKmb2BUfXXzy26xjPf1a7VgIDqpavM9GPynA,Kindred,JUNGLE,-3570.6840043103603,-0.5196121861001731,
KR_7564406366,7,200,VFjhzL0QJ6gIkT-Ok1XdV3JYxNX0Wlz6lFmTiKwRwn2rEr6xiPWlaFlrcgFFVw91vj3lIFj2A6V92w,Gwen,JUNGLE,3570.6840043103603,0.5196121861001731,
KR_7564406366,3,100,YC5fatCdHOgo9LlnaDliBR0MrGK_8QIFFdPhUMj2fHGMf2ZSgslFoU5sQG_oqVDuBpJS8jK1iHzvEw,Ahri,MIDDLE,-4483.999614185603,-0.6525194722318525,
KR_7564406366,8,200,S5zKm1Il5jfZ9dESVnQ3BpGZMO_MAN32alwqS2RuJ31980VuPjDH8j-8EOhycdKmgRqr6aBP01wK3g,Corki,MIDDLE,4483.999614185603,0.6525194722318525,
KR_7564406366,1,100,d2zC8OEgWb4ysKl5zLUMMfq9m1k_BKdzOFHfzqFtK1IpSggKYTucaSARlT23tzHiLOScwITssqhBsA,Jayce,TOP,-59.04014033094507,-0.008591624559325432,
KR_7564406366,6,200,a4NyUtjCqsOXKHs2Hb2HvUboTCuxx7G1Uzrkeq_liZBHpDvzSjmieejs0e74sN3j6NSSUdvyW5H-zQ,Rumble,TOP,59.04014033094507,0.008591624559325432,
KR_7564461976,3,100,2-cKStdoETxfUKUCT2uREiUVgNKuHUlEJ0rYD89KfqCGruZoNj_S7a4natWTxRqcHi6GyWCBREShzQ,Ambessa,MIDDLE,-1722.7228780688483,-0.2506936485103572,
KR_7564461976,7,200,VFjhzL0QJ6gIkT-Ok1XdV3JYxNX0Wlz6lFmTiKwRwn2rEr6xiPWlaFlrcgFFVw91vj3lIFj2A6V92w,Gwen,MIDDLE,1722.7228780688483,0.2506936485103572,
KR_7564520297,2,100,JxFPRyHBRq6pHWMSKJl_PCJ69RHaBsowpdJROIVAfOJksj4PCFKB-5yE8Elq7aEXMHxw6-U65qGM9Q,Karthus,JUNGLE,-4221.733308064358,-0.6143540203185579,
KR_7564520297,7,200,5ZqitXQXj8cOfYKqKl-wT1LwfGvGdnboSsBsL6Xhc1ro_UIg2R1GBLXhagGmGm_R7rfk1157uxFS3w,Zac,JUNGLE,4221.733308064358,0.6143540203185579,
KR_7564520297,3,100,O8X-JEOUDBjyNIRTHYJkKujaBwoL9jfzM4YTg6MIyAhAwbxTzqYhfXHLuVKwUMWPV1vRQlQD4tdl7Q,Jayce,MIDDLE,9769.312457036636,1.4216474480431893,
KR_7564520297,8,200,gDnUAx2Clac0G_KhyQwqlzD1MnDVC3qgEV8ePeUqqO3p1tae6FPxAAHIJpd_RBPXeQgTfJxzw9aS7A,Aurora,MIDDLE,-9769.312457036636,-1.4216474480431893,
KR_7564672396,1,100,NzZMPn-HBIKnXjd7yke4w97upCu9Wn7UggR3MkThh-wuItPTB8bZulPCsb8N8I16BRxIwlYt13zAmg,KSante,TOP,-26066.53914716122,-3.7932484011388063,
KR_7564672396,6,200,1uz7_CSFaiw3_q6KQGDnoNPlRmmsd1O5Vql8FJ1cueKlUhzFz-SXQL1K6rV1pAFVfCFCLT_5JioeHw,Vladimir,TOP,26066.53914716122,3.7932484011388063,
KR_7564794787,2,100,0C6cqvEOF9C3USGNiigGinDglsJhews6EA14cGgfKdLFDEfcqk7CTlBg6GiW9YmGUTagyzFIrFWI-Q,Kindred,JUNGLE,-3665.9067836494573,-0.5334691716186883,
KR_7564794787,7,200,NcCl6hlwAYBOp1WiRH_z_Rx-ioIqPV1eFsKoY3ocgcgURtCQGBGSpYMoPIWRmS9A8BbfEFY3s_HwUw,Belveth,JUNGLE,3665.9067836494573,0.5334691716186883,
KR_7565056139,2,100,KdNVMK8leypas-K7eYMfjodhS5gEGJYG_E9UAtnUXlkD1A4go5WRC43k5y5LnpIiho88g_TEH6mL0w,FiddleSticks,JUNGLE,-4549.816605227077,-0.6620972759681428,
KR_7565056139,7,200,3jDPk_HuM0NdjADriZjlOwln6dv6PdZlvJKTLH3p54fKpHHomWKcV5ZLkkkh6CO_TVHfL8A5j2AawA,Viego,JUNGLE,4549.816605227077,0.6620972759681428,
KR_7565208290,1,100,cbMMLhDDtv4mtqMP05J6a_I48dSV0KCe4BPgQI2IpxkRa7XKZyRXieJPE4-qygO6CZsuNRqGE-pSOA,Gangplank,JUNGLE,15185.36035138794,2.2098002173753115,
KR_7565208290,2,100,B_wpu2Rfpfdc6YMRGCQXkiOSj8O57joLtlmsPwJ5LhXZHXoeYpXaWOwmef1ZJMd_EuPegDfwuGC8ig,Graves,JUNGLE,-15185.36035138794,-2.2098002173753115,
KR_7565356445,3,100,5sPJ0B6UtZAF8q1G9osrVEWjJoohtOHsazoFa1NW_X6V_AjQBVTti9b5EgIRimxd-qtI03LjFRQsMA,Ahri,MIDDLE,-17468.630972238912,-2.5420657545459173,
KR_7565356445,7,200,8WOF8T96LSg85-oByK60EPKZbNR6k261h8ks1iQCfsNNtd5wX7Tg6U8YCjUZdr3vXouKy0MNNeqqhg,LeeSin,MIDDLE,17468.630972238912,2.5420657545459173,
KR_7565452358,3,100,xq48jMSekE3VuLaHXHMqrr88eZqIjVWIEqdMas2OJiqmgxQ9-sS-Pohlm6toVVF3Agr7sl9RQ5wong,Taliyah,MIDDLE,-13020.923451640798,-1.894827571295219,
KR_7565452358,7,200,wySJxalkTyZSfx2rYncpZ9uhVSG8mO10Xp3yv85_YjFNfGtWHIZ9N0rTMoe5nHQLae1Kwmy3_yKzuA,Kindred,MIDDLE,13020.923451640798,1.894827571295219,
KR_7565639255,1,100,_fw7BmRY2I8atlO7f8ydrvBBQKvZlIAFlJLoewiBcrkUB8cNC3AmFBRh3-Gjv9OHYpoJAnyY9VNSNw,Aatrox,TOP,-1693.7197919647117,-0.24647306865618088,
KR_7565639255,6,200,It_Q2Qr50MzcPGi83M5KB-fo-RC-4003H5hSTAnOFooolIJ7McgitAfE1f-wvHhwqqcwd0t4D_nQtQ,Fiora,TOP,1693.7197919647117,0.24647306865618088,
KR_7565760381,2,100,BTt_A4ZzxOxQcxiFPix2PoXpIKJYa3euT3zvl8AMyDaAOvti1pvnP9zYVyTK3bn3xErIKlk2EFQBXg,Nunu,JUNGLE,9118.925912732195,1.3270020597399366,
KR_7565760381,7,200,8k0xPrRgny34SX0o2S-S8jGR5UYKDi32Urrm0TmtVj9D9TuCx_-gCSpuR-SRAhp9CsLg93btEbabHA,Vi,JUNGLE,-9118.925912732195,-1.3270020597399366,
KR_7565760381,3,100,ejsdggEW4JE7KwwJIyBXaE4fDS0zUaGdfPSPNL1JDd0U7YOL6OczzCvZ6hqq-l_hpMj1CNgzPdmlEQ,Syndra,MIDDLE,-7993.022714279252,-1.1631586556249023,
KR_7565760381,8,200,QegbXOV2D4PoDb1sRj8wsF4vwBhid-JpS-wUB5YhprXPME42SiT63ulR5wD9ddYstVf2U473E_CxFw,Akali,MIDDLE,7993.022714279252,1.1631586556249023,
KR_7565760381,1,100,36w9XCi-npXg0Qqte9R3HRosSxOUZTQaG6UETHn-vo4qLJ7XzbN1aS51hbLQ0UpJnTZfpCYw06huBQ,Gnar,TOP,-3419.962278619032,-0.49767889676829125,
KR_7565760381,6,200,spk6YkGyrd4_5TbHRlVVFvDF1zmpYg2RxWlP6SUjSe11xy6yagLrLdIEn136N9wdTahpMrN_xk5N-g,Ambessa,TOP,3419.962278619032,0.49767889676829125,
KR_7565879429,2,100,8rAjYoa_nSx3wXyVxYCA_A9MMtp3xdgYzfsLi-it9iJYQ2zgbzORQjoCqCY1sKOWujmnS5jEBFwS_g,LeeSin,JUNGLE,11739.972681277462,1.708421373134946,
KR_7565879429,7,200,H2WsjmGyeHwFby_g36tkuRh6BZlfDXgKDjM1XwPIi0YPCnXAOSCa23mKapkQWCV9pZa0NACq7BBe3A,Taliyah,JUNGLE,-11739.972681277462,-1.708421373134946,
KR_7565879429,3,100,aSCJsbh1jxkB9mtq9GNAYueM3tVoC7jG92Haskd4kF_GlY3dyi6BPCmZKJIXMHpNn76lMOekPKBddQ,Ahri,MIDDLE,-10676.766593589393,-1.5537017623176033,
KR_7565879429,8,200,R9XB5kh7KLLydM_UA-W3XR7NepIaAMpDIKpmAZD_MfQsd-SnfoVmU3_T_jr7nQzCB7d4mz6cy7GPxA,Corki,MIDDLE,10676.766593589393,1.5537017623176033,
KR_7565879429,1,100,fzkyv5NhpQO_-qcuJ44uAA9z6PNXuiggTb9U3u3V9AkBu2R_WqG2Lax15cTHVr1el-lSjbqLZP2jKg,Ambessa,TOP,3169.216589496299,0.46118994520523576,
KR_7565879429,6,200,2U7M9XDUOeG2NQjP5Xiwv6PxYdiRM0TNZU9Dop0XxuVjX7fYYZI0S5BpJ8UgR4uBRKO-fQAD7huCTA,Jayce,TOP,-3169.216589496299,-0.46118994520523576,
KR_7565992479,2,100,gAQUlHC5h5VDq9F4Qj0A6EO5T2h5sC9arcSpjp_f1qD9QXDR8s7eQrfQuDGSodbey3jWuzznLV6j_Q,DrMundo,JUNGLE,46730.31802364807,6.800277671200377,
KR_7565992479,7,200,K8ByLKr57UcfjNid78QlaoijqrR2NoITQ26E-M7TyyRoX5dwo9pzeymalU7ddKfpfmDxzucrFy9E4w,Ivern,JUNGLE,-46730.31802364807,-6.800277671200377,
KR_7565992479,3,100,_Rk9DztOxqkLO06w_cDz9AlHJ1uBbC8_Sv-zidSC2EuDuqIJ3_xClKKXZlAq_FBQR8IY3fqFBpQeag,Ryze,MIDDLE,10130.303055668432,1.4741794318004318,
KR_7565992479,8,200,umeuuYX84-0bfGwq2Fq-GH8juhEDWZ9ZQmdV10lQ9Y0CTtAfymCWJlJplLME9Lbv0Ff2ozVsmDbAWg,Viktor,MIDDLE,-10130.303055668432,-1.4741794318004318,
KR_7565992479,1,100,K0DUV4BpL07rXE0_pgf92mTosl5KSFsznwvgbVdQ-KjlgYyjESeAuqmu9-fgVEDFoiSXysrEAd02AQ,Maokai,TOP,-22988.62204225379,-3.345344516733063,
KR_7565992479,6,200,JJgJJ5y5EPpv7Id-KlbSHoJdSCyZLGTOjg94nAPf4UYrZIXOV1B6C9pDqW_uxjCy8eiB5nc8UHz5XQ,Nasus,TOP,22988.62204225379,3.345344516733063,
KR_7566139707,2,100,gmERzbhMW1RPDnqPBBws_Iw1u4L_ePJe3hW4EZFF1VUptSWjdxp5mUITv-0keFlmhHd69vzv2hTssQ,Vi,JUNGLE,-16011.32920326747,-2.3299966503998193,
KR_7566139707,7,200,D_ogqZdx8VVfKeR76LFNGM_SuU_wbur8XUewCF_j3ppmEXz02mLVnRoU5DVQZKgUlx5jKwX46hD8Tw,LeeSin,JUNGLE,16011.32920326747,2.3299966503998193,
KR_7566139707,3,100,DEE2_BnsQASbo5ONl-VOA-nVeTvNyIJxFCTQEp4JdWT-4LBNYDifAaovDe2ptAQ5eA_PT4Tr1t6_Ng,Taliyah,MIDDLE,-93.27682756215768,-0.013573807209922142,
KR_7566139707,8,200,Fpa2GwTl-4dLMATV5kjnklHKQ4PUnNwv320_9X7ALBBh00_nQAVpFFJ835KpvTMcGbYONYVls8S3Xw,Malzahar,MIDDLE,93.27682756215768,0.013573807209922142,
KR_7566139707,1,100,9nF6xB3wJmmdm_Mom1c-Yx2w8O2KVA59Vv1HsNwRsCZ6sGXKB6E66fxNkcrcfQdjx5SR9pqW1QNOaw,Rumble,TOP,8629.134200592662,1.2557267125035674,
KR_7566139707,6,200,K0DUV4BpL07rXE0_pgf92mTosl5KSFsznwvgbVdQ-KjlgYyjESeAuqmu9-fgVEDFoiSXysrEAd02AQ,Kennen,TOP,-8629.134200592662,-1.2557267125035674,
KR_7566307690,2,100,ZjhtrG2gWS3YYicBbJGf0KQznTqbcQ0AoEEOMX7zjR_oryB-1ZV_1oZp3fsvS57ddPreIkHQ5lkJ2Q,Vi,JUNGLE,749.5745360038582,0.10907939846478046,
KR_7566307690,7,200,j7TxsFgO9-YYfJpEQ81Y_3V4lIjXO3aK7YvziDx9G06wUJq3D-pKzV8FmEG41Ly6yzqGsb90rdysuw,Talon,JUNGLE,-749.5745360038582,-0.10907939846478046,
KR_7566307690,3,100,DMGtxcbjyBIjS8KMkEawMApRTPa0O5X3JdX2rTyddl05DCqms4ZA7Hhm5MRZTH96PEkw0npazlvQKw,Taliyah,MIDDLE,5898.850362735872,0.8584110295839467,
KR_7566307690,8,200,OGgniyK8lGxKCNEQFkvY9-jAAFoooC4Zl3EuI5rXsu_fTGV8aGCR2P_J1JnlUNR-iURtvpp3g34vXQ,Akshan,MIDDLE,-5898.850362735872,-0.8584110295839467,
KR_7566307690,1,100,3VSTkmubjfBTvqeFqW31xzK0L1jKO-Gj0O_cPCq-q8N2YAsnJqnUScLN5HuJ88wvCS105qabckDndA,Ambessa,TOP,11317.317607703966,1.64691586705243,
KR_7566307690,6,200,Ja9vRnhWQHxo1Y3Iio4eGOujTIa29LVlW-zRslNVxVehtUzggcf0In_CPGhOw1YT8RLT56o6rA9Svg,Vladimir,TOP,-11317.317607703966,-1.64691586705243,
KR_7566416704,2,100,5hzrh9q55H_mXk_dlgp-CZqGrB6BnyC_jJCdRNu4bOcCUHsXpxxtGrCAka5P6KkiZGKad4L3MOLRwg,Shaco,JUNGLE,-5943.655945249078,-0.8649312163747896,
KR_7566416704,7,200,hOEU-w-oxYJEjZ-eHbMRsbwjG5JWOFXu0OXWHCVQKpAAGcKEqH8ffNKTsJIG-2RLqgbGXbx9f0omFQ,Naafiri,JUNGLE,5943.655945249078,0.8649312163747896,
KR_7566416704,3,100,8k0xPrRgny34SX0o2S-S8jGR5UYKDi32Urrm0TmtVj9D9TuCx_-gCSpuR-SRAhp9CsLg93btEbabHA,Taliyah,MIDDLE,-3253.6344950723715,-0.47347458658191033,
KR_7566416704,8,200,2Jb3CYFo-ywjwpWFKWX6tmRoQ_QIFOdA0y1GGqbIrQfz_uc2hsG13cSqd3bIJp-vRHZ3HhN-snSRXQ,Yasuo,MIDDLE,3253.6344950723715,0.47347458658191033,
KR_7566416704,1,100,x0h7xFKtrsBodAiTMn0aJ32UtKHXQO1_wE2z_D7oqzx1VwWtUkjC0UIr5_mj03mwmMzGVbIzFny6_w,Gwen,TOP,13673.46617611011,1.989786730710041,
KR_7566416704,6,200,ctkbtmpmtDOokibP-r48Krdzy8-3ArFswwGgnpALV-WK_a9EUuGJd01XyqzaLa8ptl42RQV3ddLEhQ,Rumble,TOP,-13673.46617611011,-1.989786730710041,
KR_7566494986,3,100,PIpGhn8h1jQqqHf1WR0cqXiGDVaNaHGaLtphxKKXmMu1v0cpVa2t3G-AQyHrPVu2HkhU4T3LIkJ-nw,Azir,MIDDLE,19504.34771371521,2.8383068178946527,
KR_7566494986,5,100,4pyn9fEih9sHD0MKt3FBYcg7hj-vvaY5_JmYhQAgdFf2Vf4vMbNoHQ4n6rinf5tu2OLju0o07ea6zQ,Galio,MIDDLE,-19504.34771371521,-2.8383068178946527,
KR_7566494986,1,100,USo3pv_Kl6JSoDNRKArsklTPcAKQO1st5XCF5sqrK4I48wBisaWItTeGWKdhZ65yhLPI7-JgyYPtTA,Jax,TOP,8154.331745661569,1.1866326282119712,
KR_7566494986,6,200,yWe4CWdVMz6EY31xxjwkX0CwqBEe8k0wtt8wNUUvo6Rtx4YsS2QXk6fXlXMBCNUodOTbzwjhUYsC2Q,Gwen,TOP,-8154.331745661569,-1.1866326282119712,
KR_7566542881,2,100,PdaBuCP2oAlVF6nnRSHAelgrem1yO9VwtqtSLQLtaDAmUYZPFdiKpW-V9ILaa2eVPFKoc7gyiSZlNA,Kindred,JUNGLE,15892.884745110177,2.312760405534615,
KR_7566542881,7,200,DwDXU5c1w0lb5EPXuvETWh7VAJbixHEOVf1n9364dAasnMwAW93ZrJr3ka3JJGGm6QuLxm1NBgP4kA,LeeSin,JUNGLE,-15892.884745110177,-2.312760405534615,
KR_7566542881,3,100,ObIBv29I8Yz4Mz7oHvvLz9ptvsR-aKTw4NBZBYwjYmT6H5LACmrPnnCRKoCXTM7qq8yFdO29mALDqw,Orianna,MIDDLE,-1183.7185030139742,-0.17225678842928321,
KR_7566542881,8,200,9QJU2-I_cIvw4zukxOe4slqxRnGzAmBm2Krvgz0AR8F5S28k25P0PaUWpbRYw_ku_xPBxS6eUsjkzA,Karma,MIDDLE,1183.7185030139742,0.17225678842928321,
KR_7566542881,1,100,IVt3Sk8OOAnJeKAWMmv0reM3vrMhxJbPet9f8jXKZ5hpPgR-KUWb9kKKf1Y-4_e8aieKfpy7njHvuw,Ambessa,TOP,7476.162599678985,1.0879442670844353,
KR_7566542881,6,200,QxJJxgzrYefRfKuj-wYV2FufxiUXoLk_3arIpb8hrgb1GiIGbZAhn6rW4go9qhxV3ZIrRuekmkU0Dg,Jayce,TOP,-7476.162599678985,-1.0879442670844353,
KR_7566596229,2,100,TC8JwFNRR5dsq44ANlbN395ON6lQYeY3gLA_7H1ASZ1rJ2IF5JSSDBnrDaIEGlcZ9z_K4tfrOhWmUQ,Zed,JUNGLE,-373.94797705861856,-0.05441756414530294,
KR_7566596229,7,200,aIdNwqR8x000aC8jCj-iGxB9sPpOiizwRLciJgoJFHW5iigHhpZ2ojpmcma-Kex2VINqjcoH_hkcMQ,Karthus,JUNGLE,373.94797705861856,0.05441756414530294,
KR_7566596229,3,100,cEPHryS9u5tY7QsFwdEYdV22Q9NiFvXVFoU7dwg_PViloFzbd8Q2fiFzMSk3cyNAlcmcLiGtIy1E9w,Talon,MIDDLE,509.9144863468006,0.07420364856004157,
KR_7566596229,8,200,650LhG0tAC0i98D7Vhq-KgHaEvZhfDD0D2N_e4c4mL70SX9xNFuHfkqLPYOdKrSq4dKLy_VmgbZZoQ,Pantheon,MIDDLE,-509.9144863468006,-0.07420364856004157,
KR_7566596229,1,100,NAXF0GYCJjOx3UD6_jC76PbaxQTjbacO1XuAHDgXycREj4yKfPGFdDWh1WfoDQNroeMkRIFuLFwJ_Q,Rumble,TOP,495.72493680897554,0.07213876047523049,
KR_7566596229,6,200,ReDR7l3MfyO83PTpyBFbtGuJQQmpVhYI3vbGqp_BgwD2ZelpoidZ-kEt_7HxlnwNsl9pew3nRpO2ZA,Jayce,TOP,-495.72493680897554,-0.07213876047523049,
KR_7566776653,2,100,ciyN7r0A4e-avLXyut2FNyGLiGSSGz3AaqFDdU6zIAE2zXkHuZDrVdmHoV0Z5YHXzXgcfsz882BdiA,Lillia,JUNGLE,-11983.97722419836,-1.7439293413036354,
KR_7566776653,7,200,TgcCM_ehekE5SxEnqrVyC96hJf27vqRDOCpx_wcawkotnb6XMMCuvZWgBcEuGmFD6mw5fgsg46RmUg,XinZhao,JUNGLE,11983.97722419836,1.7439293413036354,
KR_7566776653,3,100,QegbXOV2D4PoDb1sRj8wsF4vwBhid-JpS-wUB5YhprXPME42SiT63ulR5wD9ddYstVf2U473E_CxFw,Jayce,MIDDLE,13411.115288310335,1.9516089703228428,
KR_7566776653,8,200,81UMuKqftY-c4mbvy6B0LNWH6rr7_b7tWKn13Hyqfkl16wMXp28voq1X-fPH7Y19fm-Oiut_mhvXvA,Azir,MIDDLE,-13411.115288310335,-1.9516089703228428,
KR_7566776653,1,100,_6QOOujO_FQBSqxusy8RFICnA3E4np2G-cTKYaQPJinZMcc_dFW_mIim6hwfiJjyzw0mHW_ul7blyA,Pantheon,TOP,-1964.862270840706,-0.28593019676477327,
KR_7566776653,6,200,c7o6m66l3vzaLhIzVVp71aoiCWaQcJEa0PK9mymRUTwpPmXKsTfqiBxsM53jWwrALpq0MdiAJONQEg,Ambessa,TOP,1964.862270840706,0.28593019676477327,
KR_7566881283,2,100,2IExQmesgEXzM9v9PaBvmBpJK72qYqJACYQ-YZ9s_fLEqlgy1u9SZaLwvo1Ei09hp8EbOsgZrY2dYA,Lillia,JUNGLE,9664.323871058488,1.4063693252494005,
KR_7566881283,7,200,BTt_A4ZzxOxQcxiFPix2PoXpIKJYa3euT3zvl8AMyDaAOvti1pvnP9zYVyTK3bn3xErIKlk2EFQBXg,Nunu,JUNGLE,-9664.323871058488,-1.4063693252494005,
KR_7566881283,3,100,35AoxTWUHHNG0PO16A8Hn168fcRRWsw6HLUjWSavIkUXVommQDBOg3_bK_OtROWNX0PYSFIQ8Tmmmw,Yone,MIDDLE,-3687.7625915710614,-0.536649667041812,
KR_7566881283,8,200,UXTH2HNmtEQOUYyCF3XdCtZkGrfj1NQOmSf3NPrve-MEs9sm9lI7fMOTeRjfgxO5ObIUita_YIGWdA,Yasuo,MIDDLE,3687.7625915710614,0.536649667041812,
KR_7566881283,1,100,tymbOPyuxhq4dlfHaWfddTmxBPL3RrY15k3U-OxEZnhF2S44HxxsqTtmLGA1xHwVuCUhKpvl9-kbWg,Gangplank,TOP,-6712.2198690566665,-0.9767739837900258,
KR_7566881283,6,200,Zh-QcpxNauSMljd3bdGsaWM3xuxcgg0N5hog3UQ9XJK8TkBUtq9rKwZIt5z1U7VjUmadBvkmXsJH6g,Rengar,TOP,6712.2198690566665,0.9767739837900258,
KR_7567040161,2,100,LRlXgISgxUbvn5fTukF1mztIST6ppTdj6h2Gj00BnlvU3pnKvLJj-u9ZU6MhYZbVIooONv7vpymwuA,JarvanIV,JUNGLE,-7125.625599825502,-1.0369335093184189,
KR_7567040161,7,200,EtsneL9NHGA1jc4i6TWI0hzv8nhtGoaWf4sREMwOABt2GQMd1pUjW2g0NC91pZUxMEj7uGvSL7PHYQ,Lillia,JUNGLE,7125.625599825502,1.0369335093184189,
KR_7567040161,3,100,Pls6BmiOUxP2vE__ThhVutovTwwnJ_wEgEMKLA5zPXf9MLIJkcBELmQl7uQC0DC3tJoF_r-2M0FP_w,Aurora,MIDDLE,-7620.055375861599,-1.1088837957310513,
KR_7567040161,8,200,1xLNXEqnHC_2SZooxZ64AN3fhBG4Nr0WEqnzFojU4Nogkyfyw6uYDEqBMMK1w_kGMC-7PjTKovE4Og,Naafiri,MIDDLE,7620.055375861599,1.1088837957310513,
KR_7567040161,1,100,4pAcnYzDn2fxDWfkJzJVxXOmMC-aOOE2Go9aGKs75njiw8E_JOY9HmRYGrM7dwdnztB_v-RhPi9Y-w,Ambessa,TOP,3612.9126722770243,0.5257573757758119,
KR_7567040161,6,200,rZEHhJ0MKCVzQnpp47P0u5bLs5E5DGGA2JP3q7Bp9fG_nyo6Q-cywKDsLjbPHLSu4644wXPrifzUNA,Pantheon,TOP,-3612.9126722770243,-0.5257573757758119,
KR_7567213465,2,100,j7TxsFgO9-YYfJpEQ81Y_3V4lIjXO3aK7YvziDx9G06wUJq3D-pKzV8FmEG41Ly6yzqGsb90rdysuw,Talon,JUNGLE,-6873.365982280585,-1.0002242482415278,
KR_7567213465,7,200,GarTfjgOPrzFg4QNk2ZCXF17NwZaT2mBleTqXsXok632_VBj43Fbhrl4ltK5qOChudu0J-1Uu3mwzQ,Zac,JUNGLE,6873.365982280585,1.0002242482415278,
KR_7567380758,3,100,2Jb3CYFo-ywjwpWFKWX6tmRoQ_QIFOdA0y1GGqbIrQfz_uc2hsG13cSqd3bIJp-vRHZ3HhN-snSRXQ,Yasuo,MIDDLE,-12813.791153428487,-1.864685316714268,
KR_7567380758,9,200,9Jsx6rNTWjXlcgSm9qe_n259Xgl_HurdW6dP6eVIqREHCWKERzKsDY7oBEbMH0seuvKvXnX0pi2MYQ,XinZhao,MIDDLE,12813.791153428487,1.864685316714268,
KR_7567380758,1,100,kto-nUpd6AJiA6zOpFMt-k2yj61rr8dnul-MJ0KpBi2798PnlGaQ3ab729z13-fhqteKDNbIckVTbQ,Jayce,TOP,-11681.902036572368,-1.6999708312760093,
KR_7567380758,6,200,4pAcnYzDn2fxDWfkJzJVxXOmMC-aOOE2Go9aGKs75njiw8E_JOY9HmRYGrM7dwdnztB_v-RhPi9Y-w,Gwen,TOP,11681.902036572368,1.6999708312760093,
KR_7567485918,2,100,BSxA2YVdsUFCGyliP6iGz4q17ZHjEe1P-Q1cfpD-p8z0IcatEv_bOxBbkmvON_SRjrt_-Dme7mIgoA,Sejuani,JUNGLE,12683.4963054769,1.8457245823843789,
KR_7567485918,7,200,wuicHM_pSRIMSaJl7yMg-a59T2w4TEQ6wQcoSgHhywlKN8e2KAIV2FXIv_4wzYDOL2VYa9V0alDzpg,Poppy,JUNGLE,-12683.4963054769,-1.8457245823843789,
KR_7567485918,3,100,JncbFPz_xCb-AwjGVEcvbhGyrdtgtrcmLQBQxKTi3yrb5mJrO22JSzQHugPoG5jr2D0UrsNcMEKuhQ,Yone,MIDDLE,243.78898235128887,0.035476599417302905,
KR_7567485918,8,200,t8stZN6MlhWXjn8dzTh30dWXJlwazGuw32ljuQsmOGrAwxFYdl8crT7iEKTw2ddNJ6hogDQdRv3rdw,Sylas,MIDDLE,-243.78898235128887,-0.035476599417302905,
KR_7567485918,1,100,Q93BJJns6XG4v7eaoyyyl7zJPshp7IuwXcJAL9tV9KSyTyhMr9xcNiglnLeCZxzbj9T4NVfJ1a-IRw,Fiora,TOP,-16976.57891186406,-2.470461477478042,
KR_7567485918,6,200,H71O_m7hzg0E4MeLLGcpVAwHGCy7vMjcF4TpMlCxWt6-Vj_Lg1UVk6Fl2XLVZw6g6OqIXROxcWt_OQ,Gwen,TOP,16976.57891186406,2.470461477478042,
KR_7567552474,2,100,eatUj6rxaF2Xg3pcak94auX-TQQvzRs8pB8ZAiuQbkQubbRXhjF6KhmTupV_0GtbluXD-_W5agUZ9A,Poppy,JUNGLE,-10376.98317566647,-1.510076754628468,
KR_7567552474,7,200,UN4qDBOIiemh56_11gYXg2KGtbDZtKKGtsFPNFyKmUVLxtn27lYA1rmKMQ4UbNFZ2-EkEMaTQnqd6w,Viego,JUNGLE,10376.98317566647,1.510076754628468,
KR_7567552474,3,100,hNnUK-1z3SKixJ-71chpRl98fbZPjCiUx7CfBa4DdSEWixi5Q_bUDDKbGiNFdOHPdHWodvNXYLlwtg,Azir,MIDDLE,-15695.852579956794,-2.2840879399947323,
KR_7567552474,8,200,c7o6m66l3vzaLhIzVVp71aoiCWaQcJEa0PK9mymRUTwpPmXKsTfqiBxsM53jWwrALpq0MdiAJONQEg,Kassadin,MIDDLE,15695.852579956794,2.2840879399947323,
KR_7567552474,1,100,K0DUV4BpL07rXE0_pgf92mTosl5KSFsznwvgbVdQ-KjlgYyjESeAuqmu9-fgVEDFoiSXysrEAd02AQ,Rumble,TOP,-11686.615485220622,-1.700656740573285,
KR_7567552474,6,200,OU58kHnN8Maf-u8yr-UZMT3zKyFqw61CZawCXdfiV_J_kumU5FxqSKiLVT4t7i0_N-FzHWFPCmSVQQ,Ambessa,TOP,11686.615485220622,1.700656740573285,
KR_7567616097,2,100,x-QgAXfW9NI6wHkEDc4hzKAFvcudkNDXu2vQj7qYhCd4LQCmnxb2RiQPGYX0yH4ao1F_0b4WyuLv4w,Pantheon,JUNGLE,-2793.404992124764,-0.40650118377008965,
KR_7567616097,7,200,UrgNPgVcql88ycboL5bjZdTa9H89HovZ3OyLhXbS9VOJfJb-ZD1apsOinFQI1icSlG52mKgdc2pqyQ,Hecarim,JUNGLE,2793.404992124764,0.40650118377008965,
KR_7567737991,5,100,_wTcCaqzExp3GL8Obva_deiXiaDqnjaa0l4gzBwSrGLbHZsqcKzkIoRoXG_2TMXFhH2vhDyD8lwymw,Leona,BOTTOM,-6860.7218350764915,-0.9983842498092498,
KR_7567737991,9,200,5XvaFG0TFfg1eteFhhXD-0kYb9Ie-HjRaUaiRqFtb2GAP3O9IqobZFrRn2uBWpLbIt1W_PJv_uaRQA,Ezreal,BOTTOM,6860.7218350764915,0.9983842498092498,
KR_7567737991,2,100,gLneXyQW5RFT1JvCiQd7o7XDBrn8WW0M8PyZX2C-D-D0ztpHf97lOUJPnuuec4vNfWmQsQt4G-WrfA,Graves,JUNGLE,-5651.066723450648,-0.8223531206977418,
KR_7567737991,7,200,dAV1pD1oOD9dhz0NquUZmRI-WKuzxkUFe1fpD9AXTGnR_yo20KdIRYwFsKl7qAiChdit7DZG1ztzYw,Khazix,JUNGLE,5651.066723450648,0.8223531206977418,
KR_7567737991,1,100,cTeVTiAx6G2WU1bZ7Go0U6YYB2DMud41PIBeEzAXMQ_k3Q78BMnZLKIPjU3i7s6glPiiyFqruXR0KA,Darius,TOP,-2840.4213871497354,-0.4133430918672452,
KR_7567737991,6,200,nl_FhUDXDitsdbklbaj57shWYL0gAEZ5p_jpqBmsNkzTvLl725sW0_3eY5_djOn7_pUF382MEgocHA,KSante,TOP,2840.4213871497354,0.4133430918672452,
KR_7567865035,3,100,OOGTjiMZDgaF0NeWGVLEJKlO3X2wMv2Y0-7FHBbBQBOj890fy7bbf2XpVKw2e19yUqIg1dR7dUWx6A,Yasuo,MIDDLE,-5127.798379015469,-0.7462061953353292,
KR_7567865035,8,200,wyyftsgV7NwWSFbuKytF0zJrz_AuJ7580lkahIm-ZzGW28basBEsDav15wnQii3aKt39vgpvDyjN5g,Yone,MIDDLE,5127.798379015469,0.7462061953353292,
KR_7567865035,1,100,QkoBCJqq-q2NVmrdvteVUoH1oGciZ5m5jX7hIexDgxunwt5q37RZFq-HvnNGA9Lk9MvaG-03lqxSsQ,Vladimir,TOP,-2283.043361569374,-0.3322324660021746,
KR_7567865035,6,200,Ja9vRnhWQHxo1Y3Iio4eGOujTIa29LVlW-zRslNVxVehtUzggcf0In_CPGhOw1YT8RLT56o6rA9Svg,Aatrox,TOP,2283.043361569374,0.3322324660021746,
KR_7568010775,9,200,9vwSYFVtryxf7P6DsNM2fx1BHgIL-WY2QbRhLxqx8AYLxBsIn_W9WdH0EkDFAQ2Dpg6E0GlyyzVtgw,Zeri,BOTTOM,-3977.638392140588,-0.5788329009123099,
KR_7568010775,10,200,32nmVwpFUJve_22WLDPjRs_xkDMZzn51Pw9hT4Pvtrd-oSYDMLRJ0pDPr0qVBT65U2bEJAAAQJr5Kw,Poppy,BOTTOM,3977.638392140588,0.5788329009123099,
KR_7568010775,2,100,2ZQAscf5Qsu0gzhb0fcKF_Y4hW-ADYAt-OX8x419DeLPV5tsMPMzfcXVWG93zKPukE4F1yQ-QUVEEg,Rengar,JUNGLE,7815.661311457421,1.1373487138493785,
KR_7568010775,7,200,cYKwCewUyzYIvxuOlFsZhGO2ah9bov7-q2REbCy3-bLqcRSxlaBJLATCOWETHH7AJBa6RxxU8KVPRA,FiddleSticks,JUNGLE,-7815.661311457421,-1.1373487138493785,
KR_7568010775,1,100,MhYmAknWiySJCIJEZ34FGwAUpNkqxgwcXXJPhFGnV04R2cj39lzLpzIm13VCp6IttGmc2GGom-TYJA,KSante,TOP,12723.860747545043,1.8515984866442974,
KR_7568010775,4,100,TgcCM_ehekE5SxEnqrVyC96hJf27vqRDOCpx_wcawkotnb6XMMCuvZWgBcEuGmFD6mw5fgsg46RmUg,Varus,TOP,-12723.860747545043,-1.8515984866442974,
KR_7568184527,2,100,scABA73Q1Ulkz-clRicFSW6h-Z365hhKZnIXQo54xIIbdpCWNr14-MRSXIHtaS0FaZ65nTdKjPTN8Q,Belveth,JUNGLE,3306.3362685637617,0.4811438409046564,
KR_7568184527,7,200,5N_zeavQmnYu0Qk8mhG7fOUOCOqsVMqf1Ug3aKwwADo41CHkmoKjlGc2_spUStSiPh_b1CwgiN9krQ,Naafiri,JUNGLE,-3306.3362685637617,-0.4811438409046564,
KR_7568399962,2,100,RnqQdRtTlLoPyMOkyCKOIFuNl-DgSFHYhydMIPJn4YIP9TGehbTrHk9MzkSyNAWJfKW-MXZxHjSHWw,MonkeyKing,JUNGLE,203.05464668060068,0.029548867592914668,
KR_7568399962,7,200,Ayu8sjOYQQIdxecifbUYnTXmuJ3cYdenODzS_TJ-j2Sm3VD6-l5BxBw-fDihqjb-eYSScbviZ2Cfww,Pantheon,JUNGLE,-203.05464668060068,-0.029548867592914668,
KR_7568399962,3,100,t8stZN6MlhWXjn8dzTh30dWXJlwazGuw32ljuQsmOGrAwxFYdl8crT7iEKTw2ddNJ6hogDQdRv3rdw,Ryze,MIDDLE,6775.090141140487,0.9859229758259358,
KR_7568399962,8,200,UQGNpcx5xuLMeNwPTFMYUr5GlC6K9A4dNLZhKrw1-QQ-DxQ7nhQOtcMbpuulBWwPIUhm4Ds2B9mWkw,Taliyah,MIDDLE,-6775.090141140487,-0.9859229758259358,
KR_7568399962,1,100,XnVweAmRfAmh1QKqCLLqp7kYreoWYkFTMvuyOTQ0_AULfuuiOdRga-6jiH2WsHcZt-PaTQL6DLQL_Q,KSante,TOP,-32780.89675458274,-4.770333472357383,
KR_7568399962,6,200,Ub1VHsM1B0m1ctinxNljs2OZOvOXjP-fyZSQ3KxVgR_U1FnmEC1wzHDCP5JM4Vs6vuavFGta0WvxBw,DrMundo,TOP,32780.89675458274,4.770333472357383,
KR_7568593058,4,100,geV1V2BylR5lucpGNBWOpzZMPhhWzObRJE0et0msQlxYE-40z-4ECaaBhzB60byJyejwejV0w7jXKg,Syndra,MIDDLE,-3010.320474826885,-0.4380671044815732,
KR_7568593058,8,200,2bHDlpSAGOhYQpT6IPkSpJkDa53auTVgJMyWVBWuRBc2yyqjZaSMmfh-Rl6LPWbqirDCTKLFGn_mKA,Zoe,MIDDLE,3010.320474826885,0.4380671044815732,
KR_7568732692,2,100,Ob3ybx-kURZ5PWEq8P1CBzdJhE1rPg5N1xkDJ06Z3iOKcy52gwYhkVqKKD-hA8OzFro5dIE3hTX4EQ,Vi,JUNGLE,12373.42882250275,1.8006030195487188,
KR_7568732692,7,200,Wegn95wO3GxJ3PK6IWyL63PGvbdpQoVcffra0-vgrc7cFyQkdnESN60OcN_6QeHyJIHzwxuc6uEWUA,Sejuani,JUNGLE,-12373.42882250275,-1.8006030195487188,
KR_7568818075,2,100,VOMkrFdii0o9enYqaxiU6Ui2pvZtTmLuxBZYU1egr-kBSqzniv75ctDzwMk40kqJUR-iTulXjEn3Aw,Vi,JUNGLE,-7905.644594197391,-1.1504432386520616,
KR_7568818075,7,200,fzoXlPCIO9glk7sY0mFWunK5BLgD62E4XUiYzfmP2sOX5Rc_OD2bC9TfN9P7JrU4t9QHXdn8o8sDyQ,Viego,JUNGLE,7905.644594197391,1.1504432386520616,
KR_7569042487,2,100,Zhqh-BCYW1GA7KXccPHmZ83u_JOIJDSruB0CbG9UgaBL9ecdNLcdYzjyM27BXV99dRPFjKTmKXXNeg,MonkeyKing,JUNGLE,7057.431575714176,1.0270097955692663,
KR_7569042487,7,200,D_ogqZdx8VVfKeR76LFNGM_SuU_wbur8XUewCF_j3ppmEXz02mLVnRoU5DVQZKgUlx5jKwX46hD8Tw,Vi,JUNGLE,-7057.431575714176,-1.0270097955692663,
KR_7569042487,3,100,Jp1U9jN8WfF_2heEwLSVyqcao_4MNJAdX2wvgVJZAlf5X0t07xzsn-fSB17-wzScIkuKnQRJ0EdDJA,Sylas,MIDDLE,11855.401476029225,1.725218773383041,
KR_7569042487,8,200,mgId0EChGQslqd7J4N-ohdd21uX-HW41lognRZKm3cBz3FcUVOV7ZbsORLCpcD89o99Yl6H_xznykw,Ahri,MIDDLE,-11855.401476029225,-1.725218773383041,
KR_7569042487,1,100,aw2-LufZthUZJXdGKMnY8vXpCb0KjMq-zTTtJ1HPCzlMC29WvEo_AMAnaMzUKVyXALNXyxCzx-toPw,Ambessa,TOP,-955.8640402580621,-0.13909900819379947,
KR_7569042487,6,200,LLmyOk3emRjO1RZyKdHtA1ThXi3CtbVeyTeNHkjNC7KCyb9hOytfFgOM2qoFN2YnmkuPnOIrGF-lDA,Renekton,TOP,955.8640402580621,0.13909900819379947,
KR_7569249207,3,100,0qzRCZvqKj3W6E5xp6cOXqFgwMzkoeY_Rv9UnpNS-M7S_0Qt_WDtaP4dFfx99_u3usa6g6SvrpTwTw,Katarina,MIDDLE,4207.570514407952,0.612293025796442,
KR_7569249207,8,200,cL3LZNtoAaIu4aMIgWXaUTjH2bfrKWhcwZIKZW40I9TXlYdQKAS376MhQsOoZQPgb7tXw-kX69Lusg,Aurora,MIDDLE,-4207.570514407952,-0.612293025796442,
KR_7569438125,2,100,_NPmcnxJmF6a6sAcSIeZn4cAEJymo5b6sJ6qPSqQXzcLq7GWJTdSwvOoCIuV3MRXIF_S1B12mTIOLw,Vi,JUNGLE,-8589.838123130641,-1.2500082785310977,
KR_7569438125,7,200,xNWix_PWXYrjrSIQwoRlLeYyekW140nGjn5_JGQAlmVoCmF4hieqZnd9UBTcrelkRhMwBBocDshMSQ,Rengar,JUNGLE,8589.838123130641,1.2500082785310977,
KR_7569438125,1,100,ctkbtmpmtDOokibP-r48Krdzy8-3ArFswwGgnpALV-WK_a9EUuGJd01XyqzaLa8ptl42RQV3ddLEhQ,Rumble,TOP,-9171.42522340446,-1.3346418513188714,
KR_7569438125,6,200,3F3Ni5G6lQ1meiS6EgHmwqDIQeiuVAQC0Dt5px_Kc7TxHzhkHP2VMv5QFxdLkm5y5qPJQKuVxa-NmQ,KSante,TOP,9171.42522340446,1.3346418513188714,
KR_7569652545,4,100,1ENie03w4q-kajyhgCdJOmHHKHntODI-KqxsRRWgE553uiW8-iIms_gSPypzs83EFOXvryWenbbe2A,Ezreal,BOTTOM,3461.572489323088,0.5037340874605853,
KR_7569652545,5,100,petzOh5VqDIUTq4PH2j_V5fPyBMj8Y74IKf4Z-Qb1msnLy8V6fQrW6zQH37Y0-MMMj-qggP7kIQqzw,Rell,BOTTOM,-3461.572489323088,-0.5037340874605853,
KR_7569652545,2,100,YC5fatCdHOgo9LlnaDliBR0MrGK_8QIFFdPhUMj2fHGMf2ZSgslFoU5sQG_oqVDuBpJS8jK1iHzvEw,Talon,JUNGLE,3226.053227104542,0.46946091219154756,
KR_7569652545,7,200,BOsrR5OT3hqa9Ga1ckb2JomNerWzEJNGxH7HJAP8NNF0mJj6prHlwWMuTW3EvlozWIcTgwEbq3VpuQ,Viego,JUNGLE,-3226.053227104542,-0.46946091219154756,
KR_7569898401,1,100,MBUzVjn0AR72yp6kkRKtuUT8_ZXGohVgDaBHYBkR6qlIE6XJxReJhclrcYu5j5b57_wcpCbn16Mzeg,Azir,TOP,-4072.473280419728,-0.5926334398448517,
KR_7569898401,8,200,-RpMzyvyToeMVATBXPUNOFh8PH8wifgnDtkiIrLQ8DuPlxuPUidYv9jQjcjR905aVG_J-Kzy04V0Uw,Akali,TOP,4072.473280419728,0.5926334398448517,
KR_7570083380,2,100,j-9Xm1v25TYRRDb_HQcMb5NT7kaa0sDdu0qtrIfC6Ff1bh-huJU7dkQWi7ABNBnICv424q7XrCyUfg,Lillia,JUNGLE,7023.412760941065,1.0220593181001163,
KR_7570083380,7,200,UUQHpUhHxpl2kOoCfl0U5AtRaVuBSXAK_y41O3X2IuNesow0cEFAbq3chyUWgLzkAJtKpgg1MDXs8Q,Amumu,JUNGLE,-7023.412760941065,-1.0220593181001163,
KR_7570083380,3,100,snjNbJ_4HDzjx0qoQuaMLDbt5TEoav1NYap6tyDAgpqqOuAXFvouXj4BPkIxEOqKlj7k7oNq-41AeA,Galio,MIDDLE,-1912.9750662165486,-0.27837947992933243,
KR_7570083380,8,200,BmC6YM7U8xhQzNJYSsMK8V52JQT5kODee17jieCgq9ZUEks83DHtCG0pxnq3nmD_0J3WbKg-jvNPvQ,Thresh,MIDDLE,1912.9750662165486,0.27837947992933243,
KR_7570083380,1,100,Pgk4HgsYtPAN94ExJ0X4f1ZG1OD9qsFOffiA4llprGnT_AAhJxtubPZ-ZVeq2ZPD6v4XwwQiDxOlEQ,Riven,TOP,-8692.595284171071,-1.2649616804622714,
KR_7570083380,6,200,g9OsH9YLlErJ5JPmG_h_qn1swl_2Fz4bxMvHnTVOpBDR-LXsyRoUYaKXTub8I35gVzFyMy4UQEIsxg,Jayce,TOP,8692.595284171071,1.2649616804622714,
KR_7570246405,2,100,UmXgD0mxIlXphcQPh68XtC-elg2-IEKR-cOGFo1GyRclJWlCpYOwEEMb3h6Ds7xhw5hZWy8ViR1ZIA,Zyra,JUNGLE,501.8871417127348,0.07303549531857544,
KR_7570246405,7,200,koasl7wnS-PjVfxU8MDkXhpgzVADsP3cDpHAbUM6hL5XFFkUiYxfftN-iuelNjgxLebgJRge5N9ZZw,Kindred,JUNGLE,-501.8871417127348,-0.07303549531857544,
KR_7570246405,1,100,wpjNtkZCe9N_CaYsQcphpzSNFqOWnX9woboOlqM4SYhXhd0MuCaJDecPn01hp5oRxfdlsAEyoTSEKw,Gnar,TOP,-2272.360567181777,-0.3306778870647225,
KR_7570246405,6,200,gAQUlHC5h5VDq9F4Qj0A6EO5T2h5sC9arcSpjp_f1qD9QXDR8s7eQrfQuDGSodbey3jWuzznLV6j_Q,Sylas,TOP,2272.360567181777,0.3306778870647225,
KR_7570359119,2,100,ZjhtrG2gWS3YYicBbJGf0KQznTqbcQ0AoEEOMX7zjR_oryB-1ZV_1oZp3fsvS57ddPreIkHQ5lkJ2Q,Naafiri,JUNGLE,3823.273931984797,0.5563695144852561,
KR_7570359119,7,200,ZXUsesKPZA2T74DEd4_OHNq3RbkyTaFkfL71X_3HlmO3hFxCTlQZJqHgpbep2IYjlk4i_gyDX-4H0A,Viego,JUNGLE,-3823.273931984797,-0.5563695144852561,
KR_7570359119,3,100,A41Qgjbb7cj8sVnmT0dE6A7_5oJzMP1cMufMbw0KqWLUnNtTMPXz-l284REwDPN4Mw4a4yG2qUVQXA,Poppy,MIDDLE,15650.211880227891,2.2774462254849497,
KR_7570359119,8,200,K1ODG5UP_yyP-CSWFwHexCH-342zZrVDL_JvQcNQ5Rxb0vWPTDFve4FksCsLC2ZG6ZtpRFb7rqx9yA,Hwei,MIDDLE,-15650.211880227891,-2.2774462254849497,
KR_7570359119,1,100,JfnvUqUDkW_YadUv3RzroPiyvfiC2gGBLOVI5axU7Veu_oxRRTBjyyvtTAIsyQDraSkKb347X9puZg,Malphite,TOP,-5667.528605552173,-0.8247486825945018,
KR_7570359119,6,200,2dDljZTTCNb2Kedb-aNRvnv45rSsHal-onb1mOqhkqUHwWsVqsyK3saEDi9scN68ixmQc-GYT4PN6A,Gnar,TOP,5667.528605552173,0.8247486825945018,
KR_7570734513,3,100,errb_ANgiRlXA4V7vcQctQB99G8MbbPnChFRu2fwAPJsS64Faj1CWzUH-Dpde-HR9SFnCn3fQ5YAoQ,Zed,MIDDLE,-13871.427502114218,-2.0185944093632378,
KR_7570734513,8,200,J0zcBJ95XCXSL69sViFmApa78D95-XBLFBqguVADK0dBoJbf8PsZbbmn9pXvfYd0buRL_op6uk72qQ,Ekko,MIDDLE,13871.427502114218,2.0185944093632378,
KR_7570980084,2,100,bXTiwS5RtuIuOdwv0F9aLmvmBndn9ls9oZSuG3wDJMSLcjYaxy8Qo40YTkMBQm9N6ZQbES6ghGtggw,LeeSin,JUNGLE,-7233.006479713063,-1.052559762909154,
KR_7570980084,6,200,zq0MVbW3uzpRIGb0l7iWXRxoWuDW5R2tz7i4ve8XF6K2yOL8HueadTGxBk36C31M5H-zo3Xphy0-AQ,Lillia,JUNGLE,7233.006479713063,1.052559762909154,
KR_7570980084,3,100,hdqHZ8fNzwSyF2GmBEcd4gE4NyLcpZTCygpF7msLKmL9j6jvCSvKQqMUaFwI0iXXLxeB_CAPCkL6Dg,Galio,MIDDLE,10183.067862962724,1.4818578589125047,
KR_7570980084,8,200,Rc9hng9aNbu0VOb6-ym07Q7tFto0ESCqRKsw6hAXwh4G5GbdcA4taLXhsqj7Op2DzozOp-IuKhyoyA,Xerath,MIDDLE,-10183.067862962724,-1.4818578589125047,
KR_7570980084,1,100,qVzh-TS2uofuVb8IHh7XwoctzcS6vqa8l8PN5roxKv0mx_Kx6asBQoZbDmDUq57gb-sUJGfH2twdng,Irelia,TOP,22376.43030368325,3.25625730341284,
KR_7570980084,7,200,qvsM2KSx72n_xqsbeCYsB4pRNXETnnD2D5GcmZx50SGo7tSh9H3cI5mq1XTRQE4AkzbU3jlmAKIWsw,Gnar,TOP,-22376.43030368325,-3.25625730341284,
KR_7571217514,2,100,yY4BmMZC2YX7HAGQH5CkPg8N1HNkgmQQ8T0oZujfJE8Vi3GFoOZrezfu3YtMpZNcmE8Ti_Ap0c5lAA,Nocturne,JUNGLE,7445.575420578896,1.083493167244839,
KR_7571217514,7,200,n2L_CD8JBHBxP3pRM11eI8OtyM714qJOOTt-VDvSfRUthLvY-rYZFJbnFuA0RNUgqRX6_WWy_RikMw,Naafiri,JUNGLE,-7445.575420578896,-1.083493167244839,
KR_7571444694,2,100,Gaa3vixaqiL1llxqiAZHvcA9wn9c9Xt8lB5wYK_yks0OphyJTagBW-dksuLBvj5bSmLiBjJ4zeoMGw,RekSai,JUNGLE,1062.1808336880772,0.15457041406075475,
KR_7571444694,7,200,SfZfSidvBdad7m_KrXHro232q5VtK2QnnFn4HuideJVRO--0jOD9y-iwOCqXT02POYofADWbvurxxg,MonkeyKing,JUNGLE,-1062.1808336880772,-0.15457041406075475,
KR_7571444694,3,100,I89S08sXm_AZPwe-kvTvAvW1EigdZC2I3ZcTNsmJGaoOKz_jRCCzW6AiFBjZ__icHoupnhXyFSDoww,Sylas,MIDDLE,-7293.299500026299,-1.0613337087564272,
KR_7571444694,8,200,QegbXOV2D4PoDb1sRj8wsF4vwBhid-JpS-wUB5YhprXPME42SiT63ulR5wD9ddYstVf2U473E_CxFw,Akali,MIDDLE,7293.299500026299,1.0613337087564272,
KR_7571444694,1,100,hAhTbgvNXWI7Nu-Plt4sdH1VNcqdMs9ZlTzSY4Na4IrwOAAi12qlcmGcvvf23ujJlg-BJHo_VkRWtw,Sett,TOP,18388.329875426338,2.675901948693108,
KR_7571444694,6,200,d3-srmP-E1UwB9iUDx-ZWiEYK-kbrqqqcSz-aucaJtc3K-bMxoiltESrMby_Td2212AodxcFx2aiwA,Belveth,TOP,-18388.329875426338,-2.675901948693108,
KR_7571601363,2,100,De2eUd5mdUarfMz-POAlSWtuCIC6_abpGhv8yPZoSAgrnuSUCg_1cv4yoVYG4GJ6Z6dsyVjufc2uiw,Lillia,JUNGLE,6732.860659976155,0.979777667812349,
KR_7571601363,7,200,BOsrR5OT3hqa9Ga1ckb2JomNerWzEJNGxH7HJAP8NNF0mJj6prHlwWMuTW3EvlozWIcTgwEbq3VpuQ,LeeSin,JUNGLE,-6732.860659976155,-0.979777667812349,
KR_7571601363,3,100,JJgJJ5y5EPpv7Id-KlbSHoJdSCyZLGTOjg94nAPf4UYrZIXOV1B6C9pDqW_uxjCy8eiB5nc8UHz5XQ,Talon,MIDDLE,5963.165971399875,0.8677703495287874,
KR_7571601363,8,200,Er2bt5laugNsxvMmOt96dyQXX410Oxk-V4Uo4Y6nbFyMrRTl_doOXKT-k-TxpifktbA2Uc1zhSXfcA,Mel,MIDDLE,-5963.165971399875,-0.8677703495287874,
KR_7571601363,1,100,xx4sKrK8-GbFD6Kuyva-KxAqCakbjAW1oetWWX2VRSFiPCRO4MMc3riR2kcH_gP6Ey0u7vZ3cYfxLA,Galio,TOP,-11840.43116838795,-1.7230402680124495,
KR_7571601363,6,200,_rSSWD0PLP7DX6-jhjZ42k7EQY_SvmMC9YP145wSYkNrgKZRxkyPFzgvgfz2JWOr8ocVJy7UXRAT2Q,Fiora,TOP,11840.43116838795,1.7230402680124495,
KR_7571693005,2,100,luNw1o0FDNtHkmOgl1mwbgzwSWHjN61NdWng64TnGlrM_ILS7irsJEgBvf4R8tRxo7UUatYMjtsXpQ,LeeSin,JUNGLE,-12406.004472127564,-1.8053434850995067,
KR_7571693005,7,200,f9u7idU6hS2fwD_aMUclWJ7dWo1lcvSBGxJkf-La4r2xX_mkXRHGTDV_KdZtDFNHQ5mCcZllN6YbTA,Zac,JUNGLE,12406.004472127564,1.8053434850995067,
KR_7571693005,3,100,xI7CR-bALwzZfXhhmP4MLB-4u1Jxm1kNAej8fKYzLcs61wwL9z2_kTMn-KYBFTJMyIJ6OC8WB32g1w,Orianna,MIDDLE,-4728.788171709421,-0.6881415315778251,
KR_7571693005,8,200,mDKm4ZfwmwPiof7XcY-A_fOi5b73-rBc-ghIdHF3h1_3IDmCxjbH1Rx2DAucS_GQBGv41kqH86FYKw,Yasuo,MIDDLE,4728.788171709421,0.6881415315778251,
KR_7571693005,1,100,v1eE8OuD-zKSNkVxHrncTR-6yxU9AOvl_ZEZWLMME3wlv09Xjhn-_iFp7BU2Iv006YhGsRpudmtLNw,Cassiopeia,TOP,7031.859405889392,1.023288488657218,
KR_7571693005,6,200,ro_a7vJdAvi0xqC-T9yCr_2Jhir0FByG0Q3vnB6ryuSoLW9V9G65u3iLc8yw7HjaDXLzbdlbsXrTTw,Viktor,TOP,-7031.859405889392,-1.023288488657218,
KR_7571764845,2,100,iou7cgxaC4qgDgZKQrJTJQ7uquoeo1P5YoMMiaIJMHM9vrEjAUzlAd5POX7my90HqwKOH7KCmwgdLA,MasterYi,JUNGLE,-2705.9210314612737,-0.39377036469055665,
KR_7571764845,7,200,Y42HSiboWPZrL-KJg9xqKL-_CsJlFwpcCiwOM2WwbMYrQyC9WmDWeYau2gZOB0IML569BrkWhfbQQA,Pantheon,JUNGLE,2705.9210314612737,0.39377036469055665,
KR_7571910268,2,100,FP15_huH53Pv0jQBtqGG8WG1F0ADbgWGry4yKdAqbrTEr2qSoLF3c_gbAJQZEw9OgLtTaZqlfXORZQ,Ekko,JUNGLE,-1354.8144952278083,-0.19715497668673987,
KR_7571910268,7,200,auy8c0SCxE0KF5XzGVzHPhh8h7f6v6AkM3n2BU0j0Dpx25K2dqLhambkF_0PwUIMfe7tQ_oceV-pjw,FiddleSticks,JUNGLE,1354.8144952278083,0.19715497668673987,
KR_7571910268,3,100,_TIuk8JS8osSZ_Qs4szd51D5QlvE0C7wQEu5t69l1Cq8diAVUKFenqZGMqTAcHKPX7jghflM1otb8A,Malzahar,MIDDLE,-10577.673186411179,-1.539281516261153,
KR_7571910268,8,200,LmWtS_qlxEB8jW1QuJ4341bIvULVana49vkQ_swmmFxYeMJTSkE1DPt0ixzJTnsaK929qE_JSeTFuw,Yone,MIDDLE,10577.673186411179,1.539281516261153,
KR_7571910268,1,100,nQCASr6V10TNV1_1qdTlyPhj4935ToVRRRFyV17VBgEYNUqv_WI0PTHlSJXTLglFd40Ekz1RtiydGA,Fiora,TOP,9668.125954102232,1.4069226110287383,
KR_7571910268,6,200,mzkbs0oYz9-wRs_-2s-HjwZBHIGV13IFbmrU53jot4H4p21_hs1w4g4jJgOsxpDTbMvnTyzWEGa6KA,Kennen,TOP,-9668.125954102232,-1.4069226110287383,
KR_7572009848,9,200,mJC5deHpenB18-ecI-OBPXEQ1rLXCUl-nT_BzjhPvGPbmA7iXdmf6Kd8zbwuBoqc3-LBuvSQAzvMEw,Varus,BOTTOM,14322.445042841186,2.08422727130895,
KR_7572009848,10,200,jvt8nrlY2Rp1ruKRrpPTpJY0NYqXeCh0zmOE0hy3XQomWVKHxE10DHOVJz4mu7K4IMk-0ZKdsaZORg,Poppy,BOTTOM,-14322.445042841186,-2.08422727130895,
KR_7572009848,2,100,VOMkrFdii0o9enYqaxiU6Ui2pvZtTmLuxBZYU1egr-kBSqzniv75ctDzwMk40kqJUR-iTulXjEn3Aw,LeeSin,JUNGLE,2608.3786034353852,0.3795758198350424,
KR_7572009848,7,200,hRmWO2CXVkAqXyjYGp8K45AGgpRHVuL3uTNThN3G1FsLtjo-Y-oFmym8s2Rffvfuun2lNlw4LcECew,Vi,JUNGLE,-2608.3786034353852,-0.3795758198350424,
KR_7572009848,1,100,x0h7xFKtrsBodAiTMn0aJ32UtKHXQO1_wE2z_D7oqzx1VwWtUkjC0UIr5_mj03mwmMzGVbIzFny6_w,Gwen,TOP,713.7772521363729,0.10387011506015026,
KR_7572009848,6,200,DQqyOxAqcN4HTfulHefYWNjXwpMMfDYTuOiATpw_Yw1tRDB9pug9yG4dVZpoPOluCvCYi1NgFbvY1g,Jayce,TOP,-713.7772521363729,-0.10387011506015026,
KR_7572148034,2,100,a4dY25Qz7CJlyuKpYuZoLeaCns40sQJDFHf5SPosso-EQHqAe3h5EC_SRT_WxNriHcYZJiGuO-KMSw,Kindred,JUNGLE,-11417.998098679973,-1.6615670683210186,
KR_7572148034,7,200,JRoyw2RQS7vxG2-XdtEv441PMwL2fNqA6honmfHOdi-2o8U2jMGyQYowGQ1-iNftSID8st6cFF8svw,LeeSin,JUNGLE,11417.998098679973,1.6615670683210186,
KR_7572148034,3,100,AsP8SbZUJn516zDmdP5iZNuPnd1acy254SZwwa8WrIpsSXdx6hQwdyXa6-oxDvtFN-Zrp4O0ymiC4w,Ekko,MIDDLE,41186.84456771312,5.9935817111127605,
KR_7572148034,8,200,_Rk9DztOxqkLO06w_cDz9AlHJ1uBbC8_Sv-zidSC2EuDuqIJ3_xClKKXZlAq_FBQR8IY3fqFBpQeag,Xerath,MIDDLE,-41186.84456771312,-5.9935817111127605,
KR_7572148034,1,100,CyiOhYCuw1lABxkDW4IKUWTz-UQsKkGC-drMHoXsL38GreXF1KhBYtJJgUQ5tJ8e4M122LsPATVTNw,Garen,TOP,-10430.543982230043,-1.5178710169474496,
KR_7572148034,6,200,T8tLvTlFi379ZYVL8ZDM8BYF9GRQcvQqevn8Zs3Qqdvj4bdkG0u2M0FnmEPVfw-YZPW7We6vQeH1Qw,Jax,TOP,10430.543982230043,1.5178710169474496,
KR_7572308448,5,100,5iyXobLS4woqVPQzl3NCZODMBawHRNhSATVSPoUOihSEli1qEZtOB0ivAKeej3ogHKbRwcKtnOBcDQ,LeeSin,JUNGLE,-2508.720569982425,-0.36507340837482183,
KR_7572308448,7,200,L_Py32IHIEejMwFtqYGtmo2feGiwKTERXUkkXLfLWpDjciEU6LEYVTo43XNB2wqrW_2WRBwHsPubPQ,Hecarim,JUNGLE,2508.720569982425,0.36507340837482183,
KR_7572308448,3,100,BNkwlw70xQLOdSAj_70JRLHnSePwLdAynzdsrWYlljr0F7hGK6DG7oFt1XcyZeqHVZ9-iAC4-7d3-A,Hwei,MIDDLE,-16852.8129367893,-2.45245083615672,
KR_7572308448,8,200,gjwfaDu5OPm9_-Y-NgIQSOD9cpg-UXD0vOncH4RhGtiUHvLGpvXi9ddQw5hRVe1OcoWJsyQ3N5_Guw,Yasuo,MIDDLE,16852.8129367893,2.45245083615672,
KR_7572308448,2,100,G-9Qi6CG7f_bhQHiyifLMh9_B7zzt64rf2RGIEYzRPB9Vrz6wy98Zsp1P6Y-aXeL8B4w3TsHcaGZfg,Maokai,TOP,-6812.059763952697,-0.9913028600457553,
KR_7572308448,6,200,OiY1PrUcNcBl0OtJ5w0dotWKL5pRGzho3L6tiZR25ileGE9ayK4mPT7JAonniSR5SAiUVgVSSqP6Jw,Gangplank,TOP,6812.059763952697,0.9913028600457553,
KR_7572483405,2,100,_0WMMg3NGaXMmt2EzGipHy5ug1DCBvT5mwjQPR83S3o74aE1XrQlp0itveLKPzuBYc640We9n8tRAA,LeeSin,JUNGLE,-2350.314548962312,-0.3420218869368199,
KR_7572483405,7,200,hv0UoBxRcOnNiZ_a4q9Y49I8Z5w0_Mz07p0p6TWa26fVytV-YWRuPMx1V6PEP6ENY-zsFoXo0KUeeg,Vi,JUNGLE,2350.314548962312,0.3420218869368199,
KR_7572483405,3,100,qMn-RlPY-Xq-FD5uyrlQldTt40NmSfLh9FXIVziJZWvM2qIkQ4sNPV-eQ94TyRz7DyWRQiqBC1jb1Q,Neeko,MIDDLE,-5150.013295435886,-0.7494389488557502,
KR_7572483405,8,200,FhqfbzQ8sMCIY8Qk15FuCF3oc6dY7jLE0s6H3T8hv4PBpEDsX8zTaALNCA5cFi7WVHavIZlrelOhnA,Galio,MIDDLE,5150.013295435886,0.7494389488557502,
KR_7572483405,1,100,w6CbUENZw6X8prWwxeBN3mEZyu2FkQqPnfSBaKHSjtHJF81rOZt7fpQDpu62dt5zBsCIewxJ45W8qg,Renekton,TOP,11264.687351736908,1.6392570200850023,
KR_7572483405,6,200,WzAJn9saCN7wVjo5ghnXBFCt2U54EOyygl7RS1skHxXYP7_coK7Bs0mp2VCjg5K4sdx5zicB6FQu4g,Fiora,TOP,-11264.687351736908,-1.6392570200850023,
KR_7572609101,6,200,DQqyOxAqcN4HTfulHefYWNjXwpMMfDYTuOiATpw_Yw1tRDB9pug9yG4dVZpoPOluCvCYi1NgFbvY1g,Gwen,TOP,4680.726935975414,0.6811475764318988,
KR_7572609101,7,200,Ob3ybx-kURZ5PWEq8P1CBzdJhE1rPg5N1xkDJ06Z3iOKcy52gwYhkVqKKD-hA8OzFro5dIE3hTX4EQ,Volibear,TOP,-4680.726935975414,-0.6811475764318988,
KR_7572682064,2,100,eatUj6rxaF2Xg3pcak94auX-TQQvzRs8pB8ZAiuQbkQubbRXhjF6KhmTupV_0GtbluXD-_W5agUZ9A,Vi,JUNGLE,-577.7227085817316,-0.08407121974486949,
KR_7572682064,7,200,lzXAUGcPkHXtpt8ESwzLeVMV6ea-YfhCdmlFlnxas6IbRka1bnq1ftEIoHGboM_NJqJT1y56EPjeQw,Naafiri,JUNGLE,577.7227085817316,0.08407121974486949,
KR_7572682064,3,100,e-YAcXIvfMj9HsZMHyaGFYyRDDyEn0bLgf8kImpiI31B5K8PGcUReBxcgQsAOjKb2Z_f011aETDtTQ,Neeko,MIDDLE,-9075.510165429734,-1.3206841242015994,
KR_7572682064,8,200,9fOOg_e_RMc8UuroIibRo0laoRmHv458W7ozRt9Egp1MAw1OWRGNTnP07bvaDSdzNi3GBFQcD7REMQ,Sylas,MIDDLE,9075.510165429734,1.3206841242015994,
KR_7572682064,1,100,3VSTkmubjfBTvqeFqW31xzK0L1jKO-Gj0O_cPCq-q8N2YAsnJqnUScLN5HuJ88wvCS105qabckDndA,Mordekaiser,TOP,5647.367722605068,0.8218148356203062,
KR_7572682064,6,200,iREDaSX2Xff8qOvfKLhhd2sL9hayxegtOvSNnvU39vHWl40b0WMYlONtgXw-ZKiiimovvXlnq0tOwQ,Rengar,TOP,-5647.367722605068,-0.8218148356203062,
KR_7572743236,2,100,IF7Dk9pDqiP5ohuSPpWqhKSbnpdPGiUH06_KeMXuZ3Tv0LpLNe7Yis3D5ZOyKnmQag6oIQSPbtxfGQ,Viego,JUNGLE,-6124.448501234577,-0.8912404655642616,
KR_7572743236,7,200,4pAcnYzDn2fxDWfkJzJVxXOmMC-aOOE2Go9aGKs75njiw8E_JOY9HmRYGrM7dwdnztB_v-RhPi9Y-w,XinZhao,JUNGLE,6124.448501234577,0.8912404655642616,
KR_7572743236,3,100,kwR20fQz7i2n1sXCy8bf_qyqRR6eAyz_5X2C55FIzqMKaTGAlf01ox5CnlhP22Hqqk75JCzAksS4_w,Galio,MIDDLE,20678.38730128494,3.0091551136074166,
KR_7572743236,8,200,_Rk9DztOxqkLO06w_cDz9AlHJ1uBbC8_Sv-zidSC2EuDuqIJ3_xClKKXZlAq_FBQR8IY3fqFBpQeag,Xerath,MIDDLE,-20678.38730128494,-3.0091551136074166,
KR_7572743236,1,100,kto-nUpd6AJiA6zOpFMt-k2yj61rr8dnul-MJ0KpBi2798PnlGaQ3ab729z13-fhqteKDNbIckVTbQ,Jax,TOP,-9838.735912439744,-1.4317500707858042,
KR_7572743236,6,200,qXWiD9Qrm-rUXcR_qJoW7AX6c0ZTg_WO0xWJ6-TvpHFqmINm00J4leSMMFMg48aBZ5-2SxCymGzQBQ,Kled,TOP,9838.735912439744,1.4317500707858042,
KR_7572889318,2,100,B_wpu2Rfpfdc6YMRGCQXkiOSj8O57joLtlmsPwJ5LhXZHXoeYpXaWOwmef1ZJMd_EuPegDfwuGC8ig,Elise,JUNGLE,1608.0627808362653,0.23400811047070985,
KR_7572889318,7,200,1hUSCvjIrF9AkH1r_mqT-Pgqh4qWXiXQ_Q02icAJXT7rAZ9TlmqI9rga1EEOW5IKOlbE5sBeKPbM2w,Vi,JUNGLE,-1608.0627808362653,-0.23400811047070985,
KR_7573001403,2,100,EJDJ1EEb3vtOGDYzAwFjBpUjLd72nMIMGrKYTQRfNr5GVqvpVU3EpPaUgDVaIWlR8Y8J3g4buzcZvA,Vi,JUNGLE,1334.5835254362282,0.19421093055226268,
KR_7573001403,7,200,RQl_TgEjk6QX60_CHI-fFTHEBOB_6Ug9sFSPQ7el3wCtZLOjObHixiICNGdT8wx3gBy3gMnl2ZlugA,Kindred,JUNGLE,-1334.5835254362282,-0.19421093055226268,
KR_7573001403,3,100,UZoRnqAI2ZXPiTlmw2Rz_hNvmRjCsL_EWwTzbINjObclAhWjsn-6AoEyn7j5nq7phzCKWA0dcE-r-w,Galio,MIDDLE,13157.812963781183,1.9147479727005485,
KR_7573001403,8,200,LmZSUh_1nlXvA4xR0lkgPapofRBtRGSnJWlcD0Q4b9c4fp8GGogI2Exrx8dQnUXSP85J11xWU2aYVg,Malzahar,MIDDLE,-13157.812963781183,-1.9147479727005485,
KR_7573001403,1,100,bkr0wh-4L7ElAVwDlKD6JQP1bPexSP06j6nZg1ZBLrX-FOnNmiQXRqJlIw4EhHyo6mDMznAGwV8lZA,Jayce,TOP,4073.18135526841,0.5927364801361802,
KR_7573001403,6,200,Qd8eJM9xhdJQcLU9TqVKbPuYmHYTf9ybwjERP2Yn0BcYkUFLydhgTWDv6RqRWY7dx0X6QLmNEdwmtg,Karma,TOP,-4073.18135526841,-0.5927364801361802,
KR_7573120514,2,100,d2zC8OEgWb4ysKl5zLUMMfq9m1k_BKdzOFHfzqFtK1IpSggKYTucaSARlT23tzHiLOScwITssqhBsA,Naafiri,JUNGLE,-7876.081190365849,-1.146141120381465,
KR_7573120514,7,200,EtsneL9NHGA1jc4i6TWI0hzv8nhtGoaWf4sREMwOABt2GQMd1pUjW2g0NC91pZUxMEj7uGvSL7PHYQ,MonkeyKing,JUNGLE,7876.081190365849,1.146141120381465,
KR_7573281097,2,100,j7TxsFgO9-YYfJpEQ81Y_3V4lIjXO3aK7YvziDx9G06wUJq3D-pKzV8FmEG41Ly6yzqGsb90rdysuw,Talon,JUNGLE,6539.451009262908,0.9516323569143068,
KR_7573281097,7,200,g5Np9PJ49io_MIbasRrBmEyOZv2zW9MisHw6Gj5ncteEei4zynsECmfMZ0e_WxILp7iAeSWccChC6Q,Vi,JUNGLE,-6539.451009262908,-0.9516323569143068,
KR_7573281097,3,100,7V2RNguHCy1dNaOx63_DQUrHQ0yrIP6HQjgFkCshWXnhl42fg223_O0Znq8Yf_9D4OHH832x_iQ0qQ,Orianna,MIDDLE,-2709.0350143593446,-0.3942235169323098,
KR_7573281097,8,200,oQdZxzf3OMvD9SazjuO9PyhAQNTbKlweB8mIf4uB-O0vLA4z8gHmX7DjTaQOkXHw2Pbe8WScpK9dKw,Syndra,MIDDLE,2709.0350143593446,0.3942235169323098,
KR_7573281097,1,100,kzpWrbVMRCg2DcYWlhnIRWqlCFJifabFGj2XuLw86sGtF4_gxBg7bSdy_5oq9h-BPuXR_flu6wsgVA,Garen,TOP,967.478564617563,0.14078917410757644,
KR_7573281097,6,200,HFlni_O450TSWHHfgflgkxEq21A2_mRtywpBBE2JhKZKELW8xsgYVLMguTFWs1g-I2erllW-8KwGxQ,Gragas,TOP,-967.478564617563,-0.14078917410757644,
KR_7573463407,3,100,_ejWy88cj6_JMIhiBi6kkJtRefxkNwU6iTz7uYEaI-iuUSY2dKndZADQkLfFqpsbYhTDnpQ4Y58VVw,Diana,MIDDLE,8314.006771211316,1.209868817410273,
KR_7573463407,8,200,_Rk9DztOxqkLO06w_cDz9AlHJ1uBbC8_Sv-zidSC2EuDuqIJ3_xClKKXZlAq_FBQR8IY3fqFBpQeag,Xerath,MIDDLE,-8314.006771211316,-1.209868817410273,
KR_7573581094,2,100,EtsneL9NHGA1jc4i6TWI0hzv8nhtGoaWf4sREMwOABt2GQMd1pUjW2g0NC91pZUxMEj7uGvSL7PHYQ,Vi,JUNGLE,-11984.697283448626,-1.744034125586059,
KR_7573581094,7,200,csfUtzW41ZlGTyqeZbx6Hgobb3u-8MAosee_qGAQz8TRwJFiTZyDkg_STFOagV0pq4GZtunJonXsZQ,Lillia,JUNGLE,11984.697283448626,1.744034125586059,
KR_7573581094,3,100,_ejWy88cj6_JMIhiBi6kkJtRefxkNwU6iTz7uYEaI-iuUSY2dKndZADQkLfFqpsbYhTDnpQ4Y58VVw,Diana,MIDDLE,-11502.15929018059,-1.6738143522161046,
KR_7573581094,8,200,yuoduo9Kib_UXf696-aqv_loPuGtYxwmEs3XkZHZhi2Apde8BG86v14EDBgIRsKDu-p7Z91JkUaX4g,Jayce,MIDDLE,11502.15929018059,1.6738143522161046,
KR_7573581094,1,100,kto-nUpd6AJiA6zOpFMt-k2yj61rr8dnul-MJ0KpBi2798PnlGaQ3ab729z13-fhqteKDNbIckVTbQ,Ambessa,TOP,-13483.04855323246,-1.962076824939602,
KR_7573581094,6,200,9hmqRemwitzcQFyD-FFnzOHWj4Ovt6oIIQoAfSH3mW3poVoTSolkdKAr9IDO_TgKv_GQl1DRsv5sRQ,Nidalee,TOP,13483.04855323246,1.962076824939602,
KR_7573660758,2,100,0h_0AffR5Nl9Mh990A4qL3bwoztkPv5xEdFd5hpJbXEZsKQUnYU4V9xBZI2cGP-s8iWWTMs1kQO85A,MonkeyKing,JUNGLE,5046.615669687193,0.7343923453792204,
KR_7573660758,7,200,csfUtzW41ZlGTyqeZbx6Hgobb3u-8MAosee_qGAQz8TRwJFiTZyDkg_STFOagV0pq4GZtunJonXsZQ,Vi,JUNGLE,-5046.615669687193,-0.7343923453792204,
KR_7573660758,3,100,Mu-t7fC1a0-ztSi7VGyjw0TI_B1vCFMWxSyaVjk9WeeL2efDuuSsGBj0a0JC2iOFfuiRiBpQoVVFXA,Zeri,MIDDLE,14054.625464188275,2.045253697456916,
KR_7573660758,8,200,_Rk9DztOxqkLO06w_cDz9AlHJ1uBbC8_Sv-zidSC2EuDuqIJ3_xClKKXZlAq_FBQR8IY3fqFBpQeag,Xerath,MIDDLE,-14054.625464188275,-2.045253697456916,
KR_7573660758,1,100,GtlfC1FAkAPlnrdoI5cigQLUT7IL8UM2_GHKa1tTqm9pmDch0M1bGIewz2WZSyWHBJIkCkjNuW01qg,Rumble,TOP,4203.434054189885,0.6116910808654338,
KR_7573660758,6,200,ca1nG25OwQynj32C_ZQJ7aoGjZLKFMduR2ZcUjlfiUNKFR02lLnwyxtXaCOWk8yrvcYMg2Pj5DS2tw,Irelia,TOP,-4203.434054189885,-0.6116910808654338,
KR_7573728409,2,100,H2WsjmGyeHwFby_g36tkuRh6BZlfDXgKDjM1XwPIi0YPCnXAOSCa23mKapkQWCV9pZa0NACq7BBe3A,Taliyah,JUNGLE,-30053.603136751044,-4.373452931489617,
KR_7573728409,7,200,D_ogqZdx8VVfKeR76LFNGM_SuU_wbur8XUewCF_j3ppmEXz02mLVnRoU5DVQZKgUlx5jKwX46hD8Tw,Viego,JUNGLE,30053.603136751044,4.373452931489617,
KR_7573728409,3,100,T9uvQ6NOQfD2rICW0JcxayJ7xSa6-lkxE7-UozscY-NO1CBEMkhWpM9qLHV9zQdjwENfjSQzJRYA-A,Corki,MIDDLE,7193.98835807485,1.046881777554673,
KR_7573728409,8,200,umeuuYX84-0bfGwq2Fq-GH8juhEDWZ9ZQmdV10lQ9Y0CTtAfymCWJlJplLME9Lbv0Ff2ozVsmDbAWg,Ekko,MIDDLE,-7193.98835807485,-1.046881777554673,
KR_7573728409,1,100,CPIqHUdYvN6ENJyt01KdA35PprwHlpb4xUqW7D0-Z868jE0lyh3qD7ZanjoaKTfgvGU5knWtidBWDQ,Camille,TOP,-7004.5531443676155,-1.0193148336862305,
KR_7573728409,6,200,pTxooFeJdHHLvQxjKGGuqkh7Z2bW8-z1Qv9JR9vovlBrwJXGRWRV9ELDj8cBLu7xK2NURVmQWV-fqg,Fiora,TOP,7004.5531443676155,1.0193148336862305,
KR_7573861282,2,100,_7e5xVnfr3Bc-_w3pn4BBnDV00Ai_60tvwIHKgNkqFnVg0iIdNMg22E59a5KJS0rmJjiUtI-i6rBvw,Graves,JUNGLE,-15120.049364647586,-2.200296048270583,
KR_7573861282,7,200,DCa1wKEa-FcZBC5C-WfI5rmMceUwBDNSiFcd5QfMkOkiVuNf3gFhqxvpwGv8snz6NnC31eqqTe6Ybg,Hecarim,JUNGLE,15120.049364647586,2.200296048270583,
KR_7573861282,3,100,d8jncrBiT5gGx5wV6YTfJUHZGBnXeeGYF03AG6LUsnbvvXnQ18Oa1RYrD6_Y0HLP7HiBrhvoWzievw,Leblanc,MIDDLE,-7372.465047640678,-1.0728540178092776,
KR_7573861282,6,200,fdPLem4jgijosrvTtIV0GUyC7cJ4V-Bhz5n2G_PCkTvEckFAeVWXUgcfjxhvWBYJmr953IZ1ZprPPg,Ahri,MIDDLE,7372.465047640678,1.0728540178092776,
KR_7573861282,1,100,kBlXqbCg0JQhPJnaG14VOJbozNdKWgeUwZdfgmgWIYfEvhts2OmOOUbtue940niq7n2e892d1BZz9Q,Warwick,TOP,7375.327807189285,1.0732706115894985,
KR_7573861282,8,200,_DKgDwSP-K86PNHynr_ru8gGl-6RA0Qaec4kmiKwsd61M6UOOTq_87PbtLWK9yO7lu_Ay6c9hug5Yw,Jayce,TOP,-7375.327807189285,-1.0732706115894985,
KR_7573954801,2,100,SfZfSidvBdad7m_KrXHro232q5VtK2QnnFn4HuideJVRO--0jOD9y-iwOCqXT02POYofADWbvurxxg,Talon,JUNGLE,-2756.464446912385,-0.40112553097349235,
KR_7573954801,7,200,DA8-N6ZT7Z_K5DfIh9fsLLIL2ZHbgYS7B6MPpRMTlbt8E_wQPeVI-QGqzNBlwcysV4U5sQZYs3wI1w,Nidalee,JUNGLE,2756.464446912385,0.40112553097349235,
KR_7574085050,2,100,a7Bp3oGLHNVKG_ZgwRXi6Lvh2UxZxO4N1q3DIPgKB3YmVhdwu8ldBQAIfLnV638TTi3dOsfn-w-2rg,Karthus,JUNGLE,24831.045780263365,3.6134572438952377,
KR_7574085050,8,200,SW-d-OWnYifXRrifVioHx1O1qZVwvVZcNMhWmbXUNtLO4sQjVSMIt5_ATSWLUebMW8zr8mwWIRElWg,Ivern,JUNGLE,-24831.045780263365,-3.6134572438952377,
KR_7574085050,1,100,jBA0fZaqQpvhbtX9vkyIoWD3WhGTm39l8YzprvhxhVdbzW9qLCQHMPnL_6-G2y_Y-Fl4DDhpFYHIqQ,Irelia,TOP,-2046.5003783790887,-0.2978103170655034,
KR_7574085050,6,200,HtG0xcTE41YCbmHwUpwQ7K04gbVLcpxSp88uVd3s965nnp2Kwt-uC5DkF66mqPQcM-lQGRDccn2jHg,Jayce,TOP,2046.5003783790887,0.2978103170655034,
KR_7574259140,2,100,VAdI2kgrFJnSVZUb5zL1GEtOr8n8NEYUj6ubaiOWNaAzdu6Yesb3AD5S9VGLx6qHsID_Ye1ZST8oyA,Viego,JUNGLE,17292.28748383923,2.5164039414587673,
KR_7574259140,7,200,aY9QqxpbLC4pZiI9AiPiEoAvF6jZEwvL35i90un3vY7Zb2X9R5rVkSUA2jT4Umacj_ytg-ajLbSi4A,Zed,JUNGLE,-17292.28748383923,-2.5164039414587673,
KR_7574259140,1,100,_IDoagFxk4Sba9krxqIOMFU5NiyVehQEfVRUciyMHZwLxlSj28mX_iMT_vUTFtWQEs-nzlxNpdHdNw,Vladimir,TOP,-3649.7087080466636,-0.531111999305366,
KR_7574259140,6,200,JJgJJ5y5EPpv7Id-KlbSHoJdSCyZLGTOjg94nAPf4UYrZIXOV1B6C9pDqW_uxjCy8eiB5nc8UHz5XQ,Mordekaiser,TOP,3649.7087080466636,0.531111999305366,
KR_7574441621,4,100,FLZD81HxTWTs9p_MKK4SVEpqRWI5eqsKRz33qJtK1_nJ-6SeN3SPX949iOofc8Q1oL4AjwRQcezbxQ,Ezreal,BOTTOM,19265.766408791016,2.8035880488115743,
KR_7574441621,5,100,FCN7fOUan3rumhRL8Mrs0dFvSD5xoFIl7iA-ZjUxFJEPNm4w4qbyxKF_0OXS5Qh8RmUAAupZfnC84g,Pyke,BOTTOM,-19265.766408791016,-2.8035880488115743,
KR_7574441621,2,100,D_ogqZdx8VVfKeR76LFNGM_SuU_wbur8XUewCF_j3ppmEXz02mLVnRoU5DVQZKgUlx5jKwX46hD8Tw,Viego,JUNGLE,13715.259691666668,1.9958685962453107,
KR_7574441621,7,200,YC5fatCdHOgo9LlnaDliBR0MrGK_8QIFFdPhUMj2fHGMf2ZSgslFoU5sQG_oqVDuBpJS8jK1iHzvEw,Graves,JUNGLE,-13715.259691666668,-1.9958685962453107,
KR_7574563302,2,100,8rAjYoa_nSx3wXyVxYCA_A9MMtp3xdgYzfsLi-it9iJYQ2zgbzORQjoCqCY1sKOWujmnS5jEBFwS_g,Pantheon,JUNGLE,10981.35102315656,1.5980254216244527,
KR_7574563302,7,200,hRmWO2CXVkAqXyjYGp8K45AGgpRHVuL3uTNThN3G1FsLtjo-Y-oFmym8s2Rffvfuun2lNlw4LcECew,Vi,JUNGLE,-10981.35102315656,-1.5980254216244527,
KR_7574563302,3,100,Mtx_VNPlTplGiS6laM427EBPUy290BbFMlQX4BlkD-ZtMryPuqu5Fdk8l20ipK74ED2jlIIe5RH5_A,Ahri,MIDDLE,-1840.0486542535987,-0.26776710081688027,
KR_7574563302,8,200,eYWJrdgWpc8u6whWWg4pxW-PhTO5cJOCvZ43eZENunowFDmOttqTQI-t2TD0qfRm896Vy2rnTBbjGw,Zoe,MIDDLE,1840.0486542535987,0.26776710081688027,
KR_7574563302,1,100,4pAcnYzDn2fxDWfkJzJVxXOmMC-aOOE2Go9aGKs75njiw8E_JOY9HmRYGrM7dwdnztB_v-RhPi9Y-w,Fiora,TOP,11286.882748383236,1.6424869330537324,
KR_7574563302,6,200,s8I4VU18j-9pR_kPiF30pgvF8zppxn0_T3qJhWw6jEzEPanMx4dQ7YQIVWD3k8v1lXerZgtBDIo6QQ,Gwen,TOP,-11286.882748383236,-1.6424869330537324,
KR_7574636209,2,100,YXVADsoNjzOCqwtLmajvwOrULG3phj7duQHBL7BuX8iIVuS3K9CB2aipiW4vho4gE5x5k7bq_BatHg,Poppy,JUNGLE,-5855.175949622213,-0.8520554525440194,
KR_7574636209,7,200,TgcCM_ehekE5SxEnqrVyC96hJf27vqRDOCpx_wcawkotnb6XMMCuvZWgBcEuGmFD6mw5fgsg46RmUg,Vi,JUNGLE,5855.175949622213,0.8520554525440194,
KR_7574692983,2,100,bqqX7zhnihpWSc60vHDUrrblNXMAMCK4JUCuKQy628hAxUQ0uoqVqeKx4My0FmPc2gn1pWZwueOOow,MasterYi,JUNGLE,8134.386987495928,1.183730232094259,
KR_7574692983,7,200,6k_ODTD1HviCymMiuPT_MGQAf0EehDqChrlH2Dw99cpo1yWaoIcutyNETmFrTV82JATkp0HJDxlQlQ,Nidalee,JUNGLE,-8134.386987495928,-1.183730232094259,
KR_7574837244,3,100,jBA0fZaqQpvhbtX9vkyIoWD3WhGTm39l8YzprvhxhVdbzW9qLCQHMPnL_6-G2y_Y-Fl4DDhpFYHIqQ,Irelia,MIDDLE,15815.454752215708,2.3014926574423593,
KR_7574837244,8,200,7INbcIEExThYp9fTGNn5ShMmI9840hJM__ic6JwqrDVsRc-3RrRU0aU_KPJGmm9YY_7H6Xkgds_-KA,Zed,MIDDLE,-15815.454752215708,-2.3014926574423593,
KR_7574837244,1,100,yQqGVtu0s2OVsZZBGkOfm5aj9orU_D9dzkIjZ4jzaPLUankXS4QIElb_7Wy-jZ9MZX1thgPLoop7Mg,Sett,TOP,-1944.695064591424,-0.282995429612577,
KR_7574837244,6,200,dTqNFjkLpsSkQFJp64b-RYe7pLQ3pj6APh3DUNZayKFE4Ev_fHGHohu-FnvYC-CURXwp_zgbgx8ebw,Jax,TOP,1944.695064591424,0.282995429612577,
KR_7574965822,5,100,Wa2JN43wv0xLwTPy7iuekYiLIeqJ8BmLrFmiMn_TQTdBjbE0b1nA821JipG-OLeDx75QuSRR0Sh4Bw,Soraka,BOTTOM,-11746.918100912108,-1.7094320827567957,
KR_7574965822,9,200,ZzDBEgoAeGsGwRR22CX54gfSKlFs4GsOz00bii0R-eN90UFx0KuDr92a1SjizlyOLqARlHGESMEiDA,Tristana,BOTTOM,11746.918100912108,1.7094320827567957,
KR_7574965822,2,100,SW-d-OWnYifXRrifVioHx1O1qZVwvVZcNMhWmbXUNtLO4sQjVSMIt5_ATSWLUebMW8zr8mwWIRElWg,Ivern,JUNGLE,-20744.24993840088,-3.0187395598403577,
KR_7574965822,7,200,SfZfSidvBdad7m_KrXHro232q5VtK2QnnFn4HuideJVRO--0jOD9y-iwOCqXT02POYofADWbvurxxg,Naafiri,JUNGLE,20744.24993840088,3.0187395598403577,
KR_7575104521,3,100,_2gy_DC46aRGaj02qVS4G6kbPavUSh8Sn3pwDFx-ww2bLq4f-g_5vFY1iFrAsDwciaOJlU4qab90Xg,Irelia,MIDDLE,24267.111374275468,3.5313925220775846,
KR_7575104521,8,200,7SLto2ICAtmuNjC0Ug86-krsMRdTMplkRO-oKZlfCxilJzO5EpOWHpdpGOG4cwd19ySaCmhEaSifzA,Aurora,MIDDLE,-24267.111374275468,-3.5313925220775846,
KR_7575104521,1,100,cTeVTiAx6G2WU1bZ7Go0U6YYB2DMud41PIBeEzAXMQ_k3Q78BMnZLKIPjU3i7s6glPiiyFqruXR0KA,Darius,TOP,6140.849255701314,0.8936271320606153,
KR_7575104521,6,200,NAXF0GYCJjOx3UD6_jC76PbaxQTjbacO1XuAHDgXycREj4yKfPGFdDWh1WfoDQNroeMkRIFuLFwJ_Q,Ambessa,TOP,-6140.849255701314,-0.8936271320606153,
KR_7575326298,2,100,KHj8Z35xdBKjpfjckPKu8h6Ad_S_Wd_qrB78bRYeF8fKzi0JHvvRuT-ZOLjPIv4Vn3x7nmGuUdiL8A,Lillia,JUNGLE,27394.231547352498,3.9864565230838394,
KR_7575326298,7,200,SW-d-OWnYifXRrifVioHx1O1qZVwvVZcNMhWmbXUNtLO4sQjVSMIt5_ATSWLUebMW8zr8mwWIRElWg,Ivern,JUNGLE,-27394.231547352498,-3.9864565230838394,
KR_7575540080,2,100,D_ogqZdx8VVfKeR76LFNGM_SuU_wbur8XUewCF_j3ppmEXz02mLVnRoU5DVQZKgUlx5jKwX46hD8Tw,Viego,JUNGLE,27729.35012799675,4.035223565499562,
KR_7575540080,7,200,yecFL4-QvIKwDhUdZ-ZOny7dSeClRv35aYTPgNiXbjV7HCJBQX_grXm0mvrbnUlKKA9qZ9qcVH59vQ,Graves,JUNGLE,-27729.35012799675,-4.035223565499562,
KR_7575540080,3,100,AyQ5Q_fGufn69HdWuMy6rEdFF3orL8UuIVgrpHqP2jRZMvg_-_u1au-TRVQl8D9bSsE4FYHEabMoBQ,Taliyah,MIDDLE,-15379.1698757413,-2.238003718585364,
KR_7575540080,8,200,5mHBno_pUqjkdsHnYgQ_Gz_AfHZTx9pvP0WYNglDss6bXRr0POSHtHyddvdiMvIqeOKfjOqvoXZ50A,Azir,MIDDLE,15379.1698757413,2.238003718585364,
KR_7575540080,1,100,a4NyUtjCqsOXKHs2Hb2HvUboTCuxx7G1Uzrkeq_liZBHpDvzSjmieejs0e74sN3j6NSSUdvyW5H-zQ,Rumble,TOP,-198.24464155391902,-0.028848907227894686,
KR_7575540080,6,200,1jrn3p7euGPmH5s2x8IFTtzmdXBnA_qa0qeOfiLOrFQfh6yx63x5rZZ67pHD7ehaEF3wiAmFGbHNGQ,Ambessa,TOP,198.24464155391902,0.028848907227894686,
KR_7575633627,2,100,g5Np9PJ49io_MIbasRrBmEyOZv2zW9MisHw6Gj5ncteEei4zynsECmfMZ0e_WxILp7iAeSWccChC6Q,Nidalee,JUNGLE,6391.324214341593,0.9300766864500025,
KR_7575633627,7,200,hRmWO2CXVkAqXyjYGp8K45AGgpRHVuL3uTNThN3G1FsLtjo-Y-oFmym8s2Rffvfuun2lNlw4LcECew,Vi,JUNGLE,-6391.324214341593,-0.9300766864500025,
KR_7575633627,3,100,X2cGCEEpUU1qb1TewXGEmsgfLMymuuC37LfkCD7b0bvCsyCg97QKNR3wMsXGTLVn17OP_oz0UIBNZw,Sion,MIDDLE,1008.8709632887851,0.14681266841161458,
KR_7575633627,8,200,QCprdn3ACVBHssZXtpmz9bjD1jNCE-Y0sIEVRx4owiEfKqQV4kICqhls56fqkw8wWfL8Xo112VUgzQ,Zeri,MIDDLE,-1008.8709632887851,-0.14681266841161458,
KR_7575633627,1,100,9hmqRemwitzcQFyD-FFnzOHWj4Ovt6oIIQoAfSH3mW3poVoTSolkdKAr9IDO_TgKv_GQl1DRsv5sRQ,Jayce,TOP,11724.534195072905,1.7061747376003695,
KR_7575633627,6,200,v2hqivnktUOEXlaNZPcpdyBZjg1IL1eRaKDp-E8K0tw2hLuwzkStQWFcD-0UrY5ldXupi_OD-2YFnw,Rumble,TOP,-11724.534195072905,-1.7061747376003695,
KR_7575698937,3,100,sJZ4QUwc1RCloS0Bh_kqoqGJlStyaCjOplyuQw98MhUd2Ep1YyKOgm9YCZ_5t-8q9-9SMSwp23SCYA,Ahri,MIDDLE,-3629.842528112359,-0.5282210380294137,
KR_7575698937,7,200,hRmWO2CXVkAqXyjYGp8K45AGgpRHVuL3uTNThN3G1FsLtjo-Y-oFmym8s2Rffvfuun2lNlw4LcECew,Corki,MIDDLE,3629.842528112359,0.5282210380294137,
KR_7575698937,1,100,_0WMMg3NGaXMmt2EzGipHy5ug1DCBvT5mwjQPR83S3o74aE1XrQlp0itveLKPzuBYc640We9n8tRAA,Fiora,TOP,10493.813816893979,1.5270781540293752,
KR_7575698937,9,200,zfMbw_tdr0lXX6cVxxbPxFqwWQWkex0O783BkiZtGQIpzHiJQ3J3g3ba-SmPFYhRyySFmA9HGMcoUg,Singed,TOP,-10493.813816893979,-1.5270781540293752,
KR_7575843026,2,100,5LsyLZsOEPy_9SS2hLSRxzMKwj6tKP0MKCK62Cby-70qbQQ1lQ2lKS2ASnER4F4GNUSx32eRd-yuLg,Vi,JUNGLE,13720.667351614004,1.9966555283859118,
KR_7575843026,7,200,qTVoef4N_wAzAgmJnij8b05cM-7WPtCK2oe7gWfXdX8sJXA73DoY5B5EGuOl-8Chh3qOYQMKnVimkw,JarvanIV,JUNGLE,-13720.667351614004,-1.9966555283859118,
KR_7575843026,3,100,WFKd5GI3mgLJOYyGojwT5ecFs3M0nsMvRXXjR0Y1U9_EmxKE0wu1VluRaZjSUZ3u8VtNCfp4BvOYXg,Ahri,MIDDLE,-17019.19442976359,-2.476662962233017,
KR_7575843026,8,200,AyQ5Q_fGufn69HdWuMy6rEdFF3orL8UuIVgrpHqP2jRZMvg_-_u1au-TRVQl8D9bSsE4FYHEabMoBQ,Sylas,MIDDLE,17019.19442976359,2.476662962233017,
KR_7575843026,1,100,TmXzM_weKQ2zFt6kgn35XyQRelCE-0th3gTsoz99ECs_SU7mbC_VUTTbRjRcMRMCYZR2hzGGgIkkuw,Aatrox,TOP,4575.024417326701,0.6657655609062881,
KR_7575843026,6,200,CLjZf90EO0HdL6Ip81p_jkPN8XoAc5BEm6EnrQS2Xt1BL2a3L9wHGiJHpg0i895E58oHLwQa4s4rTQ,Urgot,TOP,-4575.024417326701,-0.6657655609062881,
KR_7576003299,2,100,4pAcnYzDn2fxDWfkJzJVxXOmMC-aOOE2Go9aGKs75njiw8E_JOY9HmRYGrM7dwdnztB_v-RhPi9Y-w,Naafiri,JUNGLE,-10829.001886822867,-1.575855308647426,
KR_7576003299,7,200,BhxUUBbYS3B5bgNIjs_0QuEfbDBOmDP6JZaOdK-4nIpQl9odnPUfC_S8jr0EJcBzl70kXEvQ5szZzw,Hecarim,JUNGLE,10829.001886822867,1.575855308647426,
KR_7576003299,3,100,e-YAcXIvfMj9HsZMHyaGFYyRDDyEn0bLgf8kImpiI31B5K8PGcUReBxcgQsAOjKb2Z_f011aETDtTQ,Neeko,MIDDLE,-939.2565461528706,-0.1366822565834001,
KR_7576003299,8,200,Jp1U9jN8WfF_2heEwLSVyqcao_4MNJAdX2wvgVJZAlf5X0t07xzsn-fSB17-wzScIkuKnQRJ0EdDJA,Qiyana,MIDDLE,939.2565461528706,0.1366822565834001,
KR_7576003299,1,100,v2hqivnktUOEXlaNZPcpdyBZjg1IL1eRaKDp-E8K0tw2hLuwzkStQWFcD-0UrY5ldXupi_OD-2YFnw,Gwen,TOP,16903.903251080224,2.459885588116066,
KR_7576003299,6,200,R1R72IQuyhN2nsqFgDyLc_8AVVQAUiUyzFxzP-HnyP7nXaFbKBDdYptl5k2qP_EeEbo9-eBcJ5QECw,Kennen,TOP,-16903.903251080224,-2.459885588116066,
KR_7576209410,2,100,2F35usHHoubyemUg2ByLs5ianNhsecQDCRkzaRa2WEY7QZWFPTT0PQmtfqOuU9ed52qjN9ipdgpnGQ,Viego,JUNGLE,4812.192018050349,0.7002786052796867,
KR_7576209410,7,200,d38Wo2aVTChFPHTErR1JRZskuJmHkDk3YVHpqCUDAFI9_t6DwRKs-BnwRZ_GqilItQ6f8hRuueXo8w,LeeSin,JUNGLE,-4812.192018050349,-0.7002786052796867,
KR_7576209410,3,100,7_PXdQZgpd9Uv9PbJRpB1oe6k9qkW--ZJjJ19Ax5CyuBGJr2uHnZYT9pgFe5t0LA7jVqkuaL47vuuw,Lissandra,MIDDLE,2963.0559100553505,0.43118908228852465,
KR_7576209410,8,200,UZoRnqAI2ZXPiTlmw2Rz_hNvmRjCsL_EWwTzbINjObclAhWjsn-6AoEyn7j5nq7phzCKWA0dcE-r-w,Talon,MIDDLE,-2963.0559100553505,-0.43118908228852465,
KR_7576209410,1,100,FdJbZkeBxUzrwwTiQFWJP2qeVD1FfM12X7EypXZaZOZzr3S-Q2PBIXxiItPurdF3uEIVEDStTTHB3g,Kennen,TOP,-10749.790085638188,-1.5643282686940674,
KR_7576209410,6,200,q5rDF6FAeymu1037CdYK0Ub9_W9pRTsXrsnMmDgfjYKL6IOKT_3WRBc-o-O-aP57C7i4dGOjZBSFNA,Cassiopeia,TOP,10749.790085638188,1.5643282686940674,
KR_7576449277,2,100,fL_JE-0V_8D2KXkxeVv_rQCbm5T3_0Qnw7Vl-VxiGyB-r_gW5XkL6Sof1fOvvEZhMqRuv82EHa8Pag,Zyra,JUNGLE,-17150.360655190816,-2.4957505009383394,
KR_7576449277,7,200,UDch65vGJ3zwnaUapKZ6v0as8BZnkS5wYTScfKtyL5w0s0eLATb3bHMRKJ0DJRS9C4YvTSHkGlauYg,Sejuani,JUNGLE,17150.360655190816,2.4957505009383394,
KR_7576449277,3,100,s8YRhlay6LXlTHc7ymNDzQjzKI6SHzz89_-kx7plTvelq0YKkTYeTRdcRSHyZt6AMEHQGNBf3Q7n_Q,Azir,MIDDLE,-23315.13841704149,-3.3928597510960397,
KR_7576449277,8,200,QGt1mrMfZNNcJEswfQkwDqqW7yyAHIGGfJOn_V3aApXyAj3s_IbVIvoHIrRnlP8zTcBk0rYX7zJK9Q,Ambessa,MIDDLE,23315.13841704149,3.3928597510960397,
KR_7576449277,1,100,IyGhOkBxt95kbCsyPkIpMy1zFORWKmGBnwy9m1V6YhM8IzoLr4osSTHzITzr53ptYfzYXDNwX5iSGg,Khazix,TOP,-34470.4302535037,-5.01619734432254,
KR_7576449277,6,200,2E42P4xlEVoD7ie4b_RqMFGCo_EtMv8tjY4zAHo0ac_PKSB7opXXNHsPu0akZdQ1UvsXPVlrSDPdRA,Nasus,TOP,34470.4302535037,5.01619734432254,
KR_7576670409,2,100,ZjhtrG2gWS3YYicBbJGf0KQznTqbcQ0AoEEOMX7zjR_oryB-1ZV_1oZp3fsvS57ddPreIkHQ5lkJ2Q,Vi,JUNGLE,-9343.890876744212,-1.3597393550606989,
KR_7576670409,7,200,WO8zI2NAsb-IRqlGSKkeyHW2JKubhHaXfrkTNIgYJnYJD14ni0dA0x_Kr8XLn0iXFuJqj2rzBFU_qA,Lillia,JUNGLE,9343.890876744212,1.3597393550606989,
KR_7576670409,3,100,DEE2_BnsQASbo5ONl-VOA-nVeTvNyIJxFCTQEp4JdWT-4LBNYDifAaovDe2ptAQ5eA_PT4Tr1t6_Ng,Galio,MIDDLE,-4413.808531010147,-0.6423051429522214,
KR_7576670409,6,200,g9OsH9YLlErJ5JPmG_h_qn1swl_2Fz4bxMvHnTVOpBDR-LXsyRoUYaKXTub8I35gVzFyMy4UQEIsxg,Yasuo,MIDDLE,4413.808531010147,0.6423051429522214,
KR_7576670409,1,100,fzkyv5NhpQO_-qcuJ44uAA9z6PNXuiggTb9U3u3V9AkBu2R_WqG2Lax15cTHVr1el-lSjbqLZP2jKg,Ambessa,TOP,-3761.721684774707,-0.5474123237359193,
KR_7576670409,8,200,xNWix_PWXYrjrSIQwoRlLeYyekW140nGjn5_JGQAlmVoCmF4hieqZnd9UBTcrelkRhMwBBocDshMSQ,Rengar,TOP,3761.721684774707,0.5474123237359193,
KR_7576791308,2,100,c7o6m66l3vzaLhIzVVp71aoiCWaQcJEa0PK9mymRUTwpPmXKsTfqiBxsM53jWwrALpq0MdiAJONQEg,LeeSin,JUNGLE,-11571.124461445546,-1.6838502846487977,
KR_7576791308,7,200,Gaa3vixaqiL1llxqiAZHvcA9wn9c9Xt8lB5wYK_yks0OphyJTagBW-dksuLBvj5bSmLiBjJ4zeoMGw,Lillia,JUNGLE,11571.124461445546,1.6838502846487977,
KR_7576791308,3,100,cEPHryS9u5tY7QsFwdEYdV22Q9NiFvXVFoU7dwg_PViloFzbd8Q2fiFzMSk3cyNAlcmcLiGtIy1E9w,Taliyah,MIDDLE,1303.0795386204525,0.18962641524918478,
KR_7576791308,8,200,eYWJrdgWpc8u6whWWg4pxW-PhTO5cJOCvZ43eZENunowFDmOttqTQI-t2TD0qfRm896Vy2rnTBbjGw,Zoe,MIDDLE,-1303.0795386204525,-0.18962641524918478,
KR_7576791308,1,100,QkoBCJqq-q2NVmrdvteVUoH1oGciZ5m5jX7hIexDgxunwt5q37RZFq-HvnNGA9Lk9MvaG-03lqxSsQ,Jax,TOP,19068.39415550071,2.774866093050748,
KR_7576791308,6,200,CPIqHUdYvN6ENJyt01KdA35PprwHlpb4xUqW7D0-Z868jE0lyh3qD7ZanjoaKTfgvGU5knWtidBWDQ,Camille,TOP,-19068.39415550071,-2.774866093050748,
KR_7576880528,2,100,aCvoVR3xCHTDUeYGg6e_6Qz5dmkzok_mwtqkcL2-jAgdxAxK1TI_9-R80uUO2XsM0Ibdc7GE5-7HWQ,Vi,JUNGLE,16732.936191405723,2.4350061623474044,
KR_7576880528,7,200,wTYNerp3ayJ0IHy4DvmE4anSUdy5OeE-0FOuqj-LRuERfNkepeyTCE8EwqrZamaJtAEfhDHUtVXoBg,Ivern,JUNGLE,-16732.936191405723,-2.4350061623474044,
KR_7576880528,3,100,4IbsZcaf8ROIx1RV6zzp3D-t-70fULOe8ZrTXFa6Vb_F-ipr6D5nuDpQ3x17MqZ1RkXq75oqhuoMag,Ahri,MIDDLE,13045.746601707171,1.898439879541009,
KR_7576880528,8,200,HnHP_BHs2pj5Wp-MfwcCKHFp9DWtDdKgxu2GoJqdahMJlNrViExNR0SMAsoXHIwoN2q-NnVt2p5M5A,Annie,MIDDLE,-13045.746601707171,-1.898439879541009,
KR_7576880528,1,100,GekC7rWPBieVnHgrRnH3tt-crhgNHNWrq3KynItwXAM0VXx-Wbn28IUDRQTzss4Nv28jb7FM2eH6xg,Gangplank,TOP,-9918.001564932209,-1.4432849472757279,
KR_7576880528,6,200,yVWw_dw9OiAATYprmUmqx9_bN0U7dtK9KhBiC2zHT2H0xfNwe8uPb2DahJXaWBBbsYBhRF6vQagTJQ,Renekton,TOP,9918.001564932209,1.4432849472757279,
KR_7577205815,2,100,ciyN7r0A4e-avLXyut2FNyGLiGSSGz3AaqFDdU6zIAE2zXkHuZDrVdmHoV0Z5YHXzXgcfsz882BdiA,Graves,JUNGLE,-10430.577159461245,-1.5178758449562044,
KR_7577205815,7,200,Xq-fGBaFWpm7XLqJwy7SyqzsoIYWwTet11gpsh1QCUvm4otB-S2FFfrwli2Sezg9M_iR1AM_8OPPhg,JarvanIV,JUNGLE,10430.577159461245,1.5178758449562044,
KR_7577205815,3,100,fdPLem4jgijosrvTtIV0GUyC7cJ4V-Bhz5n2G_PCkTvEckFAeVWXUgcfjxhvWBYJmr953IZ1ZprPPg,Ahri,MIDDLE,-6200.518639790992,-0.9023103252730812,
KR_7577205815,8,200,oIgiamrFtpCAwEcwaq6hx7QqXO4VNd9xWMZiza5lyBpFSRD0q6Dw6J4KSYpc7MCDfnxr0nc9hQ0SPg,Sylas,MIDDLE,6200.518639790992,0.9023103252730812,
KR_7577205815,1,100,2-cKStdoETxfUKUCT2uREiUVgNKuHUlEJ0rYD89KfqCGruZoNj_S7a4natWTxRqcHi6GyWCBREShzQ,Jax,TOP,9307.942631961716,1.3545081035594886,
KR_7577205815,6,200,Zh-QcpxNauSMljd3bdGsaWM3xuxcgg0N5hog3UQ9XJK8TkBUtq9rKwZIt5z1U7VjUmadBvkmXsJH6g,Rengar,TOP,-9307.942631961716,-1.3545081035594886,
KR_7577423926,1,100,QkoBCJqq-q2NVmrdvteVUoH1oGciZ5m5jX7hIexDgxunwt5q37RZFq-HvnNGA9Lk9MvaG-03lqxSsQ,Rumble,TOP,-12223.287005542583,-1.7787541195504137,
KR_7577423926,6,200,787GDwADO0_MUfgiz_5plRmxiR1c1qOSQtxp8rQTk14g6-rNI3zeXMXZzLVsz7znrot036KBUA9scQ,Renekton,TOP,12223.287005542583,1.7787541195504137,
KR_7577705650,3,100,HnHP_BHs2pj5Wp-MfwcCKHFp9DWtDdKgxu2GoJqdahMJlNrViExNR0SMAsoXHIwoN2q-NnVt2p5M5A,Annie,MIDDLE,1800.9882298212308,0.26208295948575083,
KR_7577705650,8,200,CO7ee0mvW8W8DFFckMw0gS6kbDBGw2JUE8GXmPvl1dLCVuImisy6n65LJjKFOmY8llk9dLnYxWbgSQ,Yone,MIDDLE,-1800.9882298212308,-0.26208295948575083,
KR_7578027771,2,100,ZjhtrG2gWS3YYicBbJGf0KQznTqbcQ0AoEEOMX7zjR_oryB-1ZV_1oZp3fsvS57ddPreIkHQ5lkJ2Q,Vi,JUNGLE,9823.58903858039,1.4295458711901128,
KR_7578027771,7,200,d2zC8OEgWb4ysKl5zLUMMfq9m1k_BKdzOFHfzqFtK1IpSggKYTucaSARlT23tzHiLOScwITssqhBsA,Zyra,JUNGLE,-9823.58903858039,-1.4295458711901128,
KR_7578185078,2,100,bqqX7zhnihpWSc60vHDUrrblNXMAMCK4JUCuKQy628hAxUQ0uoqVqeKx4My0FmPc2gn1pWZwueOOow,MasterYi,JUNGLE,170.78599015408633,0.024853076215123414,
KR_7578185078,7,200,TC9ip57j84E461uMaffxqd873Qq66Y20W_18mCSR3UyXILOUhez9mksReNfYRP-SfQHeKmf5lf2r7w,Graves,JUNGLE,-170.78599015408633,-0.024853076215123414,
KR_7578185078,1,100,yWe4CWdVMz6EY31xxjwkX0CwqBEe8k0wtt8wNUUvo6Rtx4YsS2QXk6fXlXMBCNUodOTbzwjhUYsC2Q,Ambessa,TOP,-11377.352913683777,-1.6556523098588236,
KR_7578185078,6,200,uupOHdCkmdYB-1W3fVeOB7wQ6YXGlFbfdYPqdPG5tLFhxDZEc0DsR4BOutfnO3S4Re76A9Ouv8rGTg,Renekton,TOP,11377.352913683777,1.6556523098588236,
KR_7578313710,2,100,nwatSv-rg0_x2ihho-gUe9cwYWbw15na-zlX-zN7XHpLCPJ6xV-gq-sdQ7vtW-43Cvmc452lJBWeDQ,Lillia,JUNGLE,31893.781973921592,4.641238976752432,
KR_7578313710,7,200,eILmVn1drppR5MNuzDUEkyDo9t8IU1iFLfo_H9-5KpOvT1PZKt4npbe47TvqUOqyloy9bjIF0835Qw,Zyra,JUNGLE,-31893.781973921592,-4.641238976752432,
KR_7578655312,3,100,3eYNlrB86I2Q61YTOJGTh3IgXexgFxdTXDAhFM21ZrCSS5ic3VRlLgDbja9__GHDV-F21v_KYW9WcQ,Sylas,TOP,-12593.813360902528,-1.8326737633172376,
KR_7578655312,7,200,Pom_oDWMgFvr41hPodUNrycXZwUlrQ4Y2GzUrRT6Js_9M2C6cGqAkBFTml8Ti2M9N7eRY6ToD3RLlw,Zac,TOP,12593.813360902528,1.8326737633172376,
KR_7578902799,2,100,68ZOmZnh1CDMkQLlMQXHvFqRIx8KbDNHa9v6YcgrJ42p5o44r8MvbtbjTE-pU6J8tMAQ-596gxIvzw,Graves,JUNGLE,-21964.69761714226,-3.196341242208824,
KR_7578902799,7,200,5lW6xnefWpI-0yAgxFDJyJSbZ6Dzk5w4KNlvl9aFIqijngtWX_3UruPLYahDUu6bDHA5WeweL_PpBA,Belveth,JUNGLE,21964.69761714226,3.196341242208824,
KR_7579238334,1,100,jqsfU57XubRUUL5utavNdOa0_6cBHxBItSjGak_i0QltKmxmDn5x0SwtQiOBE-qzXHy60OO3VIt_gw,Irelia,TOP,25921.063568190064,3.7720785402600105,
KR_7579238334,6,200,cR_13lgX5Gsr2Qpl2zzdco22NMlyhgf7som8GqDkBbCYcm5LRcew7uKZIQ8oAM3ikGixaPbOwS5MpQ,Kayle,TOP,-25921.063568190064,-3.7720785402600105,
KR_7579473909,5,100,ShnftHOeKWq9VqGJwBWrUd_kif6snBEF_mZZJNSs_0y0tzn0u5T6mwf5OBWnPodjskWPv_quXjtWqg,LeeSin,JUNGLE,19950.129216016892,2.9031777223640427,
KR_7579473909,7,200,6uujCRTXSbLII__4eM6bTLCRXMLIzECGIoVzGub0Sb6PHiw8BtHemLS7jtJvUFmDQk_Dzh9f09pVOw,Sejuani,JUNGLE,-19950.129216016892,-2.9031777223640427,
KR_7579473909,3,100,DDlv2HR9Osv4ZUg2ylL8TK3AKjZWWfWSpk8N2DtdgXJZgiLEWz61FuEmlO4FSvM7oS3EJIIHb3VBcg,Annie,MIDDLE,-11101.054433643156,-1.6154448714361702,
KR_7579473909,8,200,vWjPPTF0f4igf_FWboh64qGJ44CS7Pc0Fn2qokhmkMIs78ZdT_eqtqAEli61FFEoecUhIQIgRdFwmg,Cassiopeia,MIDDLE,11101.054433643156,1.6154448714361702,
KR_7579473909,1,100,1sMaSJhrbDcGZEw5kblhNUDCMJtn1C_uCg_zsIxAEIJVPcDvLz0DLrdoFha7Y2dB0XA8GU9-kYiROQ,Sion,TOP,890.8725878794382,0.12964133828867316,
KR_7579473909,6,200,BgIyUYeG0vxovfKCA6IaSyydcHu-jHqkcby8iX7E4UeW8KPNOngg6pPRczXX9c8VsFerGSfOj8rHew,Aatrox,TOP,-890.8725878794382,-0.12964133828867316,
KR_7579570882,2,100,_0WMMg3NGaXMmt2EzGipHy5ug1DCBvT5mwjQPR83S3o74aE1XrQlp0itveLKPzuBYc640We9n8tRAA,Viego,JUNGLE,10639.950268250968,1.5483441862144867,
KR_7579570882,7,200,d2zC8OEgWb4ysKl5zLUMMfq9m1k_BKdzOFHfzqFtK1IpSggKYTucaSARlT23tzHiLOScwITssqhBsA,Vi,JUNGLE,-10639.950268250968,-1.5483441862144867,
KR_7579694821,2,100,LrvJE7OpRaMuBtFSB4FD023nW_cs5hGVcHuyzPpdWQQ8-Hy2XNaHphVhNTJ6ufginU5MpCWbibkMdw,LeeSin,JUNGLE,-1869.8643438316567,-0.27210593215088713,
KR_7579694821,7,200,jpfkgxDgAlnjuDnTXRil0AnQgI9BDuhMpv9NTtBgIoY4rvoboKIVMGSPkTkRkX008mr8jzUxeQ4MhA,Vi,JUNGLE,1869.8643438316567,0.27210593215088713,
KR_7579694821,3,100,82-9lE7P_VIDQHQg285e-NyCGP0QAqyi-CYiandWYy6G23iVjfjREVg_J2SJoW81oyjyR2Qf9qoLIA,Azir,MIDDLE,5962.332666362451,0.8676490855212019,
KR_7579694821,8,200,gDnUAx2Clac0G_KhyQwqlzD1MnDVC3qgEV8ePeUqqO3p1tae6FPxAAHIJpd_RBPXeQgTfJxzw9aS7A,Aurora,MIDDLE,-5962.332666362451,-0.8676490855212019,
KR_7579694821,1,100,CzSos91O0lAxq3E4Xr7EAfhZlqqKzMAAPWploegfY5h9vK5q3dc5iNq9P7scIMsBpozaTYn4ZGdDCw,Sion,TOP,25307.588713236597,3.682804605597897,
KR_7579694821,10,200,nAcxYyaM5Q6CFC4PECgvpnruO0Q8hPfSbn2pBEFvs_LaUzQsX_k8oN8XaiTujv6JOT159iM4OAqKrQ,Gangplank,TOP,-25307.588713236597,-3.682804605597897,
KR_7579855831,3,100,iWAVcWVZ9CxzQjTP-Skd6aBWqLLplk2U5CAUolqeW0mgIz0fbCa7i2AdePnirb46BpDI668Ny6nw5Q,Ahri,MIDDLE,-5970.438346520648,-0.8688286382852508,
KR_7579855831,8,200,XV-BDu2dOKVn-WRQlmrM-uZARI3cZTb4YUUHiNemOwnAIqJ7dqeMltmHymXqY3AZUTo5_JbBQljSmw,Corki,MIDDLE,5970.438346520648,0.8688286382852508,
KR_7579855831,1,100,HtG0xcTE41YCbmHwUpwQ7K04gbVLcpxSp88uVd3s965nnp2Kwt-uC5DkF66mqPQcM-lQGRDccn2jHg,Jayce,TOP,5902.104949854501,0.8588846427979758,
KR_7579855831,10,200,oJa0xP-0sedZ4Ma7wF-Jt7uuYc7QGZq7NhZSC9NfX-5Mz3cNRUMVUMEzwxw7AajkatA5yHdqdNLUtQ,Pantheon,TOP,-5902.104949854501,-0.8588846427979758,
KR_7580029839,2,100,qouAjYPEyAzgIp0T19DJxl-gPpU2fvtV756mpILrqD0rrss4P9zSsHdSDQjRWeyP9lNU1OGmKkb9TQ,Rengar,JUNGLE,1088.2402595679753,0.15836262732679104,
KR_7580029839,7,200,E7Y6JNP-AEtQqxVPQ_W-i2JBz3KHb3a3tOSgngDypui3lKtIcIVy85TAeQRM2VLCB949ug1nGFKOzg,LeeSin,JUNGLE,-1088.2402595679753,-0.15836262732679104,
KR_7580029839,3,100,_5XcBs7sN8s3Svwn7iRutAT8EkqpT5PmOZCREuPJYUVjy3X9ZDCXTOlMNiTouShTG2_Odyi0Ubb6iw,Galio,MIDDLE,5806.2198251036325,0.8449312716158319,
KR_7580029839,8,200,kfqEp5nMXbll-P4Mvt1uFFARrnKsqAZOnR6v4zREQY0u84CBwKN-jFK63J8_qQXpQcOtyf8N3L1igw,Lucian,MIDDLE,-5806.2198251036325,-0.8449312716158319,
KR_7580029839,1,100,GS_5yvtmAG5BMvEwOOnm4Edb-bDQBURqrtIH0HrlUipUR6X3KlLbVYWS2sQ6p-E4qpS7CuaB3UKP3A,Cassiopeia,TOP,-14169.087274314017,-2.0619103804097123,
KR_7580029839,6,200,yGrbzwT0U55q8EgDMBk_zvle7ALYh-ToZGlAv1S1e_aMfHCc29BsLvjyBAH2WgUuqT79-LW02MeArw,Gwen,TOP,14169.087274314017,2.0619103804097123,
KR_7580262634,2,100,iPNg3jYWI9Z2zimy8KagPqhq_pOHdRArMgewlVUqQyXQGpJonybzVt0JT3pNijUoXxJ2ENnbi5U2BQ,Hecarim,JUNGLE,-228.41159537063507,-0.03323885514873129,
KR_7580262634,7,200,koasl7wnS-PjVfxU8MDkXhpgzVADsP3cDpHAbUM6hL5XFFkUiYxfftN-iuelNjgxLebgJRge5N9ZZw,Ekko,JUNGLE,228.41159537063507,0.03323885514873129,
KR_7580401005,3,100,abTYZaAUsTijG_AaRySNcEcUjlXhDSNriJh4_cw5YAXTMt3Me7ywTsTZl0O3rVu1GzEY-WA2KQa3Hw,LeeSin,JUNGLE,2010.036848439166,0.292504080366277,
KR_7580401005,8,200,XoE58r742LnSPDYB0ZcXLxV_nmBTBRgtZMUPYH32q5bVlRnw5cKVDyu7e4j6fv1PD7Er0VrjfuYxkQ,Vi,JUNGLE,-2010.036848439166,-0.292504080366277,
KR_7580401005,2,100,lcgPj_pvcCV7NXeeMdu1VsVEdrOS5Ma05JCNclwp6um2pAszyQeMFnGQOYPBsUV2SO7WR2Ki8PMexw,Hwei,MIDDLE,-14407.044936307488,-2.0965383958819452,
KR_7580401005,7,200,mhwpTHFtI9QqnH80RsSeYbQhdMPgWIkBOhvxDuHAvNQ4k-RGFmXtPF_pJW_m_koG6YzQQ6cDSz11NA,Ahri,MIDDLE,14407.044936307488,2.0965383958819452,
KR_7580485234,2,100,iiu1OIC5dWOZ8P0r6aJUnoQdv90JLBpv5bKjqmyu_VfARaH7SXT0RR_US78qVb3FYz-QC2KtAZ2T6A,MonkeyKing,JUNGLE,-12709.408930191448,-1.8494954328878863,
KR_7580485234,7,200,scABA73Q1Ulkz-clRicFSW6h-Z365hhKZnIXQo54xIIbdpCWNr14-MRSXIHtaS0FaZ65nTdKjPTN8Q,Belveth,JUNGLE,12709.408930191448,1.8494954328878863,
KR_7580485234,3,100,iG8-tpi-K0FXrpai8_JBdM_cpAQ4aAd576deZfk1vlokdT606KCJvseSo_2t5qKPIJvkZOAgbrjfYw,Taliyah,MIDDLE,-8198.960502668717,-1.1931270830456737,
KR_7580485234,8,200,LvV9hPGsAbNepFNZ4bPvPJR4xeMR3tByqaIKaAklr2WrkeI3rPH9B3y2mVxstoYqlPgm-PV40cIO8w,Ahri,MIDDLE,8198.960502668717,1.1931270830456737,
KR_7580485234,1,100,2-cKStdoETxfUKUCT2uREiUVgNKuHUlEJ0rYD89KfqCGruZoNj_S7a4natWTxRqcHi6GyWCBREShzQ,Jayce,TOP,-6899.043032088059,-1.0039608174722294,
KR_7580485234,6,200,A-Z_AaM67jCgwIpr3e54SvbqnxJ2uTAqwGKTd7eogC6otN3xTfkhCiT_2Z_y6dzyAdx6PsNibpJ0AQ,Ambessa,TOP,6899.043032088059,1.0039608174722294,
KR_7580574290,3,100,Pls6BmiOUxP2vE__ThhVutovTwwnJ_wEgEMKLA5zPXf9MLIJkcBELmQl7uQC0DC3tJoF_r-2M0FP_w,Ahri,MIDDLE,7238.302915151545,1.0533305094645498,
KR_7580574290,8,200,0fBMTu0RcS53JeykhTvLID8NSvWLF20GilHyrzOEf9CXl-MU2LVJ6jm42iSQ_og8yBXpG8t9BQGV4A,Akali,MIDDLE,-7238.302915151545,-1.0533305094645498,
KR_7580574290,1,100,AyQjXtHi5SANJb5CDB5-305vYOnXU0LWwV0uZ7dW34wXA3X2lovD3fcTHvE44UVFZQdVHy7_ZDYUTg,Renekton,TOP,27887.900840659426,4.058296142718645,
KR_7580574290,10,200,88g5Uo3KJNLWCUo6rkdC2L0f9K252Q8HbDzRbqcDOq-I5HELNSMQaGfjk9P4Z-QTXyOD6BeVXT6cww,Zed,TOP,-27887.900840659426,-4.058296142718645,
KR_7580776358,2,100,d38Wo2aVTChFPHTErR1JRZskuJmHkDk3YVHpqCUDAFI9_t6DwRKs-BnwRZ_GqilItQ6f8hRuueXo8w,LeeSin,JUNGLE,15110.334117036933,2.1988822684336156,
KR_7580776358,7,200,1ENie03w4q-kajyhgCdJOmHHKHntODI-KqxsRRWgE553uiW8-iIms_gSPypzs83EFOXvryWenbbe2A,Zyra,JUNGLE,-15110.334117036933,-2.1988822684336156,
KR_7580776358,3,100,4okNgzSGTaceK5IItDyfJGNTrTLiJ1Ym-GvO1R30lpvXkAI5b6qb5ITDFrupm24Gybspiq69gX-0IQ,Akali,MIDDLE,-19094.651041709167,-2.778687041089412,
KR_7580776358,8,200,Mu-t7fC1a0-ztSi7VGyjw0TI_B1vCFMWxSyaVjk9WeeL2efDuuSsGBj0a0JC2iOFfuiRiBpQoVVFXA,Sylas,MIDDLE,19094.651041709167,2.778687041089412,
KR_7580776358,1,100,TEkQ9S42fJakv8m4N7qFC6nE3PyJBodRG9h1fomI5rwWgO2Kr96f5WUBiZOB1pB4_-CLFGYR3z9EIQ,Gnar,TOP,4647.420838319865,0.6763008148051701,
KR_7580776358,6,200,wuicHM_pSRIMSaJl7yMg-a59T2w4TEQ6wQcoSgHhywlKN8e2KAIV2FXIv_4wzYDOL2VYa9V0alDzpg,Ambessa,TOP,-4647.420838319865,-0.6763008148051701,
KR_7580922964,2,100,d38Wo2aVTChFPHTErR1JRZskuJmHkDk3YVHpqCUDAFI9_t6DwRKs-BnwRZ_GqilItQ6f8hRuueXo8w,Talon,JUNGLE,2003.3153156189098,0.29152595114552793,
KR_7580922964,7,200,u-EkHbwmzUao4fDSrSLIIEksAeP9yoXyI6ORFrESDSAchSCr2frXPZ9Dlc8RNQ09idaj7qF6pHIE8A,LeeSin,JUNGLE,-2003.3153156189098,-0.29152595114552793,
KR_7580922964,3,100,kfqEp5nMXbll-P4Mvt1uFFARrnKsqAZOnR6v4zREQY0u84CBwKN-jFK63J8_qQXpQcOtyf8N3L1igw,Galio,MIDDLE,13583.644093118666,1.9767156639769123,
KR_7580922964,8,200,_5XcBs7sN8s3Svwn7iRutAT8EkqpT5PmOZCREuPJYUVjy3X9ZDCXTOlMNiTouShTG2_Odyi0Ubb6iw,Fizz,MIDDLE,-13583.644093118666,-1.9767156639769123,
KR_7580922964,1,100,9iP6TVz34Ahz22KcLpW8Hjk6NG2jKjFRXovx1AlCxy-ncohNo5H3d8D1iS5SQ_K1qoWnjjXcEBkPtA,Gangplank,TOP,1562.9513897931836,0.2274434218873406,
KR_7580922964,6,200,itkzNlgfu5UNgS6Pp9E9q5e9HEqqY2k644MJ4Gh09EL8Nn5eTM89CmAgnw27QwXz4r_EHC35-55ZmA,Anivia,TOP,-1562.9513897931836,-0.2274434218873406,
KR_7581166787,2,100,KHj8Z35xdBKjpfjckPKu8h6Ad_S_Wd_qrB78bRYeF8fKzi0JHvvRuT-ZOLjPIv4Vn3x7nmGuUdiL8A,Viego,JUNGLE,-2780.3422066957287,-0.4046002643705727,
KR_7581166787,7,200,8k0xPrRgny34SX0o2S-S8jGR5UYKDi32Urrm0TmtVj9D9TuCx_-gCSpuR-SRAhp9CsLg93btEbabHA,Pantheon,JUNGLE,2780.3422066957287,0.4046002643705727,
KR_7581166787,3,100,c6bSMuR73csfY-quD4JG0pL1PYrh_X08yGe4pOMlUEJocLwaG7uzdk7ZSi4G8IK4K7HEhPfOqU0dfQ,Hwei,MIDDLE,-7271.74599708148,-1.0581972052826516,
KR_7581166787,8,200,G3lt3RwFXvzjGXZaUwJ1K-sLuhVCZGJzuy6UCoFugpMfIkvEckZI1uhykYmKMasoSFXkE9P5jCdVDg,Azir,MIDDLE,7271.74599708148,1.0581972052826516,
KR_7581166787,1,100,hx8USDJg3vM_9BAvtnHDKgqksm3USmYJ74QjcloiiGL-qY6GzldWbvyXCpjoML-smccx3fqFfug8Nw,Rumble,TOP,159.35288884464035,0.02318931130113647,
KR_7581166787,6,200,yGrbzwT0U55q8EgDMBk_zvle7ALYh-ToZGlAv1S1e_aMfHCc29BsLvjyBAH2WgUuqT79-LW02MeArw,Aurora,TOP,-159.35288884464035,-0.02318931130113647,
KR_7581335561,2,100,YPfK7ej53HZBAViQS_DS5wY2yVqPlAEAB0hQB-mSgM6jA9gonl9t0bNNAWhXTy6-r8RJgH3dLyjbPw,Naafiri,JUNGLE,-300.2119569267849,-0.04368736943505206,
KR_7581335561,7,200,lzXAUGcPkHXtpt8ESwzLeVMV6ea-YfhCdmlFlnxas6IbRka1bnq1ftEIoHGboM_NJqJT1y56EPjeQw,Poppy,JUNGLE,300.2119569267849,0.04368736943505206,
KR_7581335561,3,100,81UMuKqftY-c4mbvy6B0LNWH6rr7_b7tWKn13Hyqfkl16wMXp28voq1X-fPH7Y19fm-Oiut_mhvXvA,Aurora,MIDDLE,-240.58714806811506,-0.03501066288822274,
KR_7581335561,8,200,Er2bt5laugNsxvMmOt96dyQXX410Oxk-V4Uo4Y6nbFyMrRTl_doOXKT-k-TxpifktbA2Uc1zhSXfcA,Azir,MIDDLE,240.58714806811506,0.03501066288822274,
KR_7581335561,1,100,E70G5Qtt1oVEzH5RJHDJEqB914Wdcz7H1DcdTmV2efT1BK3qUI1nQKfEN4s-ewUdzs0uuNhYsJtOcA,Jayce,TOP,-5335.8352347627815,-0.7764800827120267,
KR_7581335561,6,200,Ub1VHsM1B0m1ctinxNljs2OZOvOXjP-fyZSQ3KxVgR_U1FnmEC1wzHDCP5JM4Vs6vuavFGta0WvxBw,Aatrox,TOP,5335.8352347627815,0.7764800827120267,
KR_7581402767,2,100,aNt6k1jJH8idAk283BMd3IhnUvQWhWMEzRyubt7vyFuPV9g3UNf6YfGm0ct__IGtQ07o0PJGS2mx5g,Vi,JUNGLE,-3239.6792399190817,-0.4714437934260239,
KR_7581402767,7,200,NX_Ud6RATNkkyqBy-msjgWDlYgPkd8NKpK01ozbhRkgE9jHiBgsvcppphZabjZYAT7urww0j8c_Gkg,Kayn,JUNGLE,3239.6792399190817,0.4714437934260239,
KR_7581402767,3,100,Lt9L-8Vx9Ai-7cgoopC1_xAjDIWG0QVGronUl1LLF3AeEX2KR_oxeqdgd4-__6pYRjcaTbX1BpZq6g,Diana,MIDDLE,1620.5362462597484,0.235823270991528,
KR_7581402767,8,200,QCprdn3ACVBHssZXtpmz9bjD1jNCE-Y0sIEVRx4owiEfKqQV4kICqhls56fqkw8wWfL8Xo112VUgzQ,Sylas,MIDDLE,-1620.5362462597484,-0.235823270991528,
KR_7581402767,1,100,3F3Ni5G6lQ1meiS6EgHmwqDIQeiuVAQC0Dt5px_Kc7TxHzhkHP2VMv5QFxdLkm5y5qPJQKuVxa-NmQ,Jayce,TOP,-10310.645595113996,-1.5004231937953456,
KR_7581402767,6,200,Wegn95wO3GxJ3PK6IWyL63PGvbdpQoVcffra0-vgrc7cFyQkdnESN60OcN_6QeHyJIHzwxuc6uEWUA,Aatrox,TOP,10310.645595113996,1.5004231937953456,
KR_7581443298,2,100,TC9ip57j84E461uMaffxqd873Qq66Y20W_18mCSR3UyXILOUhez9mksReNfYRP-SfQHeKmf5lf2r7w,Naafiri,JUNGLE,-14555.60356626884,-2.118156907737119,
KR_7581443298,7,200,mlKPPKejWYp7C9cvLQ7FGo2-5eEIgnt64pDbbje4RyF8dzBtlN0ZXEtlTDjrMKL6RZSvdoNDHz4mIQ,XinZhao,JUNGLE,14555.60356626884,2.118156907737119,
KR_7581443298,3,100,hNnUK-1z3SKixJ-71chpRl98fbZPjCiUx7CfBa4DdSEWixi5Q_bUDDKbGiNFdOHPdHWodvNXYLlwtg,AurelionSol,MIDDLE,-3001.9673504546813,-0.4368515432023988,
KR_7581443298,8,200,6rSQt68Al_EZEghSEMTMqLiHQ_xYqj3mCk_64_zqxBYBzJZhqGNPf7GXIxXFYypUFwcjb8zpmxcXXA,Azir,MIDDLE,3001.9673504546813,0.4368515432023988,
KR_7581443298,1,100,zKPTWy8KIDx9SG7bAMsXCWaDN_LAdJj4bpd6WOgWvgrm5qefmNFwV39kuwsvFn8L6VocOrykNXQ_Ew,Urgot,TOP,-6902.97974633547,-1.004533695019971,
KR_7581443298,6,200,SUC-_TVeNFq7J2hGuUmmxZ4lAP0KZp6mjLNjJ7yq1PtN9zKU3N5UAV6VNDKrjtQCcLzxZujpSSqJfQ,Ambessa,TOP,6902.97974633547,1.004533695019971,
KR_7581675944,2,100,BJiMFHww1VFIsl-yjVs46K1L8-CE3KC0dWLkZvXgcvb6cb00ZcbPwhk_uLzkClZvqAZZvJeGmK9jwQ,Nocturne,JUNGLE,-938.858682221945,-0.13662435872778783,
KR_7581675944,7,200,DA8-N6ZT7Z_K5DfIh9fsLLIL2ZHbgYS7B6MPpRMTlbt8E_wQPeVI-QGqzNBlwcysV4U5sQZYs3wI1w,Viego,JUNGLE,938.858682221945,0.13662435872778783,
KR_7581675944,1,100,Ja9vRnhWQHxo1Y3Iio4eGOujTIa29LVlW-zRslNVxVehtUzggcf0In_CPGhOw1YT8RLT56o6rA9Svg,Aatrox,TOP,5179.408169297715,0.7537165423501748,
KR_7581675944,6,200,zJq00iy7vcDigdY4W-e2aUH1KvNWg-9SsE7u3UKE5qfrqzwJgZit8fPbdj1N9xOfGSxRs3rL94f0uA,Warwick,TOP,-5179.408169297715,-0.7537165423501748,
KR_7582122124,2,100,VY0JmNK4wsph8yq62tH99OuvaCxRGV_WkarlG4g8c995FCv0xPXndQL2bD1psq6TtDh2G6rOAzueLg,Zed,JUNGLE,-1341.113440963972,-0.19516117528921628,
KR_7582122124,7,200,iiu1OIC5dWOZ8P0r6aJUnoQdv90JLBpv5bKjqmyu_VfARaH7SXT0RR_US78qVb3FYz-QC2KtAZ2T6A,Nunu,JUNGLE,1341.113440963972,0.19516117528921628,
KR_7582333971,2,100,Z0tlxzhZk0qPt_5Yi_Z7lwRUWZbj7Aqh8lIJbmfkniMpohlCxUFRINLkzxNUpBM2lDCsWthNMClxMQ,MonkeyKing,JUNGLE,5270.786021014495,0.7670140072712871,
KR_7582333971,7,200,OxHRFk-xLASRdxXWX3oZT4NNw0QGafjb__8g_DeDdJkJLpify6qpD_gp0z0K7zEw7NrEHT5ZzRGj4g,Kindred,JUNGLE,-5270.786021014495,-0.7670140072712871,
KR_7582482633,2,100,dnC_IgV_uW6o2Xp64IKZUOUmjEi6n5IWsmK-rP2FQmHK-sSBrcTkrE3VWKjI9urzgo8D9Z6crRbRGA,Yorick,JUNGLE,-9595.413461054888,-1.396341361771309,
KR_7582482633,7,200,EtsneL9NHGA1jc4i6TWI0hzv8nhtGoaWf4sREMwOABt2GQMd1pUjW2g0NC91pZUxMEj7uGvSL7PHYQ,Gwen,JUNGLE,9595.413461054888,1.396341361771309,
KR_7582482633,3,100,EWWnZR2IwHkl7pVIm3BmDWhZ6J4gJuS85TSVbwWhOHPlplvk4cL2ef-wPpLChRxdf9_ji3EgbcX-gg,Ryze,MIDDLE,288.53509555378406,0.041988132129961685,
KR_7582482633,8,200,VZuPbrLw4NQ0C8W_SYgxBlgxahsGSaCy6wfQXnSX3ajl9c3Vf93M9LQWmnHCFW7xxFEibUCBSAHNmw,Cassiopeia,MIDDLE,-288.53509555378406,-0.041988132129961685,
KR_7582482633,1,100,0z4kq3uNa9sSLpH5T9nUi84QFYMssN6RX67ln3BkKQmgivcYtif_dmN4r3QS8wU-pCsxE8jzj9d3iA,Ambessa,TOP,-12591.641308430293,-1.8323576824397194,
KR_7582482633,6,200,hAhTbgvNXWI7Nu-Plt4sdH1VNcqdMs9ZlTzSY4Na4IrwOAAi12qlcmGcvvf23ujJlg-BJHo_VkRWtw,Poppy,TOP,12591.641308430293,1.8323576824397194,
KR_7582564605,2,100,36w9XCi-npXg0Qqte9R3HRosSxOUZTQaG6UETHn-vo4qLJ7XzbN1aS51hbLQ0UpJnTZfpCYw06huBQ,Lillia,JUNGLE,27579.409204136875,4.013403899816836,
KR_7582564605,7,200,1ENie03w4q-kajyhgCdJOmHHKHntODI-KqxsRRWgE553uiW8-iIms_gSPypzs83EFOXvryWenbbe2A,Zyra,JUNGLE,-27579.409204136875,-4.013403899816836,
KR_7582916180,2,100,zMBiHs0VR4ipu5Gjapdy3iGt-RIpIgCi_0HL8ayQxqdVErIIlTNKjOib8p0zVwk-ulz6sWXpmOxqiA,Viego,JUNGLE,5272.362646727423,0.7672434406046112,
KR_7582916180,7,200,VOMkrFdii0o9enYqaxiU6Ui2pvZtTmLuxBZYU1egr-kBSqzniv75ctDzwMk40kqJUR-iTulXjEn3Aw,Vi,JUNGLE,-5272.362646727423,-0.7672434406046112,
KR_7582916180,3,100,YPfK7ej53HZBAViQS_DS5wY2yVqPlAEAB0hQB-mSgM6jA9gonl9t0bNNAWhXTy6-r8RJgH3dLyjbPw,Taliyah,MIDDLE,-4437.937577985633,-0.645816444101332,
KR_7582916180,8,200,7eb9YIO-BPeleX-gSZHPf-Af5SDcgmXFK4XI95jx64CI19QYlzVNOQkFFivxlKTXvsoxmWQfkboqFg,Ahri,MIDDLE,4437.937577985633,0.645816444101332,
KR_7582916180,1,100,sP1qoBXEnVEzNpepepZI_MQLg8exkA4aIJCyHaRJJ5eIKPhDBfKaCGTXt2imLpfJZ-qa0lvLn-fuzA,Aatrox,TOP,-7262.545495816945,-1.0568583322349354,
KR_7582916180,6,200,JPPmPaLLTE1iZg6n25EXtAtI53XPxNeisaTAzMCkNoRTjXqrvUZlZu9X07KaRheykQflDZkqeiVNsg,Fiora,TOP,7262.545495816945,1.0568583322349354,
KR_7583142648,2,100,afyjAWNV-Whomp4gf44hBb_o2Dxy_6FNHmsiM3tRMOe2cZtxhhFoEfH0eOXGi6QwNuSvRMjer3zxvA,Khazix,JUNGLE,-5525.836851556528,-0.8041294505489979,
KR_7583142648,7,200,kMOVG61ciLXtEf_2YMFGp7MxSeGPSCscWVC9e-837Z4X0tNM52_knRXpj9pnfOei3mp0u-dNrjwqQA,Sejuani,JUNGLE,5525.836851556528,0.8041294505489979,
KR_7583142648,3,100,fqx7MAeNLEdQi6Y4-zBties2WPoEfcgElSo1jnaZcIeTbcCkjegOoQdmvEzVsoV8yLWaGNjmPCSzrw,Xerath,MIDDLE,-14252.649699003798,-2.0740705307104594,
KR_7583142648,8,200,FvyvHyjNaJDoV4a9T_zCDNtVLVccBX56gN8YvPfJ7q3FJVL_4JIdr-6gI6z0njK4c9e7YOzZYLb5aQ,Yasuo,MIDDLE,14252.649699003798,2.0740705307104594,
KR_7583142648,1,100,Yd-PG69LrfoX18wF6qpdsWhJR3FPcHmzsawTxPnNyGjC4qyndAM7byW4rj8nmS8Yueg1RHeOyilAkA,KSante,TOP,7393.721504472138,1.075947294612715,
KR_7583142648,6,200,tBld43yABZX18eggkgO2XlRFzjZ8J2503fCalo8iyfQO-WcCQlgOe6AJcWx3S9vIfzr4-v0kPPWrsw,Ambessa,TOP,-7393.721504472138,-1.075947294612715,
KR_7583480018,2,100,T1ItW2ozSiVTBGyaXxYTVlIblTfF9NrDPAvP8CS7mGF0eMIJdC4Nfe5n8n9QkI8BUZmGlwnlvzaoCA,Zed,JUNGLE,527.5186060796533,0.07676543087617893,
KR_7583480018,7,200,cR_13lgX5Gsr2Qpl2zzdco22NMlyhgf7som8GqDkBbCYcm5LRcew7uKZIQ8oAM3ikGixaPbOwS5MpQ,Nocturne,JUNGLE,-527.5186060796533,-0.07676543087617893,
KR_7583480018,3,100,2MLHBHpBwCF96EG8CBb_6-N8nXYKbaS_AMuRXzo0vyjX_WDrUyiiJzSD9RjqRxEXGjipVh8oCP6s0g,Vladimir,MIDDLE,15515.739643210853,2.257877590186543,
KR_7583480018,8,200,fdPLem4jgijosrvTtIV0GUyC7cJ4V-Bhz5n2G_PCkTvEckFAeVWXUgcfjxhvWBYJmr953IZ1ZprPPg,Ahri,MIDDLE,-15515.739643210853,-2.257877590186543,
KR_7583480018,1,100,cbMMLhDDtv4mtqMP05J6a_I48dSV0KCe4BPgQI2IpxkRa7XKZyRXieJPE4-qygO6CZsuNRqGE-pSOA,Gwen,TOP,5450.146344802142,0.7931148355244817,
KR_7583480018,6,200,_By-LpyoH78S5YHW4zvNrVHMqS87dcabCF4XbcekDN38aC2SiDHv9OBvxpH2BXdkFnD0myktXDBjVQ,Ambessa,TOP,-5450.146344802142,-0.7931148355244817,
KR_7583764341,2,100,-iQ1PMGDBEgbd_0kjBvoT3jHgBDnuGZEALlQzWEDcYxKJsDZy6LIvdln-47uV-3bR3wmqmczltGhHQ,Taliyah,JUNGLE,-15052.236896720337,-2.1904278592451774,
KR_7583764341,7,200,LRlXgISgxUbvn5fTukF1mztIST6ppTdj6h2Gj00BnlvU3pnKvLJj-u9ZU6MhYZbVIooONv7vpymwuA,LeeSin,JUNGLE,15052.236896720337,2.1904278592451774,
KR_7583764341,3,100,iSUoSbOlUaeErYHQoL4-5K_Nm64BW6KHIxOFk97d0G0puExlLao-I_E1p-EAZJ3FlVJaPf2Y_nTgmw,Lux,MIDDLE,-10633.479256198418,-1.5474025132143423,
KR_7583764341,8,200,-_I4S6Cbbuw29ux8gJczmczA3ptkdYTZe1u4fvlSHcbPTvU3VnPNurVLUIOw9dt8NARUlgsALLP2vA,Zed,MIDDLE,10633.479256198418,1.5474025132143423,
KR_7583764341,1,100,qf1MGCvqlFub2YI93ONohu6_dIPO-h2xFmUoz_UNF1Rm4beK434-hRWmLNqnRqiyHOurAdnqRfrsHA,Quinn,TOP,-12193.026510777865,-1.7743505593870985,
KR_7583764341,6,200,XkPqx3fRnd51FHHRQabbBar62ENRmVR4eIjw_tri1T85NqttoWU-alfF4l2OQPt_ifZ2muAZ1ZxnAw,Gwen,TOP,12193.026510777865,1.7743505593870985,
KR_7583901381,2,100,FkiPgWu_wuTVEukwAFoZE6NIzT4l-jRWGxtrwkrsA_VsMfJLtW1yE2dRyA0rOqsxGwqg0XEEVKnypg,Skarner,JUNGLE,-14128.66603392437,-2.056028210758634,
KR_7583901381,7,200,YPfK7ej53HZBAViQS_DS5wY2yVqPlAEAB0hQB-mSgM6jA9gonl9t0bNNAWhXTy6-r8RJgH3dLyjbPw,Lillia,JUNGLE,14128.66603392437,2.056028210758634,
KR_7583901381,3,100,DEE2_BnsQASbo5ONl-VOA-nVeTvNyIJxFCTQEp4JdWT-4LBNYDifAaovDe2ptAQ5eA_PT4Tr1t6_Ng,Lucian,MIDDLE,-5767.319718871893,-0.839270460069864,
KR_7583901381,8,200,UQJ0f6mLx3QBY7Bs2TufI52iWjFevbKNn3-VOK-OUrZAt5Uyu_yCtguBeNFcYO3Ic3AOWjyW6A4qzw,Tristana,MIDDLE,5767.319718871893,0.839270460069864,
KR_7583901381,1,100,sP1qoBXEnVEzNpepepZI_MQLg8exkA4aIJCyHaRJJ5eIKPhDBfKaCGTXt2imLpfJZ-qa0lvLn-fuzA,Ambessa,TOP,5.216850740947573,0.0007591652509126544,
KR_7583901381,6,200,7EgZPw0pPANEXwYAEu7mibSBhRT01Q9gsj-ZjZaURSKhj4Roe39uczpdvV4GvPR-gmnmd3Cv5kfG6g,Camille,TOP,-5.216850740947573,-0.0007591652509126544,
KR_7583989309,2,100,wySJxalkTyZSfx2rYncpZ9uhVSG8mO10Xp3yv85_YjFNfGtWHIZ9N0rTMoe5nHQLae1Kwmy3_yKzuA,Lillia,JUNGLE,18252.981989339896,2.656205887409467,
KR_7583989309,7,200,mnAd6qBHDgx04YExCQtXoSsV6blE_9GlaYWHJ73NMt7myYuZ-mJHn_90fh-b-oKKau3gBh22TNbHxw,Talon,JUNGLE,-18252.981989339896,-2.656205887409467,
KR_7583989309,1,100,3VSTkmubjfBTvqeFqW31xzK0L1jKO-Gj0O_cPCq-q8N2YAsnJqnUScLN5HuJ88wvCS105qabckDndA,Renekton,TOP,27622.74537040606,4.01971025458392,
KR_7583989309,6,200,0z4kq3uNa9sSLpH5T9nUi84QFYMssN6RX67ln3BkKQmgivcYtif_dmN4r3QS8wU-pCsxE8jzj9d3iA,KSante,TOP,-27622.74537040606,-4.01971025458392,
KR_7584255205,9,200,kIEcfzM03KFJuWeJIzGW51nIqDEsIKSAOe3jPucxLQ4ZmE-Ly9UOKwQVSSV6axRZTliPhfgeBJK7YA,Zeri,BOTTOM,-1380.187739630634,-0.2008473356232044,
KR_7584255205,10,200,axlyr4h-j44b2sQyd3E0qgvjlhXJa4Kly-Zow0s27WPv9DHLGB8QRYHXi15eMQ-hACkJwQPNia52_A,Senna,BOTTOM,1380.187739630634,0.2008473356232044,
KR_7584255205,2,100,VY0JmNK4wsph8yq62tH99OuvaCxRGV_WkarlG4g8c995FCv0xPXndQL2bD1psq6TtDh2G6rOAzueLg,Vi,JUNGLE,-1671.8725529734002,-0.2432938201987916,
KR_7584255205,7,200,BTt_A4ZzxOxQcxiFPix2PoXpIKJYa3euT3zvl8AMyDaAOvti1pvnP9zYVyTK3bn3xErIKlk2EFQBXg,Nunu,JUNGLE,1671.8725529734002,0.2432938201987916,
KR_7584776892,2,100,EpPPgvzC5NGwt2ZAY4PUjfhhMi7SYZZKuNvOArlt6WUgtYi5YoImF6mtb99zwaooZxaiPSHlzqBSCQ,XinZhao,JUNGLE,5595.4563057129035,0.8142605953732461,
KR_7584776892,7,200,YXF1de74qRCv-bDMiRNxtk0uHh56vdVINP4fpROlJJQmsCoIp46YMKu6pVvgiyLeBnm_JNXJ2X3H-g,Diana,JUNGLE,-5595.4563057129035,-0.8142605953732461,
KR_7585084967,3,100,QGt1mrMfZNNcJEswfQkwDqqW7yyAHIGGfJOn_V3aApXyAj3s_IbVIvoHIrRnlP8zTcBk0rYX7zJK9Q,Sejuani,JUNGLE,-6137.993455488278,-0.8932115510150874,
KR_7585084967,7,200,uo1CNTK7a2AnD67sTm5yxoJTVo2Idk3Kt6bzCbgcJM8CBCXrAlLU8auUZ7kVVlzJQ92yyOOvFsMvrQ,Sett,JUNGLE,6137.993455488278,0.8932115510150874,
KR_7585084967,1,100,5ahSFUKK3Ix-KEPnZfCtfXySwb4VGgEF7NPj91FdMpFgoI2mm6SQq5UQqoS-XF2DQP9fIdRSsS-9kA,Jax,TOP,8309.35709804887,1.2091921888333186,
KR_7585084967,6,200,WOsFXqygaP_mFw5tSJbIg2v2fvwjKrsf2lYD_7IFRZwk555YWc1U14bp3I5QZRHxek3j4wTdp77IgQ,Alistar,TOP,-8309.35709804887,-1.2091921888333186,
KR_7585329860,2,100,VEWJoVHKLBUiEG7LyCyxd3Qw_PGVOEuEceDbv0hOxAFtjxWebqFyc1q2H90OBGQ4n3y8o6hQESypWg,Naafiri,JUNGLE,45.341693851137876,0.006598202651098193,
KR_7585329860,7,200,l8zCfPZXSxLhSvY_5qa83ADS2nkhHd_R7qI8vrc1NkLLQ3jn11YTMUKgrcuC0hMi8lUM7rRjHPHcog,Vi,JUNGLE,-45.341693851137876,-0.006598202651098193,
KR_7585329860,3,100,5pW1lAPayqXzAO6onUrGUYkCyS1E1LKAHwgWegpKFIevurYBFvmeKg_L8zwFuE38NyrDwKWkAIGaYg,Taliyah,MIDDLE,-12660.72472032052,-1.8424108214551593,
KR_7585329860,8,200,XDmgJL75yaoSJqq3RjzthdmI8l8Hdf0THAQb0bJnupuIJJV2B7LNgBrqwoHngXrEKW93RuI79oTkGQ,Galio,MIDDLE,12660.72472032052,1.8424108214551593,
KR_7585329860,1,100,kUoThVu13pE3zAW0DwPm0k7ZorEZAfkh2ltGMkWFqUqdE_jPizv-FxAVlZ3yW5l4qFs5JVpYz44clQ,Rumble,TOP,-856.8989718803466,-0.12469743822423009,
KR_7585329860,6,200,36w9XCi-npXg0Qqte9R3HRosSxOUZTQaG6UETHn-vo4qLJ7XzbN1aS51hbLQ0UpJnTZfpCYw06huBQ,Akali,TOP,856.8989718803466,0.12469743822423009,
KR_7585486841,2,100,d2zC8OEgWb4ysKl5zLUMMfq9m1k_BKdzOFHfzqFtK1IpSggKYTucaSARlT23tzHiLOScwITssqhBsA,Zyra,JUNGLE,-19089.698758439725,-2.7779663761600273,
KR_7585486841,7,200,eatUj6rxaF2Xg3pcak94auX-TQQvzRs8pB8ZAiuQbkQubbRXhjF6KhmTupV_0GtbluXD-_W5agUZ9A,Vi,JUNGLE,19089.698758439725,2.7779663761600273,
KR_7585486841,3,100,G3lt3RwFXvzjGXZaUwJ1K-sLuhVCZGJzuy6UCoFugpMfIkvEckZI1uhykYmKMasoSFXkE9P5jCdVDg,Yone,MIDDLE,11271.616211095976,1.6402653198265644,
KR_7585486841,8,200,7SLto2ICAtmuNjC0Ug86-krsMRdTMplkRO-oKZlfCxilJzO5EpOWHpdpGOG4cwd19ySaCmhEaSifzA,Aurora,MIDDLE,-11271.616211095976,-1.6402653198265644,
KR_7585486841,1,100,WzAJn9saCN7wVjo5ghnXBFCt2U54EOyygl7RS1skHxXYP7_coK7Bs0mp2VCjg5K4sdx5zicB6FQu4g,Fiora,TOP,6416.504695180896,0.933740994095308,
KR_7585486841,6,200,qWxfzJONKU02DjfGo91jaBBPIUx75IhklOj9-Zih6TJnrVi422NWJinMpmgY3KHpjQ_tMn3rhli0Ng,Jayce,TOP,-6416.504695180896,-0.933740994095308,
KR_7585615872,2,100,9HN0Pr6xNnJcSqjbHmjJ_kHRiIRcIR52zJrYQnczUhnZ087n7s1WzSXgl1H6N1CAIFoyQSAhotPYJw,Gwen,JUNGLE,5680.3726584153,0.8266177716481788,
KR_7585615872,7,200,VKomKlx64OI51e8KZxRfOBdRCaCf2RmkuLNCRXhS9xwrrhvDASERKqLHRtrZcH1utzwIJbsfsRRsfA,RekSai,JUNGLE,-5680.3726584153,-0.8266177716481788,
KR_7585615872,3,100,veVKEoOLFt2owOL4_-Y3BbQh5AOYe0ncC499EsFji_kAfUmLH1s2BUjejqPNdUDwXPaM3TsYmaPd3g,Sett,MIDDLE,3043.8651520503577,0.44294858462461373,
KR_7585615872,8,200,_IDoagFxk4Sba9krxqIOMFU5NiyVehQEfVRUciyMHZwLxlSj28mX_iMT_vUTFtWQEs-nzlxNpdHdNw,Vladimir,MIDDLE,-3043.8651520503577,-0.44294858462461373,
KR_7585615872,1,100,CPIqHUdYvN6ENJyt01KdA35PprwHlpb4xUqW7D0-Z868jE0lyh3qD7ZanjoaKTfgvGU5knWtidBWDQ,Camille,TOP,-2539.515785308742,-0.36955478201018604,
KR_7585615872,6,200,qXWiD9Qrm-rUXcR_qJoW7AX6c0ZTg_WO0xWJ6-TvpHFqmINm00J4leSMMFMg48aBZ5-2SxCymGzQBQ,Kled,TOP,2539.515785308742,0.36955478201018604,
KR_7586067878,2,100,JZ2Cd3NW46NqtcgXivYk2SH409AoHuY6hMv4_DGZnzP6s6UfzXmYl_q_ylLpuSqQdF4yrJq0RPCdWA,MonkeyKing,JUNGLE,8128.991093122155,1.1829450121005163,
KR_7586067878,7,200,_TuBQGtHS5dCbydU_Al_wpXcOj9_J1tqW41kYkUY1VqU_yledjcVoi-wVT7KnGXchrck06qefV19Eg,Shaco,JUNGLE,-8128.991093122155,-1.1829450121005163,
KR_7586067878,3,100,zwhDPzTARCFvzwmrFKoRywNnxYB5zETCzNKhQFbXhxDHAcmy_YyD6vxmcwg6T8mwYCPw2aceMgbtPA,Vladimir,MIDDLE,7492.591310823186,1.090335001885426,
KR_7586067878,8,200,htWqNhdwoNF-V0YNIGuxT814QJFCa48uAPMpCWYmUoMOG7yM-id2Y7NwVcrld5kUQi68TtRjgFOZCw,Orianna,MIDDLE,-7492.591310823186,-1.090335001885426,
KR_7586067878,1,100,cTeVTiAx6G2WU1bZ7Go0U6YYB2DMud41PIBeEzAXMQ_k3Q78BMnZLKIPjU3i7s6glPiiyFqruXR0KA,Jax,TOP,15305.517735800799,2.227285730267372,
KR_7586067878,6,200,n5skzATJw2gBUqgLPEN49uk62lR9Xa2z1eF4j-8_x87TPNyTcowy96Q1M4RMP6x1izlJSksvaX4G8A,Swain,TOP,-15305.517735800799,-2.227285730267372,
KR_7586407555,2,100,7f0PZETLPSsSke7X0D5D73gsHFkFyUK_L2v708u8Xn9zsBZZTpQXVEvaGbo69EZIMAUtIjLncQHVVg,Rengar,JUNGLE,11445.86957821834,1.6656229748070854,
KR_7586407555,7,200,VY0JmNK4wsph8yq62tH99OuvaCxRGV_WkarlG4g8c995FCv0xPXndQL2bD1psq6TtDh2G6rOAzueLg,Ivern,JUNGLE,-11445.86957821834,-1.6656229748070854,
KR_7586407555,3,100,7y6WPHDaH_SdE_xKPvD2zfaWR5PnrBfiXC3GTdaBW--EWniXHR1sOEkc2KdBii8Ajb3YEvSamikN7w,Ryze,MIDDLE,-491.1897369363649,-0.07147879025177646,
KR_7586407555,8,200,OGgniyK8lGxKCNEQFkvY9-jAAFoooC4Zl3EuI5rXsu_fTGV8aGCR2P_J1JnlUNR-iURtvpp3g34vXQ,Akshan,MIDDLE,491.1897369363649,0.07147879025177646,
KR_7586407555,1,100,qXWiD9Qrm-rUXcR_qJoW7AX6c0ZTg_WO0xWJ6-TvpHFqmINm00J4leSMMFMg48aBZ5-2SxCymGzQBQ,Kled,TOP,3867.5918352552007,0.562818733339098,
KR_7586407555,6,200,A-Z_AaM67jCgwIpr3e54SvbqnxJ2uTAqwGKTd7eogC6otN3xTfkhCiT_2Z_y6dzyAdx6PsNibpJ0AQ,Rumble,TOP,-3867.5918352552007,-0.562818733339098,
KR_7586824029,5,100,aQ8EETK8dZELRaU-xUN11WXMc8ILWbBYQ_7UMLn3GMYdPRrafyNrOavyHaM-86EkqkOZujaBqRX0Sw,Blitzcrank,JUNGLE,-16347.20340241695,-2.378873651742987,
KR_7586824029,7,200,8NVmPXy1YIUOGoNCSJRGZoqT4G-FR3L10ewKneJ97pqa5VwIomrb4KAXQ9cjmsaesUfcvN64kLz1bA,Nocturne,JUNGLE,16347.20340241695,2.378873651742987,
KR_7587115119,2,100,kU9wwZluCyJ1vIAIjnaUImqy5TzaxWvh4Ltg6Vnd8HfUbHT9k76t9BNcRj9uxVGVkn_qUHD36MsYYw,Viego,JUNGLE,3326.703676954146,0.484107741822841,
KR_7587115119,7,200,T2qUwkCEl_O0Wt-M0vXhJkKiuolBINwVIgBtFSrPDfNx7k5NvtU_3wSYhsWSI9h2fQw4YpS1bS4zAA,Vi,JUNGLE,-3326.703676954146,-0.484107741822841,
KR_7587115119,3,100,cfzwY3LH5Pu1mYL6yUXWDd14GyCm2aa9MXG4xnnDWlwk9JLZtdOVvsePimQjPsP1QuGyA58YI6Sz0Q,Sylas,MIDDLE,6729.72309608018,0.979321084022507,
KR_7587115119,8,200,E8UGH9wbDwVQOuQQhVFCeQ90vU4ZA8nmaFGHk4j3mFRKSUvHn6fmmOyRNWEAqiZzZcYWjOwHQbj8oA,Ahri,MIDDLE,-6729.72309608018,-0.979321084022507,
KR_7587115119,1,100,cR_13lgX5Gsr2Qpl2zzdco22NMlyhgf7som8GqDkBbCYcm5LRcew7uKZIQ8oAM3ikGixaPbOwS5MpQ,Ambessa,TOP,-3300.517869601562,-0.48029713730369306,
KR_7587115119,6,200,qscSl8tOIxsoj8O6BzsSL9xypFkFsHC8HlvUewb5XpU-6GqF3cGZwc8T_-hBIBgioqubW9hkUAT_nA,Rumble,TOP,3300.517869601562,0.48029713730369306,
KR_7587369929,2,100,c7o6m66l3vzaLhIzVVp71aoiCWaQcJEa0PK9mymRUTwpPmXKsTfqiBxsM53jWwrALpq0MdiAJONQEg,Gwen,JUNGLE,1283.504650195205,0.18677784322348004,
KR_7587369929,7,200,kU9wwZluCyJ1vIAIjnaUImqy5TzaxWvh4Ltg6Vnd8HfUbHT9k76t9BNcRj9uxVGVkn_qUHD36MsYYw,Viego,JUNGLE,-1283.504650195205,-0.18677784322348004,
KR_7587369929,3,100,5pW1lAPayqXzAO6onUrGUYkCyS1E1LKAHwgWegpKFIevurYBFvmeKg_L8zwFuE38NyrDwKWkAIGaYg,Talon,MIDDLE,4905.047853669502,0.7137911490051976,
KR_7587369929,8,200,E8UGH9wbDwVQOuQQhVFCeQ90vU4ZA8nmaFGHk4j3mFRKSUvHn6fmmOyRNWEAqiZzZcYWjOwHQbj8oA,Aurora,MIDDLE,-4905.047853669502,-0.7137911490051976,
KR_7587369929,1,100,hAhTbgvNXWI7Nu-Plt4sdH1VNcqdMs9ZlTzSY4Na4IrwOAAi12qlcmGcvvf23ujJlg-BJHo_VkRWtw,Jax,TOP,496.68789792579753,0.07227889226242794,
KR_7587369929,6,200,815axwnpkupzBTI5QsZz8ltORFA1v0Hpuo8GJWGu8ar6Khd4K2v72TD1RQXzSfUyU5PvoOSBe811Bw,Gnar,TOP,-496.68789792579753,-0.07227889226242794,
KR_7587539185,2,100,w5cg43HoMwWBBnOkhwn_KkDVH9JIAhrK_Vrii_SU0f_4omsxIW42uKop2Lob08TCS1PvHHMX30qU1g,Zyra,JUNGLE,-10481.947737147138,-1.5253513813353334,
KR_7587539185,7,200,7pLaumpVsNoi1dl1zRwFbb57Hh_rQY1hVtqXYIVmS9GgatQeuELZnVJ8wYF5wvQF3JBFkZZkLBfSFQ,Sylas,JUNGLE,10481.947737147138,1.5253513813353334,
KR_7587539185,3,100,CO7ee0mvW8W8DFFckMw0gS6kbDBGw2JUE8GXmPvl1dLCVuImisy6n65LJjKFOmY8llk9dLnYxWbgSQ,Yone,MIDDLE,6691.090152560235,0.9736991504619761,
KR_7587539185,8,200,8tzvZD8pyRgmnN5eFgoARF3RDAKI_irxPhB54tI8HOx6KhQLDtwnc7ZcuZiYvg7HhoHSw2muZD_EUA,Yasuo,MIDDLE,-6691.090152560235,-0.9736991504619761,
KR_7587539185,1,100,GekC7rWPBieVnHgrRnH3tt-crhgNHNWrq3KynItwXAM0VXx-Wbn28IUDRQTzss4Nv28jb7FM2eH6xg,Gangplank,TOP,-4916.521115832074,-0.7154607581968253,
KR_7587539185,6,200,S9_mkbTnBtQHQcTJpswhcjWaNnhNO4ozqLbRgHwCW1xehb4hBOkXCWjyfpiVm0p4_9URnFnAQswlNw,Riven,TOP,4916.521115832074,0.7154607581968253,
KR_7587990496,9,200,-Z4N0d1FLnUo6HpLCcszqtrrDSkGFATMWmspJeCkRMcQzxli_82jSRLG_c0WIOUwHeSY2Ndu4lRUCQ,Tristana,BOTTOM,20651.25077184539,3.005206158346118,
KR_7587990496,10,200,5zT-ua7LqYvJuK4Pd1fx-gx4CtqTk-9GkLnWhe_3iKGPCjVev1bdDJmOyFU-BDMvPHs82enKUrBodQ,Lulu,BOTTOM,-20651.25077184539,-3.005206158346118,
KR_7587990496,2,100,Ndm7fdeV66LFAknIcrq4lR5W5LUTWuzXk3rna5d8RbKxUw-kkWHtwvGEVb25m_FuBtBHR_qtfw6n8A,Naafiri,JUNGLE,-20289.74979279451,-2.952599903136968,
KR_7587990496,7,200,zK5_aAP2wjZ6YsK4IVVxVfcDqn8SDxmt4z3LyAzVIUcXLE0oA47OAJppC7osFz-I-SIwGSpo9rUrSA,XinZhao,JUNGLE,20289.74979279451,2.952599903136968,
KR_7588419095,2,100,gB4kZ6tr5Lzl99YaZ1Il5VKYXJ7Xv0rUrOktLKSv2jHws_9v-2RUj7RMIxVKa09vxsOqPkK-MxAD4g,Gwen,JUNGLE,876.6148259048044,0.12756652381066497,
KR_7588419095,7,200,TzbIETopQJ43l0w6Tha67XLyPl-vFiTqRh5Nki0d1N5gXTku17DISg2aZlDYFGuC1z4OPrqMzkGMcQ,Viego,JUNGLE,-876.6148259048044,-0.12756652381066497,
KR_7588419095,1,100,-3DyG3Y_jyCyLFjuKfLZr8RLWVc8kY_9nyR4ws_v1qjuVlw5NLl45CkVOqd6NLMRFt1jb0DI3rjsAw,Ambessa,TOP,-6277.6151630335,-0.9135295462779093,
KR_7588419095,6,200,veVKEoOLFt2owOL4_-Y3BbQh5AOYe0ncC499EsFji_kAfUmLH1s2BUjejqPNdUDwXPaM3TsYmaPd3g,Sett,TOP,6277.6151630335,0.9135295462779093,
KR_7588844880,2,100,Zh-QcpxNauSMljd3bdGsaWM3xuxcgg0N5hog3UQ9XJK8TkBUtq9rKwZIt5z1U7VjUmadBvkmXsJH6g,Rengar,JUNGLE,8212.892747596252,1.1951545277132334,
KR_7588844880,7,200,EtsneL9NHGA1jc4i6TWI0hzv8nhtGoaWf4sREMwOABt2GQMd1pUjW2g0NC91pZUxMEj7uGvSL7PHYQ,Vi,JUNGLE,-8212.892747596252,-1.1951545277132334,
KR_7589122076,2,100,ZjhtrG2gWS3YYicBbJGf0KQznTqbcQ0AoEEOMX7zjR_oryB-1ZV_1oZp3fsvS57ddPreIkHQ5lkJ2Q,XinZhao,JUNGLE,12725.936861122758,1.8519006063259624,
KR_7589122076,7,200,HH4kk_igp8LQZnPG7fjNVNCmV1jbe0CXxfcxOniE8LyP6NdnQhyJpfQjrTvrnqQJvJpjhTxxozKRbw,LeeSin,JUNGLE,-12725.936861122758,-1.8519006063259624,
KR_7589245963,2,100,NkbWUqj4ajJhWTcnTqDZeLkQHO80nHGAVeQGuIlY9lIljLd1Idneo4GMsfZ8yCzfcGpLvti4c0dYMw,Zac,JUNGLE,19295.561452905426,2.807923875781575,
KR_7589245963,7,200,53wIvDEtQL1tGoRRtaDyJ0l7pIGKSVp5u42rI553srNJkmUG2mnKkGDFZ7Rz2WvL65B89Md9vdVGaw,Naafiri,JUNGLE,-19295.561452905426,-2.807923875781575,
KR_7589245963,3,100,FcgpDMb-nbwmj8-uG79CEdR-g9rPuAlpzzom9iceP3fJ1-AhGgG_4pj5ewoOWHQfYjcOtFncedpdpg,Tristana,MIDDLE,-15503.14529871883,-2.2560448391320955,
KR_7589245963,6,200,qscSl8tOIxsoj8O6BzsSL9xypFkFsHC8HlvUewb5XpU-6GqF3cGZwc8T_-hBIBgioqubW9hkUAT_nA,Jax,MIDDLE,15503.14529871883,2.2560448391320955,
KR_7589245963,1,100,evI0RjRt7-hJXtzPAwd_zPPmmZSf2RTeekQBHA1Lsxc0wmVtJ7087fU6wM_jhLKWZXNhEHpnH7n_Gg,Nasus,TOP,8477.743604847172,1.2336960880306762,
KR_7589245963,8,200,NOtp7tnoRFq8O9etgGMJ0ePYNwjwhVzTMBzkwFa7wO52VdsT3IcoXW9xIMr_DLgrPoJiJtEHvb7j9g,Sylas,TOP,-8477.743604847172,-1.2336960880306762,
KR_7589381415,2,100,QZtYupU3MN95L3X5waCuiMUaJOlekhn6fi1KI33N4fcRRw5M_SA8pGvziMBZDmTrgYwdBPkOprFzsg,Naafiri,JUNGLE,-1621.5540869968404,-0.2359713889571233,
KR_7589381415,7,200,j9XUxcTZ5X9rhd-vTK_ujWi_O_Iropxgr161B0F2Yf4tmZSTKUg4z4W4OBy7PI-Z6eGtDJ-_tkyk2w,Vi,JUNGLE,1621.5540869968404,0.2359713889571233,
KR_7589381415,3,100,SwK9dfhLBhyVLvEd0UlkYo9EnmSjRDIH4fWolOh441ZucoyBZFRVgvBir1ePHUz3cF4nNQsRpizvgA,Aurora,MIDDLE,1077.3794703506017,0.15678214627016426,
KR_7589381415,8,200,VJMklQgjG2Hpfxs742RTcUuehjB710XCoC8zUxc7cYGiZeOqIazwFSk0kVyx4GT6vOCEl6e_P_aA9A,Neeko,MIDDLE,-1077.3794703506017,-0.15678214627016426,
KR_7589381415,1,100,tOerYGF2DEr3v-pxaFly2wbkd1kKj5YMht9bvO4PeOmR5ULcX97LrJCDaThFCzHMYYl3K4h-Zfof-w,Akali,TOP,51.16516363204615,0.007445644166475434,
KR_7589381415,6,200,IDohDRdLRSKC2GlLpCgFCRZUElPVlVeiw5by0z4vmEwOif66BKfVTQoA_e3Kp8hMRG4vHx3e-lrLHQ,Vladimir,TOP,-51.16516363204615,-0.007445644166475434,
KR_7589669280,2,100,ufzocU-R3CZJwJfVkszwQ6m9DlUHIxjOjOh9SlajNvFYCa90tWEGmRy7oUYWywo0x9NNc8fX14_gLw,Viego,JUNGLE,7242.4061175535935,1.0539276146599594,
KR_7589669280,7,200,VOMkrFdii0o9enYqaxiU6Ui2pvZtTmLuxBZYU1egr-kBSqzniv75ctDzwMk40kqJUR-iTulXjEn3Aw,Vi,JUNGLE,-7242.4061175535935,-1.0539276146599594,
KR_7589669280,3,100,QegbXOV2D4PoDb1sRj8wsF4vwBhid-JpS-wUB5YhprXPME42SiT63ulR5wD9ddYstVf2U473E_CxFw,Ahri,MIDDLE,-24374.110599424257,-3.546963236602721,
KR_7589669280,8,200,AsP8SbZUJn516zDmdP5iZNuPnd1acy254SZwwa8WrIpsSXdx6hQwdyXa6-oxDvtFN-Zrp4O0ymiC4w,Sylas,MIDDLE,24374.110599424257,3.546963236602721,
KR_7589669280,1,100,_2gy_DC46aRGaj02qVS4G6kbPavUSh8Sn3pwDFx-ww2bLq4f-g_5vFY1iFrAsDwciaOJlU4qab90Xg,Gwen,TOP,19584.03801243999,2.8499034896475637,
KR_7589669280,6,200,wNaSXmdDjzdHYs1wY0GriC0octg-1hW_tH6KFtt_jq0AMF7avZwUOTnkzGTGslVShCioMrSJW2iUvQ,Irelia,TOP,-19584.03801243999,-2.8499034896475637,
KR_7589900300,2,100,fp4g3t9KWpF9EHaF9Z2H9gPwdDqKyK5ZNjhiwvBppQQoYDQdtCvZzif3rCRj7DUIRjh_0KQT2m1Gsw,Vi,JUNGLE,-1854.121645391905,-0.26981502711938044,
KR_7589900300,7,200,koasl7wnS-PjVfxU8MDkXhpgzVADsP3cDpHAbUM6hL5XFFkUiYxfftN-iuelNjgxLebgJRge5N9ZZw,Ambessa,JUNGLE,1854.121645391905,0.26981502711938044,
KR_7589900300,3,100,oQdZxzf3OMvD9SazjuO9PyhAQNTbKlweB8mIf4uB-O0vLA4z8gHmX7DjTaQOkXHw2Pbe8WScpK9dKw,Syndra,MIDDLE,-19958.139758472935,-2.904343430523154,
KR_7589900300,8,200,E8UGH9wbDwVQOuQQhVFCeQ90vU4ZA8nmaFGHk4j3mFRKSUvHn6fmmOyRNWEAqiZzZcYWjOwHQbj8oA,Ahri,MIDDLE,19958.139758472935,2.904343430523154,
KR_7589900300,1,100,cwWdLHPYwCoC_EZlbT_N2IHDssux-7MMBIbVkTVCmIfMKj70LRXOPFiWCE4TwwbNAh7BcUgYOGIZ8A,Darius,TOP,-37714.63152181387,-5.488299191234973,
KR_7589900300,6,200,cTeVTiAx6G2WU1bZ7Go0U6YYB2DMud41PIBeEzAXMQ_k3Q78BMnZLKIPjU3i7s6glPiiyFqruXR0KA,DrMundo,TOP,37714.63152181387,5.488299191234973,
KR_7590160745,2,100,T1ItW2ozSiVTBGyaXxYTVlIblTfF9NrDPAvP8CS7mGF0eMIJdC4Nfe5n8n9QkI8BUZmGlwnlvzaoCA,Gwen,JUNGLE,-4319.137048983469,-0.6285283831835489,
KR_7590160745,7,200,MIx2xMIvExdaeq2chIWbkIELH3diUzOdAfT1V7db0k_CfyZpdOGCPvdUOOXVrddP3z7sfCOKDFY7Dw,Nocturne,JUNGLE,4319.137048983469,0.6285283831835489,
KR_7590160745,3,100,C6rzxtF9ePgp1fOPFxefl1aqtV-XwU5PV6Y_LjhZD4oZ1xuvWBzci-abQOYliYTuXJr22pfr2XDHiA,Ahri,MIDDLE,-5616.927681829196,-0.8173851476071873,
KR_7590160745,8,200,Ub1VHsM1B0m1ctinxNljs2OZOvOXjP-fyZSQ3KxVgR_U1FnmEC1wzHDCP5JM4Vs6vuavFGta0WvxBw,Sylas,MIDDLE,5616.927681829196,0.8173851476071873,
KR_7590160745,1,100,cTeVTiAx6G2WU1bZ7Go0U6YYB2DMud41PIBeEzAXMQ_k3Q78BMnZLKIPjU3i7s6glPiiyFqruXR0KA,Jax,TOP,-6209.26929808233,-0.9035837363839746,
KR_7590160745,6,200,4pAcnYzDn2fxDWfkJzJVxXOmMC-aOOE2Go9aGKs75njiw8E_JOY9HmRYGrM7dwdnztB_v-RhPi9Y-w,Ambessa,TOP,6209.26929808233,0.9035837363839746,
KR_7590420390,3,100,79Qp3ImYFRzn7IvCRrhYBQu72-6_EzqdH-ZhmVLZORptvRsjdG9j4XCX-eCACgHkUxBkfb2qf9C3fA,Pyke,MIDDLE,-1630.2945020422785,-0.23724330945294442,
KR_7590420390,8,200,B3GzwJKdqj1KmXpY-bGJpWsL2eeQlp8ii-u0epfGDp5CaQbOnwTAwM9jaCr8rDJP6ii6rztZWUjZ8g,Akali,MIDDLE,1630.2945020422785,0.23724330945294442,
KR_7590420390,1,100,spk6YkGyrd4_5TbHRlVVFvDF1zmpYg2RxWlP6SUjSe11xy6yagLrLdIEn136N9wdTahpMrN_xk5N-g,Sion,TOP,15159.341832839793,2.2060139570157915,
KR_7590420390,6,200,v2hqivnktUOEXlaNZPcpdyBZjg1IL1eRaKDp-E8K0tw2hLuwzkStQWFcD-0UrY5ldXupi_OD-2YFnw,Jayce,TOP,-15159.341832839793,-2.2060139570157915,
KR_7590540270,2,100,7MjKPhlHyjWMu8KX4EhQB2AaYtAs9bVrUpGKBk50m6QKmb2BUfXXzy26xjPf1a7VgIDqpavM9GPynA,Kindred,JUNGLE,14543.914095818172,2.116455835536977,
KR_7590540270,7,200,DiIRvAeP-l1qXvAUh28HTQa_A5Y6yqb7wj-gPzx5fAf4ulPrNEHugoYYA8QglwwAeV6zixRcdRuXww,Ivern,JUNGLE,-14543.914095818172,-2.116455835536977,
KR_7590540270,3,100,QCprdn3ACVBHssZXtpmz9bjD1jNCE-Y0sIEVRx4owiEfKqQV4kICqhls56fqkw8wWfL8Xo112VUgzQ,Azir,MIDDLE,-2778.1395512159775,-0.4042797300898362,
KR_7590540270,8,200,ScN8TeY7xarFw8tp771CbsprL_0syhkiuQgyFbwTMjMVD0Lfw_L-eydmccm3rXqF-esRdJIgOVWn-Q,Tristana,MIDDLE,2778.1395512159775,0.4042797300898362,
KR_7590540270,1,100,4pAcnYzDn2fxDWfkJzJVxXOmMC-aOOE2Go9aGKs75njiw8E_JOY9HmRYGrM7dwdnztB_v-RhPi9Y-w,Ambessa,TOP,-8559.283869580491,-1.2455619700751586,
KR_7590540270,6,200,GDVLPtGTgMJrrGdHDWphotm3-jPfqZ4fnQePF1GYaAm5OxrOBZDPcV2MfH-kIa_aOhC30VrzHs008A,Jax,TOP,8559.283869580491,1.2455619700751586,
KR_7590637262,2,100,w5cg43HoMwWBBnOkhwn_KkDVH9JIAhrK_Vrii_SU0f_4omsxIW42uKop2Lob08TCS1PvHHMX30qU1g,Belveth,JUNGLE,-10267.67634045339,-1.4941702326477504,
KR_7590637262,7,200,qDtHds-4bEYmINTXKCIlJFlHlrX8kwnkHnNqplMUzzD9QLBzo9yeTyka5xZesrw33KhPODW-6M2cAw,XinZhao,JUNGLE,10267.67634045339,1.4941702326477504,
KR_7590637262,3,100,EWWnZR2IwHkl7pVIm3BmDWhZ6J4gJuS85TSVbwWhOHPlplvk4cL2ef-wPpLChRxdf9_ji3EgbcX-gg,Ahri,MIDDLE,1341.7688437384652,0.19525655064811656,
KR_7590637262,8,200,fNcRm5OSV6WJyZy92IBAEAWSGy7MMZ7sODYPbj6AiPxDLCRDAV--Cto1p1me3dcXDReMAkkvCbiUpQ,Azir,MIDDLE,-1341.7688437384652,-0.19525655064811656,
KR_7590637262,1,100,VKomKlx64OI51e8KZxRfOBdRCaCf2RmkuLNCRXhS9xwrrhvDASERKqLHRtrZcH1utzwIJbsfsRRsfA,RekSai,TOP,9019.504544567206,1.3125340882266583,
KR_7590637262,6,200,hjGAQOfZmONB0zAABeNob7yuOrVRjoehJtw-Fo-1WEgZeOBPggvvnHiVwdvRoD55lIrrMDikz5cVbQ,Yorick,TOP,-9019.504544567206,-1.3125340882266583,
KR_7590940366,2,100,oU1pPzM-NIb1fkfUmzpBdi9AgViv_9iBFmiZ9RJ0pUGPFrd5tmv_W-8qCSKJ2tjd-vgSwZxVBTeuRQ,Vi,JUNGLE,12817.628260244222,1.8652436992142085,
KR_7590940366,7,200,5inP8PGnEkjobwpubOfiXTTYyVXFlP79XzKQBk0zzEG_gZ6l_ixPSDy5rMtfG-Q9NlNqKHngmPtiNA,Poppy,JUNGLE,-12817.628260244222,-1.8652436992142085,
KR_7590940366,5,100,8miwoXaXu-EB-EEW7JkvTAdHfgPo3Fkf8Cs9nhcFesE1fFaqM87DHS1t-vxgAvlYsDJUsC__bQwRng,Pyke,MIDDLE,-14320.548337376107,-2.083951259409855,
KR_7590940366,8,200,fbvsUMt5qEXBRP-bIZlDhvJk-SG2SaJ8ZY4pCHha6BrRnyUsyrv4du2-ugryZfI8D91gmqcdEIaVDQ,Diana,MIDDLE,14320.548337376107,2.083951259409855,
KR_7591141423,2,100,TI0Ni6ihy9vAh5nnW29H4qPVHCMaN54Z94jgDU-tzvWC6_-HDyfqvxNCXHVcoGahlPlZg09jxG9SeQ,Kayn,JUNGLE,-1760.007231790055,-0.2561193329229296,
KR_7591141423,7,200,EtsneL9NHGA1jc4i6TWI0hzv8nhtGoaWf4sREMwOABt2GQMd1pUjW2g0NC91pZUxMEj7uGvSL7PHYQ,Viego,JUNGLE,1760.007231790055,0.2561193329229296,
KR_7591141423,1,100,7mUZn9lPTbNrL_PJhCmAKC36BAuUnxNT7S4AQePZ_1w8exJwdNL5XOGxg43K2J3LxlOeYCazBVEvVg,Urgot,TOP,-9599.023668082662,-1.3968667254169609,
KR_7591141423,6,200,lli1QsRkzeUXjOyPMRQF6sdjrBNsgFzXrhfGFXRSJwcOGqZZy3_yVwnO7G0hJ4m5-s7iGzfO8ngWsQ,Illaoi,TOP,9599.023668082662,1.3968667254169609,
KR_7591385710,2,100,rAuhIugyDgG9c3KR5iiIjzCGi4r8HvUFDQoAvM5M6jG7Aoz38ALS3BeUWfWYCIyGKHVoCqkgi-JIdw,Naafiri,JUNGLE,-12514.425203973777,-1.821121059767325,
KR_7591385710,7,200,TsaNAWm02Y9Xbgl7F3hLg2u9FGVM17fahsCaXbUaSEGkPO08R1tw-WUOpaQzsG4_hNEpa1EfSQTBMA,LeeSin,JUNGLE,12514.425203973777,1.821121059767325,
KR_7591385710,3,100,z6GTsMQYqrBXp_OBqhrMZwZM-0MDW4FZiwXg6Z_--Fzx76aQFaycSJpuJax2hnQsFyyd1d7i4E9S6w,Taliyah,MIDDLE,-17022.53465201401,-2.477149037221312,
KR_7591385710,9,200,tHruTdmYbd1liOC_qFwrs_Om-FRVV0eCvz66DufH3Pho0HE0l9vPRe4nVcNuDI4gk4qQ8yRkZT67GA,Tryndamere,MIDDLE,17022.53465201401,2.477149037221312,
KR_7591385710,1,100,j_iTdeTxM2UMwXy2rMRRUSENINvBRTMx7w4kL20PNyLDG_J0bZFbF6YhmYZ-uG0LK2Of8i1QififCg,Aatrox,TOP,1678.3340732959523,0.24423411194577313,
KR_7591385710,6,200,XGwq21SS9pYpt94XSZSFQ1fasAonlt_hI8T2r6BfAgT6rX_ycz1nDdt-jpO7kGoTi8_32d2DMnVLMA,Kennen,TOP,-1678.3340732959523,-0.24423411194577313,
KR_7591623794,2,100,QdS-6v4WM6ULInDbiakFAAfPvSejNBg76Ga-DqLyOpPVSb_Y995ri7WST2AQ3SpSQGtHt8RcdXBW9A,LeeSin,JUNGLE,-4753.658770484732,-0.6917607446427896,
KR_7591623794,7,200,qpNlg7kpPCz8-5oImmkZBd4mCtvMEr63ksFRvwfnsbYsKCFI5wuyVAaxC36ro353FHqDFtEF0E7wpg,XinZhao,JUNGLE,4753.658770484732,0.6917607446427896,
KR_7591623794,1,100,CPIqHUdYvN6ENJyt01KdA35PprwHlpb4xUqW7D0-Z868jE0lyh3qD7ZanjoaKTfgvGU5knWtidBWDQ,Gragas,TOP,-10546.90511602682,-1.5348040928052546,
KR_7591623794,6,200,5GLnl4b4WE6vP7fBHE5XEb4vfwis-gVcDQ8rQZ5YFae1OiHy5bdZ9g1stgMjVvpj4tsBglsajyhVFg,Aatrox,TOP,10546.90511602682,1.5348040928052546,
KR_7591774146,2,100,fp4g3t9KWpF9EHaF9Z2H9gPwdDqKyK5ZNjhiwvBppQQoYDQdtCvZzif3rCRj7DUIRjh_0KQT2m1Gsw,XinZhao,JUNGLE,10577.104962699104,1.539198827352006,
KR_7591774146,7,200,NXrIBtSmwzzAQZrwZ5yQVKE2WweSjLtyFf5_uWmYP1sSrazRxOZ_1NcoUQPs5YxUitoP5G4KvDsbWQ,Zed,JUNGLE,-10577.104962699104,-1.539198827352006,
KR_7591774146,3,100,wBKCLdk0sr5q0XWiDtDHfwGQpumMvnExbHSz7OPZc3X6sLVn-4aOcikT6YGpqDpgLOBw7STMTz6BRw,Hwei,MIDDLE,7474.954694862683,1.0877684906613627,
KR_7591774146,8,200,qv4nR_5igvOlYNGCj2b5n6s_zcjuNmcI-g3Pg1WC5eB6DQc1Vl4GIi5HvVJ-XfZJkPvCiX50iIGwAA,Zoe,MIDDLE,-7474.954694862683,-1.0877684906613627,
KR_7591774146,1,100,Jb0dsvR1HUVfx8UM5jmyxoqgSlsiwR_wH2FQJ_TZBOXXfCtKl0oH5VcPn_o2ds-G4pDnHuY3CQDfPA,Yorick,TOP,2325.5493972613344,0.3384180187146772,
KR_7591774146,6,200,NQO2EN2nbSWp8E9FJWdszybac94LU_kc32rocEydcg8ULtFUkleIejLyCO2kJKxlDv7kvWLMxF3x-w,Fiora,TOP,-2325.5493972613344,-0.3384180187146772,
KR_7591854623,2,100,7pVwTutPVZHdDzL1lqjU_OSkJUUaakSF7DSYy-L-4QkYVaMhmPrEtIQ5FA8rDf8mqNHS2FWmzNTuMg,Viego,JUNGLE,-6635.394280673326,-0.9655941897001229,
KR_7591854623,7,200,s-Uzwe0l1OeWmi253DYhire0rbmmBXIMzZkZ_YkFr73F2iiUvLxzQ-HV6EcpsjzRZJB1C0oKiJILTw,XinZhao,JUNGLE,6635.394280673326,0.9655941897001229,
KR_7591854623,1,100,ysJmnCtfN3A5OhI-9hoz4SEGQF7le1Px6JAPyKaklBbY083OvmswCe_eCqU2ry-yUt6x3GjYSRy4QA,Jayce,TOP,2844.511180393309,0.41393824573844346,
KR_7591854623,6,200,nepu07Rvoaak5PnZmRKDGcXC1eM6b7a3Fx5HGmJ9zJt_3Uuq2CHD5XEhytiC0piomAu2e9wEDvLg3Q,Ambessa,TOP,-2844.511180393309,-0.41393824573844346,
KR_7592021887,2,100,qgoAKOLsdcmLwS3ZhdDm0gzf2r5E4lyspwRjD4xIxE7dFgvVLBPDT60qLuNtNFaswrZV_AUCQFPYww,LeeSin,JUNGLE,-2915.012646034764,-0.42419774241779135,
KR_7592021887,10,200,A8jrTDHq7yGMiYmzxVX4WDwqe1vlcmcuwOgyYDIMSrQXkMaRBWb7gR2kXLSItwW2xwSq-ftZjVq1-Q,Vi,JUNGLE,2915.012646034764,0.42419774241779135,
KR_7592021887,3,100,n2L_CD8JBHBxP3pRM11eI8OtyM714qJOOTt-VDvSfRUthLvY-rYZFJbnFuA0RNUgqRX6_WWy_RikMw,Ryze,MIDDLE,-5051.047205974728,-0.7350372302963311,
KR_7592021887,8,200,pZLVhx45VjDZO8MU7FwtzORF86nQuqX7ZGAuiVzntRCSilXE_WeYWvH_z3ten0-pc8EuU3fmk6FwFA,Aurora,MIDDLE,5051.047205974728,0.7350372302963311,
KR_7592021887,1,100,vgJCoYLzppYe-fiaDUivcypQZPfzXstutIBMyuZwsliBrGPKxCiDP0EW1pjvSubT4LyY3pgakWFruQ,Sion,TOP,-600.1977848537443,-0.08734183218225436,
KR_7592021887,6,200,mx3ns8X8hqZBFOxFRA3SsfY4PIlD6JkjfKlilgIFvJPdOLbOrstO6yGUKBUNbDlik3cpx3VEmlr4MA,Jayce,TOP,600.1977848537443,0.08734183218225436,
KR_7592281060,2,100,8rAjYoa_nSx3wXyVxYCA_A9MMtp3xdgYzfsLi-it9iJYQ2zgbzORQjoCqCY1sKOWujmnS5jEBFwS_g,XinZhao,JUNGLE,22449.883779469747,3.266946381775418,
KR_7592281060,7,200,jWhjGAcj-FjwSPY95SXOJN6Nj-yl6WZsK2hj0T1O4SVp1NKw2DwTCJjvVVqjqUM07XDKw5lEeUKZzQ,Viego,JUNGLE,-22449.883779469747,-3.266946381775418,
KR_7592281060,1,100,Ub1VHsM1B0m1ctinxNljs2OZOvOXjP-fyZSQ3KxVgR_U1FnmEC1wzHDCP5JM4Vs6vuavFGta0WvxBw,Ryze,TOP,-15888.560895707738,-2.312131191401509,
KR_7592281060,6,200,veVKEoOLFt2owOL4_-Y3BbQh5AOYe0ncC499EsFji_kAfUmLH1s2BUjejqPNdUDwXPaM3TsYmaPd3g,Sion,TOP,15888.560895707738,2.312131191401509,
KR_7592500960,2,100,N4EJcR_R9gYsT-vFMlffXTlVwzyPzueMi8l6OsRcOvWY1Uuvs6DstgPVFT3L0G1CzlwENmK4yLosvg,Naafiri,JUNGLE,-4991.980458490947,-0.7264417338175543,
KR_7592500960,7,200,qDtHds-4bEYmINTXKCIlJFlHlrX8kwnkHnNqplMUzzD9QLBzo9yeTyka5xZesrw33KhPODW-6M2cAw,Gwen,JUNGLE,4991.980458490947,0.7264417338175543,
KR_7592500960,3,100,Re2k97yK9Tr1yOH6FAHcK7za-cP8L7BMXVbJ1HAhixpxRdmRCBVjtVaOYFCIrSGw3zN6dL1NFBhj7g,Azir,MIDDLE,11841.963079603664,1.723263194413875,
KR_7592500960,8,200,5mHBno_pUqjkdsHnYgQ_Gz_AfHZTx9pvP0WYNglDss6bXRr0POSHtHyddvdiMvIqeOKfjOqvoXZ50A,AurelionSol,MIDDLE,-11841.963079603664,-1.723263194413875,
KR_7592500960,1,100,5qQU7D46DaRI9FId_3Z2J4vvZQ5n3O6rLITR_QA0EvlCA5TAW0mSuQwpowisNciKehQN56Zu32kbgQ,Riven,TOP,-7906.432121665825,-1.1505578410276829,
KR_7592500960,6,200,0z4kq3uNa9sSLpH5T9nUi84QFYMssN6RX67ln3BkKQmgivcYtif_dmN4r3QS8wU-pCsxE8jzj9d3iA,KSante,TOP,7906.432121665825,1.1505578410276829,
KR_7592865759,2,100,UrfQEBsXA1UT1iAi3WCBc0V5LJaFFvijwwuoBMnrkJJk8MAANn7fAdg8j-e4C8GP6-nkBRH0opNymg,Talon,JUNGLE,-16568.478858257047,-2.4110740433768005,
KR_7592865759,7,200,lo8TGOlVrYpAS5bDbBs4EQke5aLuvrxD9dz7pAORw7vwe4_r-dsrvX5UNt-hh5dunOegAnT9A5riwA,Viego,JUNGLE,16568.478858257047,2.4110740433768005,
KR_7592865759,3,100,6yFpzPNI2bZIhwsf49wnMRdy6-lcGtu1xpTkFz63xu8XXuZA4vRpHgyWTgo6iPTY6uoitEqVvFJV4g,AurelionSol,MIDDLE,-2993.707148730604,-0.4356495041896227,
KR_7592865759,8,200,OGgniyK8lGxKCNEQFkvY9-jAAFoooC4Zl3EuI5rXsu_fTGV8aGCR2P_J1JnlUNR-iURtvpp3g34vXQ,Aurora,MIDDLE,2993.707148730604,0.4356495041896227,
KR_7592865759,1,100,kbapmmjzV-9Xl6kdMZUf4GlExuP5Tk2IaQurk4xmv4XB-FAdP2O2zQUKHwqUjRvfNMysduD2Gf6_fA,Vladimir,TOP,2767.757480861141,0.4027689130399908,
KR_7592865759,6,200,SUC-_TVeNFq7J2hGuUmmxZ4lAP0KZp6mjLNjJ7yq1PtN9zKU3N5UAV6VNDKrjtQCcLzxZujpSSqJfQ,Ambessa,TOP,-2767.757480861141,-0.4027689130399908,
KR_7593035283,2,100,xSTMyQ8dMh0KJSqfW5m2R2T5rLKwbIbdDPrbErukzd32snuGKVl8ZUBHEfZzf9h_23zSNYuX53TkGw,Vi,JUNGLE,3173.40544973,0.461799515478235,
KR_7593035283,7,200,KXcrg41HVhY65CdLceVcmUPALkxxKQz7NZViiFT8ZOT3VnJM5CNcC2hy04rpzypHOwdKUSsUtSl2PQ,Viego,JUNGLE,-3173.40544973,-0.461799515478235,
KR_7593035283,1,100,ZjD7btisgd0Qh22CXJEoB2BnAJanxb-CCXGFiw4YYm1_IGjOov560513tmjQpxau4bqcnAPkl376Zg,Yasuo,MIDDLE,6088.88381098619,0.8860650295901928,
KR_7593035283,3,100,_ejWy88cj6_JMIhiBi6kkJtRefxkNwU6iTz7uYEaI-iuUSY2dKndZADQkLfFqpsbYhTDnpQ4Y58VVw,Diana,MIDDLE,-6088.88381098619,-0.8860650295901928,
KR_7593035283,6,200,oajIfY2cV8cLXD0ItzURaYDhD-Jr9zZHw3NhwYLY-lcIYBlFi3fIN-07feYAcKs9evX7mLcyi8VMvQ,Rumble,TOP,-22432.451119228564,-3.2644095505446153,
KR_7593035283,8,200,Q93BJJns6XG4v7eaoyyyl7zJPshp7IuwXcJAL9tV9KSyTyhMr9xcNiglnLeCZxzbj9T4NVfJ1a-IRw,Sett,TOP,22432.451119228564,3.2644095505446153,
KR_7593114288,2,100,KXcrg41HVhY65CdLceVcmUPALkxxKQz7NZViiFT8ZOT3VnJM5CNcC2hy04rpzypHOwdKUSsUtSl2PQ,Viego,JUNGLE,-11338.20045193599,-1.649954775096461,
KR_7593114288,7,200,hOEU-w-oxYJEjZ-eHbMRsbwjG5JWOFXu0OXWHCVQKpAAGcKEqH8ffNKTsJIG-2RLqgbGXbx9f0omFQ,XinZhao,JUNGLE,11338.20045193599,1.649954775096461,
KR_7593114288,1,100,5e6_hOznQ3QLNBkfIU1K-acLiOU8cjv1CLWpsMEUW86MA8WlnhoQxr39Av8V57__2T887OY3tgEFxw,Rumble,TOP,-2059.29144849852,-0.29967169597758164,
KR_7593114288,6,200,-Wc5gxLmMlM_7_VVOp0dvgbA-XH62BxpiWPdT2eQKW1YHx8F89RYiQ7IZ_Hfmrjtuc4tFTudaRVOOQ,Gwen,TOP,2059.29144849852,0.29967169597758164,
